canonical_smiles,reaction_id,reaction_version,block_ids,reactant_roles,head_class,linker_class,tail_class,size_bin,charge_bin,branching_bin,unsaturation_bin,ring_bin
C#CCCCCCCCCC(=O)OCCCCCC(C(=O)NCCCCCCCC/C=C\CCCCCCCC)N1CCC(N)CC1,ugi_3cr_agile,2,amine_head:010|oxoester_aldehyde_body_tail:000|isocyanide_tail:000,amine_head|oxoester_aldehyde_body_tail|isocyanide_tail,cyclic_amine,ester,alkyl,41_64,neutral,2plus,present,ring
C#CCCCCCCCCC(=O)OCCCCCC(C(=O)NCCCCCCCC/C=C\CCCCCCCC)N1CCN(CCN)CC1,ugi_3cr_agile,2,amine_head:016|oxoester_aldehyde_body_tail:000|isocyanide_tail:000,amine_head|oxoester_aldehyde_body_tail|isocyanide_tail,cyclic_amine,ester,alkyl,41_64,neutral,2plus,present,ring
C#CCCCCCCCCC(=O)OCCCCCC(C(=O)NCCCCCCCCCCCC)N1CCC(N)CC1,ugi_3cr_agile,2,amine_head:010|oxoester_aldehyde_body_tail:000|isocyanide_tail:001,amine_head|oxoester_aldehyde_body_tail|isocyanide_tail,cyclic_amine,ester,alkyl,41_64,neutral,2plus,present,ring
C#CCCCCCCCCC(=O)OCCCCCC(C(=O)NCCCCCCCCCCCC)N1CCN(CCN)CC1,ugi_3cr_agile,2,amine_head:016|oxoester_aldehyde_body_tail:000|isocyanide_tail:001,amine_head|oxoester_aldehyde_body_tail|isocyanide_tail,cyclic_amine,ester,alkyl,41_64,neutral,2plus,present,ring
C#CCCCCCCCCC(=O)OCCCCCC(C(=O)NCCCCCCCCCCCCCC)N1CCC(N)CC1,ugi_3cr_agile,2,amine_head:010|oxoester_aldehyde_body_tail:000|isocyanide_tail:002,amine_head|oxoester_aldehyde_body_tail|isocyanide_tail,cyclic_amine,ester,alkyl,41_64,neutral,2plus,present,ring
C#CCCCCCCCCC(=O)OCCCCCC(C(=O)NCCCCCCCCCCCCCC)N1CCN(CCN)CC1,ugi_3cr_agile,2,amine_head:016|oxoester_aldehyde_body_tail:000|isocyanide_tail:002,amine_head|oxoester_aldehyde_body_tail|isocyanide_tail,cyclic_amine,ester,alkyl,41_64,neutral,2plus,present,ring
C#CCCCCCCCCC(=O)OCCCCCC(C(=O)NCCCCCCCCCCCCCCCC)N1CCC(N)CC1,ugi_3cr_agile,2,amine_head:010|oxoester_aldehyde_body_tail:000|isocyanide_tail:003,amine_head|oxoester_aldehyde_body_tail|isocyanide_tail,cyclic_amine,ester,alkyl,41_64,neutral,2plus,present,ring
C#CCCCCCCCCC(=O)OCCCCCC(C(=O)NCCCCCCCCCCCCCCCC)N1CCN(CCN)CC1,ugi_3cr_agile,2,amine_head:016|oxoester_aldehyde_body_tail:000|isocyanide_tail:003,amine_head|oxoester_aldehyde_body_tail|isocyanide_tail,cyclic_amine,ester,alkyl,41_64,neutral,2plus,present,ring
C#CCCCCCCCCC(=O)OCCCCCC(C(=O)NCCCCCCCCCCCCCCCCCC)N1CCC(N)CC1,ugi_3cr_agile,2,amine_head:010|oxoester_aldehyde_body_tail:000|isocyanide_tail:004,amine_head|oxoester_aldehyde_body_tail|isocyanide_tail,cyclic_amine,ester,alkyl,41_64,neutral,2plus,present,ring
C#CCCCCCCCCC(=O)OCCCCCC(C(=O)NCCCCCCCCCCCCCCCCCC)N1CCN(CCN)CC1,ugi_3cr_agile,2,amine_head:016|oxoester_aldehyde_body_tail:000|isocyanide_tail:004,amine_head|oxoester_aldehyde_body_tail|isocyanide_tail,cyclic_amine,ester,alkyl,41_64,neutral,2plus,present,ring
C#CCCCCCCCCC(=O)OCCCCCC(NC1CCN(C)CC1)C(=O)NCCCCCCCC/C=C\CCCCCCCC,ugi_3cr_agile,2,amine_head:008|oxoester_aldehyde_body_tail:000|isocyanide_tail:000,amine_head|oxoester_aldehyde_body_tail|isocyanide_tail,cyclic_amine,ester,alkyl,41_64,neutral,2plus,present,ring
C#CCCCCCCCCC(=O)OCCCCCC(NC1CCN(C)CC1)C(=O)NCCCCCCCCCCCC,ugi_3cr_agile,2,amine_head:008|oxoester_aldehyde_body_tail:000|isocyanide_tail:001,amine_head|oxoester_aldehyde_body_tail|isocyanide_tail,cyclic_amine,ester,alkyl,41_64,neutral,2plus,present,ring
C#CCCCCCCCCC(=O)OCCCCCC(NC1CCN(C)CC1)C(=O)NCCCCCCCCCCCCCC,ugi_3cr_agile,2,amine_head:008|oxoester_aldehyde_body_tail:000|isocyanide_tail:002,amine_head|oxoester_aldehyde_body_tail|isocyanide_tail,cyclic_amine,ester,alkyl,41_64,neutral,2plus,present,ring
C#CCCCCCCCCC(=O)OCCCCCC(NC1CCN(C)CC1)C(=O)NCCCCCCCCCCCCCCCC,ugi_3cr_agile,2,amine_head:008|oxoester_aldehyde_body_tail:000|isocyanide_tail:003,amine_head|oxoester_aldehyde_body_tail|isocyanide_tail,cyclic_amine,ester,alkyl,41_64,neutral,2plus,present,ring
C#CCCCCCCCCC(=O)OCCCCCC(NC1CCN(C)CC1)C(=O)NCCCCCCCCCCCCCCCCCC,ugi_3cr_agile,2,amine_head:008|oxoester_aldehyde_body_tail:000|isocyanide_tail:004,amine_head|oxoester_aldehyde_body_tail|isocyanide_tail,cyclic_amine,ester,alkyl,41_64,neutral,2plus,present,ring
C#CCCCCCCCCC(=O)OCCCCCC(NC1CCNCC1)C(=O)NCCCCCCCC/C=C\CCCCCCCC,ugi_3cr_agile,2,amine_head:010|oxoester_aldehyde_body_tail:000|isocyanide_tail:000,amine_head|oxoester_aldehyde_body_tail|isocyanide_tail,cyclic_amine,ester,alkyl,41_64,neutral,2plus,present,ring
C#CCCCCCCCCC(=O)OCCCCCC(NC1CCNCC1)C(=O)NCCCCCCCCCCCC,ugi_3cr_agile,2,amine_head:010|oxoester_aldehyde_body_tail:000|isocyanide_tail:001,amine_head|oxoester_aldehyde_body_tail|isocyanide_tail,cyclic_amine,ester,alkyl,41_64,neutral,2plus,present,ring
C#CCCCCCCCCC(=O)OCCCCCC(NC1CCNCC1)C(=O)NCCCCCCCCCCCCCC,ugi_3cr_agile,2,amine_head:010|oxoester_aldehyde_body_tail:000|isocyanide_tail:002,amine_head|oxoester_aldehyde_body_tail|isocyanide_tail,cyclic_amine,ester,alkyl,41_64,neutral,2plus,present,ring
C#CCCCCCCCCC(=O)OCCCCCC(NC1CCNCC1)C(=O)NCCCCCCCCCCCCCCCC,ugi_3cr_agile,2,amine_head:010|oxoester_aldehyde_body_tail:000|isocyanide_tail:003,amine_head|oxoester_aldehyde_body_tail|isocyanide_tail,cyclic_amine,ester,alkyl,41_64,neutral,2plus,present,ring
C#CCCCCCCCCC(=O)OCCCCCC(NC1CCNCC1)C(=O)NCCCCCCCCCCCCCCCCCC,ugi_3cr_agile,2,amine_head:010|oxoester_aldehyde_body_tail:000|isocyanide_tail:004,amine_head|oxoester_aldehyde_body_tail|isocyanide_tail,cyclic_amine,ester,alkyl,41_64,neutral,2plus,present,ring
C#CCCCCCCCCC(=O)OCCCCCC(NCC1CCCN1CC)C(=O)NCCCCCCCC/C=C\CCCCCCCC,ugi_3cr_agile,2,amine_head:004|oxoester_aldehyde_body_tail:000|isocyanide_tail:000,amine_head|oxoester_aldehyde_body_tail|isocyanide_tail,cyclic_amine,ester,alkyl,41_64,neutral,2plus,present,ring
C#CCCCCCCCCC(=O)OCCCCCC(NCC1CCCN1CC)C(=O)NCCCCCCCCCCCC,ugi_3cr_agile,2,amine_head:004|oxoester_aldehyde_body_tail:000|isocyanide_tail:001,amine_head|oxoester_aldehyde_body_tail|isocyanide_tail,cyclic_amine,ester,alkyl,41_64,neutral,2plus,present,ring
C#CCCCCCCCCC(=O)OCCCCCC(NCC1CCCN1CC)C(=O)NCCCCCCCCCCCCCC,ugi_3cr_agile,2,amine_head:004|oxoester_aldehyde_body_tail:000|isocyanide_tail:002,amine_head|oxoester_aldehyde_body_tail|isocyanide_tail,cyclic_amine,ester,alkyl,41_64,neutral,2plus,present,ring
C#CCCCCCCCCC(=O)OCCCCCC(NCC1CCCN1CC)C(=O)NCCCCCCCCCCCCCCCC,ugi_3cr_agile,2,amine_head:004|oxoester_aldehyde_body_tail:000|isocyanide_tail:003,amine_head|oxoester_aldehyde_body_tail|isocyanide_tail,cyclic_amine,ester,alkyl,41_64,neutral,2plus,present,ring
C#CCCCCCCCCC(=O)OCCCCCC(NCC1CCCN1CC)C(=O)NCCCCCCCCCCCCCCCCCC,ugi_3cr_agile,2,amine_head:004|oxoester_aldehyde_body_tail:000|isocyanide_tail:004,amine_head|oxoester_aldehyde_body_tail|isocyanide_tail,cyclic_amine,ester,alkyl,41_64,neutral,2plus,present,ring
C#CCCCCCCCCC(=O)OCCCCCC(NCCCN(C)C)C(=O)NCCCCCCCC/C=C\CCCCCCCC,ugi_3cr_agile,2,amine_head:005|oxoester_aldehyde_body_tail:000|isocyanide_tail:000,amine_head|oxoester_aldehyde_body_tail|isocyanide_tail,diamine,ester,alkyl,41_64,neutral,2plus,present,acyclic
C#CCCCCCCCCC(=O)OCCCCCC(NCCCN(C)C)C(=O)NCCCCCCCCCCCC,ugi_3cr_agile,2,amine_head:005|oxoester_aldehyde_body_tail:000|isocyanide_tail:001,amine_head|oxoester_aldehyde_body_tail|isocyanide_tail,diamine,ester,alkyl,41_64,neutral,2plus,present,acyclic
C#CCCCCCCCCC(=O)OCCCCCC(NCCCN(C)C)C(=O)NCCCCCCCCCCCCCC,ugi_3cr_agile,2,amine_head:005|oxoester_aldehyde_body_tail:000|isocyanide_tail:002,amine_head|oxoester_aldehyde_body_tail|isocyanide_tail,diamine,ester,alkyl,41_64,neutral,2plus,present,acyclic
C#CCCCCCCCCC(=O)OCCCCCC(NCCCN(C)C)C(=O)NCCCCCCCCCCCCCCCC,ugi_3cr_agile,2,amine_head:005|oxoester_aldehyde_body_tail:000|isocyanide_tail:003,amine_head|oxoester_aldehyde_body_tail|isocyanide_tail,diamine,ester,alkyl,41_64,neutral,2plus,present,acyclic
C#CCCCCCCCCC(=O)OCCCCCC(NCCCN(C)C)C(=O)NCCCCCCCCCCCCCCCCCC,ugi_3cr_agile,2,amine_head:005|oxoester_aldehyde_body_tail:000|isocyanide_tail:004,amine_head|oxoester_aldehyde_body_tail|isocyanide_tail,diamine,ester,alkyl,41_64,neutral,2plus,present,acyclic
C#CCCCCCCCCC(=O)OCCCCCC(NCCCN(C)CCCN)C(=O)NCCCCCCCC/C=C\CCCCCCCC,ugi_3cr_agile,2,amine_head:007|oxoester_aldehyde_body_tail:000|isocyanide_tail:000,amine_head|oxoester_aldehyde_body_tail|isocyanide_tail,polyamine,ester,alkyl,41_64,neutral,2plus,present,acyclic
C#CCCCCCCCCC(=O)OCCCCCC(NCCCN(C)CCCN)C(=O)NCCCCCCCCCCCC,ugi_3cr_agile,2,amine_head:007|oxoester_aldehyde_body_tail:000|isocyanide_tail:001,amine_head|oxoester_aldehyde_body_tail|isocyanide_tail,polyamine,ester,alkyl,41_64,neutral,2plus,present,acyclic
C#CCCCCCCCCC(=O)OCCCCCC(NCCCN(C)CCCN)C(=O)NCCCCCCCCCCCCCC,ugi_3cr_agile,2,amine_head:007|oxoester_aldehyde_body_tail:000|isocyanide_tail:002,amine_head|oxoester_aldehyde_body_tail|isocyanide_tail,polyamine,ester,alkyl,41_64,neutral,2plus,present,acyclic
C#CCCCCCCCCC(=O)OCCCCCC(NCCCN(C)CCCN)C(=O)NCCCCCCCCCCCCCCCC,ugi_3cr_agile,2,amine_head:007|oxoester_aldehyde_body_tail:000|isocyanide_tail:003,amine_head|oxoester_aldehyde_body_tail|isocyanide_tail,polyamine,ester,alkyl,41_64,neutral,2plus,present,acyclic
C#CCCCCCCCCC(=O)OCCCCCC(NCCCN(C)CCCN)C(=O)NCCCCCCCCCCCCCCCCCC,ugi_3cr_agile,2,amine_head:007|oxoester_aldehyde_body_tail:000|isocyanide_tail:004,amine_head|oxoester_aldehyde_body_tail|isocyanide_tail,polyamine,ester,alkyl,41_64,neutral,2plus,present,acyclic
C#CCCCCCCCCC(=O)OCCCCCC(NCCCN(CC)CC)C(=O)NCCCCCCCC/C=C\CCCCCCCC,ugi_3cr_agile,2,amine_head:002|oxoester_aldehyde_body_tail:000|isocyanide_tail:000,amine_head|oxoester_aldehyde_body_tail|isocyanide_tail,diamine,ester,alkyl,41_64,neutral,2plus,present,acyclic
C#CCCCCCCCCC(=O)OCCCCCC(NCCCN(CC)CC)C(=O)NCCCCCCCCCCCC,ugi_3cr_agile,2,amine_head:002|oxoester_aldehyde_body_tail:000|isocyanide_tail:001,amine_head|oxoester_aldehyde_body_tail|isocyanide_tail,diamine,ester,alkyl,41_64,neutral,2plus,present,acyclic
C#CCCCCCCCCC(=O)OCCCCCC(NCCCN(CC)CC)C(=O)NCCCCCCCCCCCCCC,ugi_3cr_agile,2,amine_head:002|oxoester_aldehyde_body_tail:000|isocyanide_tail:002,amine_head|oxoester_aldehyde_body_tail|isocyanide_tail,diamine,ester,alkyl,41_64,neutral,2plus,present,acyclic
C#CCCCCCCCCC(=O)OCCCCCC(NCCCN(CC)CC)C(=O)NCCCCCCCCCCCCCCCC,ugi_3cr_agile,2,amine_head:002|oxoester_aldehyde_body_tail:000|isocyanide_tail:003,amine_head|oxoester_aldehyde_body_tail|isocyanide_tail,diamine,ester,alkyl,41_64,neutral,2plus,present,acyclic
C#CCCCCCCCCC(=O)OCCCCCC(NCCCN(CC)CC)C(=O)NCCCCCCCCCCCCCCCCCC,ugi_3cr_agile,2,amine_head:002|oxoester_aldehyde_body_tail:000|isocyanide_tail:004,amine_head|oxoester_aldehyde_body_tail|isocyanide_tail,diamine,ester,alkyl,41_64,neutral,2plus,present,acyclic
C#CCCCCCCCCC(=O)OCCCCCC(NCCCN(CCCC)CCCC)C(=O)NCCCCCCCC/C=C\CCCCCCCC,ugi_3cr_agile,2,amine_head:001|oxoester_aldehyde_body_tail:000|isocyanide_tail:000,amine_head|oxoester_aldehyde_body_tail|isocyanide_tail,diamine,ester,alkyl,41_64,neutral,2plus,present,acyclic
C#CCCCCCCCCC(=O)OCCCCCC(NCCCN(CCCC)CCCC)C(=O)NCCCCCCCCCCCC,ugi_3cr_agile,2,amine_head:001|oxoester_aldehyde_body_tail:000|isocyanide_tail:001,amine_head|oxoester_aldehyde_body_tail|isocyanide_tail,diamine,ester,alkyl,41_64,neutral,2plus,present,acyclic
C#CCCCCCCCCC(=O)OCCCCCC(NCCCN(CCCC)CCCC)C(=O)NCCCCCCCCCCCCCC,ugi_3cr_agile,2,amine_head:001|oxoester_aldehyde_body_tail:000|isocyanide_tail:002,amine_head|oxoester_aldehyde_body_tail|isocyanide_tail,diamine,ester,alkyl,41_64,neutral,2plus,present,acyclic
C#CCCCCCCCCC(=O)OCCCCCC(NCCCN(CCCC)CCCC)C(=O)NCCCCCCCCCCCCCCCC,ugi_3cr_agile,2,amine_head:001|oxoester_aldehyde_body_tail:000|isocyanide_tail:003,amine_head|oxoester_aldehyde_body_tail|isocyanide_tail,diamine,ester,alkyl,41_64,neutral,2plus,present,acyclic
C#CCCCCCCCCC(=O)OCCCCCC(NCCCN(CCCC)CCCC)C(=O)NCCCCCCCCCCCCCCCCCC,ugi_3cr_agile,2,amine_head:001|oxoester_aldehyde_body_tail:000|isocyanide_tail:004,amine_head|oxoester_aldehyde_body_tail|isocyanide_tail,diamine,ester,alkyl,41_64,neutral,2plus,present,acyclic
C#CCCCCCCCCC(=O)OCCCCCC(NCCCN1CCCC1)C(=O)NCCCCCCCC/C=C\CCCCCCCC,ugi_3cr_agile,2,amine_head:011|oxoester_aldehyde_body_tail:000|isocyanide_tail:000,amine_head|oxoester_aldehyde_body_tail|isocyanide_tail,cyclic_amine,ester,alkyl,41_64,neutral,2plus,present,ring
C#CCCCCCCCCC(=O)OCCCCCC(NCCCN1CCCC1)C(=O)NCCCCCCCCCCCC,ugi_3cr_agile,2,amine_head:011|oxoester_aldehyde_body_tail:000|isocyanide_tail:001,amine_head|oxoester_aldehyde_body_tail|isocyanide_tail,cyclic_amine,ester,alkyl,41_64,neutral,2plus,present,ring
C#CCCCCCCCCC(=O)OCCCCCC(NCCCN1CCCC1)C(=O)NCCCCCCCCCCCCCC,ugi_3cr_agile,2,amine_head:011|oxoester_aldehyde_body_tail:000|isocyanide_tail:002,amine_head|oxoester_aldehyde_body_tail|isocyanide_tail,cyclic_amine,ester,alkyl,41_64,neutral,2plus,present,ring
C#CCCCCCCCCC(=O)OCCCCCC(NCCCN1CCCC1)C(=O)NCCCCCCCCCCCCCCCC,ugi_3cr_agile,2,amine_head:011|oxoester_aldehyde_body_tail:000|isocyanide_tail:003,amine_head|oxoester_aldehyde_body_tail|isocyanide_tail,cyclic_amine,ester,alkyl,41_64,neutral,2plus,present,ring
C#CCCCCCCCCC(=O)OCCCCCC(NCCCN1CCCC1)C(=O)NCCCCCCCCCCCCCCCCCC,ugi_3cr_agile,2,amine_head:011|oxoester_aldehyde_body_tail:000|isocyanide_tail:004,amine_head|oxoester_aldehyde_body_tail|isocyanide_tail,cyclic_amine,ester,alkyl,41_64,neutral,2plus,present,ring
C#CCCCCCCCCC(=O)OCCCCCC(NCCCN1CCOCC1)C(=O)NCCCCCCCC/C=C\CCCCCCCC,ugi_3cr_agile,2,amine_head:012|oxoester_aldehyde_body_tail:000|isocyanide_tail:000,amine_head|oxoester_aldehyde_body_tail|isocyanide_tail,cyclic_amine,ester,alkyl,41_64,neutral,2plus,present,ring
C#CCCCCCCCCC(=O)OCCCCCC(NCCCN1CCOCC1)C(=O)NCCCCCCCCCCCC,ugi_3cr_agile,2,amine_head:012|oxoester_aldehyde_body_tail:000|isocyanide_tail:001,amine_head|oxoester_aldehyde_body_tail|isocyanide_tail,cyclic_amine,ester,alkyl,41_64,neutral,2plus,present,ring
C#CCCCCCCCCC(=O)OCCCCCC(NCCCN1CCOCC1)C(=O)NCCCCCCCCCCCCCC,ugi_3cr_agile,2,amine_head:012|oxoester_aldehyde_body_tail:000|isocyanide_tail:002,amine_head|oxoester_aldehyde_body_tail|isocyanide_tail,cyclic_amine,ester,alkyl,41_64,neutral,2plus,present,ring
C#CCCCCCCCCC(=O)OCCCCCC(NCCCN1CCOCC1)C(=O)NCCCCCCCCCCCCCCCC,ugi_3cr_agile,2,amine_head:012|oxoester_aldehyde_body_tail:000|isocyanide_tail:003,amine_head|oxoester_aldehyde_body_tail|isocyanide_tail,cyclic_amine,ester,alkyl,41_64,neutral,2plus,present,ring
C#CCCCCCCCCC(=O)OCCCCCC(NCCCN1CCOCC1)C(=O)NCCCCCCCCCCCCCCCCCC,ugi_3cr_agile,2,amine_head:012|oxoester_aldehyde_body_tail:000|isocyanide_tail:004,amine_head|oxoester_aldehyde_body_tail|isocyanide_tail,cyclic_amine,ester,alkyl,41_64,neutral,2plus,present,ring
C#CCCCCCCCCC(=O)OCCCCCC(NCCN(C(C)C)C(C)C)C(=O)NCCCCCCCC/C=C\CCCCCCCC,ugi_3cr_agile,2,amine_head:000|oxoester_aldehyde_body_tail:000|isocyanide_tail:000,amine_head|oxoester_aldehyde_body_tail|isocyanide_tail,diamine,ester,alkyl,41_64,neutral,2plus,present,acyclic
C#CCCCCCCCCC(=O)OCCCCCC(NCCN(C(C)C)C(C)C)C(=O)NCCCCCCCCCCCC,ugi_3cr_agile,2,amine_head:000|oxoester_aldehyde_body_tail:000|isocyanide_tail:001,amine_head|oxoester_aldehyde_body_tail|isocyanide_tail,diamine,ester,alkyl,41_64,neutral,2plus,present,acyclic
C#CCCCCCCCCC(=O)OCCCCCC(NCCN(C(C)C)C(C)C)C(=O)NCCCCCCCCCCCCCC,ugi_3cr_agile,2,amine_head:000|oxoester_aldehyde_body_tail:000|isocyanide_tail:002,amine_head|oxoester_aldehyde_body_tail|isocyanide_tail,diamine,ester,alkyl,41_64,neutral,2plus,present,acyclic
C#CCCCCCCCCC(=O)OCCCCCC(NCCN(C(C)C)C(C)C)C(=O)NCCCCCCCCCCCCCCCC,ugi_3cr_agile,2,amine_head:000|oxoester_aldehyde_body_tail:000|isocyanide_tail:003,amine_head|oxoester_aldehyde_body_tail|isocyanide_tail,diamine,ester,alkyl,41_64,neutral,2plus,present,acyclic
C#CCCCCCCCCC(=O)OCCCCCC(NCCN(C(C)C)C(C)C)C(=O)NCCCCCCCCCCCCCCCCCC,ugi_3cr_agile,2,amine_head:000|oxoester_aldehyde_body_tail:000|isocyanide_tail:004,amine_head|oxoester_aldehyde_body_tail|isocyanide_tail,diamine,ester,alkyl,41_64,neutral,2plus,present,acyclic
C#CCCCCCCCCC(=O)OCCCCCC(NCCN(C)C)C(=O)NCCCCCCCC/C=C\CCCCCCCC,ugi_3cr_agile,2,amine_head:006|oxoester_aldehyde_body_tail:000|isocyanide_tail:000,amine_head|oxoester_aldehyde_body_tail|isocyanide_tail,diamine,ester,alkyl,41_64,neutral,2plus,present,acyclic
C#CCCCCCCCCC(=O)OCCCCCC(NCCN(C)C)C(=O)NCCCCCCCCCCCC,ugi_3cr_agile,2,amine_head:006|oxoester_aldehyde_body_tail:000|isocyanide_tail:001,amine_head|oxoester_aldehyde_body_tail|isocyanide_tail,diamine,ester,alkyl,le40,neutral,2plus,present,acyclic
C#CCCCCCCCCC(=O)OCCCCCC(NCCN(C)C)C(=O)NCCCCCCCCCCCCCC,ugi_3cr_agile,2,amine_head:006|oxoester_aldehyde_body_tail:000|isocyanide_tail:002,amine_head|oxoester_aldehyde_body_tail|isocyanide_tail,diamine,ester,alkyl,41_64,neutral,2plus,present,acyclic
C#CCCCCCCCCC(=O)OCCCCCC(NCCN(C)C)C(=O)NCCCCCCCCCCCCCCCC,ugi_3cr_agile,2,amine_head:006|oxoester_aldehyde_body_tail:000|isocyanide_tail:003,amine_head|oxoester_aldehyde_body_tail|isocyanide_tail,diamine,ester,alkyl,41_64,neutral,2plus,present,acyclic
C#CCCCCCCCCC(=O)OCCCCCC(NCCN(C)C)C(=O)NCCCCCCCCCCCCCCCCCC,ugi_3cr_agile,2,amine_head:006|oxoester_aldehyde_body_tail:000|isocyanide_tail:004,amine_head|oxoester_aldehyde_body_tail|isocyanide_tail,diamine,ester,alkyl,41_64,neutral,2plus,present,acyclic
C#CCCCCCCCCC(=O)OCCCCCC(NCCN(CC)CC)C(=O)NCCCCCCCC/C=C\CCCCCCCC,ugi_3cr_agile,2,amine_head:003|oxoester_aldehyde_body_tail:000|isocyanide_tail:000,amine_head|oxoester_aldehyde_body_tail|isocyanide_tail,diamine,ester,alkyl,41_64,neutral,2plus,present,acyclic
C#CCCCCCCCCC(=O)OCCCCCC(NCCN(CC)CC)C(=O)NCCCCCCCCCCCC,ugi_3cr_agile,2,amine_head:003|oxoester_aldehyde_body_tail:000|isocyanide_tail:001,amine_head|oxoester_aldehyde_body_tail|isocyanide_tail,diamine,ester,alkyl,41_64,neutral,2plus,present,acyclic
C#CCCCCCCCCC(=O)OCCCCCC(NCCN(CC)CC)C(=O)NCCCCCCCCCCCCCC,ugi_3cr_agile,2,amine_head:003|oxoester_aldehyde_body_tail:000|isocyanide_tail:002,amine_head|oxoester_aldehyde_body_tail|isocyanide_tail,diamine,ester,alkyl,41_64,neutral,2plus,present,acyclic
C#CCCCCCCCCC(=O)OCCCCCC(NCCN(CC)CC)C(=O)NCCCCCCCCCCCCCCCC,ugi_3cr_agile,2,amine_head:003|oxoester_aldehyde_body_tail:000|isocyanide_tail:003,amine_head|oxoester_aldehyde_body_tail|isocyanide_tail,diamine,ester,alkyl,41_64,neutral,2plus,present,acyclic
C#CCCCCCCCCC(=O)OCCCCCC(NCCN(CC)CC)C(=O)NCCCCCCCCCCCCCCCCCC,ugi_3cr_agile,2,amine_head:003|oxoester_aldehyde_body_tail:000|isocyanide_tail:004,amine_head|oxoester_aldehyde_body_tail|isocyanide_tail,diamine,ester,alkyl,41_64,neutral,2plus,present,acyclic
C#CCCCCCCCCC(=O)OCCCCCC(NCCN(CCN)CCN)C(=O)NCCCCCCCC/C=C\CCCCCCCC,ugi_3cr_agile,2,amine_head:013|oxoester_aldehyde_body_tail:000|isocyanide_tail:000,amine_head|oxoester_aldehyde_body_tail|isocyanide_tail,polyamine,ester,alkyl,41_64,neutral,2plus,present,acyclic
C#CCCCCCCCCC(=O)OCCCCCC(NCCN(CCN)CCN)C(=O)NCCCCCCCCCCCC,ugi_3cr_agile,2,amine_head:013|oxoester_aldehyde_body_tail:000|isocyanide_tail:001,amine_head|oxoester_aldehyde_body_tail|isocyanide_tail,polyamine,ester,alkyl,41_64,neutral,2plus,present,acyclic
C#CCCCCCCCCC(=O)OCCCCCC(NCCN(CCN)CCN)C(=O)NCCCCCCCCCCCCCC,ugi_3cr_agile,2,amine_head:013|oxoester_aldehyde_body_tail:000|isocyanide_tail:002,amine_head|oxoester_aldehyde_body_tail|isocyanide_tail,polyamine,ester,alkyl,41_64,neutral,2plus,present,acyclic
C#CCCCCCCCCC(=O)OCCCCCC(NCCN(CCN)CCN)C(=O)NCCCCCCCCCCCCCCCC,ugi_3cr_agile,2,amine_head:013|oxoester_aldehyde_body_tail:000|isocyanide_tail:003,amine_head|oxoester_aldehyde_body_tail|isocyanide_tail,polyamine,ester,alkyl,41_64,neutral,2plus,present,acyclic
C#CCCCCCCCCC(=O)OCCCCCC(NCCN(CCN)CCN)C(=O)NCCCCCCCCCCCCCCCCCC,ugi_3cr_agile,2,amine_head:013|oxoester_aldehyde_body_tail:000|isocyanide_tail:004,amine_head|oxoester_aldehyde_body_tail|isocyanide_tail,polyamine,ester,alkyl,41_64,neutral,2plus,present,acyclic
C#CCCCCCCCCC(=O)OCCCCCC(NCCN1CCCC1)C(=O)NCCCCCCCC/C=C\CCCCCCCC,ugi_3cr_agile,2,amine_head:014|oxoester_aldehyde_body_tail:000|isocyanide_tail:000,amine_head|oxoester_aldehyde_body_tail|isocyanide_tail,cyclic_amine,ester,alkyl,41_64,neutral,2plus,present,ring
C#CCCCCCCCCC(=O)OCCCCCC(NCCN1CCCC1)C(=O)NCCCCCCCCCCCC,ugi_3cr_agile,2,amine_head:014|oxoester_aldehyde_body_tail:000|isocyanide_tail:001,amine_head|oxoester_aldehyde_body_tail|isocyanide_tail,cyclic_amine,ester,alkyl,41_64,neutral,2plus,present,ring
C#CCCCCCCCCC(=O)OCCCCCC(NCCN1CCCC1)C(=O)NCCCCCCCCCCCCCC,ugi_3cr_agile,2,amine_head:014|oxoester_aldehyde_body_tail:000|isocyanide_tail:002,amine_head|oxoester_aldehyde_body_tail|isocyanide_tail,cyclic_amine,ester,alkyl,41_64,neutral,2plus,present,ring
C#CCCCCCCCCC(=O)OCCCCCC(NCCN1CCCC1)C(=O)NCCCCCCCCCCCCCCCC,ugi_3cr_agile,2,amine_head:014|oxoester_aldehyde_body_tail:000|isocyanide_tail:003,amine_head|oxoester_aldehyde_body_tail|isocyanide_tail,cyclic_amine,ester,alkyl,41_64,neutral,2plus,present,ring
C#CCCCCCCCCC(=O)OCCCCCC(NCCN1CCCC1)C(=O)NCCCCCCCCCCCCCCCCCC,ugi_3cr_agile,2,amine_head:014|oxoester_aldehyde_body_tail:000|isocyanide_tail:004,amine_head|oxoester_aldehyde_body_tail|isocyanide_tail,cyclic_amine,ester,alkyl,41_64,neutral,2plus,present,ring
C#CCCCCCCCCC(=O)OCCCCCC(NCCN1CCCCC1)C(=O)NCCCCCCCC/C=C\CCCCCCCC,ugi_3cr_agile,2,amine_head:015|oxoester_aldehyde_body_tail:000|isocyanide_tail:000,amine_head|oxoester_aldehyde_body_tail|isocyanide_tail,cyclic_amine,ester,alkyl,41_64,neutral,2plus,present,ring
C#CCCCCCCCCC(=O)OCCCCCC(NCCN1CCCCC1)C(=O)NCCCCCCCCCCCC,ugi_3cr_agile,2,amine_head:015|oxoester_aldehyde_body_tail:000|isocyanide_tail:001,amine_head|oxoester_aldehyde_body_tail|isocyanide_tail,cyclic_amine,ester,alkyl,41_64,neutral,2plus,present,ring
C#CCCCCCCCCC(=O)OCCCCCC(NCCN1CCCCC1)C(=O)NCCCCCCCCCCCCCC,ugi_3cr_agile,2,amine_head:015|oxoester_aldehyde_body_tail:000|isocyanide_tail:002,amine_head|oxoester_aldehyde_body_tail|isocyanide_tail,cyclic_amine,ester,alkyl,41_64,neutral,2plus,present,ring
C#CCCCCCCCCC(=O)OCCCCCC(NCCN1CCCCC1)C(=O)NCCCCCCCCCCCCCCCC,ugi_3cr_agile,2,amine_head:015|oxoester_aldehyde_body_tail:000|isocyanide_tail:003,amine_head|oxoester_aldehyde_body_tail|isocyanide_tail,cyclic_amine,ester,alkyl,41_64,neutral,2plus,present,ring
C#CCCCCCCCCC(=O)OCCCCCC(NCCN1CCCCC1)C(=O)NCCCCCCCCCCCCCCCCCC,ugi_3cr_agile,2,amine_head:015|oxoester_aldehyde_body_tail:000|isocyanide_tail:004,amine_head|oxoester_aldehyde_body_tail|isocyanide_tail,cyclic_amine,ester,alkyl,41_64,neutral,2plus,present,ring
C#CCCCCCCCCC(=O)OCCCCCC(NCCN1CCNCC1)C(=O)NCCCCCCCC/C=C\CCCCCCCC,ugi_3cr_agile,2,amine_head:016|oxoester_aldehyde_body_tail:000|isocyanide_tail:000,amine_head|oxoester_aldehyde_body_tail|isocyanide_tail,cyclic_amine,ester,alkyl,41_64,neutral,2plus,present,ring
C#CCCCCCCCCC(=O)OCCCCCC(NCCN1CCNCC1)C(=O)NCCCCCCCCCCCC,ugi_3cr_agile,2,amine_head:016|oxoester_aldehyde_body_tail:000|isocyanide_tail:001,amine_head|oxoester_aldehyde_body_tail|isocyanide_tail,cyclic_amine,ester,alkyl,41_64,neutral,2plus,present,ring
C#CCCCCCCCCC(=O)OCCCCCC(NCCN1CCNCC1)C(=O)NCCCCCCCCCCCCCC,ugi_3cr_agile,2,amine_head:016|oxoester_aldehyde_body_tail:000|isocyanide_tail:002,amine_head|oxoester_aldehyde_body_tail|isocyanide_tail,cyclic_amine,ester,alkyl,41_64,neutral,2plus,present,ring
C#CCCCCCCCCC(=O)OCCCCCC(NCCN1CCNCC1)C(=O)NCCCCCCCCCCCCCCCC,ugi_3cr_agile,2,amine_head:016|oxoester_aldehyde_body_tail:000|isocyanide_tail:003,amine_head|oxoester_aldehyde_body_tail|isocyanide_tail,cyclic_amine,ester,alkyl,41_64,neutral,2plus,present,ring
C#CCCCCCCCCC(=O)OCCCCCC(NCCN1CCNCC1)C(=O)NCCCCCCCCCCCCCCCCCC,ugi_3cr_agile,2,amine_head:016|oxoester_aldehyde_body_tail:000|isocyanide_tail:004,amine_head|oxoester_aldehyde_body_tail|isocyanide_tail,cyclic_amine,ester,alkyl,41_64,neutral,2plus,present,ring
C#CCCCCCCCCC(=O)OCCCCCC(NN1CCCCC1)C(=O)NCCCCCCCC/C=C\CCCCCCCC,ugi_3cr_agile,2,amine_head:017|oxoester_aldehyde_body_tail:000|isocyanide_tail:000,amine_head|oxoester_aldehyde_body_tail|isocyanide_tail,cyclic_amine,ester,alkyl,41_64,neutral,2plus,present,ring
C#CCCCCCCCCC(=O)OCCCCCC(NN1CCCCC1)C(=O)NCCCCCCCCCCCC,ugi_3cr_agile,2,amine_head:017|oxoester_aldehyde_body_tail:000|isocyanide_tail:001,amine_head|oxoester_aldehyde_body_tail|isocyanide_tail,cyclic_amine,ester,alkyl,41_64,neutral,2plus,present,ring
C#CCCCCCCCCC(=O)OCCCCCC(NN1CCCCC1)C(=O)NCCCCCCCCCCCCCC,ugi_3cr_agile,2,amine_head:017|oxoester_aldehyde_body_tail:000|isocyanide_tail:002,amine_head|oxoester_aldehyde_body_tail|isocyanide_tail,cyclic_amine,ester,alkyl,41_64,neutral,2plus,present,ring
C#CCCCCCCCCC(=O)OCCCCCC(NN1CCCCC1)C(=O)NCCCCCCCCCCCCCCCC,ugi_3cr_agile,2,amine_head:017|oxoester_aldehyde_body_tail:000|isocyanide_tail:003,amine_head|oxoester_aldehyde_body_tail|isocyanide_tail,cyclic_amine,ester,alkyl,41_64,neutral,2plus,present,ring
C#CCCCCCCCCC(=O)OCCCCCC(NN1CCCCC1)C(=O)NCCCCCCCCCCCCCCCCCC,ugi_3cr_agile,2,amine_head:017|oxoester_aldehyde_body_tail:000|isocyanide_tail:004,amine_head|oxoester_aldehyde_body_tail|isocyanide_tail,cyclic_amine,ester,alkyl,41_64,neutral,2plus,present,ring
C#CCCCCCCCCC(=O)OCCCCCC(NN1CCOCC1)C(=O)NCCCCCCCC/C=C\CCCCCCCC,ugi_3cr_agile,2,amine_head:018|oxoester_aldehyde_body_tail:000|isocyanide_tail:000,amine_head|oxoester_aldehyde_body_tail|isocyanide_tail,cyclic_amine,ester,alkyl,41_64,neutral,2plus,present,ring
C#CCCCCCCCCC(=O)OCCCCCC(NN1CCOCC1)C(=O)NCCCCCCCCCCCC,ugi_3cr_agile,2,amine_head:018|oxoester_aldehyde_body_tail:000|isocyanide_tail:001,amine_head|oxoester_aldehyde_body_tail|isocyanide_tail,cyclic_amine,ester,alkyl,41_64,neutral,2plus,present,ring
C#CCCCCCCCCC(=O)OCCCCCC(NN1CCOCC1)C(=O)NCCCCCCCCCCCCCC,ugi_3cr_agile,2,amine_head:018|oxoester_aldehyde_body_tail:000|isocyanide_tail:002,amine_head|oxoester_aldehyde_body_tail|isocyanide_tail,cyclic_amine,ester,alkyl,41_64,neutral,2plus,present,ring
C#CCCCCCCCCC(=O)OCCCCCC(NN1CCOCC1)C(=O)NCCCCCCCCCCCCCCCC,ugi_3cr_agile,2,amine_head:018|oxoester_aldehyde_body_tail:000|isocyanide_tail:003,amine_head|oxoester_aldehyde_body_tail|isocyanide_tail,cyclic_amine,ester,alkyl,41_64,neutral,2plus,present,ring
C#CCCCCCCCCC(=O)OCCCCCC(NN1CCOCC1)C(=O)NCCCCCCCCCCCCCCCCCC,ugi_3cr_agile,2,amine_head:018|oxoester_aldehyde_body_tail:000|isocyanide_tail:004,amine_head|oxoester_aldehyde_body_tail|isocyanide_tail,cyclic_amine,ester,alkyl,41_64,neutral,2plus,present,ring
C#CCCCCCCCCC(=O)OCCCCCC(Nc1cc(C)nn1C)C(=O)NCCCCCCCC/C=C\CCCCCCCC,ugi_3cr_agile,2,amine_head:009|oxoester_aldehyde_body_tail:000|isocyanide_tail:000,amine_head|oxoester_aldehyde_body_tail|isocyanide_tail,cyclic_amine,ester,alkyl,41_64,neutral,2plus,present,ring
C#CCCCCCCCCC(=O)OCCCCCC(Nc1cc(C)nn1C)C(=O)NCCCCCCCCCCCC,ugi_3cr_agile,2,amine_head:009|oxoester_aldehyde_body_tail:000|isocyanide_tail:001,amine_head|oxoester_aldehyde_body_tail|isocyanide_tail,cyclic_amine,ester,alkyl,41_64,neutral,2plus,present,ring
C#CCCCCCCCCC(=O)OCCCCCC(Nc1cc(C)nn1C)C(=O)NCCCCCCCCCCCCCC,ugi_3cr_agile,2,amine_head:009|oxoester_aldehyde_body_tail:000|isocyanide_tail:002,amine_head|oxoester_aldehyde_body_tail|isocyanide_tail,cyclic_amine,ester,alkyl,41_64,neutral,2plus,present,ring
C#CCCCCCCCCC(=O)OCCCCCC(Nc1cc(C)nn1C)C(=O)NCCCCCCCCCCCCCCCC,ugi_3cr_agile,2,amine_head:009|oxoester_aldehyde_body_tail:000|isocyanide_tail:003,amine_head|oxoester_aldehyde_body_tail|isocyanide_tail,cyclic_amine,ester,alkyl,41_64,neutral,2plus,present,ring
C#CCCCCCCCCC(=O)OCCCCCC(Nc1cc(C)nn1C)C(=O)NCCCCCCCCCCCCCCCCCC,ugi_3cr_agile,2,amine_head:009|oxoester_aldehyde_body_tail:000|isocyanide_tail:004,amine_head|oxoester_aldehyde_body_tail|isocyanide_tail,cyclic_amine,ester,alkyl,41_64,neutral,2plus,present,ring
C#CCCCCCCCCC(=O)OCCCCCC(Nc1cn[nH]c1)C(=O)NCCCCCCCC/C=C\CCCCCCCC,ugi_3cr_agile,2,amine_head:019|oxoester_aldehyde_body_tail:000|isocyanide_tail:000,amine_head|oxoester_aldehyde_body_tail|isocyanide_tail,cyclic_amine,ester,alkyl,41_64,neutral,2plus,present,ring
C#CCCCCCCCCC(=O)OCCCCCC(Nc1cn[nH]c1)C(=O)NCCCCCCCCCCCC,ugi_3cr_agile,2,amine_head:019|oxoester_aldehyde_body_tail:000|isocyanide_tail:001,amine_head|oxoester_aldehyde_body_tail|isocyanide_tail,cyclic_amine,ester,alkyl,le40,neutral,2plus,present,ring
C#CCCCCCCCCC(=O)OCCCCCC(Nc1cn[nH]c1)C(=O)NCCCCCCCCCCCCCC,ugi_3cr_agile,2,amine_head:019|oxoester_aldehyde_body_tail:000|isocyanide_tail:002,amine_head|oxoester_aldehyde_body_tail|isocyanide_tail,cyclic_amine,ester,alkyl,41_64,neutral,2plus,present,ring
C#CCCCCCCCCC(=O)OCCCCCC(Nc1cn[nH]c1)C(=O)NCCCCCCCCCCCCCCCC,ugi_3cr_agile,2,amine_head:019|oxoester_aldehyde_body_tail:000|isocyanide_tail:003,amine_head|oxoester_aldehyde_body_tail|isocyanide_tail,cyclic_amine,ester,alkyl,41_64,neutral,2plus,present,ring
C#CCCCCCCCCC(=O)OCCCCCC(Nc1cn[nH]c1)C(=O)NCCCCCCCCCCCCCCCCCC,ugi_3cr_agile,2,amine_head:019|oxoester_aldehyde_body_tail:000|isocyanide_tail:004,amine_head|oxoester_aldehyde_body_tail|isocyanide_tail,cyclic_amine,ester,alkyl,41_64,neutral,2plus,present,ring
C=CCCCCCCCCC(=O)OCCCCCC(C(=O)NCCCCCCCC/C=C\CCCCCCCC)N1CCC(N)CC1,ugi_3cr_agile,2,amine_head:010|oxoester_aldehyde_body_tail:001|isocyanide_tail:000,amine_head|oxoester_aldehyde_body_tail|isocyanide_tail,cyclic_amine,ester,alkyl,41_64,neutral,2plus,present,ring
C=CCCCCCCCCC(=O)OCCCCCC(C(=O)NCCCCCCCC/C=C\CCCCCCCC)N1CCN(CCN)CC1,ugi_3cr_agile,2,amine_head:016|oxoester_aldehyde_body_tail:001|isocyanide_tail:000,amine_head|oxoester_aldehyde_body_tail|isocyanide_tail,cyclic_amine,ester,alkyl,41_64,neutral,2plus,present,ring
C=CCCCCCCCCC(=O)OCCCCCC(C(=O)NCCCCCCCCCCCC)N1CCC(N)CC1,ugi_3cr_agile,2,amine_head:010|oxoester_aldehyde_body_tail:001|isocyanide_tail:001,amine_head|oxoester_aldehyde_body_tail|isocyanide_tail,cyclic_amine,ester,alkyl,41_64,neutral,2plus,present,ring
C=CCCCCCCCCC(=O)OCCCCCC(C(=O)NCCCCCCCCCCCC)N1CCN(CCN)CC1,ugi_3cr_agile,2,amine_head:016|oxoester_aldehyde_body_tail:001|isocyanide_tail:001,amine_head|oxoester_aldehyde_body_tail|isocyanide_tail,cyclic_amine,ester,alkyl,41_64,neutral,2plus,present,ring
C=CCCCCCCCCC(=O)OCCCCCC(C(=O)NCCCCCCCCCCCCCC)N1CCC(N)CC1,ugi_3cr_agile,2,amine_head:010|oxoester_aldehyde_body_tail:001|isocyanide_tail:002,amine_head|oxoester_aldehyde_body_tail|isocyanide_tail,cyclic_amine,ester,alkyl,41_64,neutral,2plus,present,ring
C=CCCCCCCCCC(=O)OCCCCCC(C(=O)NCCCCCCCCCCCCCC)N1CCN(CCN)CC1,ugi_3cr_agile,2,amine_head:016|oxoester_aldehyde_body_tail:001|isocyanide_tail:002,amine_head|oxoester_aldehyde_body_tail|isocyanide_tail,cyclic_amine,ester,alkyl,41_64,neutral,2plus,present,ring
C=CCCCCCCCCC(=O)OCCCCCC(C(=O)NCCCCCCCCCCCCCCCC)N1CCC(N)CC1,ugi_3cr_agile,2,amine_head:010|oxoester_aldehyde_body_tail:001|isocyanide_tail:003,amine_head|oxoester_aldehyde_body_tail|isocyanide_tail,cyclic_amine,ester,alkyl,41_64,neutral,2plus,present,ring
C=CCCCCCCCCC(=O)OCCCCCC(C(=O)NCCCCCCCCCCCCCCCC)N1CCN(CCN)CC1,ugi_3cr_agile,2,amine_head:016|oxoester_aldehyde_body_tail:001|isocyanide_tail:003,amine_head|oxoester_aldehyde_body_tail|isocyanide_tail,cyclic_amine,ester,alkyl,41_64,neutral,2plus,present,ring
C=CCCCCCCCCC(=O)OCCCCCC(C(=O)NCCCCCCCCCCCCCCCCCC)N1CCC(N)CC1,ugi_3cr_agile,2,amine_head:010|oxoester_aldehyde_body_tail:001|isocyanide_tail:004,amine_head|oxoester_aldehyde_body_tail|isocyanide_tail,cyclic_amine,ester,alkyl,41_64,neutral,2plus,present,ring
C=CCCCCCCCCC(=O)OCCCCCC(C(=O)NCCCCCCCCCCCCCCCCCC)N1CCN(CCN)CC1,ugi_3cr_agile,2,amine_head:016|oxoester_aldehyde_body_tail:001|isocyanide_tail:004,amine_head|oxoester_aldehyde_body_tail|isocyanide_tail,cyclic_amine,ester,alkyl,41_64,neutral,2plus,present,ring
C=CCCCCCCCCC(=O)OCCCCCC(NC1CCN(C)CC1)C(=O)NCCCCCCCC/C=C\CCCCCCCC,ugi_3cr_agile,2,amine_head:008|oxoester_aldehyde_body_tail:001|isocyanide_tail:000,amine_head|oxoester_aldehyde_body_tail|isocyanide_tail,cyclic_amine,ester,alkyl,41_64,neutral,2plus,present,ring
C=CCCCCCCCCC(=O)OCCCCCC(NC1CCN(C)CC1)C(=O)NCCCCCCCCCCCC,ugi_3cr_agile,2,amine_head:008|oxoester_aldehyde_body_tail:001|isocyanide_tail:001,amine_head|oxoester_aldehyde_body_tail|isocyanide_tail,cyclic_amine,ester,alkyl,41_64,neutral,2plus,present,ring
C=CCCCCCCCCC(=O)OCCCCCC(NC1CCN(C)CC1)C(=O)NCCCCCCCCCCCCCC,ugi_3cr_agile,2,amine_head:008|oxoester_aldehyde_body_tail:001|isocyanide_tail:002,amine_head|oxoester_aldehyde_body_tail|isocyanide_tail,cyclic_amine,ester,alkyl,41_64,neutral,2plus,present,ring
C=CCCCCCCCCC(=O)OCCCCCC(NC1CCN(C)CC1)C(=O)NCCCCCCCCCCCCCCCC,ugi_3cr_agile,2,amine_head:008|oxoester_aldehyde_body_tail:001|isocyanide_tail:003,amine_head|oxoester_aldehyde_body_tail|isocyanide_tail,cyclic_amine,ester,alkyl,41_64,neutral,2plus,present,ring
C=CCCCCCCCCC(=O)OCCCCCC(NC1CCN(C)CC1)C(=O)NCCCCCCCCCCCCCCCCCC,ugi_3cr_agile,2,amine_head:008|oxoester_aldehyde_body_tail:001|isocyanide_tail:004,amine_head|oxoester_aldehyde_body_tail|isocyanide_tail,cyclic_amine,ester,alkyl,41_64,neutral,2plus,present,ring
C=CCCCCCCCCC(=O)OCCCCCC(NC1CCNCC1)C(=O)NCCCCCCCC/C=C\CCCCCCCC,ugi_3cr_agile,2,amine_head:010|oxoester_aldehyde_body_tail:001|isocyanide_tail:000,amine_head|oxoester_aldehyde_body_tail|isocyanide_tail,cyclic_amine,ester,alkyl,41_64,neutral,2plus,present,ring
C=CCCCCCCCCC(=O)OCCCCCC(NC1CCNCC1)C(=O)NCCCCCCCCCCCC,ugi_3cr_agile,2,amine_head:010|oxoester_aldehyde_body_tail:001|isocyanide_tail:001,amine_head|oxoester_aldehyde_body_tail|isocyanide_tail,cyclic_amine,ester,alkyl,41_64,neutral,2plus,present,ring
C=CCCCCCCCCC(=O)OCCCCCC(NC1CCNCC1)C(=O)NCCCCCCCCCCCCCC,ugi_3cr_agile,2,amine_head:010|oxoester_aldehyde_body_tail:001|isocyanide_tail:002,amine_head|oxoester_aldehyde_body_tail|isocyanide_tail,cyclic_amine,ester,alkyl,41_64,neutral,2plus,present,ring
C=CCCCCCCCCC(=O)OCCCCCC(NC1CCNCC1)C(=O)NCCCCCCCCCCCCCCCC,ugi_3cr_agile,2,amine_head:010|oxoester_aldehyde_body_tail:001|isocyanide_tail:003,amine_head|oxoester_aldehyde_body_tail|isocyanide_tail,cyclic_amine,ester,alkyl,41_64,neutral,2plus,present,ring
C=CCCCCCCCCC(=O)OCCCCCC(NC1CCNCC1)C(=O)NCCCCCCCCCCCCCCCCCC,ugi_3cr_agile,2,amine_head:010|oxoester_aldehyde_body_tail:001|isocyanide_tail:004,amine_head|oxoester_aldehyde_body_tail|isocyanide_tail,cyclic_amine,ester,alkyl,41_64,neutral,2plus,present,ring
C=CCCCCCCCCC(=O)OCCCCCC(NCC1CCCN1CC)C(=O)NCCCCCCCC/C=C\CCCCCCCC,ugi_3cr_agile,2,amine_head:004|oxoester_aldehyde_body_tail:001|isocyanide_tail:000,amine_head|oxoester_aldehyde_body_tail|isocyanide_tail,cyclic_amine,ester,alkyl,41_64,neutral,2plus,present,ring
C=CCCCCCCCCC(=O)OCCCCCC(NCC1CCCN1CC)C(=O)NCCCCCCCCCCCC,ugi_3cr_agile,2,amine_head:004|oxoester_aldehyde_body_tail:001|isocyanide_tail:001,amine_head|oxoester_aldehyde_body_tail|isocyanide_tail,cyclic_amine,ester,alkyl,41_64,neutral,2plus,present,ring
C=CCCCCCCCCC(=O)OCCCCCC(NCC1CCCN1CC)C(=O)NCCCCCCCCCCCCCC,ugi_3cr_agile,2,amine_head:004|oxoester_aldehyde_body_tail:001|isocyanide_tail:002,amine_head|oxoester_aldehyde_body_tail|isocyanide_tail,cyclic_amine,ester,alkyl,41_64,neutral,2plus,present,ring
C=CCCCCCCCCC(=O)OCCCCCC(NCC1CCCN1CC)C(=O)NCCCCCCCCCCCCCCCC,ugi_3cr_agile,2,amine_head:004|oxoester_aldehyde_body_tail:001|isocyanide_tail:003,amine_head|oxoester_aldehyde_body_tail|isocyanide_tail,cyclic_amine,ester,alkyl,41_64,neutral,2plus,present,ring
C=CCCCCCCCCC(=O)OCCCCCC(NCC1CCCN1CC)C(=O)NCCCCCCCCCCCCCCCCCC,ugi_3cr_agile,2,amine_head:004|oxoester_aldehyde_body_tail:001|isocyanide_tail:004,amine_head|oxoester_aldehyde_body_tail|isocyanide_tail,cyclic_amine,ester,alkyl,41_64,neutral,2plus,present,ring
C=CCCCCCCCCC(=O)OCCCCCC(NCCCN(C)C)C(=O)NCCCCCCCC/C=C\CCCCCCCC,ugi_3cr_agile,2,amine_head:005|oxoester_aldehyde_body_tail:001|isocyanide_tail:000,amine_head|oxoester_aldehyde_body_tail|isocyanide_tail,diamine,ester,alkyl,41_64,neutral,2plus,present,acyclic
C=CCCCCCCCCC(=O)OCCCCCC(NCCCN(C)C)C(=O)NCCCCCCCCCCCC,ugi_3cr_agile,2,amine_head:005|oxoester_aldehyde_body_tail:001|isocyanide_tail:001,amine_head|oxoester_aldehyde_body_tail|isocyanide_tail,diamine,ester,alkyl,41_64,neutral,2plus,present,acyclic
C=CCCCCCCCCC(=O)OCCCCCC(NCCCN(C)C)C(=O)NCCCCCCCCCCCCCC,ugi_3cr_agile,2,amine_head:005|oxoester_aldehyde_body_tail:001|isocyanide_tail:002,amine_head|oxoester_aldehyde_body_tail|isocyanide_tail,diamine,ester,alkyl,41_64,neutral,2plus,present,acyclic
C=CCCCCCCCCC(=O)OCCCCCC(NCCCN(C)C)C(=O)NCCCCCCCCCCCCCCCC,ugi_3cr_agile,2,amine_head:005|oxoester_aldehyde_body_tail:001|isocyanide_tail:003,amine_head|oxoester_aldehyde_body_tail|isocyanide_tail,diamine,ester,alkyl,41_64,neutral,2plus,present,acyclic
C=CCCCCCCCCC(=O)OCCCCCC(NCCCN(C)C)C(=O)NCCCCCCCCCCCCCCCCCC,ugi_3cr_agile,2,amine_head:005|oxoester_aldehyde_body_tail:001|isocyanide_tail:004,amine_head|oxoester_aldehyde_body_tail|isocyanide_tail,diamine,ester,alkyl,41_64,neutral,2plus,present,acyclic
C=CCCCCCCCCC(=O)OCCCCCC(NCCCN(C)CCCN)C(=O)NCCCCCCCC/C=C\CCCCCCCC,ugi_3cr_agile,2,amine_head:007|oxoester_aldehyde_body_tail:001|isocyanide_tail:000,amine_head|oxoester_aldehyde_body_tail|isocyanide_tail,polyamine,ester,alkyl,41_64,neutral,2plus,present,acyclic
C=CCCCCCCCCC(=O)OCCCCCC(NCCCN(C)CCCN)C(=O)NCCCCCCCCCCCC,ugi_3cr_agile,2,amine_head:007|oxoester_aldehyde_body_tail:001|isocyanide_tail:001,amine_head|oxoester_aldehyde_body_tail|isocyanide_tail,polyamine,ester,alkyl,41_64,neutral,2plus,present,acyclic
C=CCCCCCCCCC(=O)OCCCCCC(NCCCN(C)CCCN)C(=O)NCCCCCCCCCCCCCC,ugi_3cr_agile,2,amine_head:007|oxoester_aldehyde_body_tail:001|isocyanide_tail:002,amine_head|oxoester_aldehyde_body_tail|isocyanide_tail,polyamine,ester,alkyl,41_64,neutral,2plus,present,acyclic
C=CCCCCCCCCC(=O)OCCCCCC(NCCCN(C)CCCN)C(=O)NCCCCCCCCCCCCCCCC,ugi_3cr_agile,2,amine_head:007|oxoester_aldehyde_body_tail:001|isocyanide_tail:003,amine_head|oxoester_aldehyde_body_tail|isocyanide_tail,polyamine,ester,alkyl,41_64,neutral,2plus,present,acyclic
C=CCCCCCCCCC(=O)OCCCCCC(NCCCN(C)CCCN)C(=O)NCCCCCCCCCCCCCCCCCC,ugi_3cr_agile,2,amine_head:007|oxoester_aldehyde_body_tail:001|isocyanide_tail:004,amine_head|oxoester_aldehyde_body_tail|isocyanide_tail,polyamine,ester,alkyl,41_64,neutral,2plus,present,acyclic
C=CCCCCCCCCC(=O)OCCCCCC(NCCCN(CC)CC)C(=O)NCCCCCCCC/C=C\CCCCCCCC,ugi_3cr_agile,2,amine_head:002|oxoester_aldehyde_body_tail:001|isocyanide_tail:000,amine_head|oxoester_aldehyde_body_tail|isocyanide_tail,diamine,ester,alkyl,41_64,neutral,2plus,present,acyclic
C=CCCCCCCCCC(=O)OCCCCCC(NCCCN(CC)CC)C(=O)NCCCCCCCCCCCC,ugi_3cr_agile,2,amine_head:002|oxoester_aldehyde_body_tail:001|isocyanide_tail:001,amine_head|oxoester_aldehyde_body_tail|isocyanide_tail,diamine,ester,alkyl,41_64,neutral,2plus,present,acyclic
C=CCCCCCCCCC(=O)OCCCCCC(NCCCN(CC)CC)C(=O)NCCCCCCCCCCCCCC,ugi_3cr_agile,2,amine_head:002|oxoester_aldehyde_body_tail:001|isocyanide_tail:002,amine_head|oxoester_aldehyde_body_tail|isocyanide_tail,diamine,ester,alkyl,41_64,neutral,2plus,present,acyclic
C=CCCCCCCCCC(=O)OCCCCCC(NCCCN(CC)CC)C(=O)NCCCCCCCCCCCCCCCC,ugi_3cr_agile,2,amine_head:002|oxoester_aldehyde_body_tail:001|isocyanide_tail:003,amine_head|oxoester_aldehyde_body_tail|isocyanide_tail,diamine,ester,alkyl,41_64,neutral,2plus,present,acyclic
C=CCCCCCCCCC(=O)OCCCCCC(NCCCN(CC)CC)C(=O)NCCCCCCCCCCCCCCCCCC,ugi_3cr_agile,2,amine_head:002|oxoester_aldehyde_body_tail:001|isocyanide_tail:004,amine_head|oxoester_aldehyde_body_tail|isocyanide_tail,diamine,ester,alkyl,41_64,neutral,2plus,present,acyclic
C=CCCCCCCCCC(=O)OCCCCCC(NCCCN(CCCC)CCCC)C(=O)NCCCCCCCC/C=C\CCCCCCCC,ugi_3cr_agile,2,amine_head:001|oxoester_aldehyde_body_tail:001|isocyanide_tail:000,amine_head|oxoester_aldehyde_body_tail|isocyanide_tail,diamine,ester,alkyl,41_64,neutral,2plus,present,acyclic
C=CCCCCCCCCC(=O)OCCCCCC(NCCCN(CCCC)CCCC)C(=O)NCCCCCCCCCCCC,ugi_3cr_agile,2,amine_head:001|oxoester_aldehyde_body_tail:001|isocyanide_tail:001,amine_head|oxoester_aldehyde_body_tail|isocyanide_tail,diamine,ester,alkyl,41_64,neutral,2plus,present,acyclic
C=CCCCCCCCCC(=O)OCCCCCC(NCCCN(CCCC)CCCC)C(=O)NCCCCCCCCCCCCCC,ugi_3cr_agile,2,amine_head:001|oxoester_aldehyde_body_tail:001|isocyanide_tail:002,amine_head|oxoester_aldehyde_body_tail|isocyanide_tail,diamine,ester,alkyl,41_64,neutral,2plus,present,acyclic
C=CCCCCCCCCC(=O)OCCCCCC(NCCCN(CCCC)CCCC)C(=O)NCCCCCCCCCCCCCCCC,ugi_3cr_agile,2,amine_head:001|oxoester_aldehyde_body_tail:001|isocyanide_tail:003,amine_head|oxoester_aldehyde_body_tail|isocyanide_tail,diamine,ester,alkyl,41_64,neutral,2plus,present,acyclic
C=CCCCCCCCCC(=O)OCCCCCC(NCCCN(CCCC)CCCC)C(=O)NCCCCCCCCCCCCCCCCCC,ugi_3cr_agile,2,amine_head:001|oxoester_aldehyde_body_tail:001|isocyanide_tail:004,amine_head|oxoester_aldehyde_body_tail|isocyanide_tail,diamine,ester,alkyl,41_64,neutral,2plus,present,acyclic
C=CCCCCCCCCC(=O)OCCCCCC(NCCCN1CCCC1)C(=O)NCCCCCCCC/C=C\CCCCCCCC,ugi_3cr_agile,2,amine_head:011|oxoester_aldehyde_body_tail:001|isocyanide_tail:000,amine_head|oxoester_aldehyde_body_tail|isocyanide_tail,cyclic_amine,ester,alkyl,41_64,neutral,2plus,present,ring
C=CCCCCCCCCC(=O)OCCCCCC(NCCCN1CCCC1)C(=O)NCCCCCCCCCCCC,ugi_3cr_agile,2,amine_head:011|oxoester_aldehyde_body_tail:001|isocyanide_tail:001,amine_head|oxoester_aldehyde_body_tail|isocyanide_tail,cyclic_amine,ester,alkyl,41_64,neutral,2plus,present,ring
C=CCCCCCCCCC(=O)OCCCCCC(NCCCN1CCCC1)C(=O)NCCCCCCCCCCCCCC,ugi_3cr_agile,2,amine_head:011|oxoester_aldehyde_body_tail:001|isocyanide_tail:002,amine_head|oxoester_aldehyde_body_tail|isocyanide_tail,cyclic_amine,ester,alkyl,41_64,neutral,2plus,present,ring
C=CCCCCCCCCC(=O)OCCCCCC(NCCCN1CCCC1)C(=O)NCCCCCCCCCCCCCCCC,ugi_3cr_agile,2,amine_head:011|oxoester_aldehyde_body_tail:001|isocyanide_tail:003,amine_head|oxoester_aldehyde_body_tail|isocyanide_tail,cyclic_amine,ester,alkyl,41_64,neutral,2plus,present,ring
C=CCCCCCCCCC(=O)OCCCCCC(NCCCN1CCCC1)C(=O)NCCCCCCCCCCCCCCCCCC,ugi_3cr_agile,2,amine_head:011|oxoester_aldehyde_body_tail:001|isocyanide_tail:004,amine_head|oxoester_aldehyde_body_tail|isocyanide_tail,cyclic_amine,ester,alkyl,41_64,neutral,2plus,present,ring
C=CCCCCCCCCC(=O)OCCCCCC(NCCCN1CCOCC1)C(=O)NCCCCCCCC/C=C\CCCCCCCC,ugi_3cr_agile,2,amine_head:012|oxoester_aldehyde_body_tail:001|isocyanide_tail:000,amine_head|oxoester_aldehyde_body_tail|isocyanide_tail,cyclic_amine,ester,alkyl,41_64,neutral,2plus,present,ring
C=CCCCCCCCCC(=O)OCCCCCC(NCCCN1CCOCC1)C(=O)NCCCCCCCCCCCC,ugi_3cr_agile,2,amine_head:012|oxoester_aldehyde_body_tail:001|isocyanide_tail:001,amine_head|oxoester_aldehyde_body_tail|isocyanide_tail,cyclic_amine,ester,alkyl,41_64,neutral,2plus,present,ring
C=CCCCCCCCCC(=O)OCCCCCC(NCCCN1CCOCC1)C(=O)NCCCCCCCCCCCCCC,ugi_3cr_agile,2,amine_head:012|oxoester_aldehyde_body_tail:001|isocyanide_tail:002,amine_head|oxoester_aldehyde_body_tail|isocyanide_tail,cyclic_amine,ester,alkyl,41_64,neutral,2plus,present,ring
C=CCCCCCCCCC(=O)OCCCCCC(NCCCN1CCOCC1)C(=O)NCCCCCCCCCCCCCCCC,ugi_3cr_agile,2,amine_head:012|oxoester_aldehyde_body_tail:001|isocyanide_tail:003,amine_head|oxoester_aldehyde_body_tail|isocyanide_tail,cyclic_amine,ester,alkyl,41_64,neutral,2plus,present,ring
C=CCCCCCCCCC(=O)OCCCCCC(NCCCN1CCOCC1)C(=O)NCCCCCCCCCCCCCCCCCC,ugi_3cr_agile,2,amine_head:012|oxoester_aldehyde_body_tail:001|isocyanide_tail:004,amine_head|oxoester_aldehyde_body_tail|isocyanide_tail,cyclic_amine,ester,alkyl,41_64,neutral,2plus,present,ring
C=CCCCCCCCCC(=O)OCCCCCC(NCCN(C(C)C)C(C)C)C(=O)NCCCCCCCC/C=C\CCCCCCCC,ugi_3cr_agile,2,amine_head:000|oxoester_aldehyde_body_tail:001|isocyanide_tail:000,amine_head|oxoester_aldehyde_body_tail|isocyanide_tail,diamine,ester,alkyl,41_64,neutral,2plus,present,acyclic
C=CCCCCCCCCC(=O)OCCCCCC(NCCN(C(C)C)C(C)C)C(=O)NCCCCCCCCCCCC,ugi_3cr_agile,2,amine_head:000|oxoester_aldehyde_body_tail:001|isocyanide_tail:001,amine_head|oxoester_aldehyde_body_tail|isocyanide_tail,diamine,ester,alkyl,41_64,neutral,2plus,present,acyclic
C=CCCCCCCCCC(=O)OCCCCCC(NCCN(C(C)C)C(C)C)C(=O)NCCCCCCCCCCCCCC,ugi_3cr_agile,2,amine_head:000|oxoester_aldehyde_body_tail:001|isocyanide_tail:002,amine_head|oxoester_aldehyde_body_tail|isocyanide_tail,diamine,ester,alkyl,41_64,neutral,2plus,present,acyclic
C=CCCCCCCCCC(=O)OCCCCCC(NCCN(C(C)C)C(C)C)C(=O)NCCCCCCCCCCCCCCCC,ugi_3cr_agile,2,amine_head:000|oxoester_aldehyde_body_tail:001|isocyanide_tail:003,amine_head|oxoester_aldehyde_body_tail|isocyanide_tail,diamine,ester,alkyl,41_64,neutral,2plus,present,acyclic
C=CCCCCCCCCC(=O)OCCCCCC(NCCN(C(C)C)C(C)C)C(=O)NCCCCCCCCCCCCCCCCCC,ugi_3cr_agile,2,amine_head:000|oxoester_aldehyde_body_tail:001|isocyanide_tail:004,amine_head|oxoester_aldehyde_body_tail|isocyanide_tail,diamine,ester,alkyl,41_64,neutral,2plus,present,acyclic
C=CCCCCCCCCC(=O)OCCCCCC(NCCN(C)C)C(=O)NCCCCCCCC/C=C\CCCCCCCC,ugi_3cr_agile,2,amine_head:006|oxoester_aldehyde_body_tail:001|isocyanide_tail:000,amine_head|oxoester_aldehyde_body_tail|isocyanide_tail,diamine,ester,alkyl,41_64,neutral,2plus,present,acyclic
C=CCCCCCCCCC(=O)OCCCCCC(NCCN(C)C)C(=O)NCCCCCCCCCCCC,ugi_3cr_agile,2,amine_head:006|oxoester_aldehyde_body_tail:001|isocyanide_tail:001,amine_head|oxoester_aldehyde_body_tail|isocyanide_tail,diamine,ester,alkyl,le40,neutral,2plus,present,acyclic
C=CCCCCCCCCC(=O)OCCCCCC(NCCN(C)C)C(=O)NCCCCCCCCCCCCCC,ugi_3cr_agile,2,amine_head:006|oxoester_aldehyde_body_tail:001|isocyanide_tail:002,amine_head|oxoester_aldehyde_body_tail|isocyanide_tail,diamine,ester,alkyl,41_64,neutral,2plus,present,acyclic
C=CCCCCCCCCC(=O)OCCCCCC(NCCN(C)C)C(=O)NCCCCCCCCCCCCCCCC,ugi_3cr_agile,2,amine_head:006|oxoester_aldehyde_body_tail:001|isocyanide_tail:003,amine_head|oxoester_aldehyde_body_tail|isocyanide_tail,diamine,ester,alkyl,41_64,neutral,2plus,present,acyclic
C=CCCCCCCCCC(=O)OCCCCCC(NCCN(C)C)C(=O)NCCCCCCCCCCCCCCCCCC,ugi_3cr_agile,2,amine_head:006|oxoester_aldehyde_body_tail:001|isocyanide_tail:004,amine_head|oxoester_aldehyde_body_tail|isocyanide_tail,diamine,ester,alkyl,41_64,neutral,2plus,present,acyclic
C=CCCCCCCCCC(=O)OCCCCCC(NCCN(CC)CC)C(=O)NCCCCCCCC/C=C\CCCCCCCC,ugi_3cr_agile,2,amine_head:003|oxoester_aldehyde_body_tail:001|isocyanide_tail:000,amine_head|oxoester_aldehyde_body_tail|isocyanide_tail,diamine,ester,alkyl,41_64,neutral,2plus,present,acyclic
C=CCCCCCCCCC(=O)OCCCCCC(NCCN(CC)CC)C(=O)NCCCCCCCCCCCC,ugi_3cr_agile,2,amine_head:003|oxoester_aldehyde_body_tail:001|isocyanide_tail:001,amine_head|oxoester_aldehyde_body_tail|isocyanide_tail,diamine,ester,alkyl,41_64,neutral,2plus,present,acyclic
C=CCCCCCCCCC(=O)OCCCCCC(NCCN(CC)CC)C(=O)NCCCCCCCCCCCCCC,ugi_3cr_agile,2,amine_head:003|oxoester_aldehyde_body_tail:001|isocyanide_tail:002,amine_head|oxoester_aldehyde_body_tail|isocyanide_tail,diamine,ester,alkyl,41_64,neutral,2plus,present,acyclic
C=CCCCCCCCCC(=O)OCCCCCC(NCCN(CC)CC)C(=O)NCCCCCCCCCCCCCCCC,ugi_3cr_agile,2,amine_head:003|oxoester_aldehyde_body_tail:001|isocyanide_tail:003,amine_head|oxoester_aldehyde_body_tail|isocyanide_tail,diamine,ester,alkyl,41_64,neutral,2plus,present,acyclic
C=CCCCCCCCCC(=O)OCCCCCC(NCCN(CC)CC)C(=O)NCCCCCCCCCCCCCCCCCC,ugi_3cr_agile,2,amine_head:003|oxoester_aldehyde_body_tail:001|isocyanide_tail:004,amine_head|oxoester_aldehyde_body_tail|isocyanide_tail,diamine,ester,alkyl,41_64,neutral,2plus,present,acyclic
C=CCCCCCCCCC(=O)OCCCCCC(NCCN(CCN)CCN)C(=O)NCCCCCCCC/C=C\CCCCCCCC,ugi_3cr_agile,2,amine_head:013|oxoester_aldehyde_body_tail:001|isocyanide_tail:000,amine_head|oxoester_aldehyde_body_tail|isocyanide_tail,polyamine,ester,alkyl,41_64,neutral,2plus,present,acyclic
C=CCCCCCCCCC(=O)OCCCCCC(NCCN(CCN)CCN)C(=O)NCCCCCCCCCCCC,ugi_3cr_agile,2,amine_head:013|oxoester_aldehyde_body_tail:001|isocyanide_tail:001,amine_head|oxoester_aldehyde_body_tail|isocyanide_tail,polyamine,ester,alkyl,41_64,neutral,2plus,present,acyclic
C=CCCCCCCCCC(=O)OCCCCCC(NCCN(CCN)CCN)C(=O)NCCCCCCCCCCCCCC,ugi_3cr_agile,2,amine_head:013|oxoester_aldehyde_body_tail:001|isocyanide_tail:002,amine_head|oxoester_aldehyde_body_tail|isocyanide_tail,polyamine,ester,alkyl,41_64,neutral,2plus,present,acyclic
C=CCCCCCCCCC(=O)OCCCCCC(NCCN(CCN)CCN)C(=O)NCCCCCCCCCCCCCCCC,ugi_3cr_agile,2,amine_head:013|oxoester_aldehyde_body_tail:001|isocyanide_tail:003,amine_head|oxoester_aldehyde_body_tail|isocyanide_tail,polyamine,ester,alkyl,41_64,neutral,2plus,present,acyclic
C=CCCCCCCCCC(=O)OCCCCCC(NCCN(CCN)CCN)C(=O)NCCCCCCCCCCCCCCCCCC,ugi_3cr_agile,2,amine_head:013|oxoester_aldehyde_body_tail:001|isocyanide_tail:004,amine_head|oxoester_aldehyde_body_tail|isocyanide_tail,polyamine,ester,alkyl,41_64,neutral,2plus,present,acyclic
C=CCCCCCCCCC(=O)OCCCCCC(NCCN1CCCC1)C(=O)NCCCCCCCC/C=C\CCCCCCCC,ugi_3cr_agile,2,amine_head:014|oxoester_aldehyde_body_tail:001|isocyanide_tail:000,amine_head|oxoester_aldehyde_body_tail|isocyanide_tail,cyclic_amine,ester,alkyl,41_64,neutral,2plus,present,ring
C=CCCCCCCCCC(=O)OCCCCCC(NCCN1CCCC1)C(=O)NCCCCCCCCCCCC,ugi_3cr_agile,2,amine_head:014|oxoester_aldehyde_body_tail:001|isocyanide_tail:001,amine_head|oxoester_aldehyde_body_tail|isocyanide_tail,cyclic_amine,ester,alkyl,41_64,neutral,2plus,present,ring
C=CCCCCCCCCC(=O)OCCCCCC(NCCN1CCCC1)C(=O)NCCCCCCCCCCCCCC,ugi_3cr_agile,2,amine_head:014|oxoester_aldehyde_body_tail:001|isocyanide_tail:002,amine_head|oxoester_aldehyde_body_tail|isocyanide_tail,cyclic_amine,ester,alkyl,41_64,neutral,2plus,present,ring
C=CCCCCCCCCC(=O)OCCCCCC(NCCN1CCCC1)C(=O)NCCCCCCCCCCCCCCCC,ugi_3cr_agile,2,amine_head:014|oxoester_aldehyde_body_tail:001|isocyanide_tail:003,amine_head|oxoester_aldehyde_body_tail|isocyanide_tail,cyclic_amine,ester,alkyl,41_64,neutral,2plus,present,ring
C=CCCCCCCCCC(=O)OCCCCCC(NCCN1CCCC1)C(=O)NCCCCCCCCCCCCCCCCCC,ugi_3cr_agile,2,amine_head:014|oxoester_aldehyde_body_tail:001|isocyanide_tail:004,amine_head|oxoester_aldehyde_body_tail|isocyanide_tail,cyclic_amine,ester,alkyl,41_64,neutral,2plus,present,ring
C=CCCCCCCCCC(=O)OCCCCCC(NCCN1CCCCC1)C(=O)NCCCCCCCC/C=C\CCCCCCCC,ugi_3cr_agile,2,amine_head:015|oxoester_aldehyde_body_tail:001|isocyanide_tail:000,amine_head|oxoester_aldehyde_body_tail|isocyanide_tail,cyclic_amine,ester,alkyl,41_64,neutral,2plus,present,ring
C=CCCCCCCCCC(=O)OCCCCCC(NCCN1CCCCC1)C(=O)NCCCCCCCCCCCC,ugi_3cr_agile,2,amine_head:015|oxoester_aldehyde_body_tail:001|isocyanide_tail:001,amine_head|oxoester_aldehyde_body_tail|isocyanide_tail,cyclic_amine,ester,alkyl,41_64,neutral,2plus,present,ring
C=CCCCCCCCCC(=O)OCCCCCC(NCCN1CCCCC1)C(=O)NCCCCCCCCCCCCCC,ugi_3cr_agile,2,amine_head:015|oxoester_aldehyde_body_tail:001|isocyanide_tail:002,amine_head|oxoester_aldehyde_body_tail|isocyanide_tail,cyclic_amine,ester,alkyl,41_64,neutral,2plus,present,ring
C=CCCCCCCCCC(=O)OCCCCCC(NCCN1CCCCC1)C(=O)NCCCCCCCCCCCCCCCC,ugi_3cr_agile,2,amine_head:015|oxoester_aldehyde_body_tail:001|isocyanide_tail:003,amine_head|oxoester_aldehyde_body_tail|isocyanide_tail,cyclic_amine,ester,alkyl,41_64,neutral,2plus,present,ring
C=CCCCCCCCCC(=O)OCCCCCC(NCCN1CCCCC1)C(=O)NCCCCCCCCCCCCCCCCCC,ugi_3cr_agile,2,amine_head:015|oxoester_aldehyde_body_tail:001|isocyanide_tail:004,amine_head|oxoester_aldehyde_body_tail|isocyanide_tail,cyclic_amine,ester,alkyl,41_64,neutral,2plus,present,ring
C=CCCCCCCCCC(=O)OCCCCCC(NCCN1CCNCC1)C(=O)NCCCCCCCC/C=C\CCCCCCCC,ugi_3cr_agile,2,amine_head:016|oxoester_aldehyde_body_tail:001|isocyanide_tail:000,amine_head|oxoester_aldehyde_body_tail|isocyanide_tail,cyclic_amine,ester,alkyl,41_64,neutral,2plus,present,ring
C=CCCCCCCCCC(=O)OCCCCCC(NCCN1CCNCC1)C(=O)NCCCCCCCCCCCC,ugi_3cr_agile,2,amine_head:016|oxoester_aldehyde_body_tail:001|isocyanide_tail:001,amine_head|oxoester_aldehyde_body_tail|isocyanide_tail,cyclic_amine,ester,alkyl,41_64,neutral,2plus,present,ring
C=CCCCCCCCCC(=O)OCCCCCC(NCCN1CCNCC1)C(=O)NCCCCCCCCCCCCCC,ugi_3cr_agile,2,amine_head:016|oxoester_aldehyde_body_tail:001|isocyanide_tail:002,amine_head|oxoester_aldehyde_body_tail|isocyanide_tail,cyclic_amine,ester,alkyl,41_64,neutral,2plus,present,ring
C=CCCCCCCCCC(=O)OCCCCCC(NCCN1CCNCC1)C(=O)NCCCCCCCCCCCCCCCC,ugi_3cr_agile,2,amine_head:016|oxoester_aldehyde_body_tail:001|isocyanide_tail:003,amine_head|oxoester_aldehyde_body_tail|isocyanide_tail,cyclic_amine,ester,alkyl,41_64,neutral,2plus,present,ring
C=CCCCCCCCCC(=O)OCCCCCC(NCCN1CCNCC1)C(=O)NCCCCCCCCCCCCCCCCCC,ugi_3cr_agile,2,amine_head:016|oxoester_aldehyde_body_tail:001|isocyanide_tail:004,amine_head|oxoester_aldehyde_body_tail|isocyanide_tail,cyclic_amine,ester,alkyl,41_64,neutral,2plus,present,ring
C=CCCCCCCCCC(=O)OCCCCCC(NN1CCCCC1)C(=O)NCCCCCCCC/C=C\CCCCCCCC,ugi_3cr_agile,2,amine_head:017|oxoester_aldehyde_body_tail:001|isocyanide_tail:000,amine_head|oxoester_aldehyde_body_tail|isocyanide_tail,cyclic_amine,ester,alkyl,41_64,neutral,2plus,present,ring
C=CCCCCCCCCC(=O)OCCCCCC(NN1CCCCC1)C(=O)NCCCCCCCCCCCC,ugi_3cr_agile,2,amine_head:017|oxoester_aldehyde_body_tail:001|isocyanide_tail:001,amine_head|oxoester_aldehyde_body_tail|isocyanide_tail,cyclic_amine,ester,alkyl,41_64,neutral,2plus,present,ring
C=CCCCCCCCCC(=O)OCCCCCC(NN1CCCCC1)C(=O)NCCCCCCCCCCCCCC,ugi_3cr_agile,2,amine_head:017|oxoester_aldehyde_body_tail:001|isocyanide_tail:002,amine_head|oxoester_aldehyde_body_tail|isocyanide_tail,cyclic_amine,ester,alkyl,41_64,neutral,2plus,present,ring
C=CCCCCCCCCC(=O)OCCCCCC(NN1CCCCC1)C(=O)NCCCCCCCCCCCCCCCC,ugi_3cr_agile,2,amine_head:017|oxoester_aldehyde_body_tail:001|isocyanide_tail:003,amine_head|oxoester_aldehyde_body_tail|isocyanide_tail,cyclic_amine,ester,alkyl,41_64,neutral,2plus,present,ring
C=CCCCCCCCCC(=O)OCCCCCC(NN1CCCCC1)C(=O)NCCCCCCCCCCCCCCCCCC,ugi_3cr_agile,2,amine_head:017|oxoester_aldehyde_body_tail:001|isocyanide_tail:004,amine_head|oxoester_aldehyde_body_tail|isocyanide_tail,cyclic_amine,ester,alkyl,41_64,neutral,2plus,present,ring
C=CCCCCCCCCC(=O)OCCCCCC(NN1CCOCC1)C(=O)NCCCCCCCC/C=C\CCCCCCCC,ugi_3cr_agile,2,amine_head:018|oxoester_aldehyde_body_tail:001|isocyanide_tail:000,amine_head|oxoester_aldehyde_body_tail|isocyanide_tail,cyclic_amine,ester,alkyl,41_64,neutral,2plus,present,ring
C=CCCCCCCCCC(=O)OCCCCCC(NN1CCOCC1)C(=O)NCCCCCCCCCCCC,ugi_3cr_agile,2,amine_head:018|oxoester_aldehyde_body_tail:001|isocyanide_tail:001,amine_head|oxoester_aldehyde_body_tail|isocyanide_tail,cyclic_amine,ester,alkyl,41_64,neutral,2plus,present,ring
C=CCCCCCCCCC(=O)OCCCCCC(NN1CCOCC1)C(=O)NCCCCCCCCCCCCCC,ugi_3cr_agile,2,amine_head:018|oxoester_aldehyde_body_tail:001|isocyanide_tail:002,amine_head|oxoester_aldehyde_body_tail|isocyanide_tail,cyclic_amine,ester,alkyl,41_64,neutral,2plus,present,ring
C=CCCCCCCCCC(=O)OCCCCCC(NN1CCOCC1)C(=O)NCCCCCCCCCCCCCCCC,ugi_3cr_agile,2,amine_head:018|oxoester_aldehyde_body_tail:001|isocyanide_tail:003,amine_head|oxoester_aldehyde_body_tail|isocyanide_tail,cyclic_amine,ester,alkyl,41_64,neutral,2plus,present,ring
C=CCCCCCCCCC(=O)OCCCCCC(NN1CCOCC1)C(=O)NCCCCCCCCCCCCCCCCCC,ugi_3cr_agile,2,amine_head:018|oxoester_aldehyde_body_tail:001|isocyanide_tail:004,amine_head|oxoester_aldehyde_body_tail|isocyanide_tail,cyclic_amine,ester,alkyl,41_64,neutral,2plus,present,ring
C=CCCCCCCCCC(=O)OCCCCCC(Nc1cc(C)nn1C)C(=O)NCCCCCCCC/C=C\CCCCCCCC,ugi_3cr_agile,2,amine_head:009|oxoester_aldehyde_body_tail:001|isocyanide_tail:000,amine_head|oxoester_aldehyde_body_tail|isocyanide_tail,cyclic_amine,ester,alkyl,41_64,neutral,2plus,present,ring
C=CCCCCCCCCC(=O)OCCCCCC(Nc1cc(C)nn1C)C(=O)NCCCCCCCCCCCC,ugi_3cr_agile,2,amine_head:009|oxoester_aldehyde_body_tail:001|isocyanide_tail:001,amine_head|oxoester_aldehyde_body_tail|isocyanide_tail,cyclic_amine,ester,alkyl,41_64,neutral,2plus,present,ring
C=CCCCCCCCCC(=O)OCCCCCC(Nc1cc(C)nn1C)C(=O)NCCCCCCCCCCCCCC,ugi_3cr_agile,2,amine_head:009|oxoester_aldehyde_body_tail:001|isocyanide_tail:002,amine_head|oxoester_aldehyde_body_tail|isocyanide_tail,cyclic_amine,ester,alkyl,41_64,neutral,2plus,present,ring
C=CCCCCCCCCC(=O)OCCCCCC(Nc1cc(C)nn1C)C(=O)NCCCCCCCCCCCCCCCC,ugi_3cr_agile,2,amine_head:009|oxoester_aldehyde_body_tail:001|isocyanide_tail:003,amine_head|oxoester_aldehyde_body_tail|isocyanide_tail,cyclic_amine,ester,alkyl,41_64,neutral,2plus,present,ring
C=CCCCCCCCCC(=O)OCCCCCC(Nc1cc(C)nn1C)C(=O)NCCCCCCCCCCCCCCCCCC,ugi_3cr_agile,2,amine_head:009|oxoester_aldehyde_body_tail:001|isocyanide_tail:004,amine_head|oxoester_aldehyde_body_tail|isocyanide_tail,cyclic_amine,ester,alkyl,41_64,neutral,2plus,present,ring
C=CCCCCCCCCC(=O)OCCCCCC(Nc1cn[nH]c1)C(=O)NCCCCCCCC/C=C\CCCCCCCC,ugi_3cr_agile,2,amine_head:019|oxoester_aldehyde_body_tail:001|isocyanide_tail:000,amine_head|oxoester_aldehyde_body_tail|isocyanide_tail,cyclic_amine,ester,alkyl,41_64,neutral,2plus,present,ring
C=CCCCCCCCCC(=O)OCCCCCC(Nc1cn[nH]c1)C(=O)NCCCCCCCCCCCC,ugi_3cr_agile,2,amine_head:019|oxoester_aldehyde_body_tail:001|isocyanide_tail:001,amine_head|oxoester_aldehyde_body_tail|isocyanide_tail,cyclic_amine,ester,alkyl,le40,neutral,2plus,present,ring
C=CCCCCCCCCC(=O)OCCCCCC(Nc1cn[nH]c1)C(=O)NCCCCCCCCCCCCCC,ugi_3cr_agile,2,amine_head:019|oxoester_aldehyde_body_tail:001|isocyanide_tail:002,amine_head|oxoester_aldehyde_body_tail|isocyanide_tail,cyclic_amine,ester,alkyl,41_64,neutral,2plus,present,ring
C=CCCCCCCCCC(=O)OCCCCCC(Nc1cn[nH]c1)C(=O)NCCCCCCCCCCCCCCCC,ugi_3cr_agile,2,amine_head:019|oxoester_aldehyde_body_tail:001|isocyanide_tail:003,amine_head|oxoester_aldehyde_body_tail|isocyanide_tail,cyclic_amine,ester,alkyl,41_64,neutral,2plus,present,ring
C=CCCCCCCCCC(=O)OCCCCCC(Nc1cn[nH]c1)C(=O)NCCCCCCCCCCCCCCCCCC,ugi_3cr_agile,2,amine_head:019|oxoester_aldehyde_body_tail:001|isocyanide_tail:004,amine_head|oxoester_aldehyde_body_tail|isocyanide_tail,cyclic_amine,ester,alkyl,41_64,neutral,2plus,present,ring
CCCCC/C=C\C/C=C\CCCCCCCC(=O)OCCCCCC(C(=O)NCCCCCCCC/C=C\CCCCCCCC)N1CCC(N)CC1,ugi_3cr_agile,2,amine_head:010|oxoester_aldehyde_body_tail:002|isocyanide_tail:000,amine_head|oxoester_aldehyde_body_tail|isocyanide_tail,cyclic_amine,ester,alkyl,41_64,neutral,2plus,present,ring
CCCCC/C=C\C/C=C\CCCCCCCC(=O)OCCCCCC(C(=O)NCCCCCCCC/C=C\CCCCCCCC)N1CCN(CCN)CC1,ugi_3cr_agile,2,amine_head:016|oxoester_aldehyde_body_tail:002|isocyanide_tail:000,amine_head|oxoester_aldehyde_body_tail|isocyanide_tail,cyclic_amine,ester,alkyl,41_64,neutral,2plus,present,ring
CCCCC/C=C\C/C=C\CCCCCCCC(=O)OCCCCCC(C(=O)NCCCCCCCCCCCC)N1CCC(N)CC1,ugi_3cr_agile,2,amine_head:010|oxoester_aldehyde_body_tail:002|isocyanide_tail:001,amine_head|oxoester_aldehyde_body_tail|isocyanide_tail,cyclic_amine,ester,alkyl,41_64,neutral,2plus,present,ring
CCCCC/C=C\C/C=C\CCCCCCCC(=O)OCCCCCC(C(=O)NCCCCCCCCCCCC)N1CCN(CCN)CC1,ugi_3cr_agile,2,amine_head:016|oxoester_aldehyde_body_tail:002|isocyanide_tail:001,amine_head|oxoester_aldehyde_body_tail|isocyanide_tail,cyclic_amine,ester,alkyl,41_64,neutral,2plus,present,ring
CCCCC/C=C\C/C=C\CCCCCCCC(=O)OCCCCCC(C(=O)NCCCCCCCCCCCCCC)N1CCC(N)CC1,ugi_3cr_agile,2,amine_head:010|oxoester_aldehyde_body_tail:002|isocyanide_tail:002,amine_head|oxoester_aldehyde_body_tail|isocyanide_tail,cyclic_amine,ester,alkyl,41_64,neutral,2plus,present,ring
CCCCC/C=C\C/C=C\CCCCCCCC(=O)OCCCCCC(C(=O)NCCCCCCCCCCCCCC)N1CCN(CCN)CC1,ugi_3cr_agile,2,amine_head:016|oxoester_aldehyde_body_tail:002|isocyanide_tail:002,amine_head|oxoester_aldehyde_body_tail|isocyanide_tail,cyclic_amine,ester,alkyl,41_64,neutral,2plus,present,ring
CCCCC/C=C\C/C=C\CCCCCCCC(=O)OCCCCCC(C(=O)NCCCCCCCCCCCCCCCC)N1CCC(N)CC1,ugi_3cr_agile,2,amine_head:010|oxoester_aldehyde_body_tail:002|isocyanide_tail:003,amine_head|oxoester_aldehyde_body_tail|isocyanide_tail,cyclic_amine,ester,alkyl,41_64,neutral,2plus,present,ring
CCCCC/C=C\C/C=C\CCCCCCCC(=O)OCCCCCC(C(=O)NCCCCCCCCCCCCCCCC)N1CCN(CCN)CC1,ugi_3cr_agile,2,amine_head:016|oxoester_aldehyde_body_tail:002|isocyanide_tail:003,amine_head|oxoester_aldehyde_body_tail|isocyanide_tail,cyclic_amine,ester,alkyl,41_64,neutral,2plus,present,ring
CCCCC/C=C\C/C=C\CCCCCCCC(=O)OCCCCCC(C(=O)NCCCCCCCCCCCCCCCCCC)N1CCC(N)CC1,ugi_3cr_agile,2,amine_head:010|oxoester_aldehyde_body_tail:002|isocyanide_tail:004,amine_head|oxoester_aldehyde_body_tail|isocyanide_tail,cyclic_amine,ester,alkyl,41_64,neutral,2plus,present,ring
CCCCC/C=C\C/C=C\CCCCCCCC(=O)OCCCCCC(C(=O)NCCCCCCCCCCCCCCCCCC)N1CCN(CCN)CC1,ugi_3cr_agile,2,amine_head:016|oxoester_aldehyde_body_tail:002|isocyanide_tail:004,amine_head|oxoester_aldehyde_body_tail|isocyanide_tail,cyclic_amine,ester,alkyl,41_64,neutral,2plus,present,ring
CCCCC/C=C\C/C=C\CCCCCCCC(=O)OCCCCCC(NC1CCN(C)CC1)C(=O)NCCCCCCCC/C=C\CCCCCCCC,ugi_3cr_agile,2,amine_head:008|oxoester_aldehyde_body_tail:002|isocyanide_tail:000,amine_head|oxoester_aldehyde_body_tail|isocyanide_tail,cyclic_amine,ester,alkyl,41_64,neutral,2plus,present,ring
CCCCC/C=C\C/C=C\CCCCCCCC(=O)OCCCCCC(NC1CCN(C)CC1)C(=O)NCCCCCCCCCCCC,ugi_3cr_agile,2,amine_head:008|oxoester_aldehyde_body_tail:002|isocyanide_tail:001,amine_head|oxoester_aldehyde_body_tail|isocyanide_tail,cyclic_amine,ester,alkyl,41_64,neutral,2plus,present,ring
CCCCC/C=C\C/C=C\CCCCCCCC(=O)OCCCCCC(NC1CCN(C)CC1)C(=O)NCCCCCCCCCCCCCC,ugi_3cr_agile,2,amine_head:008|oxoester_aldehyde_body_tail:002|isocyanide_tail:002,amine_head|oxoester_aldehyde_body_tail|isocyanide_tail,cyclic_amine,ester,alkyl,41_64,neutral,2plus,present,ring
CCCCC/C=C\C/C=C\CCCCCCCC(=O)OCCCCCC(NC1CCN(C)CC1)C(=O)NCCCCCCCCCCCCCCCC,ugi_3cr_agile,2,amine_head:008|oxoester_aldehyde_body_tail:002|isocyanide_tail:003,amine_head|oxoester_aldehyde_body_tail|isocyanide_tail,cyclic_amine,ester,alkyl,41_64,neutral,2plus,present,ring
CCCCC/C=C\C/C=C\CCCCCCCC(=O)OCCCCCC(NC1CCN(C)CC1)C(=O)NCCCCCCCCCCCCCCCCCC,ugi_3cr_agile,2,amine_head:008|oxoester_aldehyde_body_tail:002|isocyanide_tail:004,amine_head|oxoester_aldehyde_body_tail|isocyanide_tail,cyclic_amine,ester,alkyl,41_64,neutral,2plus,present,ring
CCCCC/C=C\C/C=C\CCCCCCCC(=O)OCCCCCC(NC1CCNCC1)C(=O)NCCCCCCCC/C=C\CCCCCCCC,ugi_3cr_agile,2,amine_head:010|oxoester_aldehyde_body_tail:002|isocyanide_tail:000,amine_head|oxoester_aldehyde_body_tail|isocyanide_tail,cyclic_amine,ester,alkyl,41_64,neutral,2plus,present,ring
CCCCC/C=C\C/C=C\CCCCCCCC(=O)OCCCCCC(NC1CCNCC1)C(=O)NCCCCCCCCCCCC,ugi_3cr_agile,2,amine_head:010|oxoester_aldehyde_body_tail:002|isocyanide_tail:001,amine_head|oxoester_aldehyde_body_tail|isocyanide_tail,cyclic_amine,ester,alkyl,41_64,neutral,2plus,present,ring
CCCCC/C=C\C/C=C\CCCCCCCC(=O)OCCCCCC(NC1CCNCC1)C(=O)NCCCCCCCCCCCCCC,ugi_3cr_agile,2,amine_head:010|oxoester_aldehyde_body_tail:002|isocyanide_tail:002,amine_head|oxoester_aldehyde_body_tail|isocyanide_tail,cyclic_amine,ester,alkyl,41_64,neutral,2plus,present,ring
CCCCC/C=C\C/C=C\CCCCCCCC(=O)OCCCCCC(NC1CCNCC1)C(=O)NCCCCCCCCCCCCCCCC,ugi_3cr_agile,2,amine_head:010|oxoester_aldehyde_body_tail:002|isocyanide_tail:003,amine_head|oxoester_aldehyde_body_tail|isocyanide_tail,cyclic_amine,ester,alkyl,41_64,neutral,2plus,present,ring
CCCCC/C=C\C/C=C\CCCCCCCC(=O)OCCCCCC(NC1CCNCC1)C(=O)NCCCCCCCCCCCCCCCCCC,ugi_3cr_agile,2,amine_head:010|oxoester_aldehyde_body_tail:002|isocyanide_tail:004,amine_head|oxoester_aldehyde_body_tail|isocyanide_tail,cyclic_amine,ester,alkyl,41_64,neutral,2plus,present,ring
CCCCC/C=C\C/C=C\CCCCCCCC(=O)OCCCCCC(NCC1CCCN1CC)C(=O)NCCCCCCCC/C=C\CCCCCCCC,ugi_3cr_agile,2,amine_head:004|oxoester_aldehyde_body_tail:002|isocyanide_tail:000,amine_head|oxoester_aldehyde_body_tail|isocyanide_tail,cyclic_amine,ester,alkyl,41_64,neutral,2plus,present,ring
CCCCC/C=C\C/C=C\CCCCCCCC(=O)OCCCCCC(NCC1CCCN1CC)C(=O)NCCCCCCCCCCCC,ugi_3cr_agile,2,amine_head:004|oxoester_aldehyde_body_tail:002|isocyanide_tail:001,amine_head|oxoester_aldehyde_body_tail|isocyanide_tail,cyclic_amine,ester,alkyl,41_64,neutral,2plus,present,ring
CCCCC/C=C\C/C=C\CCCCCCCC(=O)OCCCCCC(NCC1CCCN1CC)C(=O)NCCCCCCCCCCCCCC,ugi_3cr_agile,2,amine_head:004|oxoester_aldehyde_body_tail:002|isocyanide_tail:002,amine_head|oxoester_aldehyde_body_tail|isocyanide_tail,cyclic_amine,ester,alkyl,41_64,neutral,2plus,present,ring
CCCCC/C=C\C/C=C\CCCCCCCC(=O)OCCCCCC(NCC1CCCN1CC)C(=O)NCCCCCCCCCCCCCCCC,ugi_3cr_agile,2,amine_head:004|oxoester_aldehyde_body_tail:002|isocyanide_tail:003,amine_head|oxoester_aldehyde_body_tail|isocyanide_tail,cyclic_amine,ester,alkyl,41_64,neutral,2plus,present,ring
CCCCC/C=C\C/C=C\CCCCCCCC(=O)OCCCCCC(NCC1CCCN1CC)C(=O)NCCCCCCCCCCCCCCCCCC,ugi_3cr_agile,2,amine_head:004|oxoester_aldehyde_body_tail:002|isocyanide_tail:004,amine_head|oxoester_aldehyde_body_tail|isocyanide_tail,cyclic_amine,ester,alkyl,41_64,neutral,2plus,present,ring
CCCCC/C=C\C/C=C\CCCCCCCC(=O)OCCCCCC(NCCCN(C)C)C(=O)NCCCCCCCC/C=C\CCCCCCCC,ugi_3cr_agile,2,amine_head:005|oxoester_aldehyde_body_tail:002|isocyanide_tail:000,amine_head|oxoester_aldehyde_body_tail|isocyanide_tail,diamine,ester,alkyl,41_64,neutral,2plus,present,acyclic
CCCCC/C=C\C/C=C\CCCCCCCC(=O)OCCCCCC(NCCCN(C)C)C(=O)NCCCCCCCCCCCC,ugi_3cr_agile,2,amine_head:005|oxoester_aldehyde_body_tail:002|isocyanide_tail:001,amine_head|oxoester_aldehyde_body_tail|isocyanide_tail,diamine,ester,alkyl,41_64,neutral,2plus,present,acyclic
CCCCC/C=C\C/C=C\CCCCCCCC(=O)OCCCCCC(NCCCN(C)C)C(=O)NCCCCCCCCCCCCCC,ugi_3cr_agile,2,amine_head:005|oxoester_aldehyde_body_tail:002|isocyanide_tail:002,amine_head|oxoester_aldehyde_body_tail|isocyanide_tail,diamine,ester,alkyl,41_64,neutral,2plus,present,acyclic
CCCCC/C=C\C/C=C\CCCCCCCC(=O)OCCCCCC(NCCCN(C)C)C(=O)NCCCCCCCCCCCCCCCC,ugi_3cr_agile,2,amine_head:005|oxoester_aldehyde_body_tail:002|isocyanide_tail:003,amine_head|oxoester_aldehyde_body_tail|isocyanide_tail,diamine,ester,alkyl,41_64,neutral,2plus,present,acyclic
CCCCC/C=C\C/C=C\CCCCCCCC(=O)OCCCCCC(NCCCN(C)C)C(=O)NCCCCCCCCCCCCCCCCCC,ugi_3cr_agile,2,amine_head:005|oxoester_aldehyde_body_tail:002|isocyanide_tail:004,amine_head|oxoester_aldehyde_body_tail|isocyanide_tail,diamine,ester,alkyl,41_64,neutral,2plus,present,acyclic
CCCCC/C=C\C/C=C\CCCCCCCC(=O)OCCCCCC(NCCCN(C)CCCN)C(=O)NCCCCCCCC/C=C\CCCCCCCC,ugi_3cr_agile,2,amine_head:007|oxoester_aldehyde_body_tail:002|isocyanide_tail:000,amine_head|oxoester_aldehyde_body_tail|isocyanide_tail,polyamine,ester,alkyl,41_64,neutral,2plus,present,acyclic
CCCCC/C=C\C/C=C\CCCCCCCC(=O)OCCCCCC(NCCCN(C)CCCN)C(=O)NCCCCCCCCCCCC,ugi_3cr_agile,2,amine_head:007|oxoester_aldehyde_body_tail:002|isocyanide_tail:001,amine_head|oxoester_aldehyde_body_tail|isocyanide_tail,polyamine,ester,alkyl,41_64,neutral,2plus,present,acyclic
CCCCC/C=C\C/C=C\CCCCCCCC(=O)OCCCCCC(NCCCN(C)CCCN)C(=O)NCCCCCCCCCCCCCC,ugi_3cr_agile,2,amine_head:007|oxoester_aldehyde_body_tail:002|isocyanide_tail:002,amine_head|oxoester_aldehyde_body_tail|isocyanide_tail,polyamine,ester,alkyl,41_64,neutral,2plus,present,acyclic
CCCCC/C=C\C/C=C\CCCCCCCC(=O)OCCCCCC(NCCCN(C)CCCN)C(=O)NCCCCCCCCCCCCCCCC,ugi_3cr_agile,2,amine_head:007|oxoester_aldehyde_body_tail:002|isocyanide_tail:003,amine_head|oxoester_aldehyde_body_tail|isocyanide_tail,polyamine,ester,alkyl,41_64,neutral,2plus,present,acyclic
CCCCC/C=C\C/C=C\CCCCCCCC(=O)OCCCCCC(NCCCN(C)CCCN)C(=O)NCCCCCCCCCCCCCCCCCC,ugi_3cr_agile,2,amine_head:007|oxoester_aldehyde_body_tail:002|isocyanide_tail:004,amine_head|oxoester_aldehyde_body_tail|isocyanide_tail,polyamine,ester,alkyl,41_64,neutral,2plus,present,acyclic
CCCCC/C=C\C/C=C\CCCCCCCC(=O)OCCCCCC(NCCCN(CC)CC)C(=O)NCCCCCCCC/C=C\CCCCCCCC,ugi_3cr_agile,2,amine_head:002|oxoester_aldehyde_body_tail:002|isocyanide_tail:000,amine_head|oxoester_aldehyde_body_tail|isocyanide_tail,diamine,ester,alkyl,41_64,neutral,2plus,present,acyclic
CCCCC/C=C\C/C=C\CCCCCCCC(=O)OCCCCCC(NCCCN(CC)CC)C(=O)NCCCCCCCCCCCC,ugi_3cr_agile,2,amine_head:002|oxoester_aldehyde_body_tail:002|isocyanide_tail:001,amine_head|oxoester_aldehyde_body_tail|isocyanide_tail,diamine,ester,alkyl,41_64,neutral,2plus,present,acyclic
CCCCC/C=C\C/C=C\CCCCCCCC(=O)OCCCCCC(NCCCN(CC)CC)C(=O)NCCCCCCCCCCCCCC,ugi_3cr_agile,2,amine_head:002|oxoester_aldehyde_body_tail:002|isocyanide_tail:002,amine_head|oxoester_aldehyde_body_tail|isocyanide_tail,diamine,ester,alkyl,41_64,neutral,2plus,present,acyclic
CCCCC/C=C\C/C=C\CCCCCCCC(=O)OCCCCCC(NCCCN(CC)CC)C(=O)NCCCCCCCCCCCCCCCC,ugi_3cr_agile,2,amine_head:002|oxoester_aldehyde_body_tail:002|isocyanide_tail:003,amine_head|oxoester_aldehyde_body_tail|isocyanide_tail,diamine,ester,alkyl,41_64,neutral,2plus,present,acyclic
CCCCC/C=C\C/C=C\CCCCCCCC(=O)OCCCCCC(NCCCN(CC)CC)C(=O)NCCCCCCCCCCCCCCCCCC,ugi_3cr_agile,2,amine_head:002|oxoester_aldehyde_body_tail:002|isocyanide_tail:004,amine_head|oxoester_aldehyde_body_tail|isocyanide_tail,diamine,ester,alkyl,41_64,neutral,2plus,present,acyclic
CCCCC/C=C\C/C=C\CCCCCCCC(=O)OCCCCCC(NCCCN(CCCC)CCCC)C(=O)NCCCCCCCC/C=C\CCCCCCCC,ugi_3cr_agile,2,amine_head:001|oxoester_aldehyde_body_tail:002|isocyanide_tail:000,amine_head|oxoester_aldehyde_body_tail|isocyanide_tail,diamine,ester,alkyl,41_64,neutral,2plus,present,acyclic
CCCCC/C=C\C/C=C\CCCCCCCC(=O)OCCCCCC(NCCCN(CCCC)CCCC)C(=O)NCCCCCCCCCCCC,ugi_3cr_agile,2,amine_head:001|oxoester_aldehyde_body_tail:002|isocyanide_tail:001,amine_head|oxoester_aldehyde_body_tail|isocyanide_tail,diamine,ester,alkyl,41_64,neutral,2plus,present,acyclic
CCCCC/C=C\C/C=C\CCCCCCCC(=O)OCCCCCC(NCCCN(CCCC)CCCC)C(=O)NCCCCCCCCCCCCCC,ugi_3cr_agile,2,amine_head:001|oxoester_aldehyde_body_tail:002|isocyanide_tail:002,amine_head|oxoester_aldehyde_body_tail|isocyanide_tail,diamine,ester,alkyl,41_64,neutral,2plus,present,acyclic
CCCCC/C=C\C/C=C\CCCCCCCC(=O)OCCCCCC(NCCCN(CCCC)CCCC)C(=O)NCCCCCCCCCCCCCCCC,ugi_3cr_agile,2,amine_head:001|oxoester_aldehyde_body_tail:002|isocyanide_tail:003,amine_head|oxoester_aldehyde_body_tail|isocyanide_tail,diamine,ester,alkyl,41_64,neutral,2plus,present,acyclic
CCCCC/C=C\C/C=C\CCCCCCCC(=O)OCCCCCC(NCCCN(CCCC)CCCC)C(=O)NCCCCCCCCCCCCCCCCCC,ugi_3cr_agile,2,amine_head:001|oxoester_aldehyde_body_tail:002|isocyanide_tail:004,amine_head|oxoester_aldehyde_body_tail|isocyanide_tail,diamine,ester,alkyl,41_64,neutral,2plus,present,acyclic
CCCCC/C=C\C/C=C\CCCCCCCC(=O)OCCCCCC(NCCCN1CCCC1)C(=O)NCCCCCCCC/C=C\CCCCCCCC,ugi_3cr_agile,2,amine_head:011|oxoester_aldehyde_body_tail:002|isocyanide_tail:000,amine_head|oxoester_aldehyde_body_tail|isocyanide_tail,cyclic_amine,ester,alkyl,41_64,neutral,2plus,present,ring
CCCCC/C=C\C/C=C\CCCCCCCC(=O)OCCCCCC(NCCCN1CCCC1)C(=O)NCCCCCCCCCCCC,ugi_3cr_agile,2,amine_head:011|oxoester_aldehyde_body_tail:002|isocyanide_tail:001,amine_head|oxoester_aldehyde_body_tail|isocyanide_tail,cyclic_amine,ester,alkyl,41_64,neutral,2plus,present,ring
CCCCC/C=C\C/C=C\CCCCCCCC(=O)OCCCCCC(NCCCN1CCCC1)C(=O)NCCCCCCCCCCCCCC,ugi_3cr_agile,2,amine_head:011|oxoester_aldehyde_body_tail:002|isocyanide_tail:002,amine_head|oxoester_aldehyde_body_tail|isocyanide_tail,cyclic_amine,ester,alkyl,41_64,neutral,2plus,present,ring
CCCCC/C=C\C/C=C\CCCCCCCC(=O)OCCCCCC(NCCCN1CCCC1)C(=O)NCCCCCCCCCCCCCCCC,ugi_3cr_agile,2,amine_head:011|oxoester_aldehyde_body_tail:002|isocyanide_tail:003,amine_head|oxoester_aldehyde_body_tail|isocyanide_tail,cyclic_amine,ester,alkyl,41_64,neutral,2plus,present,ring
CCCCC/C=C\C/C=C\CCCCCCCC(=O)OCCCCCC(NCCCN1CCCC1)C(=O)NCCCCCCCCCCCCCCCCCC,ugi_3cr_agile,2,amine_head:011|oxoester_aldehyde_body_tail:002|isocyanide_tail:004,amine_head|oxoester_aldehyde_body_tail|isocyanide_tail,cyclic_amine,ester,alkyl,41_64,neutral,2plus,present,ring
CCCCC/C=C\C/C=C\CCCCCCCC(=O)OCCCCCC(NCCCN1CCOCC1)C(=O)NCCCCCCCC/C=C\CCCCCCCC,ugi_3cr_agile,2,amine_head:012|oxoester_aldehyde_body_tail:002|isocyanide_tail:000,amine_head|oxoester_aldehyde_body_tail|isocyanide_tail,cyclic_amine,ester,alkyl,41_64,neutral,2plus,present,ring
CCCCC/C=C\C/C=C\CCCCCCCC(=O)OCCCCCC(NCCCN1CCOCC1)C(=O)NCCCCCCCCCCCC,ugi_3cr_agile,2,amine_head:012|oxoester_aldehyde_body_tail:002|isocyanide_tail:001,amine_head|oxoester_aldehyde_body_tail|isocyanide_tail,cyclic_amine,ester,alkyl,41_64,neutral,2plus,present,ring
CCCCC/C=C\C/C=C\CCCCCCCC(=O)OCCCCCC(NCCCN1CCOCC1)C(=O)NCCCCCCCCCCCCCC,ugi_3cr_agile,2,amine_head:012|oxoester_aldehyde_body_tail:002|isocyanide_tail:002,amine_head|oxoester_aldehyde_body_tail|isocyanide_tail,cyclic_amine,ester,alkyl,41_64,neutral,2plus,present,ring
CCCCC/C=C\C/C=C\CCCCCCCC(=O)OCCCCCC(NCCCN1CCOCC1)C(=O)NCCCCCCCCCCCCCCCC,ugi_3cr_agile,2,amine_head:012|oxoester_aldehyde_body_tail:002|isocyanide_tail:003,amine_head|oxoester_aldehyde_body_tail|isocyanide_tail,cyclic_amine,ester,alkyl,41_64,neutral,2plus,present,ring
CCCCC/C=C\C/C=C\CCCCCCCC(=O)OCCCCCC(NCCCN1CCOCC1)C(=O)NCCCCCCCCCCCCCCCCCC,ugi_3cr_agile,2,amine_head:012|oxoester_aldehyde_body_tail:002|isocyanide_tail:004,amine_head|oxoester_aldehyde_body_tail|isocyanide_tail,cyclic_amine,ester,alkyl,41_64,neutral,2plus,present,ring
CCCCC/C=C\C/C=C\CCCCCCCC(=O)OCCCCCC(NCCN(C(C)C)C(C)C)C(=O)NCCCCCCCC/C=C\CCCCCCCC,ugi_3cr_agile,2,amine_head:000|oxoester_aldehyde_body_tail:002|isocyanide_tail:000,amine_head|oxoester_aldehyde_body_tail|isocyanide_tail,diamine,ester,alkyl,41_64,neutral,2plus,present,acyclic
CCCCC/C=C\C/C=C\CCCCCCCC(=O)OCCCCCC(NCCN(C(C)C)C(C)C)C(=O)NCCCCCCCCCCCC,ugi_3cr_agile,2,amine_head:000|oxoester_aldehyde_body_tail:002|isocyanide_tail:001,amine_head|oxoester_aldehyde_body_tail|isocyanide_tail,diamine,ester,alkyl,41_64,neutral,2plus,present,acyclic
CCCCC/C=C\C/C=C\CCCCCCCC(=O)OCCCCCC(NCCN(C(C)C)C(C)C)C(=O)NCCCCCCCCCCCCCC,ugi_3cr_agile,2,amine_head:000|oxoester_aldehyde_body_tail:002|isocyanide_tail:002,amine_head|oxoester_aldehyde_body_tail|isocyanide_tail,diamine,ester,alkyl,41_64,neutral,2plus,present,acyclic
CCCCC/C=C\C/C=C\CCCCCCCC(=O)OCCCCCC(NCCN(C(C)C)C(C)C)C(=O)NCCCCCCCCCCCCCCCC,ugi_3cr_agile,2,amine_head:000|oxoester_aldehyde_body_tail:002|isocyanide_tail:003,amine_head|oxoester_aldehyde_body_tail|isocyanide_tail,diamine,ester,alkyl,41_64,neutral,2plus,present,acyclic
CCCCC/C=C\C/C=C\CCCCCCCC(=O)OCCCCCC(NCCN(C(C)C)C(C)C)C(=O)NCCCCCCCCCCCCCCCCCC,ugi_3cr_agile,2,amine_head:000|oxoester_aldehyde_body_tail:002|isocyanide_tail:004,amine_head|oxoester_aldehyde_body_tail|isocyanide_tail,diamine,ester,alkyl,41_64,neutral,2plus,present,acyclic
CCCCC/C=C\C/C=C\CCCCCCCC(=O)OCCCCCC(NCCN(C)C)C(=O)NCCCCCCCC/C=C\CCCCCCCC,ugi_3cr_agile,2,amine_head:006|oxoester_aldehyde_body_tail:002|isocyanide_tail:000,amine_head|oxoester_aldehyde_body_tail|isocyanide_tail,diamine,ester,alkyl,41_64,neutral,2plus,present,acyclic
CCCCC/C=C\C/C=C\CCCCCCCC(=O)OCCCCCC(NCCN(C)C)C(=O)NCCCCCCCCCCCC,ugi_3cr_agile,2,amine_head:006|oxoester_aldehyde_body_tail:002|isocyanide_tail:001,amine_head|oxoester_aldehyde_body_tail|isocyanide_tail,diamine,ester,alkyl,41_64,neutral,2plus,present,acyclic
CCCCC/C=C\C/C=C\CCCCCCCC(=O)OCCCCCC(NCCN(C)C)C(=O)NCCCCCCCCCCCCCC,ugi_3cr_agile,2,amine_head:006|oxoester_aldehyde_body_tail:002|isocyanide_tail:002,amine_head|oxoester_aldehyde_body_tail|isocyanide_tail,diamine,ester,alkyl,41_64,neutral,2plus,present,acyclic
CCCCC/C=C\C/C=C\CCCCCCCC(=O)OCCCCCC(NCCN(C)C)C(=O)NCCCCCCCCCCCCCCCC,ugi_3cr_agile,2,amine_head:006|oxoester_aldehyde_body_tail:002|isocyanide_tail:003,amine_head|oxoester_aldehyde_body_tail|isocyanide_tail,diamine,ester,alkyl,41_64,neutral,2plus,present,acyclic
CCCCC/C=C\C/C=C\CCCCCCCC(=O)OCCCCCC(NCCN(C)C)C(=O)NCCCCCCCCCCCCCCCCCC,ugi_3cr_agile,2,amine_head:006|oxoester_aldehyde_body_tail:002|isocyanide_tail:004,amine_head|oxoester_aldehyde_body_tail|isocyanide_tail,diamine,ester,alkyl,41_64,neutral,2plus,present,acyclic
CCCCC/C=C\C/C=C\CCCCCCCC(=O)OCCCCCC(NCCN(CC)CC)C(=O)NCCCCCCCC/C=C\CCCCCCCC,ugi_3cr_agile,2,amine_head:003|oxoester_aldehyde_body_tail:002|isocyanide_tail:000,amine_head|oxoester_aldehyde_body_tail|isocyanide_tail,diamine,ester,alkyl,41_64,neutral,2plus,present,acyclic
CCCCC/C=C\C/C=C\CCCCCCCC(=O)OCCCCCC(NCCN(CC)CC)C(=O)NCCCCCCCCCCCC,ugi_3cr_agile,2,amine_head:003|oxoester_aldehyde_body_tail:002|isocyanide_tail:001,amine_head|oxoester_aldehyde_body_tail|isocyanide_tail,diamine,ester,alkyl,41_64,neutral,2plus,present,acyclic
CCCCC/C=C\C/C=C\CCCCCCCC(=O)OCCCCCC(NCCN(CC)CC)C(=O)NCCCCCCCCCCCCCC,ugi_3cr_agile,2,amine_head:003|oxoester_aldehyde_body_tail:002|isocyanide_tail:002,amine_head|oxoester_aldehyde_body_tail|isocyanide_tail,diamine,ester,alkyl,41_64,neutral,2plus,present,acyclic
CCCCC/C=C\C/C=C\CCCCCCCC(=O)OCCCCCC(NCCN(CC)CC)C(=O)NCCCCCCCCCCCCCCCC,ugi_3cr_agile,2,amine_head:003|oxoester_aldehyde_body_tail:002|isocyanide_tail:003,amine_head|oxoester_aldehyde_body_tail|isocyanide_tail,diamine,ester,alkyl,41_64,neutral,2plus,present,acyclic
CCCCC/C=C\C/C=C\CCCCCCCC(=O)OCCCCCC(NCCN(CC)CC)C(=O)NCCCCCCCCCCCCCCCCCC,ugi_3cr_agile,2,amine_head:003|oxoester_aldehyde_body_tail:002|isocyanide_tail:004,amine_head|oxoester_aldehyde_body_tail|isocyanide_tail,diamine,ester,alkyl,41_64,neutral,2plus,present,acyclic
CCCCC/C=C\C/C=C\CCCCCCCC(=O)OCCCCCC(NCCN(CCN)CCN)C(=O)NCCCCCCCC/C=C\CCCCCCCC,ugi_3cr_agile,2,amine_head:013|oxoester_aldehyde_body_tail:002|isocyanide_tail:000,amine_head|oxoester_aldehyde_body_tail|isocyanide_tail,polyamine,ester,alkyl,41_64,neutral,2plus,present,acyclic
CCCCC/C=C\C/C=C\CCCCCCCC(=O)OCCCCCC(NCCN(CCN)CCN)C(=O)NCCCCCCCCCCCC,ugi_3cr_agile,2,amine_head:013|oxoester_aldehyde_body_tail:002|isocyanide_tail:001,amine_head|oxoester_aldehyde_body_tail|isocyanide_tail,polyamine,ester,alkyl,41_64,neutral,2plus,present,acyclic
CCCCC/C=C\C/C=C\CCCCCCCC(=O)OCCCCCC(NCCN(CCN)CCN)C(=O)NCCCCCCCCCCCCCC,ugi_3cr_agile,2,amine_head:013|oxoester_aldehyde_body_tail:002|isocyanide_tail:002,amine_head|oxoester_aldehyde_body_tail|isocyanide_tail,polyamine,ester,alkyl,41_64,neutral,2plus,present,acyclic
CCCCC/C=C\C/C=C\CCCCCCCC(=O)OCCCCCC(NCCN(CCN)CCN)C(=O)NCCCCCCCCCCCCCCCC,ugi_3cr_agile,2,amine_head:013|oxoester_aldehyde_body_tail:002|isocyanide_tail:003,amine_head|oxoester_aldehyde_body_tail|isocyanide_tail,polyamine,ester,alkyl,41_64,neutral,2plus,present,acyclic
CCCCC/C=C\C/C=C\CCCCCCCC(=O)OCCCCCC(NCCN(CCN)CCN)C(=O)NCCCCCCCCCCCCCCCCCC,ugi_3cr_agile,2,amine_head:013|oxoester_aldehyde_body_tail:002|isocyanide_tail:004,amine_head|oxoester_aldehyde_body_tail|isocyanide_tail,polyamine,ester,alkyl,41_64,neutral,2plus,present,acyclic
CCCCC/C=C\C/C=C\CCCCCCCC(=O)OCCCCCC(NCCN1CCCC1)C(=O)NCCCCCCCC/C=C\CCCCCCCC,ugi_3cr_agile,2,amine_head:014|oxoester_aldehyde_body_tail:002|isocyanide_tail:000,amine_head|oxoester_aldehyde_body_tail|isocyanide_tail,cyclic_amine,ester,alkyl,41_64,neutral,2plus,present,ring
CCCCC/C=C\C/C=C\CCCCCCCC(=O)OCCCCCC(NCCN1CCCC1)C(=O)NCCCCCCCCCCCC,ugi_3cr_agile,2,amine_head:014|oxoester_aldehyde_body_tail:002|isocyanide_tail:001,amine_head|oxoester_aldehyde_body_tail|isocyanide_tail,cyclic_amine,ester,alkyl,41_64,neutral,2plus,present,ring
CCCCC/C=C\C/C=C\CCCCCCCC(=O)OCCCCCC(NCCN1CCCC1)C(=O)NCCCCCCCCCCCCCC,ugi_3cr_agile,2,amine_head:014|oxoester_aldehyde_body_tail:002|isocyanide_tail:002,amine_head|oxoester_aldehyde_body_tail|isocyanide_tail,cyclic_amine,ester,alkyl,41_64,neutral,2plus,present,ring
CCCCC/C=C\C/C=C\CCCCCCCC(=O)OCCCCCC(NCCN1CCCC1)C(=O)NCCCCCCCCCCCCCCCC,ugi_3cr_agile,2,amine_head:014|oxoester_aldehyde_body_tail:002|isocyanide_tail:003,amine_head|oxoester_aldehyde_body_tail|isocyanide_tail,cyclic_amine,ester,alkyl,41_64,neutral,2plus,present,ring
CCCCC/C=C\C/C=C\CCCCCCCC(=O)OCCCCCC(NCCN1CCCC1)C(=O)NCCCCCCCCCCCCCCCCCC,ugi_3cr_agile,2,amine_head:014|oxoester_aldehyde_body_tail:002|isocyanide_tail:004,amine_head|oxoester_aldehyde_body_tail|isocyanide_tail,cyclic_amine,ester,alkyl,41_64,neutral,2plus,present,ring
CCCCC/C=C\C/C=C\CCCCCCCC(=O)OCCCCCC(NCCN1CCCCC1)C(=O)NCCCCCCCC/C=C\CCCCCCCC,ugi_3cr_agile,2,amine_head:015|oxoester_aldehyde_body_tail:002|isocyanide_tail:000,amine_head|oxoester_aldehyde_body_tail|isocyanide_tail,cyclic_amine,ester,alkyl,41_64,neutral,2plus,present,ring
CCCCC/C=C\C/C=C\CCCCCCCC(=O)OCCCCCC(NCCN1CCCCC1)C(=O)NCCCCCCCCCCCC,ugi_3cr_agile,2,amine_head:015|oxoester_aldehyde_body_tail:002|isocyanide_tail:001,amine_head|oxoester_aldehyde_body_tail|isocyanide_tail,cyclic_amine,ester,alkyl,41_64,neutral,2plus,present,ring
CCCCC/C=C\C/C=C\CCCCCCCC(=O)OCCCCCC(NCCN1CCCCC1)C(=O)NCCCCCCCCCCCCCC,ugi_3cr_agile,2,amine_head:015|oxoester_aldehyde_body_tail:002|isocyanide_tail:002,amine_head|oxoester_aldehyde_body_tail|isocyanide_tail,cyclic_amine,ester,alkyl,41_64,neutral,2plus,present,ring
CCCCC/C=C\C/C=C\CCCCCCCC(=O)OCCCCCC(NCCN1CCCCC1)C(=O)NCCCCCCCCCCCCCCCC,ugi_3cr_agile,2,amine_head:015|oxoester_aldehyde_body_tail:002|isocyanide_tail:003,amine_head|oxoester_aldehyde_body_tail|isocyanide_tail,cyclic_amine,ester,alkyl,41_64,neutral,2plus,present,ring
CCCCC/C=C\C/C=C\CCCCCCCC(=O)OCCCCCC(NCCN1CCCCC1)C(=O)NCCCCCCCCCCCCCCCCCC,ugi_3cr_agile,2,amine_head:015|oxoester_aldehyde_body_tail:002|isocyanide_tail:004,amine_head|oxoester_aldehyde_body_tail|isocyanide_tail,cyclic_amine,ester,alkyl,41_64,neutral,2plus,present,ring
CCCCC/C=C\C/C=C\CCCCCCCC(=O)OCCCCCC(NCCN1CCNCC1)C(=O)NCCCCCCCC/C=C\CCCCCCCC,ugi_3cr_agile,2,amine_head:016|oxoester_aldehyde_body_tail:002|isocyanide_tail:000,amine_head|oxoester_aldehyde_body_tail|isocyanide_tail,cyclic_amine,ester,alkyl,41_64,neutral,2plus,present,ring
CCCCC/C=C\C/C=C\CCCCCCCC(=O)OCCCCCC(NCCN1CCNCC1)C(=O)NCCCCCCCCCCCC,ugi_3cr_agile,2,amine_head:016|oxoester_aldehyde_body_tail:002|isocyanide_tail:001,amine_head|oxoester_aldehyde_body_tail|isocyanide_tail,cyclic_amine,ester,alkyl,41_64,neutral,2plus,present,ring
CCCCC/C=C\C/C=C\CCCCCCCC(=O)OCCCCCC(NCCN1CCNCC1)C(=O)NCCCCCCCCCCCCCC,ugi_3cr_agile,2,amine_head:016|oxoester_aldehyde_body_tail:002|isocyanide_tail:002,amine_head|oxoester_aldehyde_body_tail|isocyanide_tail,cyclic_amine,ester,alkyl,41_64,neutral,2plus,present,ring
CCCCC/C=C\C/C=C\CCCCCCCC(=O)OCCCCCC(NCCN1CCNCC1)C(=O)NCCCCCCCCCCCCCCCC,ugi_3cr_agile,2,amine_head:016|oxoester_aldehyde_body_tail:002|isocyanide_tail:003,amine_head|oxoester_aldehyde_body_tail|isocyanide_tail,cyclic_amine,ester,alkyl,41_64,neutral,2plus,present,ring
CCCCC/C=C\C/C=C\CCCCCCCC(=O)OCCCCCC(NCCN1CCNCC1)C(=O)NCCCCCCCCCCCCCCCCCC,ugi_3cr_agile,2,amine_head:016|oxoester_aldehyde_body_tail:002|isocyanide_tail:004,amine_head|oxoester_aldehyde_body_tail|isocyanide_tail,cyclic_amine,ester,alkyl,41_64,neutral,2plus,present,ring
CCCCC/C=C\C/C=C\CCCCCCCC(=O)OCCCCCC(NN1CCCCC1)C(=O)NCCCCCCCC/C=C\CCCCCCCC,ugi_3cr_agile,2,amine_head:017|oxoester_aldehyde_body_tail:002|isocyanide_tail:000,amine_head|oxoester_aldehyde_body_tail|isocyanide_tail,cyclic_amine,ester,alkyl,41_64,neutral,2plus,present,ring
CCCCC/C=C\C/C=C\CCCCCCCC(=O)OCCCCCC(NN1CCCCC1)C(=O)NCCCCCCCCCCCC,ugi_3cr_agile,2,amine_head:017|oxoester_aldehyde_body_tail:002|isocyanide_tail:001,amine_head|oxoester_aldehyde_body_tail|isocyanide_tail,cyclic_amine,ester,alkyl,41_64,neutral,2plus,present,ring
CCCCC/C=C\C/C=C\CCCCCCCC(=O)OCCCCCC(NN1CCCCC1)C(=O)NCCCCCCCCCCCCCC,ugi_3cr_agile,2,amine_head:017|oxoester_aldehyde_body_tail:002|isocyanide_tail:002,amine_head|oxoester_aldehyde_body_tail|isocyanide_tail,cyclic_amine,ester,alkyl,41_64,neutral,2plus,present,ring
CCCCC/C=C\C/C=C\CCCCCCCC(=O)OCCCCCC(NN1CCCCC1)C(=O)NCCCCCCCCCCCCCCCC,ugi_3cr_agile,2,amine_head:017|oxoester_aldehyde_body_tail:002|isocyanide_tail:003,amine_head|oxoester_aldehyde_body_tail|isocyanide_tail,cyclic_amine,ester,alkyl,41_64,neutral,2plus,present,ring
CCCCC/C=C\C/C=C\CCCCCCCC(=O)OCCCCCC(NN1CCCCC1)C(=O)NCCCCCCCCCCCCCCCCCC,ugi_3cr_agile,2,amine_head:017|oxoester_aldehyde_body_tail:002|isocyanide_tail:004,amine_head|oxoester_aldehyde_body_tail|isocyanide_tail,cyclic_amine,ester,alkyl,41_64,neutral,2plus,present,ring
CCCCC/C=C\C/C=C\CCCCCCCC(=O)OCCCCCC(NN1CCOCC1)C(=O)NCCCCCCCC/C=C\CCCCCCCC,ugi_3cr_agile,2,amine_head:018|oxoester_aldehyde_body_tail:002|isocyanide_tail:000,amine_head|oxoester_aldehyde_body_tail|isocyanide_tail,cyclic_amine,ester,alkyl,41_64,neutral,2plus,present,ring
CCCCC/C=C\C/C=C\CCCCCCCC(=O)OCCCCCC(NN1CCOCC1)C(=O)NCCCCCCCCCCCC,ugi_3cr_agile,2,amine_head:018|oxoester_aldehyde_body_tail:002|isocyanide_tail:001,amine_head|oxoester_aldehyde_body_tail|isocyanide_tail,cyclic_amine,ester,alkyl,41_64,neutral,2plus,present,ring
CCCCC/C=C\C/C=C\CCCCCCCC(=O)OCCCCCC(NN1CCOCC1)C(=O)NCCCCCCCCCCCCCC,ugi_3cr_agile,2,amine_head:018|oxoester_aldehyde_body_tail:002|isocyanide_tail:002,amine_head|oxoester_aldehyde_body_tail|isocyanide_tail,cyclic_amine,ester,alkyl,41_64,neutral,2plus,present,ring
CCCCC/C=C\C/C=C\CCCCCCCC(=O)OCCCCCC(NN1CCOCC1)C(=O)NCCCCCCCCCCCCCCCC,ugi_3cr_agile,2,amine_head:018|oxoester_aldehyde_body_tail:002|isocyanide_tail:003,amine_head|oxoester_aldehyde_body_tail|isocyanide_tail,cyclic_amine,ester,alkyl,41_64,neutral,2plus,present,ring
CCCCC/C=C\C/C=C\CCCCCCCC(=O)OCCCCCC(NN1CCOCC1)C(=O)NCCCCCCCCCCCCCCCCCC,ugi_3cr_agile,2,amine_head:018|oxoester_aldehyde_body_tail:002|isocyanide_tail:004,amine_head|oxoester_aldehyde_body_tail|isocyanide_tail,cyclic_amine,ester,alkyl,41_64,neutral,2plus,present,ring
CCCCC/C=C\C/C=C\CCCCCCCC(=O)OCCCCCC(Nc1cc(C)nn1C)C(=O)NCCCCCCCC/C=C\CCCCCCCC,ugi_3cr_agile,2,amine_head:009|oxoester_aldehyde_body_tail:002|isocyanide_tail:000,amine_head|oxoester_aldehyde_body_tail|isocyanide_tail,cyclic_amine,ester,alkyl,41_64,neutral,2plus,present,ring
CCCCC/C=C\C/C=C\CCCCCCCC(=O)OCCCCCC(Nc1cc(C)nn1C)C(=O)NCCCCCCCCCCCC,ugi_3cr_agile,2,amine_head:009|oxoester_aldehyde_body_tail:002|isocyanide_tail:001,amine_head|oxoester_aldehyde_body_tail|isocyanide_tail,cyclic_amine,ester,alkyl,41_64,neutral,2plus,present,ring
CCCCC/C=C\C/C=C\CCCCCCCC(=O)OCCCCCC(Nc1cc(C)nn1C)C(=O)NCCCCCCCCCCCCCC,ugi_3cr_agile,2,amine_head:009|oxoester_aldehyde_body_tail:002|isocyanide_tail:002,amine_head|oxoester_aldehyde_body_tail|isocyanide_tail,cyclic_amine,ester,alkyl,41_64,neutral,2plus,present,ring
CCCCC/C=C\C/C=C\CCCCCCCC(=O)OCCCCCC(Nc1cc(C)nn1C)C(=O)NCCCCCCCCCCCCCCCC,ugi_3cr_agile,2,amine_head:009|oxoester_aldehyde_body_tail:002|isocyanide_tail:003,amine_head|oxoester_aldehyde_body_tail|isocyanide_tail,cyclic_amine,ester,alkyl,41_64,neutral,2plus,present,ring
CCCCC/C=C\C/C=C\CCCCCCCC(=O)OCCCCCC(Nc1cc(C)nn1C)C(=O)NCCCCCCCCCCCCCCCCCC,ugi_3cr_agile,2,amine_head:009|oxoester_aldehyde_body_tail:002|isocyanide_tail:004,amine_head|oxoester_aldehyde_body_tail|isocyanide_tail,cyclic_amine,ester,alkyl,41_64,neutral,2plus,present,ring
CCCCC/C=C\C/C=C\CCCCCCCC(=O)OCCCCCC(Nc1cn[nH]c1)C(=O)NCCCCCCCC/C=C\CCCCCCCC,ugi_3cr_agile,2,amine_head:019|oxoester_aldehyde_body_tail:002|isocyanide_tail:000,amine_head|oxoester_aldehyde_body_tail|isocyanide_tail,cyclic_amine,ester,alkyl,41_64,neutral,2plus,present,ring
CCCCC/C=C\C/C=C\CCCCCCCC(=O)OCCCCCC(Nc1cn[nH]c1)C(=O)NCCCCCCCCCCCC,ugi_3cr_agile,2,amine_head:019|oxoester_aldehyde_body_tail:002|isocyanide_tail:001,amine_head|oxoester_aldehyde_body_tail|isocyanide_tail,cyclic_amine,ester,alkyl,41_64,neutral,2plus,present,ring
CCCCC/C=C\C/C=C\CCCCCCCC(=O)OCCCCCC(Nc1cn[nH]c1)C(=O)NCCCCCCCCCCCCCC,ugi_3cr_agile,2,amine_head:019|oxoester_aldehyde_body_tail:002|isocyanide_tail:002,amine_head|oxoester_aldehyde_body_tail|isocyanide_tail,cyclic_amine,ester,alkyl,41_64,neutral,2plus,present,ring
CCCCC/C=C\C/C=C\CCCCCCCC(=O)OCCCCCC(Nc1cn[nH]c1)C(=O)NCCCCCCCCCCCCCCCC,ugi_3cr_agile,2,amine_head:019|oxoester_aldehyde_body_tail:002|isocyanide_tail:003,amine_head|oxoester_aldehyde_body_tail|isocyanide_tail,cyclic_amine,ester,alkyl,41_64,neutral,2plus,present,ring
CCCCC/C=C\C/C=C\CCCCCCCC(=O)OCCCCCC(Nc1cn[nH]c1)C(=O)NCCCCCCCCCCCCCCCCCC,ugi_3cr_agile,2,amine_head:019|oxoester_aldehyde_body_tail:002|isocyanide_tail:004,amine_head|oxoester_aldehyde_body_tail|isocyanide_tail,cyclic_amine,ester,alkyl,41_64,neutral,2plus,present,ring
CCCCCCC/C=C/C(=O)OCCCCCC(C(=O)NCCCCCCCC/C=C\CCCCCCCC)N1CCC(N)CC1,ugi_3cr_agile,2,amine_head:010|oxoester_aldehyde_body_tail:004|isocyanide_tail:000,amine_head|oxoester_aldehyde_body_tail|isocyanide_tail,cyclic_amine,ester,alkyl,41_64,neutral,2plus,present,ring
CCCCCCC/C=C/C(=O)OCCCCCC(C(=O)NCCCCCCCC/C=C\CCCCCCCC)N1CCN(CCN)CC1,ugi_3cr_agile,2,amine_head:016|oxoester_aldehyde_body_tail:004|isocyanide_tail:000,amine_head|oxoester_aldehyde_body_tail|isocyanide_tail,cyclic_amine,ester,alkyl,41_64,neutral,2plus,present,ring
CCCCCCC/C=C/C(=O)OCCCCCC(C(=O)NCCCCCCCCCCCC)N1CCC(N)CC1,ugi_3cr_agile,2,amine_head:010|oxoester_aldehyde_body_tail:004|isocyanide_tail:001,amine_head|oxoester_aldehyde_body_tail|isocyanide_tail,cyclic_amine,ester,alkyl,le40,neutral,2plus,present,ring
CCCCCCC/C=C/C(=O)OCCCCCC(C(=O)NCCCCCCCCCCCC)N1CCN(CCN)CC1,ugi_3cr_agile,2,amine_head:016|oxoester_aldehyde_body_tail:004|isocyanide_tail:001,amine_head|oxoester_aldehyde_body_tail|isocyanide_tail,cyclic_amine,ester,alkyl,41_64,neutral,2plus,present,ring
CCCCCCC/C=C/C(=O)OCCCCCC(C(=O)NCCCCCCCCCCCCCC)N1CCC(N)CC1,ugi_3cr_agile,2,amine_head:010|oxoester_aldehyde_body_tail:004|isocyanide_tail:002,amine_head|oxoester_aldehyde_body_tail|isocyanide_tail,cyclic_amine,ester,alkyl,41_64,neutral,2plus,present,ring
CCCCCCC/C=C/C(=O)OCCCCCC(C(=O)NCCCCCCCCCCCCCC)N1CCN(CCN)CC1,ugi_3cr_agile,2,amine_head:016|oxoester_aldehyde_body_tail:004|isocyanide_tail:002,amine_head|oxoester_aldehyde_body_tail|isocyanide_tail,cyclic_amine,ester,alkyl,41_64,neutral,2plus,present,ring
CCCCCCC/C=C/C(=O)OCCCCCC(C(=O)NCCCCCCCCCCCCCCCC)N1CCC(N)CC1,ugi_3cr_agile,2,amine_head:010|oxoester_aldehyde_body_tail:004|isocyanide_tail:003,amine_head|oxoester_aldehyde_body_tail|isocyanide_tail,cyclic_amine,ester,alkyl,41_64,neutral,2plus,present,ring
CCCCCCC/C=C/C(=O)OCCCCCC(C(=O)NCCCCCCCCCCCCCCCC)N1CCN(CCN)CC1,ugi_3cr_agile,2,amine_head:016|oxoester_aldehyde_body_tail:004|isocyanide_tail:003,amine_head|oxoester_aldehyde_body_tail|isocyanide_tail,cyclic_amine,ester,alkyl,41_64,neutral,2plus,present,ring
CCCCCCC/C=C/C(=O)OCCCCCC(C(=O)NCCCCCCCCCCCCCCCCCC)N1CCC(N)CC1,ugi_3cr_agile,2,amine_head:010|oxoester_aldehyde_body_tail:004|isocyanide_tail:004,amine_head|oxoester_aldehyde_body_tail|isocyanide_tail,cyclic_amine,ester,alkyl,41_64,neutral,2plus,present,ring
CCCCCCC/C=C/C(=O)OCCCCCC(C(=O)NCCCCCCCCCCCCCCCCCC)N1CCN(CCN)CC1,ugi_3cr_agile,2,amine_head:016|oxoester_aldehyde_body_tail:004|isocyanide_tail:004,amine_head|oxoester_aldehyde_body_tail|isocyanide_tail,cyclic_amine,ester,alkyl,41_64,neutral,2plus,present,ring
CCCCCCC/C=C/C(=O)OCCCCCC(NC1CCN(C)CC1)C(=O)NCCCCCCCC/C=C\CCCCCCCC,ugi_3cr_agile,2,amine_head:008|oxoester_aldehyde_body_tail:004|isocyanide_tail:000,amine_head|oxoester_aldehyde_body_tail|isocyanide_tail,cyclic_amine,ester,alkyl,41_64,neutral,2plus,present,ring
CCCCCCC/C=C/C(=O)OCCCCCC(NC1CCN(C)CC1)C(=O)NCCCCCCCCCCCC,ugi_3cr_agile,2,amine_head:008|oxoester_aldehyde_body_tail:004|isocyanide_tail:001,amine_head|oxoester_aldehyde_body_tail|isocyanide_tail,cyclic_amine,ester,alkyl,41_64,neutral,2plus,present,ring
CCCCCCC/C=C/C(=O)OCCCCCC(NC1CCN(C)CC1)C(=O)NCCCCCCCCCCCCCC,ugi_3cr_agile,2,amine_head:008|oxoester_aldehyde_body_tail:004|isocyanide_tail:002,amine_head|oxoester_aldehyde_body_tail|isocyanide_tail,cyclic_amine,ester,alkyl,41_64,neutral,2plus,present,ring
CCCCCCC/C=C/C(=O)OCCCCCC(NC1CCN(C)CC1)C(=O)NCCCCCCCCCCCCCCCC,ugi_3cr_agile,2,amine_head:008|oxoester_aldehyde_body_tail:004|isocyanide_tail:003,amine_head|oxoester_aldehyde_body_tail|isocyanide_tail,cyclic_amine,ester,alkyl,41_64,neutral,2plus,present,ring
CCCCCCC/C=C/C(=O)OCCCCCC(NC1CCN(C)CC1)C(=O)NCCCCCCCCCCCCCCCCCC,ugi_3cr_agile,2,amine_head:008|oxoester_aldehyde_body_tail:004|isocyanide_tail:004,amine_head|oxoester_aldehyde_body_tail|isocyanide_tail,cyclic_amine,ester,alkyl,41_64,neutral,2plus,present,ring
CCCCCCC/C=C/C(=O)OCCCCCC(NC1CCNCC1)C(=O)NCCCCCCCC/C=C\CCCCCCCC,ugi_3cr_agile,2,amine_head:010|oxoester_aldehyde_body_tail:004|isocyanide_tail:000,amine_head|oxoester_aldehyde_body_tail|isocyanide_tail,cyclic_amine,ester,alkyl,41_64,neutral,2plus,present,ring
CCCCCCC/C=C/C(=O)OCCCCCC(NC1CCNCC1)C(=O)NCCCCCCCCCCCC,ugi_3cr_agile,2,amine_head:010|oxoester_aldehyde_body_tail:004|isocyanide_tail:001,amine_head|oxoester_aldehyde_body_tail|isocyanide_tail,cyclic_amine,ester,alkyl,le40,neutral,2plus,present,ring
CCCCCCC/C=C/C(=O)OCCCCCC(NC1CCNCC1)C(=O)NCCCCCCCCCCCCCC,ugi_3cr_agile,2,amine_head:010|oxoester_aldehyde_body_tail:004|isocyanide_tail:002,amine_head|oxoester_aldehyde_body_tail|isocyanide_tail,cyclic_amine,ester,alkyl,41_64,neutral,2plus,present,ring
CCCCCCC/C=C/C(=O)OCCCCCC(NC1CCNCC1)C(=O)NCCCCCCCCCCCCCCCC,ugi_3cr_agile,2,amine_head:010|oxoester_aldehyde_body_tail:004|isocyanide_tail:003,amine_head|oxoester_aldehyde_body_tail|isocyanide_tail,cyclic_amine,ester,alkyl,41_64,neutral,2plus,present,ring
CCCCCCC/C=C/C(=O)OCCCCCC(NC1CCNCC1)C(=O)NCCCCCCCCCCCCCCCCCC,ugi_3cr_agile,2,amine_head:010|oxoester_aldehyde_body_tail:004|isocyanide_tail:004,amine_head|oxoester_aldehyde_body_tail|isocyanide_tail,cyclic_amine,ester,alkyl,41_64,neutral,2plus,present,ring
CCCCCCC/C=C/C(=O)OCCCCCC(NCC1CCCN1CC)C(=O)NCCCCCCCC/C=C\CCCCCCCC,ugi_3cr_agile,2,amine_head:004|oxoester_aldehyde_body_tail:004|isocyanide_tail:000,amine_head|oxoester_aldehyde_body_tail|isocyanide_tail,cyclic_amine,ester,alkyl,41_64,neutral,2plus,present,ring
CCCCCCC/C=C/C(=O)OCCCCCC(NCC1CCCN1CC)C(=O)NCCCCCCCCCCCC,ugi_3cr_agile,2,amine_head:004|oxoester_aldehyde_body_tail:004|isocyanide_tail:001,amine_head|oxoester_aldehyde_body_tail|isocyanide_tail,cyclic_amine,ester,alkyl,41_64,neutral,2plus,present,ring
CCCCCCC/C=C/C(=O)OCCCCCC(NCC1CCCN1CC)C(=O)NCCCCCCCCCCCCCC,ugi_3cr_agile,2,amine_head:004|oxoester_aldehyde_body_tail:004|isocyanide_tail:002,amine_head|oxoester_aldehyde_body_tail|isocyanide_tail,cyclic_amine,ester,alkyl,41_64,neutral,2plus,present,ring
CCCCCCC/C=C/C(=O)OCCCCCC(NCC1CCCN1CC)C(=O)NCCCCCCCCCCCCCCCC,ugi_3cr_agile,2,amine_head:004|oxoester_aldehyde_body_tail:004|isocyanide_tail:003,amine_head|oxoester_aldehyde_body_tail|isocyanide_tail,cyclic_amine,ester,alkyl,41_64,neutral,2plus,present,ring
CCCCCCC/C=C/C(=O)OCCCCCC(NCC1CCCN1CC)C(=O)NCCCCCCCCCCCCCCCCCC,ugi_3cr_agile,2,amine_head:004|oxoester_aldehyde_body_tail:004|isocyanide_tail:004,amine_head|oxoester_aldehyde_body_tail|isocyanide_tail,cyclic_amine,ester,alkyl,41_64,neutral,2plus,present,ring
CCCCCCC/C=C/C(=O)OCCCCCC(NCCCN(C)C)C(=O)NCCCCCCCC/C=C\CCCCCCCC,ugi_3cr_agile,2,amine_head:005|oxoester_aldehyde_body_tail:004|isocyanide_tail:000,amine_head|oxoester_aldehyde_body_tail|isocyanide_tail,diamine,ester,alkyl,41_64,neutral,2plus,present,acyclic
CCCCCCC/C=C/C(=O)OCCCCCC(NCCCN(C)C)C(=O)NCCCCCCCCCCCC,ugi_3cr_agile,2,amine_head:005|oxoester_aldehyde_body_tail:004|isocyanide_tail:001,amine_head|oxoester_aldehyde_body_tail|isocyanide_tail,diamine,ester,alkyl,le40,neutral,2plus,present,acyclic
CCCCCCC/C=C/C(=O)OCCCCCC(NCCCN(C)C)C(=O)NCCCCCCCCCCCCCC,ugi_3cr_agile,2,amine_head:005|oxoester_aldehyde_body_tail:004|isocyanide_tail:002,amine_head|oxoester_aldehyde_body_tail|isocyanide_tail,diamine,ester,alkyl,41_64,neutral,2plus,present,acyclic
CCCCCCC/C=C/C(=O)OCCCCCC(NCCCN(C)C)C(=O)NCCCCCCCCCCCCCCCC,ugi_3cr_agile,2,amine_head:005|oxoester_aldehyde_body_tail:004|isocyanide_tail:003,amine_head|oxoester_aldehyde_body_tail|isocyanide_tail,diamine,ester,alkyl,41_64,neutral,2plus,present,acyclic
CCCCCCC/C=C/C(=O)OCCCCCC(NCCCN(C)C)C(=O)NCCCCCCCCCCCCCCCCCC,ugi_3cr_agile,2,amine_head:005|oxoester_aldehyde_body_tail:004|isocyanide_tail:004,amine_head|oxoester_aldehyde_body_tail|isocyanide_tail,diamine,ester,alkyl,41_64,neutral,2plus,present,acyclic
CCCCCCC/C=C/C(=O)OCCCCCC(NCCCN(C)CCCN)C(=O)NCCCCCCCC/C=C\CCCCCCCC,ugi_3cr_agile,2,amine_head:007|oxoester_aldehyde_body_tail:004|isocyanide_tail:000,amine_head|oxoester_aldehyde_body_tail|isocyanide_tail,polyamine,ester,alkyl,41_64,neutral,2plus,present,acyclic
CCCCCCC/C=C/C(=O)OCCCCCC(NCCCN(C)CCCN)C(=O)NCCCCCCCCCCCC,ugi_3cr_agile,2,amine_head:007|oxoester_aldehyde_body_tail:004|isocyanide_tail:001,amine_head|oxoester_aldehyde_body_tail|isocyanide_tail,polyamine,ester,alkyl,41_64,neutral,2plus,present,acyclic
CCCCCCC/C=C/C(=O)OCCCCCC(NCCCN(C)CCCN)C(=O)NCCCCCCCCCCCCCC,ugi_3cr_agile,2,amine_head:007|oxoester_aldehyde_body_tail:004|isocyanide_tail:002,amine_head|oxoester_aldehyde_body_tail|isocyanide_tail,polyamine,ester,alkyl,41_64,neutral,2plus,present,acyclic
CCCCCCC/C=C/C(=O)OCCCCCC(NCCCN(C)CCCN)C(=O)NCCCCCCCCCCCCCCCC,ugi_3cr_agile,2,amine_head:007|oxoester_aldehyde_body_tail:004|isocyanide_tail:003,amine_head|oxoester_aldehyde_body_tail|isocyanide_tail,polyamine,ester,alkyl,41_64,neutral,2plus,present,acyclic
CCCCCCC/C=C/C(=O)OCCCCCC(NCCCN(C)CCCN)C(=O)NCCCCCCCCCCCCCCCCCC,ugi_3cr_agile,2,amine_head:007|oxoester_aldehyde_body_tail:004|isocyanide_tail:004,amine_head|oxoester_aldehyde_body_tail|isocyanide_tail,polyamine,ester,alkyl,41_64,neutral,2plus,present,acyclic
CCCCCCC/C=C/C(=O)OCCCCCC(NCCCN(CC)CC)C(=O)NCCCCCCCC/C=C\CCCCCCCC,ugi_3cr_agile,2,amine_head:002|oxoester_aldehyde_body_tail:004|isocyanide_tail:000,amine_head|oxoester_aldehyde_body_tail|isocyanide_tail,diamine,ester,alkyl,41_64,neutral,2plus,present,acyclic
CCCCCCC/C=C/C(=O)OCCCCCC(NCCCN(CC)CC)C(=O)NCCCCCCCCCCCC,ugi_3cr_agile,2,amine_head:002|oxoester_aldehyde_body_tail:004|isocyanide_tail:001,amine_head|oxoester_aldehyde_body_tail|isocyanide_tail,diamine,ester,alkyl,41_64,neutral,2plus,present,acyclic
CCCCCCC/C=C/C(=O)OCCCCCC(NCCCN(CC)CC)C(=O)NCCCCCCCCCCCCCC,ugi_3cr_agile,2,amine_head:002|oxoester_aldehyde_body_tail:004|isocyanide_tail:002,amine_head|oxoester_aldehyde_body_tail|isocyanide_tail,diamine,ester,alkyl,41_64,neutral,2plus,present,acyclic
CCCCCCC/C=C/C(=O)OCCCCCC(NCCCN(CC)CC)C(=O)NCCCCCCCCCCCCCCCC,ugi_3cr_agile,2,amine_head:002|oxoester_aldehyde_body_tail:004|isocyanide_tail:003,amine_head|oxoester_aldehyde_body_tail|isocyanide_tail,diamine,ester,alkyl,41_64,neutral,2plus,present,acyclic
CCCCCCC/C=C/C(=O)OCCCCCC(NCCCN(CC)CC)C(=O)NCCCCCCCCCCCCCCCCCC,ugi_3cr_agile,2,amine_head:002|oxoester_aldehyde_body_tail:004|isocyanide_tail:004,amine_head|oxoester_aldehyde_body_tail|isocyanide_tail,diamine,ester,alkyl,41_64,neutral,2plus,present,acyclic
CCCCCCC/C=C/C(=O)OCCCCCC(NCCCN(CCCC)CCCC)C(=O)NCCCCCCCC/C=C\CCCCCCCC,ugi_3cr_agile,2,amine_head:001|oxoester_aldehyde_body_tail:004|isocyanide_tail:000,amine_head|oxoester_aldehyde_body_tail|isocyanide_tail,diamine,ester,alkyl,41_64,neutral,2plus,present,acyclic
CCCCCCC/C=C/C(=O)OCCCCCC(NCCCN(CCCC)CCCC)C(=O)NCCCCCCCCCCCC,ugi_3cr_agile,2,amine_head:001|oxoester_aldehyde_body_tail:004|isocyanide_tail:001,amine_head|oxoester_aldehyde_body_tail|isocyanide_tail,diamine,ester,alkyl,41_64,neutral,2plus,present,acyclic
CCCCCCC/C=C/C(=O)OCCCCCC(NCCCN(CCCC)CCCC)C(=O)NCCCCCCCCCCCCCC,ugi_3cr_agile,2,amine_head:001|oxoester_aldehyde_body_tail:004|isocyanide_tail:002,amine_head|oxoester_aldehyde_body_tail|isocyanide_tail,diamine,ester,alkyl,41_64,neutral,2plus,present,acyclic
CCCCCCC/C=C/C(=O)OCCCCCC(NCCCN(CCCC)CCCC)C(=O)NCCCCCCCCCCCCCCCC,ugi_3cr_agile,2,amine_head:001|oxoester_aldehyde_body_tail:004|isocyanide_tail:003,amine_head|oxoester_aldehyde_body_tail|isocyanide_tail,diamine,ester,alkyl,41_64,neutral,2plus,present,acyclic
CCCCCCC/C=C/C(=O)OCCCCCC(NCCCN(CCCC)CCCC)C(=O)NCCCCCCCCCCCCCCCCCC,ugi_3cr_agile,2,amine_head:001|oxoester_aldehyde_body_tail:004|isocyanide_tail:004,amine_head|oxoester_aldehyde_body_tail|isocyanide_tail,diamine,ester,alkyl,41_64,neutral,2plus,present,acyclic
CCCCCCC/C=C/C(=O)OCCCCCC(NCCCN1CCCC1)C(=O)NCCCCCCCC/C=C\CCCCCCCC,ugi_3cr_agile,2,amine_head:011|oxoester_aldehyde_body_tail:004|isocyanide_tail:000,amine_head|oxoester_aldehyde_body_tail|isocyanide_tail,cyclic_amine,ester,alkyl,41_64,neutral,2plus,present,ring
CCCCCCC/C=C/C(=O)OCCCCCC(NCCCN1CCCC1)C(=O)NCCCCCCCCCCCC,ugi_3cr_agile,2,amine_head:011|oxoester_aldehyde_body_tail:004|isocyanide_tail:001,amine_head|oxoester_aldehyde_body_tail|isocyanide_tail,cyclic_amine,ester,alkyl,41_64,neutral,2plus,present,ring
CCCCCCC/C=C/C(=O)OCCCCCC(NCCCN1CCCC1)C(=O)NCCCCCCCCCCCCCC,ugi_3cr_agile,2,amine_head:011|oxoester_aldehyde_body_tail:004|isocyanide_tail:002,amine_head|oxoester_aldehyde_body_tail|isocyanide_tail,cyclic_amine,ester,alkyl,41_64,neutral,2plus,present,ring
CCCCCCC/C=C/C(=O)OCCCCCC(NCCCN1CCCC1)C(=O)NCCCCCCCCCCCCCCCC,ugi_3cr_agile,2,amine_head:011|oxoester_aldehyde_body_tail:004|isocyanide_tail:003,amine_head|oxoester_aldehyde_body_tail|isocyanide_tail,cyclic_amine,ester,alkyl,41_64,neutral,2plus,present,ring
CCCCCCC/C=C/C(=O)OCCCCCC(NCCCN1CCCC1)C(=O)NCCCCCCCCCCCCCCCCCC,ugi_3cr_agile,2,amine_head:011|oxoester_aldehyde_body_tail:004|isocyanide_tail:004,amine_head|oxoester_aldehyde_body_tail|isocyanide_tail,cyclic_amine,ester,alkyl,41_64,neutral,2plus,present,ring
CCCCCCC/C=C/C(=O)OCCCCCC(NCCCN1CCOCC1)C(=O)NCCCCCCCC/C=C\CCCCCCCC,ugi_3cr_agile,2,amine_head:012|oxoester_aldehyde_body_tail:004|isocyanide_tail:000,amine_head|oxoester_aldehyde_body_tail|isocyanide_tail,cyclic_amine,ester,alkyl,41_64,neutral,2plus,present,ring
CCCCCCC/C=C/C(=O)OCCCCCC(NCCCN1CCOCC1)C(=O)NCCCCCCCCCCCC,ugi_3cr_agile,2,amine_head:012|oxoester_aldehyde_body_tail:004|isocyanide_tail:001,amine_head|oxoester_aldehyde_body_tail|isocyanide_tail,cyclic_amine,ester,alkyl,41_64,neutral,2plus,present,ring
CCCCCCC/C=C/C(=O)OCCCCCC(NCCCN1CCOCC1)C(=O)NCCCCCCCCCCCCCC,ugi_3cr_agile,2,amine_head:012|oxoester_aldehyde_body_tail:004|isocyanide_tail:002,amine_head|oxoester_aldehyde_body_tail|isocyanide_tail,cyclic_amine,ester,alkyl,41_64,neutral,2plus,present,ring
CCCCCCC/C=C/C(=O)OCCCCCC(NCCCN1CCOCC1)C(=O)NCCCCCCCCCCCCCCCC,ugi_3cr_agile,2,amine_head:012|oxoester_aldehyde_body_tail:004|isocyanide_tail:003,amine_head|oxoester_aldehyde_body_tail|isocyanide_tail,cyclic_amine,ester,alkyl,41_64,neutral,2plus,present,ring
CCCCCCC/C=C/C(=O)OCCCCCC(NCCCN1CCOCC1)C(=O)NCCCCCCCCCCCCCCCCCC,ugi_3cr_agile,2,amine_head:012|oxoester_aldehyde_body_tail:004|isocyanide_tail:004,amine_head|oxoester_aldehyde_body_tail|isocyanide_tail,cyclic_amine,ester,alkyl,41_64,neutral,2plus,present,ring
CCCCCCC/C=C/C(=O)OCCCCCC(NCCN(C(C)C)C(C)C)C(=O)NCCCCCCCC/C=C\CCCCCCCC,ugi_3cr_agile,2,amine_head:000|oxoester_aldehyde_body_tail:004|isocyanide_tail:000,amine_head|oxoester_aldehyde_body_tail|isocyanide_tail,diamine,ester,alkyl,41_64,neutral,2plus,present,acyclic
CCCCCCC/C=C/C(=O)OCCCCCC(NCCN(C(C)C)C(C)C)C(=O)NCCCCCCCCCCCC,ugi_3cr_agile,2,amine_head:000|oxoester_aldehyde_body_tail:004|isocyanide_tail:001,amine_head|oxoester_aldehyde_body_tail|isocyanide_tail,diamine,ester,alkyl,41_64,neutral,2plus,present,acyclic
CCCCCCC/C=C/C(=O)OCCCCCC(NCCN(C(C)C)C(C)C)C(=O)NCCCCCCCCCCCCCC,ugi_3cr_agile,2,amine_head:000|oxoester_aldehyde_body_tail:004|isocyanide_tail:002,amine_head|oxoester_aldehyde_body_tail|isocyanide_tail,diamine,ester,alkyl,41_64,neutral,2plus,present,acyclic
CCCCCCC/C=C/C(=O)OCCCCCC(NCCN(C(C)C)C(C)C)C(=O)NCCCCCCCCCCCCCCCC,ugi_3cr_agile,2,amine_head:000|oxoester_aldehyde_body_tail:004|isocyanide_tail:003,amine_head|oxoester_aldehyde_body_tail|isocyanide_tail,diamine,ester,alkyl,41_64,neutral,2plus,present,acyclic
CCCCCCC/C=C/C(=O)OCCCCCC(NCCN(C(C)C)C(C)C)C(=O)NCCCCCCCCCCCCCCCCCC,ugi_3cr_agile,2,amine_head:000|oxoester_aldehyde_body_tail:004|isocyanide_tail:004,amine_head|oxoester_aldehyde_body_tail|isocyanide_tail,diamine,ester,alkyl,41_64,neutral,2plus,present,acyclic
CCCCCCC/C=C/C(=O)OCCCCCC(NCCN(C)C)C(=O)NCCCCCCCC/C=C\CCCCCCCC,ugi_3cr_agile,2,amine_head:006|oxoester_aldehyde_body_tail:004|isocyanide_tail:000,amine_head|oxoester_aldehyde_body_tail|isocyanide_tail,diamine,ester,alkyl,41_64,neutral,2plus,present,acyclic
CCCCCCC/C=C/C(=O)OCCCCCC(NCCN(C)C)C(=O)NCCCCCCCCCCCC,ugi_3cr_agile,2,amine_head:006|oxoester_aldehyde_body_tail:004|isocyanide_tail:001,amine_head|oxoester_aldehyde_body_tail|isocyanide_tail,diamine,ester,alkyl,le40,neutral,2plus,present,acyclic
CCCCCCC/C=C/C(=O)OCCCCCC(NCCN(C)C)C(=O)NCCCCCCCCCCCCCC,ugi_3cr_agile,2,amine_head:006|oxoester_aldehyde_body_tail:004|isocyanide_tail:002,amine_head|oxoester_aldehyde_body_tail|isocyanide_tail,diamine,ester,alkyl,41_64,neutral,2plus,present,acyclic
CCCCCCC/C=C/C(=O)OCCCCCC(NCCN(C)C)C(=O)NCCCCCCCCCCCCCCCC,ugi_3cr_agile,2,amine_head:006|oxoester_aldehyde_body_tail:004|isocyanide_tail:003,amine_head|oxoester_aldehyde_body_tail|isocyanide_tail,diamine,ester,alkyl,41_64,neutral,2plus,present,acyclic
CCCCCCC/C=C/C(=O)OCCCCCC(NCCN(C)C)C(=O)NCCCCCCCCCCCCCCCCCC,ugi_3cr_agile,2,amine_head:006|oxoester_aldehyde_body_tail:004|isocyanide_tail:004,amine_head|oxoester_aldehyde_body_tail|isocyanide_tail,diamine,ester,alkyl,41_64,neutral,2plus,present,acyclic
CCCCCCC/C=C/C(=O)OCCCCCC(NCCN(CC)CC)C(=O)NCCCCCCCC/C=C\CCCCCCCC,ugi_3cr_agile,2,amine_head:003|oxoester_aldehyde_body_tail:004|isocyanide_tail:000,amine_head|oxoester_aldehyde_body_tail|isocyanide_tail,diamine,ester,alkyl,41_64,neutral,2plus,present,acyclic
CCCCCCC/C=C/C(=O)OCCCCCC(NCCN(CC)CC)C(=O)NCCCCCCCCCCCC,ugi_3cr_agile,2,amine_head:003|oxoester_aldehyde_body_tail:004|isocyanide_tail:001,amine_head|oxoester_aldehyde_body_tail|isocyanide_tail,diamine,ester,alkyl,41_64,neutral,2plus,present,acyclic
CCCCCCC/C=C/C(=O)OCCCCCC(NCCN(CC)CC)C(=O)NCCCCCCCCCCCCCC,ugi_3cr_agile,2,amine_head:003|oxoester_aldehyde_body_tail:004|isocyanide_tail:002,amine_head|oxoester_aldehyde_body_tail|isocyanide_tail,diamine,ester,alkyl,41_64,neutral,2plus,present,acyclic
CCCCCCC/C=C/C(=O)OCCCCCC(NCCN(CC)CC)C(=O)NCCCCCCCCCCCCCCCC,ugi_3cr_agile,2,amine_head:003|oxoester_aldehyde_body_tail:004|isocyanide_tail:003,amine_head|oxoester_aldehyde_body_tail|isocyanide_tail,diamine,ester,alkyl,41_64,neutral,2plus,present,acyclic
CCCCCCC/C=C/C(=O)OCCCCCC(NCCN(CC)CC)C(=O)NCCCCCCCCCCCCCCCCCC,ugi_3cr_agile,2,amine_head:003|oxoester_aldehyde_body_tail:004|isocyanide_tail:004,amine_head|oxoester_aldehyde_body_tail|isocyanide_tail,diamine,ester,alkyl,41_64,neutral,2plus,present,acyclic
CCCCCCC/C=C/C(=O)OCCCCCC(NCCN(CCN)CCN)C(=O)NCCCCCCCC/C=C\CCCCCCCC,ugi_3cr_agile,2,amine_head:013|oxoester_aldehyde_body_tail:004|isocyanide_tail:000,amine_head|oxoester_aldehyde_body_tail|isocyanide_tail,polyamine,ester,alkyl,41_64,neutral,2plus,present,acyclic
CCCCCCC/C=C/C(=O)OCCCCCC(NCCN(CCN)CCN)C(=O)NCCCCCCCCCCCC,ugi_3cr_agile,2,amine_head:013|oxoester_aldehyde_body_tail:004|isocyanide_tail:001,amine_head|oxoester_aldehyde_body_tail|isocyanide_tail,polyamine,ester,alkyl,41_64,neutral,2plus,present,acyclic
CCCCCCC/C=C/C(=O)OCCCCCC(NCCN(CCN)CCN)C(=O)NCCCCCCCCCCCCCC,ugi_3cr_agile,2,amine_head:013|oxoester_aldehyde_body_tail:004|isocyanide_tail:002,amine_head|oxoester_aldehyde_body_tail|isocyanide_tail,polyamine,ester,alkyl,41_64,neutral,2plus,present,acyclic
CCCCCCC/C=C/C(=O)OCCCCCC(NCCN(CCN)CCN)C(=O)NCCCCCCCCCCCCCCCC,ugi_3cr_agile,2,amine_head:013|oxoester_aldehyde_body_tail:004|isocyanide_tail:003,amine_head|oxoester_aldehyde_body_tail|isocyanide_tail,polyamine,ester,alkyl,41_64,neutral,2plus,present,acyclic
CCCCCCC/C=C/C(=O)OCCCCCC(NCCN(CCN)CCN)C(=O)NCCCCCCCCCCCCCCCCCC,ugi_3cr_agile,2,amine_head:013|oxoester_aldehyde_body_tail:004|isocyanide_tail:004,amine_head|oxoester_aldehyde_body_tail|isocyanide_tail,polyamine,ester,alkyl,41_64,neutral,2plus,present,acyclic
CCCCCCC/C=C/C(=O)OCCCCCC(NCCN1CCCC1)C(=O)NCCCCCCCC/C=C\CCCCCCCC,ugi_3cr_agile,2,amine_head:014|oxoester_aldehyde_body_tail:004|isocyanide_tail:000,amine_head|oxoester_aldehyde_body_tail|isocyanide_tail,cyclic_amine,ester,alkyl,41_64,neutral,2plus,present,ring
CCCCCCC/C=C/C(=O)OCCCCCC(NCCN1CCCC1)C(=O)NCCCCCCCCCCCC,ugi_3cr_agile,2,amine_head:014|oxoester_aldehyde_body_tail:004|isocyanide_tail:001,amine_head|oxoester_aldehyde_body_tail|isocyanide_tail,cyclic_amine,ester,alkyl,41_64,neutral,2plus,present,ring
CCCCCCC/C=C/C(=O)OCCCCCC(NCCN1CCCC1)C(=O)NCCCCCCCCCCCCCC,ugi_3cr_agile,2,amine_head:014|oxoester_aldehyde_body_tail:004|isocyanide_tail:002,amine_head|oxoester_aldehyde_body_tail|isocyanide_tail,cyclic_amine,ester,alkyl,41_64,neutral,2plus,present,ring
CCCCCCC/C=C/C(=O)OCCCCCC(NCCN1CCCC1)C(=O)NCCCCCCCCCCCCCCCC,ugi_3cr_agile,2,amine_head:014|oxoester_aldehyde_body_tail:004|isocyanide_tail:003,amine_head|oxoester_aldehyde_body_tail|isocyanide_tail,cyclic_amine,ester,alkyl,41_64,neutral,2plus,present,ring
CCCCCCC/C=C/C(=O)OCCCCCC(NCCN1CCCC1)C(=O)NCCCCCCCCCCCCCCCCCC,ugi_3cr_agile,2,amine_head:014|oxoester_aldehyde_body_tail:004|isocyanide_tail:004,amine_head|oxoester_aldehyde_body_tail|isocyanide_tail,cyclic_amine,ester,alkyl,41_64,neutral,2plus,present,ring
CCCCCCC/C=C/C(=O)OCCCCCC(NCCN1CCCCC1)C(=O)NCCCCCCCC/C=C\CCCCCCCC,ugi_3cr_agile,2,amine_head:015|oxoester_aldehyde_body_tail:004|isocyanide_tail:000,amine_head|oxoester_aldehyde_body_tail|isocyanide_tail,cyclic_amine,ester,alkyl,41_64,neutral,2plus,present,ring
CCCCCCC/C=C/C(=O)OCCCCCC(NCCN1CCCCC1)C(=O)NCCCCCCCCCCCC,ugi_3cr_agile,2,amine_head:015|oxoester_aldehyde_body_tail:004|isocyanide_tail:001,amine_head|oxoester_aldehyde_body_tail|isocyanide_tail,cyclic_amine,ester,alkyl,41_64,neutral,2plus,present,ring
CCCCCCC/C=C/C(=O)OCCCCCC(NCCN1CCCCC1)C(=O)NCCCCCCCCCCCCCC,ugi_3cr_agile,2,amine_head:015|oxoester_aldehyde_body_tail:004|isocyanide_tail:002,amine_head|oxoester_aldehyde_body_tail|isocyanide_tail,cyclic_amine,ester,alkyl,41_64,neutral,2plus,present,ring
CCCCCCC/C=C/C(=O)OCCCCCC(NCCN1CCCCC1)C(=O)NCCCCCCCCCCCCCCCC,ugi_3cr_agile,2,amine_head:015|oxoester_aldehyde_body_tail:004|isocyanide_tail:003,amine_head|oxoester_aldehyde_body_tail|isocyanide_tail,cyclic_amine,ester,alkyl,41_64,neutral,2plus,present,ring
CCCCCCC/C=C/C(=O)OCCCCCC(NCCN1CCCCC1)C(=O)NCCCCCCCCCCCCCCCCCC,ugi_3cr_agile,2,amine_head:015|oxoester_aldehyde_body_tail:004|isocyanide_tail:004,amine_head|oxoester_aldehyde_body_tail|isocyanide_tail,cyclic_amine,ester,alkyl,41_64,neutral,2plus,present,ring
CCCCCCC/C=C/C(=O)OCCCCCC(NCCN1CCNCC1)C(=O)NCCCCCCCC/C=C\CCCCCCCC,ugi_3cr_agile,2,amine_head:016|oxoester_aldehyde_body_tail:004|isocyanide_tail:000,amine_head|oxoester_aldehyde_body_tail|isocyanide_tail,cyclic_amine,ester,alkyl,41_64,neutral,2plus,present,ring
CCCCCCC/C=C/C(=O)OCCCCCC(NCCN1CCNCC1)C(=O)NCCCCCCCCCCCC,ugi_3cr_agile,2,amine_head:016|oxoester_aldehyde_body_tail:004|isocyanide_tail:001,amine_head|oxoester_aldehyde_body_tail|isocyanide_tail,cyclic_amine,ester,alkyl,41_64,neutral,2plus,present,ring
CCCCCCC/C=C/C(=O)OCCCCCC(NCCN1CCNCC1)C(=O)NCCCCCCCCCCCCCC,ugi_3cr_agile,2,amine_head:016|oxoester_aldehyde_body_tail:004|isocyanide_tail:002,amine_head|oxoester_aldehyde_body_tail|isocyanide_tail,cyclic_amine,ester,alkyl,41_64,neutral,2plus,present,ring
CCCCCCC/C=C/C(=O)OCCCCCC(NCCN1CCNCC1)C(=O)NCCCCCCCCCCCCCCCC,ugi_3cr_agile,2,amine_head:016|oxoester_aldehyde_body_tail:004|isocyanide_tail:003,amine_head|oxoester_aldehyde_body_tail|isocyanide_tail,cyclic_amine,ester,alkyl,41_64,neutral,2plus,present,ring
CCCCCCC/C=C/C(=O)OCCCCCC(NCCN1CCNCC1)C(=O)NCCCCCCCCCCCCCCCCCC,ugi_3cr_agile,2,amine_head:016|oxoester_aldehyde_body_tail:004|isocyanide_tail:004,amine_head|oxoester_aldehyde_body_tail|isocyanide_tail,cyclic_amine,ester,alkyl,41_64,neutral,2plus,present,ring
CCCCCCC/C=C/C(=O)OCCCCCC(NN1CCCCC1)C(=O)NCCCCCCCC/C=C\CCCCCCCC,ugi_3cr_agile,2,amine_head:017|oxoester_aldehyde_body_tail:004|isocyanide_tail:000,amine_head|oxoester_aldehyde_body_tail|isocyanide_tail,cyclic_amine,ester,alkyl,41_64,neutral,2plus,present,ring
CCCCCCC/C=C/C(=O)OCCCCCC(NN1CCCCC1)C(=O)NCCCCCCCCCCCC,ugi_3cr_agile,2,amine_head:017|oxoester_aldehyde_body_tail:004|isocyanide_tail:001,amine_head|oxoester_aldehyde_body_tail|isocyanide_tail,cyclic_amine,ester,alkyl,le40,neutral,2plus,present,ring
CCCCCCC/C=C/C(=O)OCCCCCC(NN1CCCCC1)C(=O)NCCCCCCCCCCCCCC,ugi_3cr_agile,2,amine_head:017|oxoester_aldehyde_body_tail:004|isocyanide_tail:002,amine_head|oxoester_aldehyde_body_tail|isocyanide_tail,cyclic_amine,ester,alkyl,41_64,neutral,2plus,present,ring
CCCCCCC/C=C/C(=O)OCCCCCC(NN1CCCCC1)C(=O)NCCCCCCCCCCCCCCCC,ugi_3cr_agile,2,amine_head:017|oxoester_aldehyde_body_tail:004|isocyanide_tail:003,amine_head|oxoester_aldehyde_body_tail|isocyanide_tail,cyclic_amine,ester,alkyl,41_64,neutral,2plus,present,ring
CCCCCCC/C=C/C(=O)OCCCCCC(NN1CCCCC1)C(=O)NCCCCCCCCCCCCCCCCCC,ugi_3cr_agile,2,amine_head:017|oxoester_aldehyde_body_tail:004|isocyanide_tail:004,amine_head|oxoester_aldehyde_body_tail|isocyanide_tail,cyclic_amine,ester,alkyl,41_64,neutral,2plus,present,ring
CCCCCCC/C=C/C(=O)OCCCCCC(NN1CCOCC1)C(=O)NCCCCCCCC/C=C\CCCCCCCC,ugi_3cr_agile,2,amine_head:018|oxoester_aldehyde_body_tail:004|isocyanide_tail:000,amine_head|oxoester_aldehyde_body_tail|isocyanide_tail,cyclic_amine,ester,alkyl,41_64,neutral,2plus,present,ring
CCCCCCC/C=C/C(=O)OCCCCCC(NN1CCOCC1)C(=O)NCCCCCCCCCCCC,ugi_3cr_agile,2,amine_head:018|oxoester_aldehyde_body_tail:004|isocyanide_tail:001,amine_head|oxoester_aldehyde_body_tail|isocyanide_tail,cyclic_amine,ester,alkyl,le40,neutral,2plus,present,ring
CCCCCCC/C=C/C(=O)OCCCCCC(NN1CCOCC1)C(=O)NCCCCCCCCCCCCCC,ugi_3cr_agile,2,amine_head:018|oxoester_aldehyde_body_tail:004|isocyanide_tail:002,amine_head|oxoester_aldehyde_body_tail|isocyanide_tail,cyclic_amine,ester,alkyl,41_64,neutral,2plus,present,ring
CCCCCCC/C=C/C(=O)OCCCCCC(NN1CCOCC1)C(=O)NCCCCCCCCCCCCCCCC,ugi_3cr_agile,2,amine_head:018|oxoester_aldehyde_body_tail:004|isocyanide_tail:003,amine_head|oxoester_aldehyde_body_tail|isocyanide_tail,cyclic_amine,ester,alkyl,41_64,neutral,2plus,present,ring
CCCCCCC/C=C/C(=O)OCCCCCC(NN1CCOCC1)C(=O)NCCCCCCCCCCCCCCCCCC,ugi_3cr_agile,2,amine_head:018|oxoester_aldehyde_body_tail:004|isocyanide_tail:004,amine_head|oxoester_aldehyde_body_tail|isocyanide_tail,cyclic_amine,ester,alkyl,41_64,neutral,2plus,present,ring
CCCCCCC/C=C/C(=O)OCCCCCC(Nc1cc(C)nn1C)C(=O)NCCCCCCCC/C=C\CCCCCCCC,ugi_3cr_agile,2,amine_head:009|oxoester_aldehyde_body_tail:004|isocyanide_tail:000,amine_head|oxoester_aldehyde_body_tail|isocyanide_tail,cyclic_amine,ester,alkyl,41_64,neutral,2plus,present,ring
CCCCCCC/C=C/C(=O)OCCCCCC(Nc1cc(C)nn1C)C(=O)NCCCCCCCCCCCC,ugi_3cr_agile,2,amine_head:009|oxoester_aldehyde_body_tail:004|isocyanide_tail:001,amine_head|oxoester_aldehyde_body_tail|isocyanide_tail,cyclic_amine,ester,alkyl,41_64,neutral,2plus,present,ring
CCCCCCC/C=C/C(=O)OCCCCCC(Nc1cc(C)nn1C)C(=O)NCCCCCCCCCCCCCC,ugi_3cr_agile,2,amine_head:009|oxoester_aldehyde_body_tail:004|isocyanide_tail:002,amine_head|oxoester_aldehyde_body_tail|isocyanide_tail,cyclic_amine,ester,alkyl,41_64,neutral,2plus,present,ring
CCCCCCC/C=C/C(=O)OCCCCCC(Nc1cc(C)nn1C)C(=O)NCCCCCCCCCCCCCCCC,ugi_3cr_agile,2,amine_head:009|oxoester_aldehyde_body_tail:004|isocyanide_tail:003,amine_head|oxoester_aldehyde_body_tail|isocyanide_tail,cyclic_amine,ester,alkyl,41_64,neutral,2plus,present,ring
CCCCCCC/C=C/C(=O)OCCCCCC(Nc1cc(C)nn1C)C(=O)NCCCCCCCCCCCCCCCCCC,ugi_3cr_agile,2,amine_head:009|oxoester_aldehyde_body_tail:004|isocyanide_tail:004,amine_head|oxoester_aldehyde_body_tail|isocyanide_tail,cyclic_amine,ester,alkyl,41_64,neutral,2plus,present,ring
CCCCCCC/C=C/C(=O)OCCCCCC(Nc1cn[nH]c1)C(=O)NCCCCCCCC/C=C\CCCCCCCC,ugi_3cr_agile,2,amine_head:019|oxoester_aldehyde_body_tail:004|isocyanide_tail:000,amine_head|oxoester_aldehyde_body_tail|isocyanide_tail,cyclic_amine,ester,alkyl,41_64,neutral,2plus,present,ring
CCCCCCC/C=C/C(=O)OCCCCCC(Nc1cn[nH]c1)C(=O)NCCCCCCCCCCCC,ugi_3cr_agile,2,amine_head:019|oxoester_aldehyde_body_tail:004|isocyanide_tail:001,amine_head|oxoester_aldehyde_body_tail|isocyanide_tail,cyclic_amine,ester,alkyl,le40,neutral,2plus,present,ring
CCCCCCC/C=C/C(=O)OCCCCCC(Nc1cn[nH]c1)C(=O)NCCCCCCCCCCCCCC,ugi_3cr_agile,2,amine_head:019|oxoester_aldehyde_body_tail:004|isocyanide_tail:002,amine_head|oxoester_aldehyde_body_tail|isocyanide_tail,cyclic_amine,ester,alkyl,41_64,neutral,2plus,present,ring
CCCCCCC/C=C/C(=O)OCCCCCC(Nc1cn[nH]c1)C(=O)NCCCCCCCCCCCCCCCC,ugi_3cr_agile,2,amine_head:019|oxoester_aldehyde_body_tail:004|isocyanide_tail:003,amine_head|oxoester_aldehyde_body_tail|isocyanide_tail,cyclic_amine,ester,alkyl,41_64,neutral,2plus,present,ring
CCCCCCC/C=C/C(=O)OCCCCCC(Nc1cn[nH]c1)C(=O)NCCCCCCCCCCCCCCCCCC,ugi_3cr_agile,2,amine_head:019|oxoester_aldehyde_body_tail:004|isocyanide_tail:004,amine_head|oxoester_aldehyde_body_tail|isocyanide_tail,cyclic_amine,ester,alkyl,41_64,neutral,2plus,present,ring
CCCCCCC/C=C\C(=O)OCCCCCC(C(=O)NCCCCCCCC/C=C\CCCCCCCC)N1CCC(N)CC1,ugi_3cr_agile,2,amine_head:010|oxoester_aldehyde_body_tail:005|isocyanide_tail:000,amine_head|oxoester_aldehyde_body_tail|isocyanide_tail,cyclic_amine,ester,alkyl,41_64,neutral,2plus,present,ring
CCCCCCC/C=C\C(=O)OCCCCCC(C(=O)NCCCCCCCC/C=C\CCCCCCCC)N1CCN(CCN)CC1,ugi_3cr_agile,2,amine_head:016|oxoester_aldehyde_body_tail:005|isocyanide_tail:000,amine_head|oxoester_aldehyde_body_tail|isocyanide_tail,cyclic_amine,ester,alkyl,41_64,neutral,2plus,present,ring
CCCCCCC/C=C\C(=O)OCCCCCC(C(=O)NCCCCCCCCCCCC)N1CCC(N)CC1,ugi_3cr_agile,2,amine_head:010|oxoester_aldehyde_body_tail:005|isocyanide_tail:001,amine_head|oxoester_aldehyde_body_tail|isocyanide_tail,cyclic_amine,ester,alkyl,le40,neutral,2plus,present,ring
CCCCCCC/C=C\C(=O)OCCCCCC(C(=O)NCCCCCCCCCCCC)N1CCN(CCN)CC1,ugi_3cr_agile,2,amine_head:016|oxoester_aldehyde_body_tail:005|isocyanide_tail:001,amine_head|oxoester_aldehyde_body_tail|isocyanide_tail,cyclic_amine,ester,alkyl,41_64,neutral,2plus,present,ring
CCCCCCC/C=C\C(=O)OCCCCCC(C(=O)NCCCCCCCCCCCCCC)N1CCC(N)CC1,ugi_3cr_agile,2,amine_head:010|oxoester_aldehyde_body_tail:005|isocyanide_tail:002,amine_head|oxoester_aldehyde_body_tail|isocyanide_tail,cyclic_amine,ester,alkyl,41_64,neutral,2plus,present,ring
CCCCCCC/C=C\C(=O)OCCCCCC(C(=O)NCCCCCCCCCCCCCC)N1CCN(CCN)CC1,ugi_3cr_agile,2,amine_head:016|oxoester_aldehyde_body_tail:005|isocyanide_tail:002,amine_head|oxoester_aldehyde_body_tail|isocyanide_tail,cyclic_amine,ester,alkyl,41_64,neutral,2plus,present,ring
CCCCCCC/C=C\C(=O)OCCCCCC(C(=O)NCCCCCCCCCCCCCCCC)N1CCC(N)CC1,ugi_3cr_agile,2,amine_head:010|oxoester_aldehyde_body_tail:005|isocyanide_tail:003,amine_head|oxoester_aldehyde_body_tail|isocyanide_tail,cyclic_amine,ester,alkyl,41_64,neutral,2plus,present,ring
CCCCCCC/C=C\C(=O)OCCCCCC(C(=O)NCCCCCCCCCCCCCCCC)N1CCN(CCN)CC1,ugi_3cr_agile,2,amine_head:016|oxoester_aldehyde_body_tail:005|isocyanide_tail:003,amine_head|oxoester_aldehyde_body_tail|isocyanide_tail,cyclic_amine,ester,alkyl,41_64,neutral,2plus,present,ring
CCCCCCC/C=C\C(=O)OCCCCCC(C(=O)NCCCCCCCCCCCCCCCCCC)N1CCC(N)CC1,ugi_3cr_agile,2,amine_head:010|oxoester_aldehyde_body_tail:005|isocyanide_tail:004,amine_head|oxoester_aldehyde_body_tail|isocyanide_tail,cyclic_amine,ester,alkyl,41_64,neutral,2plus,present,ring
CCCCCCC/C=C\C(=O)OCCCCCC(C(=O)NCCCCCCCCCCCCCCCCCC)N1CCN(CCN)CC1,ugi_3cr_agile,2,amine_head:016|oxoester_aldehyde_body_tail:005|isocyanide_tail:004,amine_head|oxoester_aldehyde_body_tail|isocyanide_tail,cyclic_amine,ester,alkyl,41_64,neutral,2plus,present,ring
CCCCCCC/C=C\C(=O)OCCCCCC(NC1CCN(C)CC1)C(=O)NCCCCCCCC/C=C\CCCCCCCC,ugi_3cr_agile,2,amine_head:008|oxoester_aldehyde_body_tail:005|isocyanide_tail:000,amine_head|oxoester_aldehyde_body_tail|isocyanide_tail,cyclic_amine,ester,alkyl,41_64,neutral,2plus,present,ring
CCCCCCC/C=C\C(=O)OCCCCCC(NC1CCN(C)CC1)C(=O)NCCCCCCCCCCCC,ugi_3cr_agile,2,amine_head:008|oxoester_aldehyde_body_tail:005|isocyanide_tail:001,amine_head|oxoester_aldehyde_body_tail|isocyanide_tail,cyclic_amine,ester,alkyl,41_64,neutral,2plus,present,ring
CCCCCCC/C=C\C(=O)OCCCCCC(NC1CCN(C)CC1)C(=O)NCCCCCCCCCCCCCC,ugi_3cr_agile,2,amine_head:008|oxoester_aldehyde_body_tail:005|isocyanide_tail:002,amine_head|oxoester_aldehyde_body_tail|isocyanide_tail,cyclic_amine,ester,alkyl,41_64,neutral,2plus,present,ring
CCCCCCC/C=C\C(=O)OCCCCCC(NC1CCN(C)CC1)C(=O)NCCCCCCCCCCCCCCCC,ugi_3cr_agile,2,amine_head:008|oxoester_aldehyde_body_tail:005|isocyanide_tail:003,amine_head|oxoester_aldehyde_body_tail|isocyanide_tail,cyclic_amine,ester,alkyl,41_64,neutral,2plus,present,ring
CCCCCCC/C=C\C(=O)OCCCCCC(NC1CCN(C)CC1)C(=O)NCCCCCCCCCCCCCCCCCC,ugi_3cr_agile,2,amine_head:008|oxoester_aldehyde_body_tail:005|isocyanide_tail:004,amine_head|oxoester_aldehyde_body_tail|isocyanide_tail,cyclic_amine,ester,alkyl,41_64,neutral,2plus,present,ring
CCCCCCC/C=C\C(=O)OCCCCCC(NC1CCNCC1)C(=O)NCCCCCCCC/C=C\CCCCCCCC,ugi_3cr_agile,2,amine_head:010|oxoester_aldehyde_body_tail:005|isocyanide_tail:000,amine_head|oxoester_aldehyde_body_tail|isocyanide_tail,cyclic_amine,ester,alkyl,41_64,neutral,2plus,present,ring
CCCCCCC/C=C\C(=O)OCCCCCC(NC1CCNCC1)C(=O)NCCCCCCCCCCCC,ugi_3cr_agile,2,amine_head:010|oxoester_aldehyde_body_tail:005|isocyanide_tail:001,amine_head|oxoester_aldehyde_body_tail|isocyanide_tail,cyclic_amine,ester,alkyl,le40,neutral,2plus,present,ring
CCCCCCC/C=C\C(=O)OCCCCCC(NC1CCNCC1)C(=O)NCCCCCCCCCCCCCC,ugi_3cr_agile,2,amine_head:010|oxoester_aldehyde_body_tail:005|isocyanide_tail:002,amine_head|oxoester_aldehyde_body_tail|isocyanide_tail,cyclic_amine,ester,alkyl,41_64,neutral,2plus,present,ring
CCCCCCC/C=C\C(=O)OCCCCCC(NC1CCNCC1)C(=O)NCCCCCCCCCCCCCCCC,ugi_3cr_agile,2,amine_head:010|oxoester_aldehyde_body_tail:005|isocyanide_tail:003,amine_head|oxoester_aldehyde_body_tail|isocyanide_tail,cyclic_amine,ester,alkyl,41_64,neutral,2plus,present,ring
CCCCCCC/C=C\C(=O)OCCCCCC(NC1CCNCC1)C(=O)NCCCCCCCCCCCCCCCCCC,ugi_3cr_agile,2,amine_head:010|oxoester_aldehyde_body_tail:005|isocyanide_tail:004,amine_head|oxoester_aldehyde_body_tail|isocyanide_tail,cyclic_amine,ester,alkyl,41_64,neutral,2plus,present,ring
CCCCCCC/C=C\C(=O)OCCCCCC(NCC1CCCN1CC)C(=O)NCCCCCCCC/C=C\CCCCCCCC,ugi_3cr_agile,2,amine_head:004|oxoester_aldehyde_body_tail:005|isocyanide_tail:000,amine_head|oxoester_aldehyde_body_tail|isocyanide_tail,cyclic_amine,ester,alkyl,41_64,neutral,2plus,present,ring
CCCCCCC/C=C\C(=O)OCCCCCC(NCC1CCCN1CC)C(=O)NCCCCCCCCCCCC,ugi_3cr_agile,2,amine_head:004|oxoester_aldehyde_body_tail:005|isocyanide_tail:001,amine_head|oxoester_aldehyde_body_tail|isocyanide_tail,cyclic_amine,ester,alkyl,41_64,neutral,2plus,present,ring
CCCCCCC/C=C\C(=O)OCCCCCC(NCC1CCCN1CC)C(=O)NCCCCCCCCCCCCCC,ugi_3cr_agile,2,amine_head:004|oxoester_aldehyde_body_tail:005|isocyanide_tail:002,amine_head|oxoester_aldehyde_body_tail|isocyanide_tail,cyclic_amine,ester,alkyl,41_64,neutral,2plus,present,ring
CCCCCCC/C=C\C(=O)OCCCCCC(NCC1CCCN1CC)C(=O)NCCCCCCCCCCCCCCCC,ugi_3cr_agile,2,amine_head:004|oxoester_aldehyde_body_tail:005|isocyanide_tail:003,amine_head|oxoester_aldehyde_body_tail|isocyanide_tail,cyclic_amine,ester,alkyl,41_64,neutral,2plus,present,ring
CCCCCCC/C=C\C(=O)OCCCCCC(NCC1CCCN1CC)C(=O)NCCCCCCCCCCCCCCCCCC,ugi_3cr_agile,2,amine_head:004|oxoester_aldehyde_body_tail:005|isocyanide_tail:004,amine_head|oxoester_aldehyde_body_tail|isocyanide_tail,cyclic_amine,ester,alkyl,41_64,neutral,2plus,present,ring
CCCCCCC/C=C\C(=O)OCCCCCC(NCCCN(C)C)C(=O)NCCCCCCCC/C=C\CCCCCCCC,ugi_3cr_agile,2,amine_head:005|oxoester_aldehyde_body_tail:005|isocyanide_tail:000,amine_head|oxoester_aldehyde_body_tail|isocyanide_tail,diamine,ester,alkyl,41_64,neutral,2plus,present,acyclic
CCCCCCC/C=C\C(=O)OCCCCCC(NCCCN(C)C)C(=O)NCCCCCCCCCCCC,ugi_3cr_agile,2,amine_head:005|oxoester_aldehyde_body_tail:005|isocyanide_tail:001,amine_head|oxoester_aldehyde_body_tail|isocyanide_tail,diamine,ester,alkyl,le40,neutral,2plus,present,acyclic
CCCCCCC/C=C\C(=O)OCCCCCC(NCCCN(C)C)C(=O)NCCCCCCCCCCCCCC,ugi_3cr_agile,2,amine_head:005|oxoester_aldehyde_body_tail:005|isocyanide_tail:002,amine_head|oxoester_aldehyde_body_tail|isocyanide_tail,diamine,ester,alkyl,41_64,neutral,2plus,present,acyclic
CCCCCCC/C=C\C(=O)OCCCCCC(NCCCN(C)C)C(=O)NCCCCCCCCCCCCCCCC,ugi_3cr_agile,2,amine_head:005|oxoester_aldehyde_body_tail:005|isocyanide_tail:003,amine_head|oxoester_aldehyde_body_tail|isocyanide_tail,diamine,ester,alkyl,41_64,neutral,2plus,present,acyclic
CCCCCCC/C=C\C(=O)OCCCCCC(NCCCN(C)C)C(=O)NCCCCCCCCCCCCCCCCCC,ugi_3cr_agile,2,amine_head:005|oxoester_aldehyde_body_tail:005|isocyanide_tail:004,amine_head|oxoester_aldehyde_body_tail|isocyanide_tail,diamine,ester,alkyl,41_64,neutral,2plus,present,acyclic
CCCCCCC/C=C\C(=O)OCCCCCC(NCCCN(C)CCCN)C(=O)NCCCCCCCC/C=C\CCCCCCCC,ugi_3cr_agile,2,amine_head:007|oxoester_aldehyde_body_tail:005|isocyanide_tail:000,amine_head|oxoester_aldehyde_body_tail|isocyanide_tail,polyamine,ester,alkyl,41_64,neutral,2plus,present,acyclic
CCCCCCC/C=C\C(=O)OCCCCCC(NCCCN(C)CCCN)C(=O)NCCCCCCCCCCCC,ugi_3cr_agile,2,amine_head:007|oxoester_aldehyde_body_tail:005|isocyanide_tail:001,amine_head|oxoester_aldehyde_body_tail|isocyanide_tail,polyamine,ester,alkyl,41_64,neutral,2plus,present,acyclic
CCCCCCC/C=C\C(=O)OCCCCCC(NCCCN(C)CCCN)C(=O)NCCCCCCCCCCCCCC,ugi_3cr_agile,2,amine_head:007|oxoester_aldehyde_body_tail:005|isocyanide_tail:002,amine_head|oxoester_aldehyde_body_tail|isocyanide_tail,polyamine,ester,alkyl,41_64,neutral,2plus,present,acyclic
CCCCCCC/C=C\C(=O)OCCCCCC(NCCCN(C)CCCN)C(=O)NCCCCCCCCCCCCCCCC,ugi_3cr_agile,2,amine_head:007|oxoester_aldehyde_body_tail:005|isocyanide_tail:003,amine_head|oxoester_aldehyde_body_tail|isocyanide_tail,polyamine,ester,alkyl,41_64,neutral,2plus,present,acyclic
CCCCCCC/C=C\C(=O)OCCCCCC(NCCCN(C)CCCN)C(=O)NCCCCCCCCCCCCCCCCCC,ugi_3cr_agile,2,amine_head:007|oxoester_aldehyde_body_tail:005|isocyanide_tail:004,amine_head|oxoester_aldehyde_body_tail|isocyanide_tail,polyamine,ester,alkyl,41_64,neutral,2plus,present,acyclic
CCCCCCC/C=C\C(=O)OCCCCCC(NCCCN(CC)CC)C(=O)NCCCCCCCC/C=C\CCCCCCCC,ugi_3cr_agile,2,amine_head:002|oxoester_aldehyde_body_tail:005|isocyanide_tail:000,amine_head|oxoester_aldehyde_body_tail|isocyanide_tail,diamine,ester,alkyl,41_64,neutral,2plus,present,acyclic
CCCCCCC/C=C\C(=O)OCCCCCC(NCCCN(CC)CC)C(=O)NCCCCCCCCCCCC,ugi_3cr_agile,2,amine_head:002|oxoester_aldehyde_body_tail:005|isocyanide_tail:001,amine_head|oxoester_aldehyde_body_tail|isocyanide_tail,diamine,ester,alkyl,41_64,neutral,2plus,present,acyclic
CCCCCCC/C=C\C(=O)OCCCCCC(NCCCN(CC)CC)C(=O)NCCCCCCCCCCCCCC,ugi_3cr_agile,2,amine_head:002|oxoester_aldehyde_body_tail:005|isocyanide_tail:002,amine_head|oxoester_aldehyde_body_tail|isocyanide_tail,diamine,ester,alkyl,41_64,neutral,2plus,present,acyclic
CCCCCCC/C=C\C(=O)OCCCCCC(NCCCN(CC)CC)C(=O)NCCCCCCCCCCCCCCCC,ugi_3cr_agile,2,amine_head:002|oxoester_aldehyde_body_tail:005|isocyanide_tail:003,amine_head|oxoester_aldehyde_body_tail|isocyanide_tail,diamine,ester,alkyl,41_64,neutral,2plus,present,acyclic
CCCCCCC/C=C\C(=O)OCCCCCC(NCCCN(CC)CC)C(=O)NCCCCCCCCCCCCCCCCCC,ugi_3cr_agile,2,amine_head:002|oxoester_aldehyde_body_tail:005|isocyanide_tail:004,amine_head|oxoester_aldehyde_body_tail|isocyanide_tail,diamine,ester,alkyl,41_64,neutral,2plus,present,acyclic
CCCCCCC/C=C\C(=O)OCCCCCC(NCCCN(CCCC)CCCC)C(=O)NCCCCCCCC/C=C\CCCCCCCC,ugi_3cr_agile,2,amine_head:001|oxoester_aldehyde_body_tail:005|isocyanide_tail:000,amine_head|oxoester_aldehyde_body_tail|isocyanide_tail,diamine,ester,alkyl,41_64,neutral,2plus,present,acyclic
CCCCCCC/C=C\C(=O)OCCCCCC(NCCCN(CCCC)CCCC)C(=O)NCCCCCCCCCCCC,ugi_3cr_agile,2,amine_head:001|oxoester_aldehyde_body_tail:005|isocyanide_tail:001,amine_head|oxoester_aldehyde_body_tail|isocyanide_tail,diamine,ester,alkyl,41_64,neutral,2plus,present,acyclic
CCCCCCC/C=C\C(=O)OCCCCCC(NCCCN(CCCC)CCCC)C(=O)NCCCCCCCCCCCCCC,ugi_3cr_agile,2,amine_head:001|oxoester_aldehyde_body_tail:005|isocyanide_tail:002,amine_head|oxoester_aldehyde_body_tail|isocyanide_tail,diamine,ester,alkyl,41_64,neutral,2plus,present,acyclic
CCCCCCC/C=C\C(=O)OCCCCCC(NCCCN(CCCC)CCCC)C(=O)NCCCCCCCCCCCCCCCC,ugi_3cr_agile,2,amine_head:001|oxoester_aldehyde_body_tail:005|isocyanide_tail:003,amine_head|oxoester_aldehyde_body_tail|isocyanide_tail,diamine,ester,alkyl,41_64,neutral,2plus,present,acyclic
CCCCCCC/C=C\C(=O)OCCCCCC(NCCCN(CCCC)CCCC)C(=O)NCCCCCCCCCCCCCCCCCC,ugi_3cr_agile,2,amine_head:001|oxoester_aldehyde_body_tail:005|isocyanide_tail:004,amine_head|oxoester_aldehyde_body_tail|isocyanide_tail,diamine,ester,alkyl,41_64,neutral,2plus,present,acyclic
CCCCCCC/C=C\C(=O)OCCCCCC(NCCCN1CCCC1)C(=O)NCCCCCCCC/C=C\CCCCCCCC,ugi_3cr_agile,2,amine_head:011|oxoester_aldehyde_body_tail:005|isocyanide_tail:000,amine_head|oxoester_aldehyde_body_tail|isocyanide_tail,cyclic_amine,ester,alkyl,41_64,neutral,2plus,present,ring
CCCCCCC/C=C\C(=O)OCCCCCC(NCCCN1CCCC1)C(=O)NCCCCCCCCCCCC,ugi_3cr_agile,2,amine_head:011|oxoester_aldehyde_body_tail:005|isocyanide_tail:001,amine_head|oxoester_aldehyde_body_tail|isocyanide_tail,cyclic_amine,ester,alkyl,41_64,neutral,2plus,present,ring
CCCCCCC/C=C\C(=O)OCCCCCC(NCCCN1CCCC1)C(=O)NCCCCCCCCCCCCCC,ugi_3cr_agile,2,amine_head:011|oxoester_aldehyde_body_tail:005|isocyanide_tail:002,amine_head|oxoester_aldehyde_body_tail|isocyanide_tail,cyclic_amine,ester,alkyl,41_64,neutral,2plus,present,ring
CCCCCCC/C=C\C(=O)OCCCCCC(NCCCN1CCCC1)C(=O)NCCCCCCCCCCCCCCCC,ugi_3cr_agile,2,amine_head:011|oxoester_aldehyde_body_tail:005|isocyanide_tail:003,amine_head|oxoester_aldehyde_body_tail|isocyanide_tail,cyclic_amine,ester,alkyl,41_64,neutral,2plus,present,ring
CCCCCCC/C=C\C(=O)OCCCCCC(NCCCN1CCCC1)C(=O)NCCCCCCCCCCCCCCCCCC,ugi_3cr_agile,2,amine_head:011|oxoester_aldehyde_body_tail:005|isocyanide_tail:004,amine_head|oxoester_aldehyde_body_tail|isocyanide_tail,cyclic_amine,ester,alkyl,41_64,neutral,2plus,present,ring
CCCCCCC/C=C\C(=O)OCCCCCC(NCCCN1CCOCC1)C(=O)NCCCCCCCC/C=C\CCCCCCCC,ugi_3cr_agile,2,amine_head:012|oxoester_aldehyde_body_tail:005|isocyanide_tail:000,amine_head|oxoester_aldehyde_body_tail|isocyanide_tail,cyclic_amine,ester,alkyl,41_64,neutral,2plus,present,ring
CCCCCCC/C=C\C(=O)OCCCCCC(NCCCN1CCOCC1)C(=O)NCCCCCCCCCCCC,ugi_3cr_agile,2,amine_head:012|oxoester_aldehyde_body_tail:005|isocyanide_tail:001,amine_head|oxoester_aldehyde_body_tail|isocyanide_tail,cyclic_amine,ester,alkyl,41_64,neutral,2plus,present,ring
CCCCCCC/C=C\C(=O)OCCCCCC(NCCCN1CCOCC1)C(=O)NCCCCCCCCCCCCCC,ugi_3cr_agile,2,amine_head:012|oxoester_aldehyde_body_tail:005|isocyanide_tail:002,amine_head|oxoester_aldehyde_body_tail|isocyanide_tail,cyclic_amine,ester,alkyl,41_64,neutral,2plus,present,ring
CCCCCCC/C=C\C(=O)OCCCCCC(NCCCN1CCOCC1)C(=O)NCCCCCCCCCCCCCCCC,ugi_3cr_agile,2,amine_head:012|oxoester_aldehyde_body_tail:005|isocyanide_tail:003,amine_head|oxoester_aldehyde_body_tail|isocyanide_tail,cyclic_amine,ester,alkyl,41_64,neutral,2plus,present,ring
CCCCCCC/C=C\C(=O)OCCCCCC(NCCCN1CCOCC1)C(=O)NCCCCCCCCCCCCCCCCCC,ugi_3cr_agile,2,amine_head:012|oxoester_aldehyde_body_tail:005|isocyanide_tail:004,amine_head|oxoester_aldehyde_body_tail|isocyanide_tail,cyclic_amine,ester,alkyl,41_64,neutral,2plus,present,ring
CCCCCCC/C=C\C(=O)OCCCCCC(NCCN(C(C)C)C(C)C)C(=O)NCCCCCCCC/C=C\CCCCCCCC,ugi_3cr_agile,2,amine_head:000|oxoester_aldehyde_body_tail:005|isocyanide_tail:000,amine_head|oxoester_aldehyde_body_tail|isocyanide_tail,diamine,ester,alkyl,41_64,neutral,2plus,present,acyclic
CCCCCCC/C=C\C(=O)OCCCCCC(NCCN(C(C)C)C(C)C)C(=O)NCCCCCCCCCCCC,ugi_3cr_agile,2,amine_head:000|oxoester_aldehyde_body_tail:005|isocyanide_tail:001,amine_head|oxoester_aldehyde_body_tail|isocyanide_tail,diamine,ester,alkyl,41_64,neutral,2plus,present,acyclic
CCCCCCC/C=C\C(=O)OCCCCCC(NCCN(C(C)C)C(C)C)C(=O)NCCCCCCCCCCCCCC,ugi_3cr_agile,2,amine_head:000|oxoester_aldehyde_body_tail:005|isocyanide_tail:002,amine_head|oxoester_aldehyde_body_tail|isocyanide_tail,diamine,ester,alkyl,41_64,neutral,2plus,present,acyclic
CCCCCCC/C=C\C(=O)OCCCCCC(NCCN(C(C)C)C(C)C)C(=O)NCCCCCCCCCCCCCCCC,ugi_3cr_agile,2,amine_head:000|oxoester_aldehyde_body_tail:005|isocyanide_tail:003,amine_head|oxoester_aldehyde_body_tail|isocyanide_tail,diamine,ester,alkyl,41_64,neutral,2plus,present,acyclic
CCCCCCC/C=C\C(=O)OCCCCCC(NCCN(C(C)C)C(C)C)C(=O)NCCCCCCCCCCCCCCCCCC,ugi_3cr_agile,2,amine_head:000|oxoester_aldehyde_body_tail:005|isocyanide_tail:004,amine_head|oxoester_aldehyde_body_tail|isocyanide_tail,diamine,ester,alkyl,41_64,neutral,2plus,present,acyclic
CCCCCCC/C=C\C(=O)OCCCCCC(NCCN(C)C)C(=O)NCCCCCCCC/C=C\CCCCCCCC,ugi_3cr_agile,2,amine_head:006|oxoester_aldehyde_body_tail:005|isocyanide_tail:000,amine_head|oxoester_aldehyde_body_tail|isocyanide_tail,diamine,ester,alkyl,41_64,neutral,2plus,present,acyclic
CCCCCCC/C=C\C(=O)OCCCCCC(NCCN(C)C)C(=O)NCCCCCCCCCCCC,ugi_3cr_agile,2,amine_head:006|oxoester_aldehyde_body_tail:005|isocyanide_tail:001,amine_head|oxoester_aldehyde_body_tail|isocyanide_tail,diamine,ester,alkyl,le40,neutral,2plus,present,acyclic
CCCCCCC/C=C\C(=O)OCCCCCC(NCCN(C)C)C(=O)NCCCCCCCCCCCCCC,ugi_3cr_agile,2,amine_head:006|oxoester_aldehyde_body_tail:005|isocyanide_tail:002,amine_head|oxoester_aldehyde_body_tail|isocyanide_tail,diamine,ester,alkyl,41_64,neutral,2plus,present,acyclic
CCCCCCC/C=C\C(=O)OCCCCCC(NCCN(C)C)C(=O)NCCCCCCCCCCCCCCCC,ugi_3cr_agile,2,amine_head:006|oxoester_aldehyde_body_tail:005|isocyanide_tail:003,amine_head|oxoester_aldehyde_body_tail|isocyanide_tail,diamine,ester,alkyl,41_64,neutral,2plus,present,acyclic
CCCCCCC/C=C\C(=O)OCCCCCC(NCCN(C)C)C(=O)NCCCCCCCCCCCCCCCCCC,ugi_3cr_agile,2,amine_head:006|oxoester_aldehyde_body_tail:005|isocyanide_tail:004,amine_head|oxoester_aldehyde_body_tail|isocyanide_tail,diamine,ester,alkyl,41_64,neutral,2plus,present,acyclic
CCCCCCC/C=C\C(=O)OCCCCCC(NCCN(CC)CC)C(=O)NCCCCCCCC/C=C\CCCCCCCC,ugi_3cr_agile,2,amine_head:003|oxoester_aldehyde_body_tail:005|isocyanide_tail:000,amine_head|oxoester_aldehyde_body_tail|isocyanide_tail,diamine,ester,alkyl,41_64,neutral,2plus,present,acyclic
CCCCCCC/C=C\C(=O)OCCCCCC(NCCN(CC)CC)C(=O)NCCCCCCCCCCCC,ugi_3cr_agile,2,amine_head:003|oxoester_aldehyde_body_tail:005|isocyanide_tail:001,amine_head|oxoester_aldehyde_body_tail|isocyanide_tail,diamine,ester,alkyl,41_64,neutral,2plus,present,acyclic
CCCCCCC/C=C\C(=O)OCCCCCC(NCCN(CC)CC)C(=O)NCCCCCCCCCCCCCC,ugi_3cr_agile,2,amine_head:003|oxoester_aldehyde_body_tail:005|isocyanide_tail:002,amine_head|oxoester_aldehyde_body_tail|isocyanide_tail,diamine,ester,alkyl,41_64,neutral,2plus,present,acyclic
CCCCCCC/C=C\C(=O)OCCCCCC(NCCN(CC)CC)C(=O)NCCCCCCCCCCCCCCCC,ugi_3cr_agile,2,amine_head:003|oxoester_aldehyde_body_tail:005|isocyanide_tail:003,amine_head|oxoester_aldehyde_body_tail|isocyanide_tail,diamine,ester,alkyl,41_64,neutral,2plus,present,acyclic
CCCCCCC/C=C\C(=O)OCCCCCC(NCCN(CC)CC)C(=O)NCCCCCCCCCCCCCCCCCC,ugi_3cr_agile,2,amine_head:003|oxoester_aldehyde_body_tail:005|isocyanide_tail:004,amine_head|oxoester_aldehyde_body_tail|isocyanide_tail,diamine,ester,alkyl,41_64,neutral,2plus,present,acyclic
CCCCCCC/C=C\C(=O)OCCCCCC(NCCN(CCN)CCN)C(=O)NCCCCCCCC/C=C\CCCCCCCC,ugi_3cr_agile,2,amine_head:013|oxoester_aldehyde_body_tail:005|isocyanide_tail:000,amine_head|oxoester_aldehyde_body_tail|isocyanide_tail,polyamine,ester,alkyl,41_64,neutral,2plus,present,acyclic
CCCCCCC/C=C\C(=O)OCCCCCC(NCCN(CCN)CCN)C(=O)NCCCCCCCCCCCC,ugi_3cr_agile,2,amine_head:013|oxoester_aldehyde_body_tail:005|isocyanide_tail:001,amine_head|oxoester_aldehyde_body_tail|isocyanide_tail,polyamine,ester,alkyl,41_64,neutral,2plus,present,acyclic
CCCCCCC/C=C\C(=O)OCCCCCC(NCCN(CCN)CCN)C(=O)NCCCCCCCCCCCCCC,ugi_3cr_agile,2,amine_head:013|oxoester_aldehyde_body_tail:005|isocyanide_tail:002,amine_head|oxoester_aldehyde_body_tail|isocyanide_tail,polyamine,ester,alkyl,41_64,neutral,2plus,present,acyclic
CCCCCCC/C=C\C(=O)OCCCCCC(NCCN(CCN)CCN)C(=O)NCCCCCCCCCCCCCCCC,ugi_3cr_agile,2,amine_head:013|oxoester_aldehyde_body_tail:005|isocyanide_tail:003,amine_head|oxoester_aldehyde_body_tail|isocyanide_tail,polyamine,ester,alkyl,41_64,neutral,2plus,present,acyclic
CCCCCCC/C=C\C(=O)OCCCCCC(NCCN(CCN)CCN)C(=O)NCCCCCCCCCCCCCCCCCC,ugi_3cr_agile,2,amine_head:013|oxoester_aldehyde_body_tail:005|isocyanide_tail:004,amine_head|oxoester_aldehyde_body_tail|isocyanide_tail,polyamine,ester,alkyl,41_64,neutral,2plus,present,acyclic
CCCCCCC/C=C\C(=O)OCCCCCC(NCCN1CCCC1)C(=O)NCCCCCCCC/C=C\CCCCCCCC,ugi_3cr_agile,2,amine_head:014|oxoester_aldehyde_body_tail:005|isocyanide_tail:000,amine_head|oxoester_aldehyde_body_tail|isocyanide_tail,cyclic_amine,ester,alkyl,41_64,neutral,2plus,present,ring
CCCCCCC/C=C\C(=O)OCCCCCC(NCCN1CCCC1)C(=O)NCCCCCCCCCCCC,ugi_3cr_agile,2,amine_head:014|oxoester_aldehyde_body_tail:005|isocyanide_tail:001,amine_head|oxoester_aldehyde_body_tail|isocyanide_tail,cyclic_amine,ester,alkyl,41_64,neutral,2plus,present,ring
CCCCCCC/C=C\C(=O)OCCCCCC(NCCN1CCCC1)C(=O)NCCCCCCCCCCCCCC,ugi_3cr_agile,2,amine_head:014|oxoester_aldehyde_body_tail:005|isocyanide_tail:002,amine_head|oxoester_aldehyde_body_tail|isocyanide_tail,cyclic_amine,ester,alkyl,41_64,neutral,2plus,present,ring
CCCCCCC/C=C\C(=O)OCCCCCC(NCCN1CCCC1)C(=O)NCCCCCCCCCCCCCCCC,ugi_3cr_agile,2,amine_head:014|oxoester_aldehyde_body_tail:005|isocyanide_tail:003,amine_head|oxoester_aldehyde_body_tail|isocyanide_tail,cyclic_amine,ester,alkyl,41_64,neutral,2plus,present,ring
CCCCCCC/C=C\C(=O)OCCCCCC(NCCN1CCCC1)C(=O)NCCCCCCCCCCCCCCCCCC,ugi_3cr_agile,2,amine_head:014|oxoester_aldehyde_body_tail:005|isocyanide_tail:004,amine_head|oxoester_aldehyde_body_tail|isocyanide_tail,cyclic_amine,ester,alkyl,41_64,neutral,2plus,present,ring
CCCCCCC/C=C\C(=O)OCCCCCC(NCCN1CCCCC1)C(=O)NCCCCCCCC/C=C\CCCCCCCC,ugi_3cr_agile,2,amine_head:015|oxoester_aldehyde_body_tail:005|isocyanide_tail:000,amine_head|oxoester_aldehyde_body_tail|isocyanide_tail,cyclic_amine,ester,alkyl,41_64,neutral,2plus,present,ring
CCCCCCC/C=C\C(=O)OCCCCCC(NCCN1CCCCC1)C(=O)NCCCCCCCCCCCC,ugi_3cr_agile,2,amine_head:015|oxoester_aldehyde_body_tail:005|isocyanide_tail:001,amine_head|oxoester_aldehyde_body_tail|isocyanide_tail,cyclic_amine,ester,alkyl,41_64,neutral,2plus,present,ring
CCCCCCC/C=C\C(=O)OCCCCCC(NCCN1CCCCC1)C(=O)NCCCCCCCCCCCCCC,ugi_3cr_agile,2,amine_head:015|oxoester_aldehyde_body_tail:005|isocyanide_tail:002,amine_head|oxoester_aldehyde_body_tail|isocyanide_tail,cyclic_amine,ester,alkyl,41_64,neutral,2plus,present,ring
CCCCCCC/C=C\C(=O)OCCCCCC(NCCN1CCCCC1)C(=O)NCCCCCCCCCCCCCCCC,ugi_3cr_agile,2,amine_head:015|oxoester_aldehyde_body_tail:005|isocyanide_tail:003,amine_head|oxoester_aldehyde_body_tail|isocyanide_tail,cyclic_amine,ester,alkyl,41_64,neutral,2plus,present,ring
CCCCCCC/C=C\C(=O)OCCCCCC(NCCN1CCCCC1)C(=O)NCCCCCCCCCCCCCCCCCC,ugi_3cr_agile,2,amine_head:015|oxoester_aldehyde_body_tail:005|isocyanide_tail:004,amine_head|oxoester_aldehyde_body_tail|isocyanide_tail,cyclic_amine,ester,alkyl,41_64,neutral,2plus,present,ring
CCCCCCC/C=C\C(=O)OCCCCCC(NCCN1CCNCC1)C(=O)NCCCCCCCC/C=C\CCCCCCCC,ugi_3cr_agile,2,amine_head:016|oxoester_aldehyde_body_tail:005|isocyanide_tail:000,amine_head|oxoester_aldehyde_body_tail|isocyanide_tail,cyclic_amine,ester,alkyl,41_64,neutral,2plus,present,ring
CCCCCCC/C=C\C(=O)OCCCCCC(NCCN1CCNCC1)C(=O)NCCCCCCCCCCCC,ugi_3cr_agile,2,amine_head:016|oxoester_aldehyde_body_tail:005|isocyanide_tail:001,amine_head|oxoester_aldehyde_body_tail|isocyanide_tail,cyclic_amine,ester,alkyl,41_64,neutral,2plus,present,ring
CCCCCCC/C=C\C(=O)OCCCCCC(NCCN1CCNCC1)C(=O)NCCCCCCCCCCCCCC,ugi_3cr_agile,2,amine_head:016|oxoester_aldehyde_body_tail:005|isocyanide_tail:002,amine_head|oxoester_aldehyde_body_tail|isocyanide_tail,cyclic_amine,ester,alkyl,41_64,neutral,2plus,present,ring
CCCCCCC/C=C\C(=O)OCCCCCC(NCCN1CCNCC1)C(=O)NCCCCCCCCCCCCCCCC,ugi_3cr_agile,2,amine_head:016|oxoester_aldehyde_body_tail:005|isocyanide_tail:003,amine_head|oxoester_aldehyde_body_tail|isocyanide_tail,cyclic_amine,ester,alkyl,41_64,neutral,2plus,present,ring
CCCCCCC/C=C\C(=O)OCCCCCC(NCCN1CCNCC1)C(=O)NCCCCCCCCCCCCCCCCCC,ugi_3cr_agile,2,amine_head:016|oxoester_aldehyde_body_tail:005|isocyanide_tail:004,amine_head|oxoester_aldehyde_body_tail|isocyanide_tail,cyclic_amine,ester,alkyl,41_64,neutral,2plus,present,ring
CCCCCCC/C=C\C(=O)OCCCCCC(NN1CCCCC1)C(=O)NCCCCCCCC/C=C\CCCCCCCC,ugi_3cr_agile,2,amine_head:017|oxoester_aldehyde_body_tail:005|isocyanide_tail:000,amine_head|oxoester_aldehyde_body_tail|isocyanide_tail,cyclic_amine,ester,alkyl,41_64,neutral,2plus,present,ring
CCCCCCC/C=C\C(=O)OCCCCCC(NN1CCCCC1)C(=O)NCCCCCCCCCCCC,ugi_3cr_agile,2,amine_head:017|oxoester_aldehyde_body_tail:005|isocyanide_tail:001,amine_head|oxoester_aldehyde_body_tail|isocyanide_tail,cyclic_amine,ester,alkyl,le40,neutral,2plus,present,ring
CCCCCCC/C=C\C(=O)OCCCCCC(NN1CCCCC1)C(=O)NCCCCCCCCCCCCCC,ugi_3cr_agile,2,amine_head:017|oxoester_aldehyde_body_tail:005|isocyanide_tail:002,amine_head|oxoester_aldehyde_body_tail|isocyanide_tail,cyclic_amine,ester,alkyl,41_64,neutral,2plus,present,ring
CCCCCCC/C=C\C(=O)OCCCCCC(NN1CCCCC1)C(=O)NCCCCCCCCCCCCCCCC,ugi_3cr_agile,2,amine_head:017|oxoester_aldehyde_body_tail:005|isocyanide_tail:003,amine_head|oxoester_aldehyde_body_tail|isocyanide_tail,cyclic_amine,ester,alkyl,41_64,neutral,2plus,present,ring
CCCCCCC/C=C\C(=O)OCCCCCC(NN1CCCCC1)C(=O)NCCCCCCCCCCCCCCCCCC,ugi_3cr_agile,2,amine_head:017|oxoester_aldehyde_body_tail:005|isocyanide_tail:004,amine_head|oxoester_aldehyde_body_tail|isocyanide_tail,cyclic_amine,ester,alkyl,41_64,neutral,2plus,present,ring
CCCCCCC/C=C\C(=O)OCCCCCC(NN1CCOCC1)C(=O)NCCCCCCCC/C=C\CCCCCCCC,ugi_3cr_agile,2,amine_head:018|oxoester_aldehyde_body_tail:005|isocyanide_tail:000,amine_head|oxoester_aldehyde_body_tail|isocyanide_tail,cyclic_amine,ester,alkyl,41_64,neutral,2plus,present,ring
CCCCCCC/C=C\C(=O)OCCCCCC(NN1CCOCC1)C(=O)NCCCCCCCCCCCC,ugi_3cr_agile,2,amine_head:018|oxoester_aldehyde_body_tail:005|isocyanide_tail:001,amine_head|oxoester_aldehyde_body_tail|isocyanide_tail,cyclic_amine,ester,alkyl,le40,neutral,2plus,present,ring
CCCCCCC/C=C\C(=O)OCCCCCC(NN1CCOCC1)C(=O)NCCCCCCCCCCCCCC,ugi_3cr_agile,2,amine_head:018|oxoester_aldehyde_body_tail:005|isocyanide_tail:002,amine_head|oxoester_aldehyde_body_tail|isocyanide_tail,cyclic_amine,ester,alkyl,41_64,neutral,2plus,present,ring
CCCCCCC/C=C\C(=O)OCCCCCC(NN1CCOCC1)C(=O)NCCCCCCCCCCCCCCCC,ugi_3cr_agile,2,amine_head:018|oxoester_aldehyde_body_tail:005|isocyanide_tail:003,amine_head|oxoester_aldehyde_body_tail|isocyanide_tail,cyclic_amine,ester,alkyl,41_64,neutral,2plus,present,ring
CCCCCCC/C=C\C(=O)OCCCCCC(NN1CCOCC1)C(=O)NCCCCCCCCCCCCCCCCCC,ugi_3cr_agile,2,amine_head:018|oxoester_aldehyde_body_tail:005|isocyanide_tail:004,amine_head|oxoester_aldehyde_body_tail|isocyanide_tail,cyclic_amine,ester,alkyl,41_64,neutral,2plus,present,ring
CCCCCCC/C=C\C(=O)OCCCCCC(Nc1cc(C)nn1C)C(=O)NCCCCCCCC/C=C\CCCCCCCC,ugi_3cr_agile,2,amine_head:009|oxoester_aldehyde_body_tail:005|isocyanide_tail:000,amine_head|oxoester_aldehyde_body_tail|isocyanide_tail,cyclic_amine,ester,alkyl,41_64,neutral,2plus,present,ring
CCCCCCC/C=C\C(=O)OCCCCCC(Nc1cc(C)nn1C)C(=O)NCCCCCCCCCCCC,ugi_3cr_agile,2,amine_head:009|oxoester_aldehyde_body_tail:005|isocyanide_tail:001,amine_head|oxoester_aldehyde_body_tail|isocyanide_tail,cyclic_amine,ester,alkyl,41_64,neutral,2plus,present,ring
CCCCCCC/C=C\C(=O)OCCCCCC(Nc1cc(C)nn1C)C(=O)NCCCCCCCCCCCCCC,ugi_3cr_agile,2,amine_head:009|oxoester_aldehyde_body_tail:005|isocyanide_tail:002,amine_head|oxoester_aldehyde_body_tail|isocyanide_tail,cyclic_amine,ester,alkyl,41_64,neutral,2plus,present,ring
CCCCCCC/C=C\C(=O)OCCCCCC(Nc1cc(C)nn1C)C(=O)NCCCCCCCCCCCCCCCC,ugi_3cr_agile,2,amine_head:009|oxoester_aldehyde_body_tail:005|isocyanide_tail:003,amine_head|oxoester_aldehyde_body_tail|isocyanide_tail,cyclic_amine,ester,alkyl,41_64,neutral,2plus,present,ring
CCCCCCC/C=C\C(=O)OCCCCCC(Nc1cc(C)nn1C)C(=O)NCCCCCCCCCCCCCCCCCC,ugi_3cr_agile,2,amine_head:009|oxoester_aldehyde_body_tail:005|isocyanide_tail:004,amine_head|oxoester_aldehyde_body_tail|isocyanide_tail,cyclic_amine,ester,alkyl,41_64,neutral,2plus,present,ring
CCCCCCC/C=C\C(=O)OCCCCCC(Nc1cn[nH]c1)C(=O)NCCCCCCCC/C=C\CCCCCCCC,ugi_3cr_agile,2,amine_head:019|oxoester_aldehyde_body_tail:005|isocyanide_tail:000,amine_head|oxoester_aldehyde_body_tail|isocyanide_tail,cyclic_amine,ester,alkyl,41_64,neutral,2plus,present,ring
CCCCCCC/C=C\C(=O)OCCCCCC(Nc1cn[nH]c1)C(=O)NCCCCCCCCCCCC,ugi_3cr_agile,2,amine_head:019|oxoester_aldehyde_body_tail:005|isocyanide_tail:001,amine_head|oxoester_aldehyde_body_tail|isocyanide_tail,cyclic_amine,ester,alkyl,le40,neutral,2plus,present,ring
CCCCCCC/C=C\C(=O)OCCCCCC(Nc1cn[nH]c1)C(=O)NCCCCCCCCCCCCCC,ugi_3cr_agile,2,amine_head:019|oxoester_aldehyde_body_tail:005|isocyanide_tail:002,amine_head|oxoester_aldehyde_body_tail|isocyanide_tail,cyclic_amine,ester,alkyl,41_64,neutral,2plus,present,ring
CCCCCCC/C=C\C(=O)OCCCCCC(Nc1cn[nH]c1)C(=O)NCCCCCCCCCCCCCCCC,ugi_3cr_agile,2,amine_head:019|oxoester_aldehyde_body_tail:005|isocyanide_tail:003,amine_head|oxoester_aldehyde_body_tail|isocyanide_tail,cyclic_amine,ester,alkyl,41_64,neutral,2plus,present,ring
CCCCCCC/C=C\C(=O)OCCCCCC(Nc1cn[nH]c1)C(=O)NCCCCCCCCCCCCCCCCCC,ugi_3cr_agile,2,amine_head:019|oxoester_aldehyde_body_tail:005|isocyanide_tail:004,amine_head|oxoester_aldehyde_body_tail|isocyanide_tail,cyclic_amine,ester,alkyl,41_64,neutral,2plus,present,ring
CCCCCCCC/C=C\CCCCCCCC(=O)OCCCCCC(C(=O)NCCCCCCCCCCCC)N1CCC(N)CC1,ugi_3cr_agile,2,amine_head:010|oxoester_aldehyde_body_tail:006|isocyanide_tail:001,amine_head|oxoester_aldehyde_body_tail|isocyanide_tail,cyclic_amine,ester,alkyl,41_64,neutral,2plus,present,ring
CCCCCCCC/C=C\CCCCCCCC(=O)OCCCCCC(C(=O)NCCCCCCCCCCCC)N1CCN(CCN)CC1,ugi_3cr_agile,2,amine_head:016|oxoester_aldehyde_body_tail:006|isocyanide_tail:001,amine_head|oxoester_aldehyde_body_tail|isocyanide_tail,cyclic_amine,ester,alkyl,41_64,neutral,2plus,present,ring
CCCCCCCC/C=C\CCCCCCCC(=O)OCCCCCC(C(=O)NCCCCCCCCCCCCCC)N1CCC(N)CC1,ugi_3cr_agile,2,amine_head:010|oxoester_aldehyde_body_tail:006|isocyanide_tail:002,amine_head|oxoester_aldehyde_body_tail|isocyanide_tail,cyclic_amine,ester,alkyl,41_64,neutral,2plus,present,ring
CCCCCCCC/C=C\CCCCCCCC(=O)OCCCCCC(C(=O)NCCCCCCCCCCCCCC)N1CCN(CCN)CC1,ugi_3cr_agile,2,amine_head:016|oxoester_aldehyde_body_tail:006|isocyanide_tail:002,amine_head|oxoester_aldehyde_body_tail|isocyanide_tail,cyclic_amine,ester,alkyl,41_64,neutral,2plus,present,ring
CCCCCCCC/C=C\CCCCCCCC(=O)OCCCCCC(C(=O)NCCCCCCCCCCCCCCCC)N1CCC(N)CC1,ugi_3cr_agile,2,amine_head:010|oxoester_aldehyde_body_tail:006|isocyanide_tail:003,amine_head|oxoester_aldehyde_body_tail|isocyanide_tail,cyclic_amine,ester,alkyl,41_64,neutral,2plus,present,ring
CCCCCCCC/C=C\CCCCCCCC(=O)OCCCCCC(C(=O)NCCCCCCCCCCCCCCCC)N1CCN(CCN)CC1,ugi_3cr_agile,2,amine_head:016|oxoester_aldehyde_body_tail:006|isocyanide_tail:003,amine_head|oxoester_aldehyde_body_tail|isocyanide_tail,cyclic_amine,ester,alkyl,41_64,neutral,2plus,present,ring
CCCCCCCC/C=C\CCCCCCCC(=O)OCCCCCC(C(=O)NCCCCCCCCCCCCCCCCCC)N1CCC(N)CC1,ugi_3cr_agile,2,amine_head:010|oxoester_aldehyde_body_tail:006|isocyanide_tail:004,amine_head|oxoester_aldehyde_body_tail|isocyanide_tail,cyclic_amine,ester,alkyl,41_64,neutral,2plus,present,ring
CCCCCCCC/C=C\CCCCCCCC(=O)OCCCCCC(C(=O)NCCCCCCCCCCCCCCCCCC)N1CCN(CCN)CC1,ugi_3cr_agile,2,amine_head:016|oxoester_aldehyde_body_tail:006|isocyanide_tail:004,amine_head|oxoester_aldehyde_body_tail|isocyanide_tail,cyclic_amine,ester,alkyl,41_64,neutral,2plus,present,ring
CCCCCCCC/C=C\CCCCCCCC(=O)OCCCCCC(NC1CCN(C)CC1)C(=O)NCCCCCCCCCCCC,ugi_3cr_agile,2,amine_head:008|oxoester_aldehyde_body_tail:006|isocyanide_tail:001,amine_head|oxoester_aldehyde_body_tail|isocyanide_tail,cyclic_amine,ester,alkyl,41_64,neutral,2plus,present,ring
CCCCCCCC/C=C\CCCCCCCC(=O)OCCCCCC(NC1CCN(C)CC1)C(=O)NCCCCCCCCCCCCCC,ugi_3cr_agile,2,amine_head:008|oxoester_aldehyde_body_tail:006|isocyanide_tail:002,amine_head|oxoester_aldehyde_body_tail|isocyanide_tail,cyclic_amine,ester,alkyl,41_64,neutral,2plus,present,ring
CCCCCCCC/C=C\CCCCCCCC(=O)OCCCCCC(NC1CCN(C)CC1)C(=O)NCCCCCCCCCCCCCCCC,ugi_3cr_agile,2,amine_head:008|oxoester_aldehyde_body_tail:006|isocyanide_tail:003,amine_head|oxoester_aldehyde_body_tail|isocyanide_tail,cyclic_amine,ester,alkyl,41_64,neutral,2plus,present,ring
CCCCCCCC/C=C\CCCCCCCC(=O)OCCCCCC(NC1CCN(C)CC1)C(=O)NCCCCCCCCCCCCCCCCCC,ugi_3cr_agile,2,amine_head:008|oxoester_aldehyde_body_tail:006|isocyanide_tail:004,amine_head|oxoester_aldehyde_body_tail|isocyanide_tail,cyclic_amine,ester,alkyl,41_64,neutral,2plus,present,ring
CCCCCCCC/C=C\CCCCCCCC(=O)OCCCCCC(NC1CCNCC1)C(=O)NCCCCCCCCCCCC,ugi_3cr_agile,2,amine_head:010|oxoester_aldehyde_body_tail:006|isocyanide_tail:001,amine_head|oxoester_aldehyde_body_tail|isocyanide_tail,cyclic_amine,ester,alkyl,41_64,neutral,2plus,present,ring
CCCCCCCC/C=C\CCCCCCCC(=O)OCCCCCC(NC1CCNCC1)C(=O)NCCCCCCCCCCCCCC,ugi_3cr_agile,2,amine_head:010|oxoester_aldehyde_body_tail:006|isocyanide_tail:002,amine_head|oxoester_aldehyde_body_tail|isocyanide_tail,cyclic_amine,ester,alkyl,41_64,neutral,2plus,present,ring
CCCCCCCC/C=C\CCCCCCCC(=O)OCCCCCC(NC1CCNCC1)C(=O)NCCCCCCCCCCCCCCCC,ugi_3cr_agile,2,amine_head:010|oxoester_aldehyde_body_tail:006|isocyanide_tail:003,amine_head|oxoester_aldehyde_body_tail|isocyanide_tail,cyclic_amine,ester,alkyl,41_64,neutral,2plus,present,ring
CCCCCCCC/C=C\CCCCCCCC(=O)OCCCCCC(NC1CCNCC1)C(=O)NCCCCCCCCCCCCCCCCCC,ugi_3cr_agile,2,amine_head:010|oxoester_aldehyde_body_tail:006|isocyanide_tail:004,amine_head|oxoester_aldehyde_body_tail|isocyanide_tail,cyclic_amine,ester,alkyl,41_64,neutral,2plus,present,ring
CCCCCCCC/C=C\CCCCCCCC(=O)OCCCCCC(NCC1CCCN1CC)C(=O)NCCCCCCCCCCCC,ugi_3cr_agile,2,amine_head:004|oxoester_aldehyde_body_tail:006|isocyanide_tail:001,amine_head|oxoester_aldehyde_body_tail|isocyanide_tail,cyclic_amine,ester,alkyl,41_64,neutral,2plus,present,ring
CCCCCCCC/C=C\CCCCCCCC(=O)OCCCCCC(NCC1CCCN1CC)C(=O)NCCCCCCCCCCCCCC,ugi_3cr_agile,2,amine_head:004|oxoester_aldehyde_body_tail:006|isocyanide_tail:002,amine_head|oxoester_aldehyde_body_tail|isocyanide_tail,cyclic_amine,ester,alkyl,41_64,neutral,2plus,present,ring
CCCCCCCC/C=C\CCCCCCCC(=O)OCCCCCC(NCC1CCCN1CC)C(=O)NCCCCCCCCCCCCCCCC,ugi_3cr_agile,2,amine_head:004|oxoester_aldehyde_body_tail:006|isocyanide_tail:003,amine_head|oxoester_aldehyde_body_tail|isocyanide_tail,cyclic_amine,ester,alkyl,41_64,neutral,2plus,present,ring
CCCCCCCC/C=C\CCCCCCCC(=O)OCCCCCC(NCC1CCCN1CC)C(=O)NCCCCCCCCCCCCCCCCCC,ugi_3cr_agile,2,amine_head:004|oxoester_aldehyde_body_tail:006|isocyanide_tail:004,amine_head|oxoester_aldehyde_body_tail|isocyanide_tail,cyclic_amine,ester,alkyl,41_64,neutral,2plus,present,ring
CCCCCCCC/C=C\CCCCCCCC(=O)OCCCCCC(NCCCN(C)C)C(=O)NCCCCCCCCCCCC,ugi_3cr_agile,2,amine_head:005|oxoester_aldehyde_body_tail:006|isocyanide_tail:001,amine_head|oxoester_aldehyde_body_tail|isocyanide_tail,diamine,ester,alkyl,41_64,neutral,2plus,present,acyclic
CCCCCCCC/C=C\CCCCCCCC(=O)OCCCCCC(NCCCN(C)C)C(=O)NCCCCCCCCCCCCCC,ugi_3cr_agile,2,amine_head:005|oxoester_aldehyde_body_tail:006|isocyanide_tail:002,amine_head|oxoester_aldehyde_body_tail|isocyanide_tail,diamine,ester,alkyl,41_64,neutral,2plus,present,acyclic
CCCCCCCC/C=C\CCCCCCCC(=O)OCCCCCC(NCCCN(C)C)C(=O)NCCCCCCCCCCCCCCCC,ugi_3cr_agile,2,amine_head:005|oxoester_aldehyde_body_tail:006|isocyanide_tail:003,amine_head|oxoester_aldehyde_body_tail|isocyanide_tail,diamine,ester,alkyl,41_64,neutral,2plus,present,acyclic
CCCCCCCC/C=C\CCCCCCCC(=O)OCCCCCC(NCCCN(C)C)C(=O)NCCCCCCCCCCCCCCCCCC,ugi_3cr_agile,2,amine_head:005|oxoester_aldehyde_body_tail:006|isocyanide_tail:004,amine_head|oxoester_aldehyde_body_tail|isocyanide_tail,diamine,ester,alkyl,41_64,neutral,2plus,present,acyclic
CCCCCCCC/C=C\CCCCCCCC(=O)OCCCCCC(NCCCN(C)CCCN)C(=O)NCCCCCCCCCCCC,ugi_3cr_agile,2,amine_head:007|oxoester_aldehyde_body_tail:006|isocyanide_tail:001,amine_head|oxoester_aldehyde_body_tail|isocyanide_tail,polyamine,ester,alkyl,41_64,neutral,2plus,present,acyclic
CCCCCCCC/C=C\CCCCCCCC(=O)OCCCCCC(NCCCN(C)CCCN)C(=O)NCCCCCCCCCCCCCC,ugi_3cr_agile,2,amine_head:007|oxoester_aldehyde_body_tail:006|isocyanide_tail:002,amine_head|oxoester_aldehyde_body_tail|isocyanide_tail,polyamine,ester,alkyl,41_64,neutral,2plus,present,acyclic
CCCCCCCC/C=C\CCCCCCCC(=O)OCCCCCC(NCCCN(C)CCCN)C(=O)NCCCCCCCCCCCCCCCC,ugi_3cr_agile,2,amine_head:007|oxoester_aldehyde_body_tail:006|isocyanide_tail:003,amine_head|oxoester_aldehyde_body_tail|isocyanide_tail,polyamine,ester,alkyl,41_64,neutral,2plus,present,acyclic
CCCCCCCC/C=C\CCCCCCCC(=O)OCCCCCC(NCCCN(C)CCCN)C(=O)NCCCCCCCCCCCCCCCCCC,ugi_3cr_agile,2,amine_head:007|oxoester_aldehyde_body_tail:006|isocyanide_tail:004,amine_head|oxoester_aldehyde_body_tail|isocyanide_tail,polyamine,ester,alkyl,41_64,neutral,2plus,present,acyclic
CCCCCCCC/C=C\CCCCCCCC(=O)OCCCCCC(NCCCN(CC)CC)C(=O)NCCCCCCCCCCCC,ugi_3cr_agile,2,amine_head:002|oxoester_aldehyde_body_tail:006|isocyanide_tail:001,amine_head|oxoester_aldehyde_body_tail|isocyanide_tail,diamine,ester,alkyl,41_64,neutral,2plus,present,acyclic
CCCCCCCC/C=C\CCCCCCCC(=O)OCCCCCC(NCCCN(CC)CC)C(=O)NCCCCCCCCCCCCCC,ugi_3cr_agile,2,amine_head:002|oxoester_aldehyde_body_tail:006|isocyanide_tail:002,amine_head|oxoester_aldehyde_body_tail|isocyanide_tail,diamine,ester,alkyl,41_64,neutral,2plus,present,acyclic
CCCCCCCC/C=C\CCCCCCCC(=O)OCCCCCC(NCCCN(CC)CC)C(=O)NCCCCCCCCCCCCCCCC,ugi_3cr_agile,2,amine_head:002|oxoester_aldehyde_body_tail:006|isocyanide_tail:003,amine_head|oxoester_aldehyde_body_tail|isocyanide_tail,diamine,ester,alkyl,41_64,neutral,2plus,present,acyclic
CCCCCCCC/C=C\CCCCCCCC(=O)OCCCCCC(NCCCN(CC)CC)C(=O)NCCCCCCCCCCCCCCCCCC,ugi_3cr_agile,2,amine_head:002|oxoester_aldehyde_body_tail:006|isocyanide_tail:004,amine_head|oxoester_aldehyde_body_tail|isocyanide_tail,diamine,ester,alkyl,41_64,neutral,2plus,present,acyclic
CCCCCCCC/C=C\CCCCCCCC(=O)OCCCCCC(NCCCN(CCCC)CCCC)C(=O)NCCCCCCCCCCCC,ugi_3cr_agile,2,amine_head:001|oxoester_aldehyde_body_tail:006|isocyanide_tail:001,amine_head|oxoester_aldehyde_body_tail|isocyanide_tail,diamine,ester,alkyl,41_64,neutral,2plus,present,acyclic
CCCCCCCC/C=C\CCCCCCCC(=O)OCCCCCC(NCCCN(CCCC)CCCC)C(=O)NCCCCCCCCCCCCCC,ugi_3cr_agile,2,amine_head:001|oxoester_aldehyde_body_tail:006|isocyanide_tail:002,amine_head|oxoester_aldehyde_body_tail|isocyanide_tail,diamine,ester,alkyl,41_64,neutral,2plus,present,acyclic
CCCCCCCC/C=C\CCCCCCCC(=O)OCCCCCC(NCCCN(CCCC)CCCC)C(=O)NCCCCCCCCCCCCCCCC,ugi_3cr_agile,2,amine_head:001|oxoester_aldehyde_body_tail:006|isocyanide_tail:003,amine_head|oxoester_aldehyde_body_tail|isocyanide_tail,diamine,ester,alkyl,41_64,neutral,2plus,present,acyclic
CCCCCCCC/C=C\CCCCCCCC(=O)OCCCCCC(NCCCN(CCCC)CCCC)C(=O)NCCCCCCCCCCCCCCCCCC,ugi_3cr_agile,2,amine_head:001|oxoester_aldehyde_body_tail:006|isocyanide_tail:004,amine_head|oxoester_aldehyde_body_tail|isocyanide_tail,diamine,ester,alkyl,41_64,neutral,2plus,present,acyclic
CCCCCCCC/C=C\CCCCCCCC(=O)OCCCCCC(NCCCN1CCCC1)C(=O)NCCCCCCCCCCCC,ugi_3cr_agile,2,amine_head:011|oxoester_aldehyde_body_tail:006|isocyanide_tail:001,amine_head|oxoester_aldehyde_body_tail|isocyanide_tail,cyclic_amine,ester,alkyl,41_64,neutral,2plus,present,ring
CCCCCCCC/C=C\CCCCCCCC(=O)OCCCCCC(NCCCN1CCCC1)C(=O)NCCCCCCCCCCCCCC,ugi_3cr_agile,2,amine_head:011|oxoester_aldehyde_body_tail:006|isocyanide_tail:002,amine_head|oxoester_aldehyde_body_tail|isocyanide_tail,cyclic_amine,ester,alkyl,41_64,neutral,2plus,present,ring
CCCCCCCC/C=C\CCCCCCCC(=O)OCCCCCC(NCCCN1CCCC1)C(=O)NCCCCCCCCCCCCCCCC,ugi_3cr_agile,2,amine_head:011|oxoester_aldehyde_body_tail:006|isocyanide_tail:003,amine_head|oxoester_aldehyde_body_tail|isocyanide_tail,cyclic_amine,ester,alkyl,41_64,neutral,2plus,present,ring
CCCCCCCC/C=C\CCCCCCCC(=O)OCCCCCC(NCCCN1CCCC1)C(=O)NCCCCCCCCCCCCCCCCCC,ugi_3cr_agile,2,amine_head:011|oxoester_aldehyde_body_tail:006|isocyanide_tail:004,amine_head|oxoester_aldehyde_body_tail|isocyanide_tail,cyclic_amine,ester,alkyl,41_64,neutral,2plus,present,ring
CCCCCCCC/C=C\CCCCCCCC(=O)OCCCCCC(NCCCN1CCOCC1)C(=O)NCCCCCCCCCCCC,ugi_3cr_agile,2,amine_head:012|oxoester_aldehyde_body_tail:006|isocyanide_tail:001,amine_head|oxoester_aldehyde_body_tail|isocyanide_tail,cyclic_amine,ester,alkyl,41_64,neutral,2plus,present,ring
CCCCCCCC/C=C\CCCCCCCC(=O)OCCCCCC(NCCCN1CCOCC1)C(=O)NCCCCCCCCCCCCCC,ugi_3cr_agile,2,amine_head:012|oxoester_aldehyde_body_tail:006|isocyanide_tail:002,amine_head|oxoester_aldehyde_body_tail|isocyanide_tail,cyclic_amine,ester,alkyl,41_64,neutral,2plus,present,ring
CCCCCCCC/C=C\CCCCCCCC(=O)OCCCCCC(NCCCN1CCOCC1)C(=O)NCCCCCCCCCCCCCCCC,ugi_3cr_agile,2,amine_head:012|oxoester_aldehyde_body_tail:006|isocyanide_tail:003,amine_head|oxoester_aldehyde_body_tail|isocyanide_tail,cyclic_amine,ester,alkyl,41_64,neutral,2plus,present,ring
CCCCCCCC/C=C\CCCCCCCC(=O)OCCCCCC(NCCCN1CCOCC1)C(=O)NCCCCCCCCCCCCCCCCCC,ugi_3cr_agile,2,amine_head:012|oxoester_aldehyde_body_tail:006|isocyanide_tail:004,amine_head|oxoester_aldehyde_body_tail|isocyanide_tail,cyclic_amine,ester,alkyl,41_64,neutral,2plus,present,ring
CCCCCCCC/C=C\CCCCCCCC(=O)OCCCCCC(NCCN(C(C)C)C(C)C)C(=O)NCCCCCCCCCCCC,ugi_3cr_agile,2,amine_head:000|oxoester_aldehyde_body_tail:006|isocyanide_tail:001,amine_head|oxoester_aldehyde_body_tail|isocyanide_tail,diamine,ester,alkyl,41_64,neutral,2plus,present,acyclic
CCCCCCCC/C=C\CCCCCCCC(=O)OCCCCCC(NCCN(C(C)C)C(C)C)C(=O)NCCCCCCCCCCCCCC,ugi_3cr_agile,2,amine_head:000|oxoester_aldehyde_body_tail:006|isocyanide_tail:002,amine_head|oxoester_aldehyde_body_tail|isocyanide_tail,diamine,ester,alkyl,41_64,neutral,2plus,present,acyclic
CCCCCCCC/C=C\CCCCCCCC(=O)OCCCCCC(NCCN(C(C)C)C(C)C)C(=O)NCCCCCCCCCCCCCCCC,ugi_3cr_agile,2,amine_head:000|oxoester_aldehyde_body_tail:006|isocyanide_tail:003,amine_head|oxoester_aldehyde_body_tail|isocyanide_tail,diamine,ester,alkyl,41_64,neutral,2plus,present,acyclic
CCCCCCCC/C=C\CCCCCCCC(=O)OCCCCCC(NCCN(C(C)C)C(C)C)C(=O)NCCCCCCCCCCCCCCCCCC,ugi_3cr_agile,2,amine_head:000|oxoester_aldehyde_body_tail:006|isocyanide_tail:004,amine_head|oxoester_aldehyde_body_tail|isocyanide_tail,diamine,ester,alkyl,41_64,neutral,2plus,present,acyclic
CCCCCCCC/C=C\CCCCCCCC(=O)OCCCCCC(NCCN(C)C)C(=O)NCCCCCCCCCCCC,ugi_3cr_agile,2,amine_head:006|oxoester_aldehyde_body_tail:006|isocyanide_tail:001,amine_head|oxoester_aldehyde_body_tail|isocyanide_tail,diamine,ester,alkyl,41_64,neutral,2plus,present,acyclic
CCCCCCCC/C=C\CCCCCCCC(=O)OCCCCCC(NCCN(C)C)C(=O)NCCCCCCCCCCCCCC,ugi_3cr_agile,2,amine_head:006|oxoester_aldehyde_body_tail:006|isocyanide_tail:002,amine_head|oxoester_aldehyde_body_tail|isocyanide_tail,diamine,ester,alkyl,41_64,neutral,2plus,present,acyclic
CCCCCCCC/C=C\CCCCCCCC(=O)OCCCCCC(NCCN(C)C)C(=O)NCCCCCCCCCCCCCCCC,ugi_3cr_agile,2,amine_head:006|oxoester_aldehyde_body_tail:006|isocyanide_tail:003,amine_head|oxoester_aldehyde_body_tail|isocyanide_tail,diamine,ester,alkyl,41_64,neutral,2plus,present,acyclic
CCCCCCCC/C=C\CCCCCCCC(=O)OCCCCCC(NCCN(C)C)C(=O)NCCCCCCCCCCCCCCCCCC,ugi_3cr_agile,2,amine_head:006|oxoester_aldehyde_body_tail:006|isocyanide_tail:004,amine_head|oxoester_aldehyde_body_tail|isocyanide_tail,diamine,ester,alkyl,41_64,neutral,2plus,present,acyclic
CCCCCCCC/C=C\CCCCCCCC(=O)OCCCCCC(NCCN(CC)CC)C(=O)NCCCCCCCCCCCC,ugi_3cr_agile,2,amine_head:003|oxoester_aldehyde_body_tail:006|isocyanide_tail:001,amine_head|oxoester_aldehyde_body_tail|isocyanide_tail,diamine,ester,alkyl,41_64,neutral,2plus,present,acyclic
CCCCCCCC/C=C\CCCCCCCC(=O)OCCCCCC(NCCN(CC)CC)C(=O)NCCCCCCCCCCCCCC,ugi_3cr_agile,2,amine_head:003|oxoester_aldehyde_body_tail:006|isocyanide_tail:002,amine_head|oxoester_aldehyde_body_tail|isocyanide_tail,diamine,ester,alkyl,41_64,neutral,2plus,present,acyclic
CCCCCCCC/C=C\CCCCCCCC(=O)OCCCCCC(NCCN(CC)CC)C(=O)NCCCCCCCCCCCCCCCC,ugi_3cr_agile,2,amine_head:003|oxoester_aldehyde_body_tail:006|isocyanide_tail:003,amine_head|oxoester_aldehyde_body_tail|isocyanide_tail,diamine,ester,alkyl,41_64,neutral,2plus,present,acyclic
CCCCCCCC/C=C\CCCCCCCC(=O)OCCCCCC(NCCN(CC)CC)C(=O)NCCCCCCCCCCCCCCCCCC,ugi_3cr_agile,2,amine_head:003|oxoester_aldehyde_body_tail:006|isocyanide_tail:004,amine_head|oxoester_aldehyde_body_tail|isocyanide_tail,diamine,ester,alkyl,41_64,neutral,2plus,present,acyclic
CCCCCCCC/C=C\CCCCCCCC(=O)OCCCCCC(NCCN(CCN)CCN)C(=O)NCCCCCCCCCCCC,ugi_3cr_agile,2,amine_head:013|oxoester_aldehyde_body_tail:006|isocyanide_tail:001,amine_head|oxoester_aldehyde_body_tail|isocyanide_tail,polyamine,ester,alkyl,41_64,neutral,2plus,present,acyclic
CCCCCCCC/C=C\CCCCCCCC(=O)OCCCCCC(NCCN(CCN)CCN)C(=O)NCCCCCCCCCCCCCC,ugi_3cr_agile,2,amine_head:013|oxoester_aldehyde_body_tail:006|isocyanide_tail:002,amine_head|oxoester_aldehyde_body_tail|isocyanide_tail,polyamine,ester,alkyl,41_64,neutral,2plus,present,acyclic
CCCCCCCC/C=C\CCCCCCCC(=O)OCCCCCC(NCCN(CCN)CCN)C(=O)NCCCCCCCCCCCCCCCC,ugi_3cr_agile,2,amine_head:013|oxoester_aldehyde_body_tail:006|isocyanide_tail:003,amine_head|oxoester_aldehyde_body_tail|isocyanide_tail,polyamine,ester,alkyl,41_64,neutral,2plus,present,acyclic
CCCCCCCC/C=C\CCCCCCCC(=O)OCCCCCC(NCCN(CCN)CCN)C(=O)NCCCCCCCCCCCCCCCCCC,ugi_3cr_agile,2,amine_head:013|oxoester_aldehyde_body_tail:006|isocyanide_tail:004,amine_head|oxoester_aldehyde_body_tail|isocyanide_tail,polyamine,ester,alkyl,41_64,neutral,2plus,present,acyclic
CCCCCCCC/C=C\CCCCCCCC(=O)OCCCCCC(NCCN1CCCC1)C(=O)NCCCCCCCCCCCC,ugi_3cr_agile,2,amine_head:014|oxoester_aldehyde_body_tail:006|isocyanide_tail:001,amine_head|oxoester_aldehyde_body_tail|isocyanide_tail,cyclic_amine,ester,alkyl,41_64,neutral,2plus,present,ring
CCCCCCCC/C=C\CCCCCCCC(=O)OCCCCCC(NCCN1CCCC1)C(=O)NCCCCCCCCCCCCCC,ugi_3cr_agile,2,amine_head:014|oxoester_aldehyde_body_tail:006|isocyanide_tail:002,amine_head|oxoester_aldehyde_body_tail|isocyanide_tail,cyclic_amine,ester,alkyl,41_64,neutral,2plus,present,ring
CCCCCCCC/C=C\CCCCCCCC(=O)OCCCCCC(NCCN1CCCC1)C(=O)NCCCCCCCCCCCCCCCC,ugi_3cr_agile,2,amine_head:014|oxoester_aldehyde_body_tail:006|isocyanide_tail:003,amine_head|oxoester_aldehyde_body_tail|isocyanide_tail,cyclic_amine,ester,alkyl,41_64,neutral,2plus,present,ring
CCCCCCCC/C=C\CCCCCCCC(=O)OCCCCCC(NCCN1CCCC1)C(=O)NCCCCCCCCCCCCCCCCCC,ugi_3cr_agile,2,amine_head:014|oxoester_aldehyde_body_tail:006|isocyanide_tail:004,amine_head|oxoester_aldehyde_body_tail|isocyanide_tail,cyclic_amine,ester,alkyl,41_64,neutral,2plus,present,ring
CCCCCCCC/C=C\CCCCCCCC(=O)OCCCCCC(NCCN1CCCCC1)C(=O)NCCCCCCCCCCCC,ugi_3cr_agile,2,amine_head:015|oxoester_aldehyde_body_tail:006|isocyanide_tail:001,amine_head|oxoester_aldehyde_body_tail|isocyanide_tail,cyclic_amine,ester,alkyl,41_64,neutral,2plus,present,ring
CCCCCCCC/C=C\CCCCCCCC(=O)OCCCCCC(NCCN1CCCCC1)C(=O)NCCCCCCCCCCCCCC,ugi_3cr_agile,2,amine_head:015|oxoester_aldehyde_body_tail:006|isocyanide_tail:002,amine_head|oxoester_aldehyde_body_tail|isocyanide_tail,cyclic_amine,ester,alkyl,41_64,neutral,2plus,present,ring
CCCCCCCC/C=C\CCCCCCCC(=O)OCCCCCC(NCCN1CCCCC1)C(=O)NCCCCCCCCCCCCCCCC,ugi_3cr_agile,2,amine_head:015|oxoester_aldehyde_body_tail:006|isocyanide_tail:003,amine_head|oxoester_aldehyde_body_tail|isocyanide_tail,cyclic_amine,ester,alkyl,41_64,neutral,2plus,present,ring
CCCCCCCC/C=C\CCCCCCCC(=O)OCCCCCC(NCCN1CCCCC1)C(=O)NCCCCCCCCCCCCCCCCCC,ugi_3cr_agile,2,amine_head:015|oxoester_aldehyde_body_tail:006|isocyanide_tail:004,amine_head|oxoester_aldehyde_body_tail|isocyanide_tail,cyclic_amine,ester,alkyl,41_64,neutral,2plus,present,ring
CCCCCCCC/C=C\CCCCCCCC(=O)OCCCCCC(NCCN1CCNCC1)C(=O)NCCCCCCCCCCCC,ugi_3cr_agile,2,amine_head:016|oxoester_aldehyde_body_tail:006|isocyanide_tail:001,amine_head|oxoester_aldehyde_body_tail|isocyanide_tail,cyclic_amine,ester,alkyl,41_64,neutral,2plus,present,ring
CCCCCCCC/C=C\CCCCCCCC(=O)OCCCCCC(NCCN1CCNCC1)C(=O)NCCCCCCCCCCCCCC,ugi_3cr_agile,2,amine_head:016|oxoester_aldehyde_body_tail:006|isocyanide_tail:002,amine_head|oxoester_aldehyde_body_tail|isocyanide_tail,cyclic_amine,ester,alkyl,41_64,neutral,2plus,present,ring
CCCCCCCC/C=C\CCCCCCCC(=O)OCCCCCC(NCCN1CCNCC1)C(=O)NCCCCCCCCCCCCCCCC,ugi_3cr_agile,2,amine_head:016|oxoester_aldehyde_body_tail:006|isocyanide_tail:003,amine_head|oxoester_aldehyde_body_tail|isocyanide_tail,cyclic_amine,ester,alkyl,41_64,neutral,2plus,present,ring
CCCCCCCC/C=C\CCCCCCCC(=O)OCCCCCC(NCCN1CCNCC1)C(=O)NCCCCCCCCCCCCCCCCCC,ugi_3cr_agile,2,amine_head:016|oxoester_aldehyde_body_tail:006|isocyanide_tail:004,amine_head|oxoester_aldehyde_body_tail|isocyanide_tail,cyclic_amine,ester,alkyl,41_64,neutral,2plus,present,ring
CCCCCCCC/C=C\CCCCCCCC(=O)OCCCCCC(NN1CCCCC1)C(=O)NCCCCCCCCCCCC,ugi_3cr_agile,2,amine_head:017|oxoester_aldehyde_body_tail:006|isocyanide_tail:001,amine_head|oxoester_aldehyde_body_tail|isocyanide_tail,cyclic_amine,ester,alkyl,41_64,neutral,2plus,present,ring
CCCCCCCC/C=C\CCCCCCCC(=O)OCCCCCC(NN1CCCCC1)C(=O)NCCCCCCCCCCCCCC,ugi_3cr_agile,2,amine_head:017|oxoester_aldehyde_body_tail:006|isocyanide_tail:002,amine_head|oxoester_aldehyde_body_tail|isocyanide_tail,cyclic_amine,ester,alkyl,41_64,neutral,2plus,present,ring
CCCCCCCC/C=C\CCCCCCCC(=O)OCCCCCC(NN1CCCCC1)C(=O)NCCCCCCCCCCCCCCCC,ugi_3cr_agile,2,amine_head:017|oxoester_aldehyde_body_tail:006|isocyanide_tail:003,amine_head|oxoester_aldehyde_body_tail|isocyanide_tail,cyclic_amine,ester,alkyl,41_64,neutral,2plus,present,ring
CCCCCCCC/C=C\CCCCCCCC(=O)OCCCCCC(NN1CCCCC1)C(=O)NCCCCCCCCCCCCCCCCCC,ugi_3cr_agile,2,amine_head:017|oxoester_aldehyde_body_tail:006|isocyanide_tail:004,amine_head|oxoester_aldehyde_body_tail|isocyanide_tail,cyclic_amine,ester,alkyl,41_64,neutral,2plus,present,ring
CCCCCCCC/C=C\CCCCCCCC(=O)OCCCCCC(NN1CCOCC1)C(=O)NCCCCCCCCCCCC,ugi_3cr_agile,2,amine_head:018|oxoester_aldehyde_body_tail:006|isocyanide_tail:001,amine_head|oxoester_aldehyde_body_tail|isocyanide_tail,cyclic_amine,ester,alkyl,41_64,neutral,2plus,present,ring
CCCCCCCC/C=C\CCCCCCCC(=O)OCCCCCC(NN1CCOCC1)C(=O)NCCCCCCCCCCCCCC,ugi_3cr_agile,2,amine_head:018|oxoester_aldehyde_body_tail:006|isocyanide_tail:002,amine_head|oxoester_aldehyde_body_tail|isocyanide_tail,cyclic_amine,ester,alkyl,41_64,neutral,2plus,present,ring
CCCCCCCC/C=C\CCCCCCCC(=O)OCCCCCC(NN1CCOCC1)C(=O)NCCCCCCCCCCCCCCCC,ugi_3cr_agile,2,amine_head:018|oxoester_aldehyde_body_tail:006|isocyanide_tail:003,amine_head|oxoester_aldehyde_body_tail|isocyanide_tail,cyclic_amine,ester,alkyl,41_64,neutral,2plus,present,ring
CCCCCCCC/C=C\CCCCCCCC(=O)OCCCCCC(NN1CCOCC1)C(=O)NCCCCCCCCCCCCCCCCCC,ugi_3cr_agile,2,amine_head:018|oxoester_aldehyde_body_tail:006|isocyanide_tail:004,amine_head|oxoester_aldehyde_body_tail|isocyanide_tail,cyclic_amine,ester,alkyl,41_64,neutral,2plus,present,ring
CCCCCCCC/C=C\CCCCCCCC(=O)OCCCCCC(Nc1cc(C)nn1C)C(=O)NCCCCCCCCCCCC,ugi_3cr_agile,2,amine_head:009|oxoester_aldehyde_body_tail:006|isocyanide_tail:001,amine_head|oxoester_aldehyde_body_tail|isocyanide_tail,cyclic_amine,ester,alkyl,41_64,neutral,2plus,present,ring
CCCCCCCC/C=C\CCCCCCCC(=O)OCCCCCC(Nc1cc(C)nn1C)C(=O)NCCCCCCCCCCCCCC,ugi_3cr_agile,2,amine_head:009|oxoester_aldehyde_body_tail:006|isocyanide_tail:002,amine_head|oxoester_aldehyde_body_tail|isocyanide_tail,cyclic_amine,ester,alkyl,41_64,neutral,2plus,present,ring
CCCCCCCC/C=C\CCCCCCCC(=O)OCCCCCC(Nc1cc(C)nn1C)C(=O)NCCCCCCCCCCCCCCCC,ugi_3cr_agile,2,amine_head:009|oxoester_aldehyde_body_tail:006|isocyanide_tail:003,amine_head|oxoester_aldehyde_body_tail|isocyanide_tail,cyclic_amine,ester,alkyl,41_64,neutral,2plus,present,ring
CCCCCCCC/C=C\CCCCCCCC(=O)OCCCCCC(Nc1cc(C)nn1C)C(=O)NCCCCCCCCCCCCCCCCCC,ugi_3cr_agile,2,amine_head:009|oxoester_aldehyde_body_tail:006|isocyanide_tail:004,amine_head|oxoester_aldehyde_body_tail|isocyanide_tail,cyclic_amine,ester,alkyl,41_64,neutral,2plus,present,ring
CCCCCCCC/C=C\CCCCCCCC(=O)OCCCCCC(Nc1cn[nH]c1)C(=O)NCCCCCCCCCCCC,ugi_3cr_agile,2,amine_head:019|oxoester_aldehyde_body_tail:006|isocyanide_tail:001,amine_head|oxoester_aldehyde_body_tail|isocyanide_tail,cyclic_amine,ester,alkyl,41_64,neutral,2plus,present,ring
CCCCCCCC/C=C\CCCCCCCC(=O)OCCCCCC(Nc1cn[nH]c1)C(=O)NCCCCCCCCCCCCCC,ugi_3cr_agile,2,amine_head:019|oxoester_aldehyde_body_tail:006|isocyanide_tail:002,amine_head|oxoester_aldehyde_body_tail|isocyanide_tail,cyclic_amine,ester,alkyl,41_64,neutral,2plus,present,ring
CCCCCCCC/C=C\CCCCCCCC(=O)OCCCCCC(Nc1cn[nH]c1)C(=O)NCCCCCCCCCCCCCCCC,ugi_3cr_agile,2,amine_head:019|oxoester_aldehyde_body_tail:006|isocyanide_tail:003,amine_head|oxoester_aldehyde_body_tail|isocyanide_tail,cyclic_amine,ester,alkyl,41_64,neutral,2plus,present,ring
CCCCCCCC/C=C\CCCCCCCC(=O)OCCCCCC(Nc1cn[nH]c1)C(=O)NCCCCCCCCCCCCCCCCCC,ugi_3cr_agile,2,amine_head:019|oxoester_aldehyde_body_tail:006|isocyanide_tail:004,amine_head|oxoester_aldehyde_body_tail|isocyanide_tail,cyclic_amine,ester,alkyl,41_64,neutral,2plus,present,ring
CCCCCCCC/C=C\CCCCCCCCNC(=O)C(CCCCCOC(=O)CCC(C)CCCCC)N1CCC(N)CC1,ugi_3cr_agile,2,amine_head:010|oxoester_aldehyde_body_tail:003|isocyanide_tail:000,amine_head|oxoester_aldehyde_body_tail|isocyanide_tail,cyclic_amine,ester,alkyl,41_64,neutral,2plus,present,ring
CCCCCCCC/C=C\CCCCCCCCNC(=O)C(CCCCCOC(=O)CCC(C)CCCCC)N1CCN(CCN)CC1,ugi_3cr_agile,2,amine_head:016|oxoester_aldehyde_body_tail:003|isocyanide_tail:000,amine_head|oxoester_aldehyde_body_tail|isocyanide_tail,cyclic_amine,ester,alkyl,41_64,neutral,2plus,present,ring
CCCCCCCC/C=C\CCCCCCCCNC(=O)C(CCCCCOC(=O)CCC(C)CCCCC)NC1CCN(C)CC1,ugi_3cr_agile,2,amine_head:008|oxoester_aldehyde_body_tail:003|isocyanide_tail:000,amine_head|oxoester_aldehyde_body_tail|isocyanide_tail,cyclic_amine,ester,alkyl,41_64,neutral,2plus,present,ring
CCCCCCCC/C=C\CCCCCCCCNC(=O)C(CCCCCOC(=O)CCC(C)CCCCC)NC1CCNCC1,ugi_3cr_agile,2,amine_head:010|oxoester_aldehyde_body_tail:003|isocyanide_tail:000,amine_head|oxoester_aldehyde_body_tail|isocyanide_tail,cyclic_amine,ester,alkyl,41_64,neutral,2plus,present,ring
CCCCCCCC/C=C\CCCCCCCCNC(=O)C(CCCCCOC(=O)CCC(C)CCCCC)NCC1CCCN1CC,ugi_3cr_agile,2,amine_head:004|oxoester_aldehyde_body_tail:003|isocyanide_tail:000,amine_head|oxoester_aldehyde_body_tail|isocyanide_tail,cyclic_amine,ester,alkyl,41_64,neutral,2plus,present,ring
CCCCCCCC/C=C\CCCCCCCCNC(=O)C(CCCCCOC(=O)CCC(C)CCCCC)NCCCN(C)C,ugi_3cr_agile,2,amine_head:005|oxoester_aldehyde_body_tail:003|isocyanide_tail:000,amine_head|oxoester_aldehyde_body_tail|isocyanide_tail,diamine,ester,alkyl,41_64,neutral,2plus,present,acyclic
CCCCCCCC/C=C\CCCCCCCCNC(=O)C(CCCCCOC(=O)CCC(C)CCCCC)NCCCN(C)CCCN,ugi_3cr_agile,2,amine_head:007|oxoester_aldehyde_body_tail:003|isocyanide_tail:000,amine_head|oxoester_aldehyde_body_tail|isocyanide_tail,polyamine,ester,alkyl,41_64,neutral,2plus,present,acyclic
CCCCCCCC/C=C\CCCCCCCCNC(=O)C(CCCCCOC(=O)CCC(C)CCCCC)NCCCN(CC)CC,ugi_3cr_agile,2,amine_head:002|oxoester_aldehyde_body_tail:003|isocyanide_tail:000,amine_head|oxoester_aldehyde_body_tail|isocyanide_tail,diamine,ester,alkyl,41_64,neutral,2plus,present,acyclic
CCCCCCCC/C=C\CCCCCCCCNC(=O)C(CCCCCOC(=O)CCC(C)CCCCC)NCCCN(CCCC)CCCC,ugi_3cr_agile,2,amine_head:001|oxoester_aldehyde_body_tail:003|isocyanide_tail:000,amine_head|oxoester_aldehyde_body_tail|isocyanide_tail,diamine,ester,alkyl,41_64,neutral,2plus,present,acyclic
CCCCCCCC/C=C\CCCCCCCCNC(=O)C(CCCCCOC(=O)CCC(C)CCCCC)NCCCN1CCCC1,ugi_3cr_agile,2,amine_head:011|oxoester_aldehyde_body_tail:003|isocyanide_tail:000,amine_head|oxoester_aldehyde_body_tail|isocyanide_tail,cyclic_amine,ester,alkyl,41_64,neutral,2plus,present,ring
CCCCCCCC/C=C\CCCCCCCCNC(=O)C(CCCCCOC(=O)CCC(C)CCCCC)NCCCN1CCOCC1,ugi_3cr_agile,2,amine_head:012|oxoester_aldehyde_body_tail:003|isocyanide_tail:000,amine_head|oxoester_aldehyde_body_tail|isocyanide_tail,cyclic_amine,ester,alkyl,41_64,neutral,2plus,present,ring
CCCCCCCC/C=C\CCCCCCCCNC(=O)C(CCCCCOC(=O)CCC(C)CCCCC)NCCN(C(C)C)C(C)C,ugi_3cr_agile,2,amine_head:000|oxoester_aldehyde_body_tail:003|isocyanide_tail:000,amine_head|oxoester_aldehyde_body_tail|isocyanide_tail,diamine,ester,alkyl,41_64,neutral,2plus,present,acyclic
CCCCCCCC/C=C\CCCCCCCCNC(=O)C(CCCCCOC(=O)CCC(C)CCCCC)NCCN(C)C,ugi_3cr_agile,2,amine_head:006|oxoester_aldehyde_body_tail:003|isocyanide_tail:000,amine_head|oxoester_aldehyde_body_tail|isocyanide_tail,diamine,ester,alkyl,41_64,neutral,2plus,present,acyclic
CCCCCCCC/C=C\CCCCCCCCNC(=O)C(CCCCCOC(=O)CCC(C)CCCCC)NCCN(CC)CC,ugi_3cr_agile,2,amine_head:003|oxoester_aldehyde_body_tail:003|isocyanide_tail:000,amine_head|oxoester_aldehyde_body_tail|isocyanide_tail,diamine,ester,alkyl,41_64,neutral,2plus,present,acyclic
CCCCCCCC/C=C\CCCCCCCCNC(=O)C(CCCCCOC(=O)CCC(C)CCCCC)NCCN(CCN)CCN,ugi_3cr_agile,2,amine_head:013|oxoester_aldehyde_body_tail:003|isocyanide_tail:000,amine_head|oxoester_aldehyde_body_tail|isocyanide_tail,polyamine,ester,alkyl,41_64,neutral,2plus,present,acyclic
CCCCCCCC/C=C\CCCCCCCCNC(=O)C(CCCCCOC(=O)CCC(C)CCCCC)NCCN1CCCC1,ugi_3cr_agile,2,amine_head:014|oxoester_aldehyde_body_tail:003|isocyanide_tail:000,amine_head|oxoester_aldehyde_body_tail|isocyanide_tail,cyclic_amine,ester,alkyl,41_64,neutral,2plus,present,ring
CCCCCCCC/C=C\CCCCCCCCNC(=O)C(CCCCCOC(=O)CCC(C)CCCCC)NCCN1CCCCC1,ugi_3cr_agile,2,amine_head:015|oxoester_aldehyde_body_tail:003|isocyanide_tail:000,amine_head|oxoester_aldehyde_body_tail|isocyanide_tail,cyclic_amine,ester,alkyl,41_64,neutral,2plus,present,ring
CCCCCCCC/C=C\CCCCCCCCNC(=O)C(CCCCCOC(=O)CCC(C)CCCCC)NCCN1CCNCC1,ugi_3cr_agile,2,amine_head:016|oxoester_aldehyde_body_tail:003|isocyanide_tail:000,amine_head|oxoester_aldehyde_body_tail|isocyanide_tail,cyclic_amine,ester,alkyl,41_64,neutral,2plus,present,ring
CCCCCCCC/C=C\CCCCCCCCNC(=O)C(CCCCCOC(=O)CCC(C)CCCCC)NN1CCCCC1,ugi_3cr_agile,2,amine_head:017|oxoester_aldehyde_body_tail:003|isocyanide_tail:000,amine_head|oxoester_aldehyde_body_tail|isocyanide_tail,cyclic_amine,ester,alkyl,41_64,neutral,2plus,present,ring
CCCCCCCC/C=C\CCCCCCCCNC(=O)C(CCCCCOC(=O)CCC(C)CCCCC)NN1CCOCC1,ugi_3cr_agile,2,amine_head:018|oxoester_aldehyde_body_tail:003|isocyanide_tail:000,amine_head|oxoester_aldehyde_body_tail|isocyanide_tail,cyclic_amine,ester,alkyl,41_64,neutral,2plus,present,ring
CCCCCCCC/C=C\CCCCCCCCNC(=O)C(CCCCCOC(=O)CCC(C)CCCCC)Nc1cc(C)nn1C,ugi_3cr_agile,2,amine_head:009|oxoester_aldehyde_body_tail:003|isocyanide_tail:000,amine_head|oxoester_aldehyde_body_tail|isocyanide_tail,cyclic_amine,ester,alkyl,41_64,neutral,2plus,present,ring
CCCCCCCC/C=C\CCCCCCCCNC(=O)C(CCCCCOC(=O)CCC(C)CCCCC)Nc1cn[nH]c1,ugi_3cr_agile,2,amine_head:019|oxoester_aldehyde_body_tail:003|isocyanide_tail:000,amine_head|oxoester_aldehyde_body_tail|isocyanide_tail,cyclic_amine,ester,alkyl,41_64,neutral,2plus,present,ring
CCCCCCCC/C=C\CCCCCCCCNC(=O)C(CCCCCOC(=O)CCCCCCC/C=C\CCCCCCCC)N1CCC(N)CC1,ugi_3cr_agile,2,amine_head:010|oxoester_aldehyde_body_tail:006|isocyanide_tail:000,amine_head|oxoester_aldehyde_body_tail|isocyanide_tail,cyclic_amine,ester,alkyl,41_64,neutral,2plus,present,ring
CCCCCCCC/C=C\CCCCCCCCNC(=O)C(CCCCCOC(=O)CCCCCCC/C=C\CCCCCCCC)N1CCN(CCN)CC1,ugi_3cr_agile,2,amine_head:016|oxoester_aldehyde_body_tail:006|isocyanide_tail:000,amine_head|oxoester_aldehyde_body_tail|isocyanide_tail,cyclic_amine,ester,alkyl,41_64,neutral,2plus,present,ring
CCCCCCCC/C=C\CCCCCCCCNC(=O)C(CCCCCOC(=O)CCCCCCC/C=C\CCCCCCCC)NC1CCN(C)CC1,ugi_3cr_agile,2,amine_head:008|oxoester_aldehyde_body_tail:006|isocyanide_tail:000,amine_head|oxoester_aldehyde_body_tail|isocyanide_tail,cyclic_amine,ester,alkyl,41_64,neutral,2plus,present,ring
CCCCCCCC/C=C\CCCCCCCCNC(=O)C(CCCCCOC(=O)CCCCCCC/C=C\CCCCCCCC)NC1CCNCC1,ugi_3cr_agile,2,amine_head:010|oxoester_aldehyde_body_tail:006|isocyanide_tail:000,amine_head|oxoester_aldehyde_body_tail|isocyanide_tail,cyclic_amine,ester,alkyl,41_64,neutral,2plus,present,ring
CCCCCCCC/C=C\CCCCCCCCNC(=O)C(CCCCCOC(=O)CCCCCCC/C=C\CCCCCCCC)NCC1CCCN1CC,ugi_3cr_agile,2,amine_head:004|oxoester_aldehyde_body_tail:006|isocyanide_tail:000,amine_head|oxoester_aldehyde_body_tail|isocyanide_tail,cyclic_amine,ester,alkyl,41_64,neutral,2plus,present,ring
CCCCCCCC/C=C\CCCCCCCCNC(=O)C(CCCCCOC(=O)CCCCCCC/C=C\CCCCCCCC)NCCCN(C)C,ugi_3cr_agile,2,amine_head:005|oxoester_aldehyde_body_tail:006|isocyanide_tail:000,amine_head|oxoester_aldehyde_body_tail|isocyanide_tail,diamine,ester,alkyl,41_64,neutral,2plus,present,acyclic
CCCCCCCC/C=C\CCCCCCCCNC(=O)C(CCCCCOC(=O)CCCCCCC/C=C\CCCCCCCC)NCCCN(C)CCCN,ugi_3cr_agile,2,amine_head:007|oxoester_aldehyde_body_tail:006|isocyanide_tail:000,amine_head|oxoester_aldehyde_body_tail|isocyanide_tail,polyamine,ester,alkyl,41_64,neutral,2plus,present,acyclic
CCCCCCCC/C=C\CCCCCCCCNC(=O)C(CCCCCOC(=O)CCCCCCC/C=C\CCCCCCCC)NCCCN(CC)CC,ugi_3cr_agile,2,amine_head:002|oxoester_aldehyde_body_tail:006|isocyanide_tail:000,amine_head|oxoester_aldehyde_body_tail|isocyanide_tail,diamine,ester,alkyl,41_64,neutral,2plus,present,acyclic
CCCCCCCC/C=C\CCCCCCCCNC(=O)C(CCCCCOC(=O)CCCCCCC/C=C\CCCCCCCC)NCCCN(CCCC)CCCC,ugi_3cr_agile,2,amine_head:001|oxoester_aldehyde_body_tail:006|isocyanide_tail:000,amine_head|oxoester_aldehyde_body_tail|isocyanide_tail,diamine,ester,alkyl,41_64,neutral,2plus,present,acyclic
CCCCCCCC/C=C\CCCCCCCCNC(=O)C(CCCCCOC(=O)CCCCCCC/C=C\CCCCCCCC)NCCCN1CCCC1,ugi_3cr_agile,2,amine_head:011|oxoester_aldehyde_body_tail:006|isocyanide_tail:000,amine_head|oxoester_aldehyde_body_tail|isocyanide_tail,cyclic_amine,ester,alkyl,41_64,neutral,2plus,present,ring
CCCCCCCC/C=C\CCCCCCCCNC(=O)C(CCCCCOC(=O)CCCCCCC/C=C\CCCCCCCC)NCCCN1CCOCC1,ugi_3cr_agile,2,amine_head:012|oxoester_aldehyde_body_tail:006|isocyanide_tail:000,amine_head|oxoester_aldehyde_body_tail|isocyanide_tail,cyclic_amine,ester,alkyl,41_64,neutral,2plus,present,ring
CCCCCCCC/C=C\CCCCCCCCNC(=O)C(CCCCCOC(=O)CCCCCCC/C=C\CCCCCCCC)NCCN(C(C)C)C(C)C,ugi_3cr_agile,2,amine_head:000|oxoester_aldehyde_body_tail:006|isocyanide_tail:000,amine_head|oxoester_aldehyde_body_tail|isocyanide_tail,diamine,ester,alkyl,41_64,neutral,2plus,present,acyclic
CCCCCCCC/C=C\CCCCCCCCNC(=O)C(CCCCCOC(=O)CCCCCCC/C=C\CCCCCCCC)NCCN(C)C,ugi_3cr_agile,2,amine_head:006|oxoester_aldehyde_body_tail:006|isocyanide_tail:000,amine_head|oxoester_aldehyde_body_tail|isocyanide_tail,diamine,ester,alkyl,41_64,neutral,2plus,present,acyclic
CCCCCCCC/C=C\CCCCCCCCNC(=O)C(CCCCCOC(=O)CCCCCCC/C=C\CCCCCCCC)NCCN(CC)CC,ugi_3cr_agile,2,amine_head:003|oxoester_aldehyde_body_tail:006|isocyanide_tail:000,amine_head|oxoester_aldehyde_body_tail|isocyanide_tail,diamine,ester,alkyl,41_64,neutral,2plus,present,acyclic
CCCCCCCC/C=C\CCCCCCCCNC(=O)C(CCCCCOC(=O)CCCCCCC/C=C\CCCCCCCC)NCCN(CCN)CCN,ugi_3cr_agile,2,amine_head:013|oxoester_aldehyde_body_tail:006|isocyanide_tail:000,amine_head|oxoester_aldehyde_body_tail|isocyanide_tail,polyamine,ester,alkyl,41_64,neutral,2plus,present,acyclic
CCCCCCCC/C=C\CCCCCCCCNC(=O)C(CCCCCOC(=O)CCCCCCC/C=C\CCCCCCCC)NCCN1CCCC1,ugi_3cr_agile,2,amine_head:014|oxoester_aldehyde_body_tail:006|isocyanide_tail:000,amine_head|oxoester_aldehyde_body_tail|isocyanide_tail,cyclic_amine,ester,alkyl,41_64,neutral,2plus,present,ring
CCCCCCCC/C=C\CCCCCCCCNC(=O)C(CCCCCOC(=O)CCCCCCC/C=C\CCCCCCCC)NCCN1CCCCC1,ugi_3cr_agile,2,amine_head:015|oxoester_aldehyde_body_tail:006|isocyanide_tail:000,amine_head|oxoester_aldehyde_body_tail|isocyanide_tail,cyclic_amine,ester,alkyl,41_64,neutral,2plus,present,ring
CCCCCCCC/C=C\CCCCCCCCNC(=O)C(CCCCCOC(=O)CCCCCCC/C=C\CCCCCCCC)NCCN1CCNCC1,ugi_3cr_agile,2,amine_head:016|oxoester_aldehyde_body_tail:006|isocyanide_tail:000,amine_head|oxoester_aldehyde_body_tail|isocyanide_tail,cyclic_amine,ester,alkyl,41_64,neutral,2plus,present,ring
CCCCCCCC/C=C\CCCCCCCCNC(=O)C(CCCCCOC(=O)CCCCCCC/C=C\CCCCCCCC)NN1CCCCC1,ugi_3cr_agile,2,amine_head:017|oxoester_aldehyde_body_tail:006|isocyanide_tail:000,amine_head|oxoester_aldehyde_body_tail|isocyanide_tail,cyclic_amine,ester,alkyl,41_64,neutral,2plus,present,ring
CCCCCCCC/C=C\CCCCCCCCNC(=O)C(CCCCCOC(=O)CCCCCCC/C=C\CCCCCCCC)NN1CCOCC1,ugi_3cr_agile,2,amine_head:018|oxoester_aldehyde_body_tail:006|isocyanide_tail:000,amine_head|oxoester_aldehyde_body_tail|isocyanide_tail,cyclic_amine,ester,alkyl,41_64,neutral,2plus,present,ring
CCCCCCCC/C=C\CCCCCCCCNC(=O)C(CCCCCOC(=O)CCCCCCC/C=C\CCCCCCCC)Nc1cc(C)nn1C,ugi_3cr_agile,2,amine_head:009|oxoester_aldehyde_body_tail:006|isocyanide_tail:000,amine_head|oxoester_aldehyde_body_tail|isocyanide_tail,cyclic_amine,ester,alkyl,41_64,neutral,2plus,present,ring
CCCCCCCC/C=C\CCCCCCCCNC(=O)C(CCCCCOC(=O)CCCCCCC/C=C\CCCCCCCC)Nc1cn[nH]c1,ugi_3cr_agile,2,amine_head:019|oxoester_aldehyde_body_tail:006|isocyanide_tail:000,amine_head|oxoester_aldehyde_body_tail|isocyanide_tail,cyclic_amine,ester,alkyl,41_64,neutral,2plus,present,ring
CCCCCCCC/C=C\CCCCCCCCNC(=O)C(CCCCCOC(=O)CCCCCCCC)N1CCC(N)CC1,ugi_3cr_agile,2,amine_head:010|oxoester_aldehyde_body_tail:007|isocyanide_tail:000,amine_head|oxoester_aldehyde_body_tail|isocyanide_tail,cyclic_amine,ester,alkyl,41_64,neutral,2plus,present,ring
CCCCCCCC/C=C\CCCCCCCCNC(=O)C(CCCCCOC(=O)CCCCCCCC)N1CCN(CCN)CC1,ugi_3cr_agile,2,amine_head:016|oxoester_aldehyde_body_tail:007|isocyanide_tail:000,amine_head|oxoester_aldehyde_body_tail|isocyanide_tail,cyclic_amine,ester,alkyl,41_64,neutral,2plus,present,ring
CCCCCCCC/C=C\CCCCCCCCNC(=O)C(CCCCCOC(=O)CCCCCCCC)NC1CCN(C)CC1,ugi_3cr_agile,2,amine_head:008|oxoester_aldehyde_body_tail:007|isocyanide_tail:000,amine_head|oxoester_aldehyde_body_tail|isocyanide_tail,cyclic_amine,ester,alkyl,41_64,neutral,2plus,present,ring
CCCCCCCC/C=C\CCCCCCCCNC(=O)C(CCCCCOC(=O)CCCCCCCC)NC1CCNCC1,ugi_3cr_agile,2,amine_head:010|oxoester_aldehyde_body_tail:007|isocyanide_tail:000,amine_head|oxoester_aldehyde_body_tail|isocyanide_tail,cyclic_amine,ester,alkyl,41_64,neutral,2plus,present,ring
CCCCCCCC/C=C\CCCCCCCCNC(=O)C(CCCCCOC(=O)CCCCCCCC)NCC1CCCN1CC,ugi_3cr_agile,2,amine_head:004|oxoester_aldehyde_body_tail:007|isocyanide_tail:000,amine_head|oxoester_aldehyde_body_tail|isocyanide_tail,cyclic_amine,ester,alkyl,41_64,neutral,2plus,present,ring
CCCCCCCC/C=C\CCCCCCCCNC(=O)C(CCCCCOC(=O)CCCCCCCC)NCCCN(C)C,ugi_3cr_agile,2,amine_head:005|oxoester_aldehyde_body_tail:007|isocyanide_tail:000,amine_head|oxoester_aldehyde_body_tail|isocyanide_tail,diamine,ester,alkyl,41_64,neutral,2plus,present,acyclic
CCCCCCCC/C=C\CCCCCCCCNC(=O)C(CCCCCOC(=O)CCCCCCCC)NCCCN(C)CCCN,ugi_3cr_agile,2,amine_head:007|oxoester_aldehyde_body_tail:007|isocyanide_tail:000,amine_head|oxoester_aldehyde_body_tail|isocyanide_tail,polyamine,ester,alkyl,41_64,neutral,2plus,present,acyclic
CCCCCCCC/C=C\CCCCCCCCNC(=O)C(CCCCCOC(=O)CCCCCCCC)NCCCN(CC)CC,ugi_3cr_agile,2,amine_head:002|oxoester_aldehyde_body_tail:007|isocyanide_tail:000,amine_head|oxoester_aldehyde_body_tail|isocyanide_tail,diamine,ester,alkyl,41_64,neutral,2plus,present,acyclic
CCCCCCCC/C=C\CCCCCCCCNC(=O)C(CCCCCOC(=O)CCCCCCCC)NCCCN(CCCC)CCCC,ugi_3cr_agile,2,amine_head:001|oxoester_aldehyde_body_tail:007|isocyanide_tail:000,amine_head|oxoester_aldehyde_body_tail|isocyanide_tail,diamine,ester,alkyl,41_64,neutral,2plus,present,acyclic
CCCCCCCC/C=C\CCCCCCCCNC(=O)C(CCCCCOC(=O)CCCCCCCC)NCCCN1CCCC1,ugi_3cr_agile,2,amine_head:011|oxoester_aldehyde_body_tail:007|isocyanide_tail:000,amine_head|oxoester_aldehyde_body_tail|isocyanide_tail,cyclic_amine,ester,alkyl,41_64,neutral,2plus,present,ring
CCCCCCCC/C=C\CCCCCCCCNC(=O)C(CCCCCOC(=O)CCCCCCCC)NCCCN1CCOCC1,ugi_3cr_agile,2,amine_head:012|oxoester_aldehyde_body_tail:007|isocyanide_tail:000,amine_head|oxoester_aldehyde_body_tail|isocyanide_tail,cyclic_amine,ester,alkyl,41_64,neutral,2plus,present,ring
CCCCCCCC/C=C\CCCCCCCCNC(=O)C(CCCCCOC(=O)CCCCCCCC)NCCN(C(C)C)C(C)C,ugi_3cr_agile,2,amine_head:000|oxoester_aldehyde_body_tail:007|isocyanide_tail:000,amine_head|oxoester_aldehyde_body_tail|isocyanide_tail,diamine,ester,alkyl,41_64,neutral,2plus,present,acyclic
CCCCCCCC/C=C\CCCCCCCCNC(=O)C(CCCCCOC(=O)CCCCCCCC)NCCN(C)C,ugi_3cr_agile,2,amine_head:006|oxoester_aldehyde_body_tail:007|isocyanide_tail:000,amine_head|oxoester_aldehyde_body_tail|isocyanide_tail,diamine,ester,alkyl,41_64,neutral,2plus,present,acyclic
CCCCCCCC/C=C\CCCCCCCCNC(=O)C(CCCCCOC(=O)CCCCCCCC)NCCN(CC)CC,ugi_3cr_agile,2,amine_head:003|oxoester_aldehyde_body_tail:007|isocyanide_tail:000,amine_head|oxoester_aldehyde_body_tail|isocyanide_tail,diamine,ester,alkyl,41_64,neutral,2plus,present,acyclic
CCCCCCCC/C=C\CCCCCCCCNC(=O)C(CCCCCOC(=O)CCCCCCCC)NCCN(CCN)CCN,ugi_3cr_agile,2,amine_head:013|oxoester_aldehyde_body_tail:007|isocyanide_tail:000,amine_head|oxoester_aldehyde_body_tail|isocyanide_tail,polyamine,ester,alkyl,41_64,neutral,2plus,present,acyclic
CCCCCCCC/C=C\CCCCCCCCNC(=O)C(CCCCCOC(=O)CCCCCCCC)NCCN1CCCC1,ugi_3cr_agile,2,amine_head:014|oxoester_aldehyde_body_tail:007|isocyanide_tail:000,amine_head|oxoester_aldehyde_body_tail|isocyanide_tail,cyclic_amine,ester,alkyl,41_64,neutral,2plus,present,ring
CCCCCCCC/C=C\CCCCCCCCNC(=O)C(CCCCCOC(=O)CCCCCCCC)NCCN1CCCCC1,ugi_3cr_agile,2,amine_head:015|oxoester_aldehyde_body_tail:007|isocyanide_tail:000,amine_head|oxoester_aldehyde_body_tail|isocyanide_tail,cyclic_amine,ester,alkyl,41_64,neutral,2plus,present,ring
CCCCCCCC/C=C\CCCCCCCCNC(=O)C(CCCCCOC(=O)CCCCCCCC)NCCN1CCNCC1,ugi_3cr_agile,2,amine_head:016|oxoester_aldehyde_body_tail:007|isocyanide_tail:000,amine_head|oxoester_aldehyde_body_tail|isocyanide_tail,cyclic_amine,ester,alkyl,41_64,neutral,2plus,present,ring
CCCCCCCC/C=C\CCCCCCCCNC(=O)C(CCCCCOC(=O)CCCCCCCC)NN1CCCCC1,ugi_3cr_agile,2,amine_head:017|oxoester_aldehyde_body_tail:007|isocyanide_tail:000,amine_head|oxoester_aldehyde_body_tail|isocyanide_tail,cyclic_amine,ester,alkyl,41_64,neutral,2plus,present,ring
CCCCCCCC/C=C\CCCCCCCCNC(=O)C(CCCCCOC(=O)CCCCCCCC)NN1CCOCC1,ugi_3cr_agile,2,amine_head:018|oxoester_aldehyde_body_tail:007|isocyanide_tail:000,amine_head|oxoester_aldehyde_body_tail|isocyanide_tail,cyclic_amine,ester,alkyl,41_64,neutral,2plus,present,ring
CCCCCCCC/C=C\CCCCCCCCNC(=O)C(CCCCCOC(=O)CCCCCCCC)Nc1cc(C)nn1C,ugi_3cr_agile,2,amine_head:009|oxoester_aldehyde_body_tail:007|isocyanide_tail:000,amine_head|oxoester_aldehyde_body_tail|isocyanide_tail,cyclic_amine,ester,alkyl,41_64,neutral,2plus,present,ring
CCCCCCCC/C=C\CCCCCCCCNC(=O)C(CCCCCOC(=O)CCCCCCCC)Nc1cn[nH]c1,ugi_3cr_agile,2,amine_head:019|oxoester_aldehyde_body_tail:007|isocyanide_tail:000,amine_head|oxoester_aldehyde_body_tail|isocyanide_tail,cyclic_amine,ester,alkyl,41_64,neutral,2plus,present,ring
CCCCCCCC/C=C\CCCCCCCCNC(=O)C(CCCCCOC(=O)CCCCCCCCC)N1CCC(N)CC1,ugi_3cr_agile,2,amine_head:010|oxoester_aldehyde_body_tail:008|isocyanide_tail:000,amine_head|oxoester_aldehyde_body_tail|isocyanide_tail,cyclic_amine,ester,alkyl,41_64,neutral,2plus,present,ring
CCCCCCCC/C=C\CCCCCCCCNC(=O)C(CCCCCOC(=O)CCCCCCCCC)N1CCN(CCN)CC1,ugi_3cr_agile,2,amine_head:016|oxoester_aldehyde_body_tail:008|isocyanide_tail:000,amine_head|oxoester_aldehyde_body_tail|isocyanide_tail,cyclic_amine,ester,alkyl,41_64,neutral,2plus,present,ring
CCCCCCCC/C=C\CCCCCCCCNC(=O)C(CCCCCOC(=O)CCCCCCCCC)NC1CCN(C)CC1,ugi_3cr_agile,2,amine_head:008|oxoester_aldehyde_body_tail:008|isocyanide_tail:000,amine_head|oxoester_aldehyde_body_tail|isocyanide_tail,cyclic_amine,ester,alkyl,41_64,neutral,2plus,present,ring
CCCCCCCC/C=C\CCCCCCCCNC(=O)C(CCCCCOC(=O)CCCCCCCCC)NC1CCNCC1,ugi_3cr_agile,2,amine_head:010|oxoester_aldehyde_body_tail:008|isocyanide_tail:000,amine_head|oxoester_aldehyde_body_tail|isocyanide_tail,cyclic_amine,ester,alkyl,41_64,neutral,2plus,present,ring
CCCCCCCC/C=C\CCCCCCCCNC(=O)C(CCCCCOC(=O)CCCCCCCCC)NCC1CCCN1CC,ugi_3cr_agile,2,amine_head:004|oxoester_aldehyde_body_tail:008|isocyanide_tail:000,amine_head|oxoester_aldehyde_body_tail|isocyanide_tail,cyclic_amine,ester,alkyl,41_64,neutral,2plus,present,ring
CCCCCCCC/C=C\CCCCCCCCNC(=O)C(CCCCCOC(=O)CCCCCCCCC)NCCCN(C)C,ugi_3cr_agile,2,amine_head:005|oxoester_aldehyde_body_tail:008|isocyanide_tail:000,amine_head|oxoester_aldehyde_body_tail|isocyanide_tail,diamine,ester,alkyl,41_64,neutral,2plus,present,acyclic
CCCCCCCC/C=C\CCCCCCCCNC(=O)C(CCCCCOC(=O)CCCCCCCCC)NCCCN(C)CCCN,ugi_3cr_agile,2,amine_head:007|oxoester_aldehyde_body_tail:008|isocyanide_tail:000,amine_head|oxoester_aldehyde_body_tail|isocyanide_tail,polyamine,ester,alkyl,41_64,neutral,2plus,present,acyclic
CCCCCCCC/C=C\CCCCCCCCNC(=O)C(CCCCCOC(=O)CCCCCCCCC)NCCCN(CC)CC,ugi_3cr_agile,2,amine_head:002|oxoester_aldehyde_body_tail:008|isocyanide_tail:000,amine_head|oxoester_aldehyde_body_tail|isocyanide_tail,diamine,ester,alkyl,41_64,neutral,2plus,present,acyclic
CCCCCCCC/C=C\CCCCCCCCNC(=O)C(CCCCCOC(=O)CCCCCCCCC)NCCCN(CCCC)CCCC,ugi_3cr_agile,2,amine_head:001|oxoester_aldehyde_body_tail:008|isocyanide_tail:000,amine_head|oxoester_aldehyde_body_tail|isocyanide_tail,diamine,ester,alkyl,41_64,neutral,2plus,present,acyclic
CCCCCCCC/C=C\CCCCCCCCNC(=O)C(CCCCCOC(=O)CCCCCCCCC)NCCCN1CCCC1,ugi_3cr_agile,2,amine_head:011|oxoester_aldehyde_body_tail:008|isocyanide_tail:000,amine_head|oxoester_aldehyde_body_tail|isocyanide_tail,cyclic_amine,ester,alkyl,41_64,neutral,2plus,present,ring
CCCCCCCC/C=C\CCCCCCCCNC(=O)C(CCCCCOC(=O)CCCCCCCCC)NCCCN1CCOCC1,ugi_3cr_agile,2,amine_head:012|oxoester_aldehyde_body_tail:008|isocyanide_tail:000,amine_head|oxoester_aldehyde_body_tail|isocyanide_tail,cyclic_amine,ester,alkyl,41_64,neutral,2plus,present,ring
CCCCCCCC/C=C\CCCCCCCCNC(=O)C(CCCCCOC(=O)CCCCCCCCC)NCCN(C(C)C)C(C)C,ugi_3cr_agile,2,amine_head:000|oxoester_aldehyde_body_tail:008|isocyanide_tail:000,amine_head|oxoester_aldehyde_body_tail|isocyanide_tail,diamine,ester,alkyl,41_64,neutral,2plus,present,acyclic
CCCCCCCC/C=C\CCCCCCCCNC(=O)C(CCCCCOC(=O)CCCCCCCCC)NCCN(C)C,ugi_3cr_agile,2,amine_head:006|oxoester_aldehyde_body_tail:008|isocyanide_tail:000,amine_head|oxoester_aldehyde_body_tail|isocyanide_tail,diamine,ester,alkyl,41_64,neutral,2plus,present,acyclic
CCCCCCCC/C=C\CCCCCCCCNC(=O)C(CCCCCOC(=O)CCCCCCCCC)NCCN(CC)CC,ugi_3cr_agile,2,amine_head:003|oxoester_aldehyde_body_tail:008|isocyanide_tail:000,amine_head|oxoester_aldehyde_body_tail|isocyanide_tail,diamine,ester,alkyl,41_64,neutral,2plus,present,acyclic
CCCCCCCC/C=C\CCCCCCCCNC(=O)C(CCCCCOC(=O)CCCCCCCCC)NCCN(CCN)CCN,ugi_3cr_agile,2,amine_head:013|oxoester_aldehyde_body_tail:008|isocyanide_tail:000,amine_head|oxoester_aldehyde_body_tail|isocyanide_tail,polyamine,ester,alkyl,41_64,neutral,2plus,present,acyclic
CCCCCCCC/C=C\CCCCCCCCNC(=O)C(CCCCCOC(=O)CCCCCCCCC)NCCN1CCCC1,ugi_3cr_agile,2,amine_head:014|oxoester_aldehyde_body_tail:008|isocyanide_tail:000,amine_head|oxoester_aldehyde_body_tail|isocyanide_tail,cyclic_amine,ester,alkyl,41_64,neutral,2plus,present,ring
CCCCCCCC/C=C\CCCCCCCCNC(=O)C(CCCCCOC(=O)CCCCCCCCC)NCCN1CCCCC1,ugi_3cr_agile,2,amine_head:015|oxoester_aldehyde_body_tail:008|isocyanide_tail:000,amine_head|oxoester_aldehyde_body_tail|isocyanide_tail,cyclic_amine,ester,alkyl,41_64,neutral,2plus,present,ring
CCCCCCCC/C=C\CCCCCCCCNC(=O)C(CCCCCOC(=O)CCCCCCCCC)NCCN1CCNCC1,ugi_3cr_agile,2,amine_head:016|oxoester_aldehyde_body_tail:008|isocyanide_tail:000,amine_head|oxoester_aldehyde_body_tail|isocyanide_tail,cyclic_amine,ester,alkyl,41_64,neutral,2plus,present,ring
CCCCCCCC/C=C\CCCCCCCCNC(=O)C(CCCCCOC(=O)CCCCCCCCC)NN1CCCCC1,ugi_3cr_agile,2,amine_head:017|oxoester_aldehyde_body_tail:008|isocyanide_tail:000,amine_head|oxoester_aldehyde_body_tail|isocyanide_tail,cyclic_amine,ester,alkyl,41_64,neutral,2plus,present,ring
CCCCCCCC/C=C\CCCCCCCCNC(=O)C(CCCCCOC(=O)CCCCCCCCC)NN1CCOCC1,ugi_3cr_agile,2,amine_head:018|oxoester_aldehyde_body_tail:008|isocyanide_tail:000,amine_head|oxoester_aldehyde_body_tail|isocyanide_tail,cyclic_amine,ester,alkyl,41_64,neutral,2plus,present,ring
CCCCCCCC/C=C\CCCCCCCCNC(=O)C(CCCCCOC(=O)CCCCCCCCC)Nc1cc(C)nn1C,ugi_3cr_agile,2,amine_head:009|oxoester_aldehyde_body_tail:008|isocyanide_tail:000,amine_head|oxoester_aldehyde_body_tail|isocyanide_tail,cyclic_amine,ester,alkyl,41_64,neutral,2plus,present,ring
CCCCCCCC/C=C\CCCCCCCCNC(=O)C(CCCCCOC(=O)CCCCCCCCC)Nc1cn[nH]c1,ugi_3cr_agile,2,amine_head:019|oxoester_aldehyde_body_tail:008|isocyanide_tail:000,amine_head|oxoester_aldehyde_body_tail|isocyanide_tail,cyclic_amine,ester,alkyl,41_64,neutral,2plus,present,ring
CCCCCCCC/C=C\CCCCCCCCNC(=O)C(CCCCCOC(=O)CCCCCCCCCC)N1CCC(N)CC1,ugi_3cr_agile,2,amine_head:010|oxoester_aldehyde_body_tail:009|isocyanide_tail:000,amine_head|oxoester_aldehyde_body_tail|isocyanide_tail,cyclic_amine,ester,alkyl,41_64,neutral,2plus,present,ring
CCCCCCCC/C=C\CCCCCCCCNC(=O)C(CCCCCOC(=O)CCCCCCCCCC)N1CCN(CCN)CC1,ugi_3cr_agile,2,amine_head:016|oxoester_aldehyde_body_tail:009|isocyanide_tail:000,amine_head|oxoester_aldehyde_body_tail|isocyanide_tail,cyclic_amine,ester,alkyl,41_64,neutral,2plus,present,ring
CCCCCCCC/C=C\CCCCCCCCNC(=O)C(CCCCCOC(=O)CCCCCCCCCC)NC1CCN(C)CC1,ugi_3cr_agile,2,amine_head:008|oxoester_aldehyde_body_tail:009|isocyanide_tail:000,amine_head|oxoester_aldehyde_body_tail|isocyanide_tail,cyclic_amine,ester,alkyl,41_64,neutral,2plus,present,ring
CCCCCCCC/C=C\CCCCCCCCNC(=O)C(CCCCCOC(=O)CCCCCCCCCC)NC1CCNCC1,ugi_3cr_agile,2,amine_head:010|oxoester_aldehyde_body_tail:009|isocyanide_tail:000,amine_head|oxoester_aldehyde_body_tail|isocyanide_tail,cyclic_amine,ester,alkyl,41_64,neutral,2plus,present,ring
CCCCCCCC/C=C\CCCCCCCCNC(=O)C(CCCCCOC(=O)CCCCCCCCCC)NCC1CCCN1CC,ugi_3cr_agile,2,amine_head:004|oxoester_aldehyde_body_tail:009|isocyanide_tail:000,amine_head|oxoester_aldehyde_body_tail|isocyanide_tail,cyclic_amine,ester,alkyl,41_64,neutral,2plus,present,ring
CCCCCCCC/C=C\CCCCCCCCNC(=O)C(CCCCCOC(=O)CCCCCCCCCC)NCCCN(C)C,ugi_3cr_agile,2,amine_head:005|oxoester_aldehyde_body_tail:009|isocyanide_tail:000,amine_head|oxoester_aldehyde_body_tail|isocyanide_tail,diamine,ester,alkyl,41_64,neutral,2plus,present,acyclic
CCCCCCCC/C=C\CCCCCCCCNC(=O)C(CCCCCOC(=O)CCCCCCCCCC)NCCCN(C)CCCN,ugi_3cr_agile,2,amine_head:007|oxoester_aldehyde_body_tail:009|isocyanide_tail:000,amine_head|oxoester_aldehyde_body_tail|isocyanide_tail,polyamine,ester,alkyl,41_64,neutral,2plus,present,acyclic
CCCCCCCC/C=C\CCCCCCCCNC(=O)C(CCCCCOC(=O)CCCCCCCCCC)NCCCN(CC)CC,ugi_3cr_agile,2,amine_head:002|oxoester_aldehyde_body_tail:009|isocyanide_tail:000,amine_head|oxoester_aldehyde_body_tail|isocyanide_tail,diamine,ester,alkyl,41_64,neutral,2plus,present,acyclic
CCCCCCCC/C=C\CCCCCCCCNC(=O)C(CCCCCOC(=O)CCCCCCCCCC)NCCCN(CCCC)CCCC,ugi_3cr_agile,2,amine_head:001|oxoester_aldehyde_body_tail:009|isocyanide_tail:000,amine_head|oxoester_aldehyde_body_tail|isocyanide_tail,diamine,ester,alkyl,41_64,neutral,2plus,present,acyclic
CCCCCCCC/C=C\CCCCCCCCNC(=O)C(CCCCCOC(=O)CCCCCCCCCC)NCCCN1CCCC1,ugi_3cr_agile,2,amine_head:011|oxoester_aldehyde_body_tail:009|isocyanide_tail:000,amine_head|oxoester_aldehyde_body_tail|isocyanide_tail,cyclic_amine,ester,alkyl,41_64,neutral,2plus,present,ring
CCCCCCCC/C=C\CCCCCCCCNC(=O)C(CCCCCOC(=O)CCCCCCCCCC)NCCCN1CCOCC1,ugi_3cr_agile,2,amine_head:012|oxoester_aldehyde_body_tail:009|isocyanide_tail:000,amine_head|oxoester_aldehyde_body_tail|isocyanide_tail,cyclic_amine,ester,alkyl,41_64,neutral,2plus,present,ring
CCCCCCCC/C=C\CCCCCCCCNC(=O)C(CCCCCOC(=O)CCCCCCCCCC)NCCN(C(C)C)C(C)C,ugi_3cr_agile,2,amine_head:000|oxoester_aldehyde_body_tail:009|isocyanide_tail:000,amine_head|oxoester_aldehyde_body_tail|isocyanide_tail,diamine,ester,alkyl,41_64,neutral,2plus,present,acyclic
CCCCCCCC/C=C\CCCCCCCCNC(=O)C(CCCCCOC(=O)CCCCCCCCCC)NCCN(C)C,ugi_3cr_agile,2,amine_head:006|oxoester_aldehyde_body_tail:009|isocyanide_tail:000,amine_head|oxoester_aldehyde_body_tail|isocyanide_tail,diamine,ester,alkyl,41_64,neutral,2plus,present,acyclic
CCCCCCCC/C=C\CCCCCCCCNC(=O)C(CCCCCOC(=O)CCCCCCCCCC)NCCN(CC)CC,ugi_3cr_agile,2,amine_head:003|oxoester_aldehyde_body_tail:009|isocyanide_tail:000,amine_head|oxoester_aldehyde_body_tail|isocyanide_tail,diamine,ester,alkyl,41_64,neutral,2plus,present,acyclic
CCCCCCCC/C=C\CCCCCCCCNC(=O)C(CCCCCOC(=O)CCCCCCCCCC)NCCN(CCN)CCN,ugi_3cr_agile,2,amine_head:013|oxoester_aldehyde_body_tail:009|isocyanide_tail:000,amine_head|oxoester_aldehyde_body_tail|isocyanide_tail,polyamine,ester,alkyl,41_64,neutral,2plus,present,acyclic
CCCCCCCC/C=C\CCCCCCCCNC(=O)C(CCCCCOC(=O)CCCCCCCCCC)NCCN1CCCC1,ugi_3cr_agile,2,amine_head:014|oxoester_aldehyde_body_tail:009|isocyanide_tail:000,amine_head|oxoester_aldehyde_body_tail|isocyanide_tail,cyclic_amine,ester,alkyl,41_64,neutral,2plus,present,ring
CCCCCCCC/C=C\CCCCCCCCNC(=O)C(CCCCCOC(=O)CCCCCCCCCC)NCCN1CCCCC1,ugi_3cr_agile,2,amine_head:015|oxoester_aldehyde_body_tail:009|isocyanide_tail:000,amine_head|oxoester_aldehyde_body_tail|isocyanide_tail,cyclic_amine,ester,alkyl,41_64,neutral,2plus,present,ring
CCCCCCCC/C=C\CCCCCCCCNC(=O)C(CCCCCOC(=O)CCCCCCCCCC)NCCN1CCNCC1,ugi_3cr_agile,2,amine_head:016|oxoester_aldehyde_body_tail:009|isocyanide_tail:000,amine_head|oxoester_aldehyde_body_tail|isocyanide_tail,cyclic_amine,ester,alkyl,41_64,neutral,2plus,present,ring
CCCCCCCC/C=C\CCCCCCCCNC(=O)C(CCCCCOC(=O)CCCCCCCCCC)NN1CCCCC1,ugi_3cr_agile,2,amine_head:017|oxoester_aldehyde_body_tail:009|isocyanide_tail:000,amine_head|oxoester_aldehyde_body_tail|isocyanide_tail,cyclic_amine,ester,alkyl,41_64,neutral,2plus,present,ring
CCCCCCCC/C=C\CCCCCCCCNC(=O)C(CCCCCOC(=O)CCCCCCCCCC)NN1CCOCC1,ugi_3cr_agile,2,amine_head:018|oxoester_aldehyde_body_tail:009|isocyanide_tail:000,amine_head|oxoester_aldehyde_body_tail|isocyanide_tail,cyclic_amine,ester,alkyl,41_64,neutral,2plus,present,ring
CCCCCCCC/C=C\CCCCCCCCNC(=O)C(CCCCCOC(=O)CCCCCCCCCC)Nc1cc(C)nn1C,ugi_3cr_agile,2,amine_head:009|oxoester_aldehyde_body_tail:009|isocyanide_tail:000,amine_head|oxoester_aldehyde_body_tail|isocyanide_tail,cyclic_amine,ester,alkyl,41_64,neutral,2plus,present,ring
CCCCCCCC/C=C\CCCCCCCCNC(=O)C(CCCCCOC(=O)CCCCCCCCCC)Nc1cn[nH]c1,ugi_3cr_agile,2,amine_head:019|oxoester_aldehyde_body_tail:009|isocyanide_tail:000,amine_head|oxoester_aldehyde_body_tail|isocyanide_tail,cyclic_amine,ester,alkyl,41_64,neutral,2plus,present,ring
CCCCCCCC/C=C\CCCCCCCCNC(=O)C(CCCCCOC(=O)CCCCCCCCCCCCCCC)N1CCC(N)CC1,ugi_3cr_agile,2,amine_head:010|oxoester_aldehyde_body_tail:010|isocyanide_tail:000,amine_head|oxoester_aldehyde_body_tail|isocyanide_tail,cyclic_amine,ester,alkyl,41_64,neutral,2plus,present,ring
CCCCCCCC/C=C\CCCCCCCCNC(=O)C(CCCCCOC(=O)CCCCCCCCCCCCCCC)N1CCN(CCN)CC1,ugi_3cr_agile,2,amine_head:016|oxoester_aldehyde_body_tail:010|isocyanide_tail:000,amine_head|oxoester_aldehyde_body_tail|isocyanide_tail,cyclic_amine,ester,alkyl,41_64,neutral,2plus,present,ring
CCCCCCCC/C=C\CCCCCCCCNC(=O)C(CCCCCOC(=O)CCCCCCCCCCCCCCC)NC1CCN(C)CC1,ugi_3cr_agile,2,amine_head:008|oxoester_aldehyde_body_tail:010|isocyanide_tail:000,amine_head|oxoester_aldehyde_body_tail|isocyanide_tail,cyclic_amine,ester,alkyl,41_64,neutral,2plus,present,ring
CCCCCCCC/C=C\CCCCCCCCNC(=O)C(CCCCCOC(=O)CCCCCCCCCCCCCCC)NC1CCNCC1,ugi_3cr_agile,2,amine_head:010|oxoester_aldehyde_body_tail:010|isocyanide_tail:000,amine_head|oxoester_aldehyde_body_tail|isocyanide_tail,cyclic_amine,ester,alkyl,41_64,neutral,2plus,present,ring
CCCCCCCC/C=C\CCCCCCCCNC(=O)C(CCCCCOC(=O)CCCCCCCCCCCCCCC)NCC1CCCN1CC,ugi_3cr_agile,2,amine_head:004|oxoester_aldehyde_body_tail:010|isocyanide_tail:000,amine_head|oxoester_aldehyde_body_tail|isocyanide_tail,cyclic_amine,ester,alkyl,41_64,neutral,2plus,present,ring
CCCCCCCC/C=C\CCCCCCCCNC(=O)C(CCCCCOC(=O)CCCCCCCCCCCCCCC)NCCCN(C)C,ugi_3cr_agile,2,amine_head:005|oxoester_aldehyde_body_tail:010|isocyanide_tail:000,amine_head|oxoester_aldehyde_body_tail|isocyanide_tail,diamine,ester,alkyl,41_64,neutral,2plus,present,acyclic
CCCCCCCC/C=C\CCCCCCCCNC(=O)C(CCCCCOC(=O)CCCCCCCCCCCCCCC)NCCCN(C)CCCN,ugi_3cr_agile,2,amine_head:007|oxoester_aldehyde_body_tail:010|isocyanide_tail:000,amine_head|oxoester_aldehyde_body_tail|isocyanide_tail,polyamine,ester,alkyl,41_64,neutral,2plus,present,acyclic
CCCCCCCC/C=C\CCCCCCCCNC(=O)C(CCCCCOC(=O)CCCCCCCCCCCCCCC)NCCCN(CC)CC,ugi_3cr_agile,2,amine_head:002|oxoester_aldehyde_body_tail:010|isocyanide_tail:000,amine_head|oxoester_aldehyde_body_tail|isocyanide_tail,diamine,ester,alkyl,41_64,neutral,2plus,present,acyclic
CCCCCCCC/C=C\CCCCCCCCNC(=O)C(CCCCCOC(=O)CCCCCCCCCCCCCCC)NCCCN(CCCC)CCCC,ugi_3cr_agile,2,amine_head:001|oxoester_aldehyde_body_tail:010|isocyanide_tail:000,amine_head|oxoester_aldehyde_body_tail|isocyanide_tail,diamine,ester,alkyl,41_64,neutral,2plus,present,acyclic
CCCCCCCC/C=C\CCCCCCCCNC(=O)C(CCCCCOC(=O)CCCCCCCCCCCCCCC)NCCCN1CCCC1,ugi_3cr_agile,2,amine_head:011|oxoester_aldehyde_body_tail:010|isocyanide_tail:000,amine_head|oxoester_aldehyde_body_tail|isocyanide_tail,cyclic_amine,ester,alkyl,41_64,neutral,2plus,present,ring
CCCCCCCC/C=C\CCCCCCCCNC(=O)C(CCCCCOC(=O)CCCCCCCCCCCCCCC)NCCCN1CCOCC1,ugi_3cr_agile,2,amine_head:012|oxoester_aldehyde_body_tail:010|isocyanide_tail:000,amine_head|oxoester_aldehyde_body_tail|isocyanide_tail,cyclic_amine,ester,alkyl,41_64,neutral,2plus,present,ring
CCCCCCCC/C=C\CCCCCCCCNC(=O)C(CCCCCOC(=O)CCCCCCCCCCCCCCC)NCCN(C(C)C)C(C)C,ugi_3cr_agile,2,amine_head:000|oxoester_aldehyde_body_tail:010|isocyanide_tail:000,amine_head|oxoester_aldehyde_body_tail|isocyanide_tail,diamine,ester,alkyl,41_64,neutral,2plus,present,acyclic
CCCCCCCC/C=C\CCCCCCCCNC(=O)C(CCCCCOC(=O)CCCCCCCCCCCCCCC)NCCN(C)C,ugi_3cr_agile,2,amine_head:006|oxoester_aldehyde_body_tail:010|isocyanide_tail:000,amine_head|oxoester_aldehyde_body_tail|isocyanide_tail,diamine,ester,alkyl,41_64,neutral,2plus,present,acyclic
CCCCCCCC/C=C\CCCCCCCCNC(=O)C(CCCCCOC(=O)CCCCCCCCCCCCCCC)NCCN(CC)CC,ugi_3cr_agile,2,amine_head:003|oxoester_aldehyde_body_tail:010|isocyanide_tail:000,amine_head|oxoester_aldehyde_body_tail|isocyanide_tail,diamine,ester,alkyl,41_64,neutral,2plus,present,acyclic
CCCCCCCC/C=C\CCCCCCCCNC(=O)C(CCCCCOC(=O)CCCCCCCCCCCCCCC)NCCN(CCN)CCN,ugi_3cr_agile,2,amine_head:013|oxoester_aldehyde_body_tail:010|isocyanide_tail:000,amine_head|oxoester_aldehyde_body_tail|isocyanide_tail,polyamine,ester,alkyl,41_64,neutral,2plus,present,acyclic
CCCCCCCC/C=C\CCCCCCCCNC(=O)C(CCCCCOC(=O)CCCCCCCCCCCCCCC)NCCN1CCCC1,ugi_3cr_agile,2,amine_head:014|oxoester_aldehyde_body_tail:010|isocyanide_tail:000,amine_head|oxoester_aldehyde_body_tail|isocyanide_tail,cyclic_amine,ester,alkyl,41_64,neutral,2plus,present,ring
CCCCCCCC/C=C\CCCCCCCCNC(=O)C(CCCCCOC(=O)CCCCCCCCCCCCCCC)NCCN1CCCCC1,ugi_3cr_agile,2,amine_head:015|oxoester_aldehyde_body_tail:010|isocyanide_tail:000,amine_head|oxoester_aldehyde_body_tail|isocyanide_tail,cyclic_amine,ester,alkyl,41_64,neutral,2plus,present,ring
CCCCCCCC/C=C\CCCCCCCCNC(=O)C(CCCCCOC(=O)CCCCCCCCCCCCCCC)NCCN1CCNCC1,ugi_3cr_agile,2,amine_head:016|oxoester_aldehyde_body_tail:010|isocyanide_tail:000,amine_head|oxoester_aldehyde_body_tail|isocyanide_tail,cyclic_amine,ester,alkyl,41_64,neutral,2plus,present,ring
CCCCCCCC/C=C\CCCCCCCCNC(=O)C(CCCCCOC(=O)CCCCCCCCCCCCCCC)NN1CCCCC1,ugi_3cr_agile,2,amine_head:017|oxoester_aldehyde_body_tail:010|isocyanide_tail:000,amine_head|oxoester_aldehyde_body_tail|isocyanide_tail,cyclic_amine,ester,alkyl,41_64,neutral,2plus,present,ring
CCCCCCCC/C=C\CCCCCCCCNC(=O)C(CCCCCOC(=O)CCCCCCCCCCCCCCC)NN1CCOCC1,ugi_3cr_agile,2,amine_head:018|oxoester_aldehyde_body_tail:010|isocyanide_tail:000,amine_head|oxoester_aldehyde_body_tail|isocyanide_tail,cyclic_amine,ester,alkyl,41_64,neutral,2plus,present,ring
CCCCCCCC/C=C\CCCCCCCCNC(=O)C(CCCCCOC(=O)CCCCCCCCCCCCCCC)Nc1cc(C)nn1C,ugi_3cr_agile,2,amine_head:009|oxoester_aldehyde_body_tail:010|isocyanide_tail:000,amine_head|oxoester_aldehyde_body_tail|isocyanide_tail,cyclic_amine,ester,alkyl,41_64,neutral,2plus,present,ring
CCCCCCCC/C=C\CCCCCCCCNC(=O)C(CCCCCOC(=O)CCCCCCCCCCCCCCC)Nc1cn[nH]c1,ugi_3cr_agile,2,amine_head:019|oxoester_aldehyde_body_tail:010|isocyanide_tail:000,amine_head|oxoester_aldehyde_body_tail|isocyanide_tail,cyclic_amine,ester,alkyl,41_64,neutral,2plus,present,ring
CCCCCCCC/C=C\CCCCCCCCNC(=O)C(CCCCCOC(=O)CCCCCCCCCCCCCCCCC)N1CCC(N)CC1,ugi_3cr_agile,2,amine_head:010|oxoester_aldehyde_body_tail:011|isocyanide_tail:000,amine_head|oxoester_aldehyde_body_tail|isocyanide_tail,cyclic_amine,ester,alkyl,41_64,neutral,2plus,present,ring
CCCCCCCC/C=C\CCCCCCCCNC(=O)C(CCCCCOC(=O)CCCCCCCCCCCCCCCCC)N1CCN(CCN)CC1,ugi_3cr_agile,2,amine_head:016|oxoester_aldehyde_body_tail:011|isocyanide_tail:000,amine_head|oxoester_aldehyde_body_tail|isocyanide_tail,cyclic_amine,ester,alkyl,41_64,neutral,2plus,present,ring
CCCCCCCC/C=C\CCCCCCCCNC(=O)C(CCCCCOC(=O)CCCCCCCCCCCCCCCCC)NC1CCN(C)CC1,ugi_3cr_agile,2,amine_head:008|oxoester_aldehyde_body_tail:011|isocyanide_tail:000,amine_head|oxoester_aldehyde_body_tail|isocyanide_tail,cyclic_amine,ester,alkyl,41_64,neutral,2plus,present,ring
CCCCCCCC/C=C\CCCCCCCCNC(=O)C(CCCCCOC(=O)CCCCCCCCCCCCCCCCC)NC1CCNCC1,ugi_3cr_agile,2,amine_head:010|oxoester_aldehyde_body_tail:011|isocyanide_tail:000,amine_head|oxoester_aldehyde_body_tail|isocyanide_tail,cyclic_amine,ester,alkyl,41_64,neutral,2plus,present,ring
CCCCCCCC/C=C\CCCCCCCCNC(=O)C(CCCCCOC(=O)CCCCCCCCCCCCCCCCC)NCC1CCCN1CC,ugi_3cr_agile,2,amine_head:004|oxoester_aldehyde_body_tail:011|isocyanide_tail:000,amine_head|oxoester_aldehyde_body_tail|isocyanide_tail,cyclic_amine,ester,alkyl,41_64,neutral,2plus,present,ring
CCCCCCCC/C=C\CCCCCCCCNC(=O)C(CCCCCOC(=O)CCCCCCCCCCCCCCCCC)NCCCN(C)C,ugi_3cr_agile,2,amine_head:005|oxoester_aldehyde_body_tail:011|isocyanide_tail:000,amine_head|oxoester_aldehyde_body_tail|isocyanide_tail,diamine,ester,alkyl,41_64,neutral,2plus,present,acyclic
CCCCCCCC/C=C\CCCCCCCCNC(=O)C(CCCCCOC(=O)CCCCCCCCCCCCCCCCC)NCCCN(C)CCCN,ugi_3cr_agile,2,amine_head:007|oxoester_aldehyde_body_tail:011|isocyanide_tail:000,amine_head|oxoester_aldehyde_body_tail|isocyanide_tail,polyamine,ester,alkyl,41_64,neutral,2plus,present,acyclic
CCCCCCCC/C=C\CCCCCCCCNC(=O)C(CCCCCOC(=O)CCCCCCCCCCCCCCCCC)NCCCN(CC)CC,ugi_3cr_agile,2,amine_head:002|oxoester_aldehyde_body_tail:011|isocyanide_tail:000,amine_head|oxoester_aldehyde_body_tail|isocyanide_tail,diamine,ester,alkyl,41_64,neutral,2plus,present,acyclic
CCCCCCCC/C=C\CCCCCCCCNC(=O)C(CCCCCOC(=O)CCCCCCCCCCCCCCCCC)NCCCN(CCCC)CCCC,ugi_3cr_agile,2,amine_head:001|oxoester_aldehyde_body_tail:011|isocyanide_tail:000,amine_head|oxoester_aldehyde_body_tail|isocyanide_tail,diamine,ester,alkyl,41_64,neutral,2plus,present,acyclic
CCCCCCCC/C=C\CCCCCCCCNC(=O)C(CCCCCOC(=O)CCCCCCCCCCCCCCCCC)NCCCN1CCCC1,ugi_3cr_agile,2,amine_head:011|oxoester_aldehyde_body_tail:011|isocyanide_tail:000,amine_head|oxoester_aldehyde_body_tail|isocyanide_tail,cyclic_amine,ester,alkyl,41_64,neutral,2plus,present,ring
CCCCCCCC/C=C\CCCCCCCCNC(=O)C(CCCCCOC(=O)CCCCCCCCCCCCCCCCC)NCCCN1CCOCC1,ugi_3cr_agile,2,amine_head:012|oxoester_aldehyde_body_tail:011|isocyanide_tail:000,amine_head|oxoester_aldehyde_body_tail|isocyanide_tail,cyclic_amine,ester,alkyl,41_64,neutral,2plus,present,ring
CCCCCCCC/C=C\CCCCCCCCNC(=O)C(CCCCCOC(=O)CCCCCCCCCCCCCCCCC)NCCN(C(C)C)C(C)C,ugi_3cr_agile,2,amine_head:000|oxoester_aldehyde_body_tail:011|isocyanide_tail:000,amine_head|oxoester_aldehyde_body_tail|isocyanide_tail,diamine,ester,alkyl,41_64,neutral,2plus,present,acyclic
CCCCCCCC/C=C\CCCCCCCCNC(=O)C(CCCCCOC(=O)CCCCCCCCCCCCCCCCC)NCCN(C)C,ugi_3cr_agile,2,amine_head:006|oxoester_aldehyde_body_tail:011|isocyanide_tail:000,amine_head|oxoester_aldehyde_body_tail|isocyanide_tail,diamine,ester,alkyl,41_64,neutral,2plus,present,acyclic
CCCCCCCC/C=C\CCCCCCCCNC(=O)C(CCCCCOC(=O)CCCCCCCCCCCCCCCCC)NCCN(CC)CC,ugi_3cr_agile,2,amine_head:003|oxoester_aldehyde_body_tail:011|isocyanide_tail:000,amine_head|oxoester_aldehyde_body_tail|isocyanide_tail,diamine,ester,alkyl,41_64,neutral,2plus,present,acyclic
CCCCCCCC/C=C\CCCCCCCCNC(=O)C(CCCCCOC(=O)CCCCCCCCCCCCCCCCC)NCCN(CCN)CCN,ugi_3cr_agile,2,amine_head:013|oxoester_aldehyde_body_tail:011|isocyanide_tail:000,amine_head|oxoester_aldehyde_body_tail|isocyanide_tail,polyamine,ester,alkyl,41_64,neutral,2plus,present,acyclic
CCCCCCCC/C=C\CCCCCCCCNC(=O)C(CCCCCOC(=O)CCCCCCCCCCCCCCCCC)NCCN1CCCC1,ugi_3cr_agile,2,amine_head:014|oxoester_aldehyde_body_tail:011|isocyanide_tail:000,amine_head|oxoester_aldehyde_body_tail|isocyanide_tail,cyclic_amine,ester,alkyl,41_64,neutral,2plus,present,ring
CCCCCCCC/C=C\CCCCCCCCNC(=O)C(CCCCCOC(=O)CCCCCCCCCCCCCCCCC)NCCN1CCCCC1,ugi_3cr_agile,2,amine_head:015|oxoester_aldehyde_body_tail:011|isocyanide_tail:000,amine_head|oxoester_aldehyde_body_tail|isocyanide_tail,cyclic_amine,ester,alkyl,41_64,neutral,2plus,present,ring
CCCCCCCC/C=C\CCCCCCCCNC(=O)C(CCCCCOC(=O)CCCCCCCCCCCCCCCCC)NCCN1CCNCC1,ugi_3cr_agile,2,amine_head:016|oxoester_aldehyde_body_tail:011|isocyanide_tail:000,amine_head|oxoester_aldehyde_body_tail|isocyanide_tail,cyclic_amine,ester,alkyl,41_64,neutral,2plus,present,ring
CCCCCCCC/C=C\CCCCCCCCNC(=O)C(CCCCCOC(=O)CCCCCCCCCCCCCCCCC)NN1CCCCC1,ugi_3cr_agile,2,amine_head:017|oxoester_aldehyde_body_tail:011|isocyanide_tail:000,amine_head|oxoester_aldehyde_body_tail|isocyanide_tail,cyclic_amine,ester,alkyl,41_64,neutral,2plus,present,ring
CCCCCCCC/C=C\CCCCCCCCNC(=O)C(CCCCCOC(=O)CCCCCCCCCCCCCCCCC)NN1CCOCC1,ugi_3cr_agile,2,amine_head:018|oxoester_aldehyde_body_tail:011|isocyanide_tail:000,amine_head|oxoester_aldehyde_body_tail|isocyanide_tail,cyclic_amine,ester,alkyl,41_64,neutral,2plus,present,ring
CCCCCCCC/C=C\CCCCCCCCNC(=O)C(CCCCCOC(=O)CCCCCCCCCCCCCCCCC)Nc1cc(C)nn1C,ugi_3cr_agile,2,amine_head:009|oxoester_aldehyde_body_tail:011|isocyanide_tail:000,amine_head|oxoester_aldehyde_body_tail|isocyanide_tail,cyclic_amine,ester,alkyl,41_64,neutral,2plus,present,ring
CCCCCCCC/C=C\CCCCCCCCNC(=O)C(CCCCCOC(=O)CCCCCCCCCCCCCCCCC)Nc1cn[nH]c1,ugi_3cr_agile,2,amine_head:019|oxoester_aldehyde_body_tail:011|isocyanide_tail:000,amine_head|oxoester_aldehyde_body_tail|isocyanide_tail,cyclic_amine,ester,alkyl,41_64,neutral,2plus,present,ring
CCCCCCCCCCCCCCCC(=O)OCCCCCC(C(=O)NCCCCCCCCCCCC)N1CCC(N)CC1,ugi_3cr_agile,2,amine_head:010|oxoester_aldehyde_body_tail:010|isocyanide_tail:001,amine_head|oxoester_aldehyde_body_tail|isocyanide_tail,cyclic_amine,ester,alkyl,41_64,neutral,2plus,none,ring
CCCCCCCCCCCCCCCC(=O)OCCCCCC(C(=O)NCCCCCCCCCCCC)N1CCN(CCN)CC1,ugi_3cr_agile,2,amine_head:016|oxoester_aldehyde_body_tail:010|isocyanide_tail:001,amine_head|oxoester_aldehyde_body_tail|isocyanide_tail,cyclic_amine,ester,alkyl,41_64,neutral,2plus,none,ring
CCCCCCCCCCCCCCCC(=O)OCCCCCC(C(=O)NCCCCCCCCCCCCCC)N1CCC(N)CC1,ugi_3cr_agile,2,amine_head:010|oxoester_aldehyde_body_tail:010|isocyanide_tail:002,amine_head|oxoester_aldehyde_body_tail|isocyanide_tail,cyclic_amine,ester,alkyl,41_64,neutral,2plus,none,ring
CCCCCCCCCCCCCCCC(=O)OCCCCCC(C(=O)NCCCCCCCCCCCCCC)N1CCN(CCN)CC1,ugi_3cr_agile,2,amine_head:016|oxoester_aldehyde_body_tail:010|isocyanide_tail:002,amine_head|oxoester_aldehyde_body_tail|isocyanide_tail,cyclic_amine,ester,alkyl,41_64,neutral,2plus,none,ring
CCCCCCCCCCCCCCCC(=O)OCCCCCC(NC1CCN(C)CC1)C(=O)NCCCCCCCCCCCC,ugi_3cr_agile,2,amine_head:008|oxoester_aldehyde_body_tail:010|isocyanide_tail:001,amine_head|oxoester_aldehyde_body_tail|isocyanide_tail,cyclic_amine,ester,alkyl,41_64,neutral,2plus,none,ring
CCCCCCCCCCCCCCCC(=O)OCCCCCC(NC1CCN(C)CC1)C(=O)NCCCCCCCCCCCCCC,ugi_3cr_agile,2,amine_head:008|oxoester_aldehyde_body_tail:010|isocyanide_tail:002,amine_head|oxoester_aldehyde_body_tail|isocyanide_tail,cyclic_amine,ester,alkyl,41_64,neutral,2plus,none,ring
CCCCCCCCCCCCCCCC(=O)OCCCCCC(NC1CCNCC1)C(=O)NCCCCCCCCCCCC,ugi_3cr_agile,2,amine_head:010|oxoester_aldehyde_body_tail:010|isocyanide_tail:001,amine_head|oxoester_aldehyde_body_tail|isocyanide_tail,cyclic_amine,ester,alkyl,41_64,neutral,2plus,none,ring
CCCCCCCCCCCCCCCC(=O)OCCCCCC(NC1CCNCC1)C(=O)NCCCCCCCCCCCCCC,ugi_3cr_agile,2,amine_head:010|oxoester_aldehyde_body_tail:010|isocyanide_tail:002,amine_head|oxoester_aldehyde_body_tail|isocyanide_tail,cyclic_amine,ester,alkyl,41_64,neutral,2plus,none,ring
CCCCCCCCCCCCCCCC(=O)OCCCCCC(NCC1CCCN1CC)C(=O)NCCCCCCCCCCCC,ugi_3cr_agile,2,amine_head:004|oxoester_aldehyde_body_tail:010|isocyanide_tail:001,amine_head|oxoester_aldehyde_body_tail|isocyanide_tail,cyclic_amine,ester,alkyl,41_64,neutral,2plus,none,ring
CCCCCCCCCCCCCCCC(=O)OCCCCCC(NCC1CCCN1CC)C(=O)NCCCCCCCCCCCCCC,ugi_3cr_agile,2,amine_head:004|oxoester_aldehyde_body_tail:010|isocyanide_tail:002,amine_head|oxoester_aldehyde_body_tail|isocyanide_tail,cyclic_amine,ester,alkyl,41_64,neutral,2plus,none,ring
CCCCCCCCCCCCCCCC(=O)OCCCCCC(NCCCN(C)C)C(=O)NCCCCCCCCCCCC,ugi_3cr_agile,2,amine_head:005|oxoester_aldehyde_body_tail:010|isocyanide_tail:001,amine_head|oxoester_aldehyde_body_tail|isocyanide_tail,diamine,ester,alkyl,41_64,neutral,2plus,none,acyclic
CCCCCCCCCCCCCCCC(=O)OCCCCCC(NCCCN(C)C)C(=O)NCCCCCCCCCCCCCC,ugi_3cr_agile,2,amine_head:005|oxoester_aldehyde_body_tail:010|isocyanide_tail:002,amine_head|oxoester_aldehyde_body_tail|isocyanide_tail,diamine,ester,alkyl,41_64,neutral,2plus,none,acyclic
CCCCCCCCCCCCCCCC(=O)OCCCCCC(NCCCN(C)CCCN)C(=O)NCCCCCCCCCCCC,ugi_3cr_agile,2,amine_head:007|oxoester_aldehyde_body_tail:010|isocyanide_tail:001,amine_head|oxoester_aldehyde_body_tail|isocyanide_tail,polyamine,ester,alkyl,41_64,neutral,2plus,none,acyclic
CCCCCCCCCCCCCCCC(=O)OCCCCCC(NCCCN(C)CCCN)C(=O)NCCCCCCCCCCCCCC,ugi_3cr_agile,2,amine_head:007|oxoester_aldehyde_body_tail:010|isocyanide_tail:002,amine_head|oxoester_aldehyde_body_tail|isocyanide_tail,polyamine,ester,alkyl,41_64,neutral,2plus,none,acyclic
CCCCCCCCCCCCCCCC(=O)OCCCCCC(NCCCN(CC)CC)C(=O)NCCCCCCCCCCCC,ugi_3cr_agile,2,amine_head:002|oxoester_aldehyde_body_tail:010|isocyanide_tail:001,amine_head|oxoester_aldehyde_body_tail|isocyanide_tail,diamine,ester,alkyl,41_64,neutral,2plus,none,acyclic
CCCCCCCCCCCCCCCC(=O)OCCCCCC(NCCCN(CC)CC)C(=O)NCCCCCCCCCCCCCC,ugi_3cr_agile,2,amine_head:002|oxoester_aldehyde_body_tail:010|isocyanide_tail:002,amine_head|oxoester_aldehyde_body_tail|isocyanide_tail,diamine,ester,alkyl,41_64,neutral,2plus,none,acyclic
CCCCCCCCCCCCCCCC(=O)OCCCCCC(NCCCN(CCCC)CCCC)C(=O)NCCCCCCCCCCCC,ugi_3cr_agile,2,amine_head:001|oxoester_aldehyde_body_tail:010|isocyanide_tail:001,amine_head|oxoester_aldehyde_body_tail|isocyanide_tail,diamine,ester,alkyl,41_64,neutral,2plus,none,acyclic
CCCCCCCCCCCCCCCC(=O)OCCCCCC(NCCCN(CCCC)CCCC)C(=O)NCCCCCCCCCCCCCC,ugi_3cr_agile,2,amine_head:001|oxoester_aldehyde_body_tail:010|isocyanide_tail:002,amine_head|oxoester_aldehyde_body_tail|isocyanide_tail,diamine,ester,alkyl,41_64,neutral,2plus,none,acyclic
CCCCCCCCCCCCCCCC(=O)OCCCCCC(NCCCN1CCCC1)C(=O)NCCCCCCCCCCCC,ugi_3cr_agile,2,amine_head:011|oxoester_aldehyde_body_tail:010|isocyanide_tail:001,amine_head|oxoester_aldehyde_body_tail|isocyanide_tail,cyclic_amine,ester,alkyl,41_64,neutral,2plus,none,ring
CCCCCCCCCCCCCCCC(=O)OCCCCCC(NCCCN1CCCC1)C(=O)NCCCCCCCCCCCCCC,ugi_3cr_agile,2,amine_head:011|oxoester_aldehyde_body_tail:010|isocyanide_tail:002,amine_head|oxoester_aldehyde_body_tail|isocyanide_tail,cyclic_amine,ester,alkyl,41_64,neutral,2plus,none,ring
CCCCCCCCCCCCCCCC(=O)OCCCCCC(NCCCN1CCOCC1)C(=O)NCCCCCCCCCCCC,ugi_3cr_agile,2,amine_head:012|oxoester_aldehyde_body_tail:010|isocyanide_tail:001,amine_head|oxoester_aldehyde_body_tail|isocyanide_tail,cyclic_amine,ester,alkyl,41_64,neutral,2plus,none,ring
CCCCCCCCCCCCCCCC(=O)OCCCCCC(NCCCN1CCOCC1)C(=O)NCCCCCCCCCCCCCC,ugi_3cr_agile,2,amine_head:012|oxoester_aldehyde_body_tail:010|isocyanide_tail:002,amine_head|oxoester_aldehyde_body_tail|isocyanide_tail,cyclic_amine,ester,alkyl,41_64,neutral,2plus,none,ring
CCCCCCCCCCCCCCCC(=O)OCCCCCC(NCCN(C(C)C)C(C)C)C(=O)NCCCCCCCCCCCC,ugi_3cr_agile,2,amine_head:000|oxoester_aldehyde_body_tail:010|isocyanide_tail:001,amine_head|oxoester_aldehyde_body_tail|isocyanide_tail,diamine,ester,alkyl,41_64,neutral,2plus,none,acyclic
CCCCCCCCCCCCCCCC(=O)OCCCCCC(NCCN(C(C)C)C(C)C)C(=O)NCCCCCCCCCCCCCC,ugi_3cr_agile,2,amine_head:000|oxoester_aldehyde_body_tail:010|isocyanide_tail:002,amine_head|oxoester_aldehyde_body_tail|isocyanide_tail,diamine,ester,alkyl,41_64,neutral,2plus,none,acyclic
CCCCCCCCCCCCCCCC(=O)OCCCCCC(NCCN(C)C)C(=O)NCCCCCCCCCCCC,ugi_3cr_agile,2,amine_head:006|oxoester_aldehyde_body_tail:010|isocyanide_tail:001,amine_head|oxoester_aldehyde_body_tail|isocyanide_tail,diamine,ester,alkyl,41_64,neutral,2plus,none,acyclic
CCCCCCCCCCCCCCCC(=O)OCCCCCC(NCCN(C)C)C(=O)NCCCCCCCCCCCCCC,ugi_3cr_agile,2,amine_head:006|oxoester_aldehyde_body_tail:010|isocyanide_tail:002,amine_head|oxoester_aldehyde_body_tail|isocyanide_tail,diamine,ester,alkyl,41_64,neutral,2plus,none,acyclic
CCCCCCCCCCCCCCCC(=O)OCCCCCC(NCCN(CC)CC)C(=O)NCCCCCCCCCCCC,ugi_3cr_agile,2,amine_head:003|oxoester_aldehyde_body_tail:010|isocyanide_tail:001,amine_head|oxoester_aldehyde_body_tail|isocyanide_tail,diamine,ester,alkyl,41_64,neutral,2plus,none,acyclic
CCCCCCCCCCCCCCCC(=O)OCCCCCC(NCCN(CC)CC)C(=O)NCCCCCCCCCCCCCC,ugi_3cr_agile,2,amine_head:003|oxoester_aldehyde_body_tail:010|isocyanide_tail:002,amine_head|oxoester_aldehyde_body_tail|isocyanide_tail,diamine,ester,alkyl,41_64,neutral,2plus,none,acyclic
CCCCCCCCCCCCCCCC(=O)OCCCCCC(NCCN(CCN)CCN)C(=O)NCCCCCCCCCCCC,ugi_3cr_agile,2,amine_head:013|oxoester_aldehyde_body_tail:010|isocyanide_tail:001,amine_head|oxoester_aldehyde_body_tail|isocyanide_tail,polyamine,ester,alkyl,41_64,neutral,2plus,none,acyclic
CCCCCCCCCCCCCCCC(=O)OCCCCCC(NCCN(CCN)CCN)C(=O)NCCCCCCCCCCCCCC,ugi_3cr_agile,2,amine_head:013|oxoester_aldehyde_body_tail:010|isocyanide_tail:002,amine_head|oxoester_aldehyde_body_tail|isocyanide_tail,polyamine,ester,alkyl,41_64,neutral,2plus,none,acyclic
CCCCCCCCCCCCCCCC(=O)OCCCCCC(NCCN1CCCC1)C(=O)NCCCCCCCCCCCC,ugi_3cr_agile,2,amine_head:014|oxoester_aldehyde_body_tail:010|isocyanide_tail:001,amine_head|oxoester_aldehyde_body_tail|isocyanide_tail,cyclic_amine,ester,alkyl,41_64,neutral,2plus,none,ring
CCCCCCCCCCCCCCCC(=O)OCCCCCC(NCCN1CCCC1)C(=O)NCCCCCCCCCCCCCC,ugi_3cr_agile,2,amine_head:014|oxoester_aldehyde_body_tail:010|isocyanide_tail:002,amine_head|oxoester_aldehyde_body_tail|isocyanide_tail,cyclic_amine,ester,alkyl,41_64,neutral,2plus,none,ring
CCCCCCCCCCCCCCCC(=O)OCCCCCC(NCCN1CCCCC1)C(=O)NCCCCCCCCCCCC,ugi_3cr_agile,2,amine_head:015|oxoester_aldehyde_body_tail:010|isocyanide_tail:001,amine_head|oxoester_aldehyde_body_tail|isocyanide_tail,cyclic_amine,ester,alkyl,41_64,neutral,2plus,none,ring
CCCCCCCCCCCCCCCC(=O)OCCCCCC(NCCN1CCCCC1)C(=O)NCCCCCCCCCCCCCC,ugi_3cr_agile,2,amine_head:015|oxoester_aldehyde_body_tail:010|isocyanide_tail:002,amine_head|oxoester_aldehyde_body_tail|isocyanide_tail,cyclic_amine,ester,alkyl,41_64,neutral,2plus,none,ring
CCCCCCCCCCCCCCCC(=O)OCCCCCC(NCCN1CCNCC1)C(=O)NCCCCCCCCCCCC,ugi_3cr_agile,2,amine_head:016|oxoester_aldehyde_body_tail:010|isocyanide_tail:001,amine_head|oxoester_aldehyde_body_tail|isocyanide_tail,cyclic_amine,ester,alkyl,41_64,neutral,2plus,none,ring
CCCCCCCCCCCCCCCC(=O)OCCCCCC(NCCN1CCNCC1)C(=O)NCCCCCCCCCCCCCC,ugi_3cr_agile,2,amine_head:016|oxoester_aldehyde_body_tail:010|isocyanide_tail:002,amine_head|oxoester_aldehyde_body_tail|isocyanide_tail,cyclic_amine,ester,alkyl,41_64,neutral,2plus,none,ring
CCCCCCCCCCCCCCCC(=O)OCCCCCC(NN1CCCCC1)C(=O)NCCCCCCCCCCCC,ugi_3cr_agile,2,amine_head:017|oxoester_aldehyde_body_tail:010|isocyanide_tail:001,amine_head|oxoester_aldehyde_body_tail|isocyanide_tail,cyclic_amine,ester,alkyl,41_64,neutral,2plus,none,ring
CCCCCCCCCCCCCCCC(=O)OCCCCCC(NN1CCCCC1)C(=O)NCCCCCCCCCCCCCC,ugi_3cr_agile,2,amine_head:017|oxoester_aldehyde_body_tail:010|isocyanide_tail:002,amine_head|oxoester_aldehyde_body_tail|isocyanide_tail,cyclic_amine,ester,alkyl,41_64,neutral,2plus,none,ring
CCCCCCCCCCCCCCCC(=O)OCCCCCC(NN1CCOCC1)C(=O)NCCCCCCCCCCCC,ugi_3cr_agile,2,amine_head:018|oxoester_aldehyde_body_tail:010|isocyanide_tail:001,amine_head|oxoester_aldehyde_body_tail|isocyanide_tail,cyclic_amine,ester,alkyl,41_64,neutral,2plus,none,ring
CCCCCCCCCCCCCCCC(=O)OCCCCCC(NN1CCOCC1)C(=O)NCCCCCCCCCCCCCC,ugi_3cr_agile,2,amine_head:018|oxoester_aldehyde_body_tail:010|isocyanide_tail:002,amine_head|oxoester_aldehyde_body_tail|isocyanide_tail,cyclic_amine,ester,alkyl,41_64,neutral,2plus,none,ring
CCCCCCCCCCCCCCCC(=O)OCCCCCC(Nc1cc(C)nn1C)C(=O)NCCCCCCCCCCCC,ugi_3cr_agile,2,amine_head:009|oxoester_aldehyde_body_tail:010|isocyanide_tail:001,amine_head|oxoester_aldehyde_body_tail|isocyanide_tail,cyclic_amine,ester,alkyl,41_64,neutral,2plus,none,ring
CCCCCCCCCCCCCCCC(=O)OCCCCCC(Nc1cc(C)nn1C)C(=O)NCCCCCCCCCCCCCC,ugi_3cr_agile,2,amine_head:009|oxoester_aldehyde_body_tail:010|isocyanide_tail:002,amine_head|oxoester_aldehyde_body_tail|isocyanide_tail,cyclic_amine,ester,alkyl,41_64,neutral,2plus,none,ring
CCCCCCCCCCCCCCCC(=O)OCCCCCC(Nc1cn[nH]c1)C(=O)NCCCCCCCCCCCC,ugi_3cr_agile,2,amine_head:019|oxoester_aldehyde_body_tail:010|isocyanide_tail:001,amine_head|oxoester_aldehyde_body_tail|isocyanide_tail,cyclic_amine,ester,alkyl,41_64,neutral,2plus,none,ring
CCCCCCCCCCCCCCCC(=O)OCCCCCC(Nc1cn[nH]c1)C(=O)NCCCCCCCCCCCCCC,ugi_3cr_agile,2,amine_head:019|oxoester_aldehyde_body_tail:010|isocyanide_tail:002,amine_head|oxoester_aldehyde_body_tail|isocyanide_tail,cyclic_amine,ester,alkyl,41_64,neutral,2plus,none,ring
CCCCCCCCCCCCCCCCCC(=O)OCCCCCC(C(=O)NCCCCCCCCCCCC)N1CCC(N)CC1,ugi_3cr_agile,2,amine_head:010|oxoester_aldehyde_body_tail:011|isocyanide_tail:001,amine_head|oxoester_aldehyde_body_tail|isocyanide_tail,cyclic_amine,ester,alkyl,41_64,neutral,2plus,none,ring
CCCCCCCCCCCCCCCCCC(=O)OCCCCCC(C(=O)NCCCCCCCCCCCC)N1CCN(CCN)CC1,ugi_3cr_agile,2,amine_head:016|oxoester_aldehyde_body_tail:011|isocyanide_tail:001,amine_head|oxoester_aldehyde_body_tail|isocyanide_tail,cyclic_amine,ester,alkyl,41_64,neutral,2plus,none,ring
CCCCCCCCCCCCCCCCCC(=O)OCCCCCC(C(=O)NCCCCCCCCCCCCCC)N1CCC(N)CC1,ugi_3cr_agile,2,amine_head:010|oxoester_aldehyde_body_tail:011|isocyanide_tail:002,amine_head|oxoester_aldehyde_body_tail|isocyanide_tail,cyclic_amine,ester,alkyl,41_64,neutral,2plus,none,ring
CCCCCCCCCCCCCCCCCC(=O)OCCCCCC(C(=O)NCCCCCCCCCCCCCC)N1CCN(CCN)CC1,ugi_3cr_agile,2,amine_head:016|oxoester_aldehyde_body_tail:011|isocyanide_tail:002,amine_head|oxoester_aldehyde_body_tail|isocyanide_tail,cyclic_amine,ester,alkyl,41_64,neutral,2plus,none,ring
CCCCCCCCCCCCCCCCCC(=O)OCCCCCC(C(=O)NCCCCCCCCCCCCCCCC)N1CCC(N)CC1,ugi_3cr_agile,2,amine_head:010|oxoester_aldehyde_body_tail:011|isocyanide_tail:003,amine_head|oxoester_aldehyde_body_tail|isocyanide_tail,cyclic_amine,ester,alkyl,41_64,neutral,2plus,none,ring
CCCCCCCCCCCCCCCCCC(=O)OCCCCCC(C(=O)NCCCCCCCCCCCCCCCC)N1CCN(CCN)CC1,ugi_3cr_agile,2,amine_head:016|oxoester_aldehyde_body_tail:011|isocyanide_tail:003,amine_head|oxoester_aldehyde_body_tail|isocyanide_tail,cyclic_amine,ester,alkyl,41_64,neutral,2plus,none,ring
CCCCCCCCCCCCCCCCCC(=O)OCCCCCC(NC1CCN(C)CC1)C(=O)NCCCCCCCCCCCC,ugi_3cr_agile,2,amine_head:008|oxoester_aldehyde_body_tail:011|isocyanide_tail:001,amine_head|oxoester_aldehyde_body_tail|isocyanide_tail,cyclic_amine,ester,alkyl,41_64,neutral,2plus,none,ring
CCCCCCCCCCCCCCCCCC(=O)OCCCCCC(NC1CCN(C)CC1)C(=O)NCCCCCCCCCCCCCC,ugi_3cr_agile,2,amine_head:008|oxoester_aldehyde_body_tail:011|isocyanide_tail:002,amine_head|oxoester_aldehyde_body_tail|isocyanide_tail,cyclic_amine,ester,alkyl,41_64,neutral,2plus,none,ring
CCCCCCCCCCCCCCCCCC(=O)OCCCCCC(NC1CCN(C)CC1)C(=O)NCCCCCCCCCCCCCCCC,ugi_3cr_agile,2,amine_head:008|oxoester_aldehyde_body_tail:011|isocyanide_tail:003,amine_head|oxoester_aldehyde_body_tail|isocyanide_tail,cyclic_amine,ester,alkyl,41_64,neutral,2plus,none,ring
CCCCCCCCCCCCCCCCCC(=O)OCCCCCC(NC1CCNCC1)C(=O)NCCCCCCCCCCCC,ugi_3cr_agile,2,amine_head:010|oxoester_aldehyde_body_tail:011|isocyanide_tail:001,amine_head|oxoester_aldehyde_body_tail|isocyanide_tail,cyclic_amine,ester,alkyl,41_64,neutral,2plus,none,ring
CCCCCCCCCCCCCCCCCC(=O)OCCCCCC(NC1CCNCC1)C(=O)NCCCCCCCCCCCCCC,ugi_3cr_agile,2,amine_head:010|oxoester_aldehyde_body_tail:011|isocyanide_tail:002,amine_head|oxoester_aldehyde_body_tail|isocyanide_tail,cyclic_amine,ester,alkyl,41_64,neutral,2plus,none,ring
CCCCCCCCCCCCCCCCCC(=O)OCCCCCC(NC1CCNCC1)C(=O)NCCCCCCCCCCCCCCCC,ugi_3cr_agile,2,amine_head:010|oxoester_aldehyde_body_tail:011|isocyanide_tail:003,amine_head|oxoester_aldehyde_body_tail|isocyanide_tail,cyclic_amine,ester,alkyl,41_64,neutral,2plus,none,ring
CCCCCCCCCCCCCCCCCC(=O)OCCCCCC(NCC1CCCN1CC)C(=O)NCCCCCCCCCCCC,ugi_3cr_agile,2,amine_head:004|oxoester_aldehyde_body_tail:011|isocyanide_tail:001,amine_head|oxoester_aldehyde_body_tail|isocyanide_tail,cyclic_amine,ester,alkyl,41_64,neutral,2plus,none,ring
CCCCCCCCCCCCCCCCCC(=O)OCCCCCC(NCC1CCCN1CC)C(=O)NCCCCCCCCCCCCCC,ugi_3cr_agile,2,amine_head:004|oxoester_aldehyde_body_tail:011|isocyanide_tail:002,amine_head|oxoester_aldehyde_body_tail|isocyanide_tail,cyclic_amine,ester,alkyl,41_64,neutral,2plus,none,ring
CCCCCCCCCCCCCCCCCC(=O)OCCCCCC(NCC1CCCN1CC)C(=O)NCCCCCCCCCCCCCCCC,ugi_3cr_agile,2,amine_head:004|oxoester_aldehyde_body_tail:011|isocyanide_tail:003,amine_head|oxoester_aldehyde_body_tail|isocyanide_tail,cyclic_amine,ester,alkyl,41_64,neutral,2plus,none,ring
CCCCCCCCCCCCCCCCCC(=O)OCCCCCC(NCCCN(C)C)C(=O)NCCCCCCCCCCCC,ugi_3cr_agile,2,amine_head:005|oxoester_aldehyde_body_tail:011|isocyanide_tail:001,amine_head|oxoester_aldehyde_body_tail|isocyanide_tail,diamine,ester,alkyl,41_64,neutral,2plus,none,acyclic
CCCCCCCCCCCCCCCCCC(=O)OCCCCCC(NCCCN(C)C)C(=O)NCCCCCCCCCCCCCC,ugi_3cr_agile,2,amine_head:005|oxoester_aldehyde_body_tail:011|isocyanide_tail:002,amine_head|oxoester_aldehyde_body_tail|isocyanide_tail,diamine,ester,alkyl,41_64,neutral,2plus,none,acyclic
CCCCCCCCCCCCCCCCCC(=O)OCCCCCC(NCCCN(C)C)C(=O)NCCCCCCCCCCCCCCCC,ugi_3cr_agile,2,amine_head:005|oxoester_aldehyde_body_tail:011|isocyanide_tail:003,amine_head|oxoester_aldehyde_body_tail|isocyanide_tail,diamine,ester,alkyl,41_64,neutral,2plus,none,acyclic
CCCCCCCCCCCCCCCCCC(=O)OCCCCCC(NCCCN(C)CCCN)C(=O)NCCCCCCCCCCCC,ugi_3cr_agile,2,amine_head:007|oxoester_aldehyde_body_tail:011|isocyanide_tail:001,amine_head|oxoester_aldehyde_body_tail|isocyanide_tail,polyamine,ester,alkyl,41_64,neutral,2plus,none,acyclic
CCCCCCCCCCCCCCCCCC(=O)OCCCCCC(NCCCN(C)CCCN)C(=O)NCCCCCCCCCCCCCC,ugi_3cr_agile,2,amine_head:007|oxoester_aldehyde_body_tail:011|isocyanide_tail:002,amine_head|oxoester_aldehyde_body_tail|isocyanide_tail,polyamine,ester,alkyl,41_64,neutral,2plus,none,acyclic
CCCCCCCCCCCCCCCCCC(=O)OCCCCCC(NCCCN(C)CCCN)C(=O)NCCCCCCCCCCCCCCCC,ugi_3cr_agile,2,amine_head:007|oxoester_aldehyde_body_tail:011|isocyanide_tail:003,amine_head|oxoester_aldehyde_body_tail|isocyanide_tail,polyamine,ester,alkyl,41_64,neutral,2plus,none,acyclic
CCCCCCCCCCCCCCCCCC(=O)OCCCCCC(NCCCN(CC)CC)C(=O)NCCCCCCCCCCCC,ugi_3cr_agile,2,amine_head:002|oxoester_aldehyde_body_tail:011|isocyanide_tail:001,amine_head|oxoester_aldehyde_body_tail|isocyanide_tail,diamine,ester,alkyl,41_64,neutral,2plus,none,acyclic
CCCCCCCCCCCCCCCCCC(=O)OCCCCCC(NCCCN(CC)CC)C(=O)NCCCCCCCCCCCCCC,ugi_3cr_agile,2,amine_head:002|oxoester_aldehyde_body_tail:011|isocyanide_tail:002,amine_head|oxoester_aldehyde_body_tail|isocyanide_tail,diamine,ester,alkyl,41_64,neutral,2plus,none,acyclic
CCCCCCCCCCCCCCCCCC(=O)OCCCCCC(NCCCN(CC)CC)C(=O)NCCCCCCCCCCCCCCCC,ugi_3cr_agile,2,amine_head:002|oxoester_aldehyde_body_tail:011|isocyanide_tail:003,amine_head|oxoester_aldehyde_body_tail|isocyanide_tail,diamine,ester,alkyl,41_64,neutral,2plus,none,acyclic
CCCCCCCCCCCCCCCCCC(=O)OCCCCCC(NCCCN(CCCC)CCCC)C(=O)NCCCCCCCCCCCC,ugi_3cr_agile,2,amine_head:001|oxoester_aldehyde_body_tail:011|isocyanide_tail:001,amine_head|oxoester_aldehyde_body_tail|isocyanide_tail,diamine,ester,alkyl,41_64,neutral,2plus,none,acyclic
CCCCCCCCCCCCCCCCCC(=O)OCCCCCC(NCCCN(CCCC)CCCC)C(=O)NCCCCCCCCCCCCCC,ugi_3cr_agile,2,amine_head:001|oxoester_aldehyde_body_tail:011|isocyanide_tail:002,amine_head|oxoester_aldehyde_body_tail|isocyanide_tail,diamine,ester,alkyl,41_64,neutral,2plus,none,acyclic
CCCCCCCCCCCCCCCCCC(=O)OCCCCCC(NCCCN(CCCC)CCCC)C(=O)NCCCCCCCCCCCCCCCC,ugi_3cr_agile,2,amine_head:001|oxoester_aldehyde_body_tail:011|isocyanide_tail:003,amine_head|oxoester_aldehyde_body_tail|isocyanide_tail,diamine,ester,alkyl,41_64,neutral,2plus,none,acyclic
CCCCCCCCCCCCCCCCCC(=O)OCCCCCC(NCCCN1CCCC1)C(=O)NCCCCCCCCCCCC,ugi_3cr_agile,2,amine_head:011|oxoester_aldehyde_body_tail:011|isocyanide_tail:001,amine_head|oxoester_aldehyde_body_tail|isocyanide_tail,cyclic_amine,ester,alkyl,41_64,neutral,2plus,none,ring
CCCCCCCCCCCCCCCCCC(=O)OCCCCCC(NCCCN1CCCC1)C(=O)NCCCCCCCCCCCCCC,ugi_3cr_agile,2,amine_head:011|oxoester_aldehyde_body_tail:011|isocyanide_tail:002,amine_head|oxoester_aldehyde_body_tail|isocyanide_tail,cyclic_amine,ester,alkyl,41_64,neutral,2plus,none,ring
CCCCCCCCCCCCCCCCCC(=O)OCCCCCC(NCCCN1CCCC1)C(=O)NCCCCCCCCCCCCCCCC,ugi_3cr_agile,2,amine_head:011|oxoester_aldehyde_body_tail:011|isocyanide_tail:003,amine_head|oxoester_aldehyde_body_tail|isocyanide_tail,cyclic_amine,ester,alkyl,41_64,neutral,2plus,none,ring
CCCCCCCCCCCCCCCCCC(=O)OCCCCCC(NCCCN1CCOCC1)C(=O)NCCCCCCCCCCCC,ugi_3cr_agile,2,amine_head:012|oxoester_aldehyde_body_tail:011|isocyanide_tail:001,amine_head|oxoester_aldehyde_body_tail|isocyanide_tail,cyclic_amine,ester,alkyl,41_64,neutral,2plus,none,ring
CCCCCCCCCCCCCCCCCC(=O)OCCCCCC(NCCCN1CCOCC1)C(=O)NCCCCCCCCCCCCCC,ugi_3cr_agile,2,amine_head:012|oxoester_aldehyde_body_tail:011|isocyanide_tail:002,amine_head|oxoester_aldehyde_body_tail|isocyanide_tail,cyclic_amine,ester,alkyl,41_64,neutral,2plus,none,ring
CCCCCCCCCCCCCCCCCC(=O)OCCCCCC(NCCCN1CCOCC1)C(=O)NCCCCCCCCCCCCCCCC,ugi_3cr_agile,2,amine_head:012|oxoester_aldehyde_body_tail:011|isocyanide_tail:003,amine_head|oxoester_aldehyde_body_tail|isocyanide_tail,cyclic_amine,ester,alkyl,41_64,neutral,2plus,none,ring
CCCCCCCCCCCCCCCCCC(=O)OCCCCCC(NCCN(C(C)C)C(C)C)C(=O)NCCCCCCCCCCCC,ugi_3cr_agile,2,amine_head:000|oxoester_aldehyde_body_tail:011|isocyanide_tail:001,amine_head|oxoester_aldehyde_body_tail|isocyanide_tail,diamine,ester,alkyl,41_64,neutral,2plus,none,acyclic
CCCCCCCCCCCCCCCCCC(=O)OCCCCCC(NCCN(C(C)C)C(C)C)C(=O)NCCCCCCCCCCCCCC,ugi_3cr_agile,2,amine_head:000|oxoester_aldehyde_body_tail:011|isocyanide_tail:002,amine_head|oxoester_aldehyde_body_tail|isocyanide_tail,diamine,ester,alkyl,41_64,neutral,2plus,none,acyclic
CCCCCCCCCCCCCCCCCC(=O)OCCCCCC(NCCN(C(C)C)C(C)C)C(=O)NCCCCCCCCCCCCCCCC,ugi_3cr_agile,2,amine_head:000|oxoester_aldehyde_body_tail:011|isocyanide_tail:003,amine_head|oxoester_aldehyde_body_tail|isocyanide_tail,diamine,ester,alkyl,41_64,neutral,2plus,none,acyclic
CCCCCCCCCCCCCCCCCC(=O)OCCCCCC(NCCN(C)C)C(=O)NCCCCCCCCCCCC,ugi_3cr_agile,2,amine_head:006|oxoester_aldehyde_body_tail:011|isocyanide_tail:001,amine_head|oxoester_aldehyde_body_tail|isocyanide_tail,diamine,ester,alkyl,41_64,neutral,2plus,none,acyclic
CCCCCCCCCCCCCCCCCC(=O)OCCCCCC(NCCN(C)C)C(=O)NCCCCCCCCCCCCCC,ugi_3cr_agile,2,amine_head:006|oxoester_aldehyde_body_tail:011|isocyanide_tail:002,amine_head|oxoester_aldehyde_body_tail|isocyanide_tail,diamine,ester,alkyl,41_64,neutral,2plus,none,acyclic
CCCCCCCCCCCCCCCCCC(=O)OCCCCCC(NCCN(C)C)C(=O)NCCCCCCCCCCCCCCCC,ugi_3cr_agile,2,amine_head:006|oxoester_aldehyde_body_tail:011|isocyanide_tail:003,amine_head|oxoester_aldehyde_body_tail|isocyanide_tail,diamine,ester,alkyl,41_64,neutral,2plus,none,acyclic
CCCCCCCCCCCCCCCCCC(=O)OCCCCCC(NCCN(CC)CC)C(=O)NCCCCCCCCCCCC,ugi_3cr_agile,2,amine_head:003|oxoester_aldehyde_body_tail:011|isocyanide_tail:001,amine_head|oxoester_aldehyde_body_tail|isocyanide_tail,diamine,ester,alkyl,41_64,neutral,2plus,none,acyclic
CCCCCCCCCCCCCCCCCC(=O)OCCCCCC(NCCN(CC)CC)C(=O)NCCCCCCCCCCCCCC,ugi_3cr_agile,2,amine_head:003|oxoester_aldehyde_body_tail:011|isocyanide_tail:002,amine_head|oxoester_aldehyde_body_tail|isocyanide_tail,diamine,ester,alkyl,41_64,neutral,2plus,none,acyclic
CCCCCCCCCCCCCCCCCC(=O)OCCCCCC(NCCN(CC)CC)C(=O)NCCCCCCCCCCCCCCCC,ugi_3cr_agile,2,amine_head:003|oxoester_aldehyde_body_tail:011|isocyanide_tail:003,amine_head|oxoester_aldehyde_body_tail|isocyanide_tail,diamine,ester,alkyl,41_64,neutral,2plus,none,acyclic
CCCCCCCCCCCCCCCCCC(=O)OCCCCCC(NCCN(CCN)CCN)C(=O)NCCCCCCCCCCCC,ugi_3cr_agile,2,amine_head:013|oxoester_aldehyde_body_tail:011|isocyanide_tail:001,amine_head|oxoester_aldehyde_body_tail|isocyanide_tail,polyamine,ester,alkyl,41_64,neutral,2plus,none,acyclic
CCCCCCCCCCCCCCCCCC(=O)OCCCCCC(NCCN(CCN)CCN)C(=O)NCCCCCCCCCCCCCC,ugi_3cr_agile,2,amine_head:013|oxoester_aldehyde_body_tail:011|isocyanide_tail:002,amine_head|oxoester_aldehyde_body_tail|isocyanide_tail,polyamine,ester,alkyl,41_64,neutral,2plus,none,acyclic
CCCCCCCCCCCCCCCCCC(=O)OCCCCCC(NCCN(CCN)CCN)C(=O)NCCCCCCCCCCCCCCCC,ugi_3cr_agile,2,amine_head:013|oxoester_aldehyde_body_tail:011|isocyanide_tail:003,amine_head|oxoester_aldehyde_body_tail|isocyanide_tail,polyamine,ester,alkyl,41_64,neutral,2plus,none,acyclic
CCCCCCCCCCCCCCCCCC(=O)OCCCCCC(NCCN1CCCC1)C(=O)NCCCCCCCCCCCC,ugi_3cr_agile,2,amine_head:014|oxoester_aldehyde_body_tail:011|isocyanide_tail:001,amine_head|oxoester_aldehyde_body_tail|isocyanide_tail,cyclic_amine,ester,alkyl,41_64,neutral,2plus,none,ring
CCCCCCCCCCCCCCCCCC(=O)OCCCCCC(NCCN1CCCC1)C(=O)NCCCCCCCCCCCCCC,ugi_3cr_agile,2,amine_head:014|oxoester_aldehyde_body_tail:011|isocyanide_tail:002,amine_head|oxoester_aldehyde_body_tail|isocyanide_tail,cyclic_amine,ester,alkyl,41_64,neutral,2plus,none,ring
CCCCCCCCCCCCCCCCCC(=O)OCCCCCC(NCCN1CCCC1)C(=O)NCCCCCCCCCCCCCCCC,ugi_3cr_agile,2,amine_head:014|oxoester_aldehyde_body_tail:011|isocyanide_tail:003,amine_head|oxoester_aldehyde_body_tail|isocyanide_tail,cyclic_amine,ester,alkyl,41_64,neutral,2plus,none,ring
CCCCCCCCCCCCCCCCCC(=O)OCCCCCC(NCCN1CCCCC1)C(=O)NCCCCCCCCCCCC,ugi_3cr_agile,2,amine_head:015|oxoester_aldehyde_body_tail:011|isocyanide_tail:001,amine_head|oxoester_aldehyde_body_tail|isocyanide_tail,cyclic_amine,ester,alkyl,41_64,neutral,2plus,none,ring
CCCCCCCCCCCCCCCCCC(=O)OCCCCCC(NCCN1CCCCC1)C(=O)NCCCCCCCCCCCCCC,ugi_3cr_agile,2,amine_head:015|oxoester_aldehyde_body_tail:011|isocyanide_tail:002,amine_head|oxoester_aldehyde_body_tail|isocyanide_tail,cyclic_amine,ester,alkyl,41_64,neutral,2plus,none,ring
CCCCCCCCCCCCCCCCCC(=O)OCCCCCC(NCCN1CCCCC1)C(=O)NCCCCCCCCCCCCCCCC,ugi_3cr_agile,2,amine_head:015|oxoester_aldehyde_body_tail:011|isocyanide_tail:003,amine_head|oxoester_aldehyde_body_tail|isocyanide_tail,cyclic_amine,ester,alkyl,41_64,neutral,2plus,none,ring
CCCCCCCCCCCCCCCCCC(=O)OCCCCCC(NCCN1CCNCC1)C(=O)NCCCCCCCCCCCC,ugi_3cr_agile,2,amine_head:016|oxoester_aldehyde_body_tail:011|isocyanide_tail:001,amine_head|oxoester_aldehyde_body_tail|isocyanide_tail,cyclic_amine,ester,alkyl,41_64,neutral,2plus,none,ring
CCCCCCCCCCCCCCCCCC(=O)OCCCCCC(NCCN1CCNCC1)C(=O)NCCCCCCCCCCCCCC,ugi_3cr_agile,2,amine_head:016|oxoester_aldehyde_body_tail:011|isocyanide_tail:002,amine_head|oxoester_aldehyde_body_tail|isocyanide_tail,cyclic_amine,ester,alkyl,41_64,neutral,2plus,none,ring
CCCCCCCCCCCCCCCCCC(=O)OCCCCCC(NCCN1CCNCC1)C(=O)NCCCCCCCCCCCCCCCC,ugi_3cr_agile,2,amine_head:016|oxoester_aldehyde_body_tail:011|isocyanide_tail:003,amine_head|oxoester_aldehyde_body_tail|isocyanide_tail,cyclic_amine,ester,alkyl,41_64,neutral,2plus,none,ring
CCCCCCCCCCCCCCCCCC(=O)OCCCCCC(NN1CCCCC1)C(=O)NCCCCCCCCCCCC,ugi_3cr_agile,2,amine_head:017|oxoester_aldehyde_body_tail:011|isocyanide_tail:001,amine_head|oxoester_aldehyde_body_tail|isocyanide_tail,cyclic_amine,ester,alkyl,41_64,neutral,2plus,none,ring
CCCCCCCCCCCCCCCCCC(=O)OCCCCCC(NN1CCCCC1)C(=O)NCCCCCCCCCCCCCC,ugi_3cr_agile,2,amine_head:017|oxoester_aldehyde_body_tail:011|isocyanide_tail:002,amine_head|oxoester_aldehyde_body_tail|isocyanide_tail,cyclic_amine,ester,alkyl,41_64,neutral,2plus,none,ring
CCCCCCCCCCCCCCCCCC(=O)OCCCCCC(NN1CCCCC1)C(=O)NCCCCCCCCCCCCCCCC,ugi_3cr_agile,2,amine_head:017|oxoester_aldehyde_body_tail:011|isocyanide_tail:003,amine_head|oxoester_aldehyde_body_tail|isocyanide_tail,cyclic_amine,ester,alkyl,41_64,neutral,2plus,none,ring
CCCCCCCCCCCCCCCCCC(=O)OCCCCCC(NN1CCOCC1)C(=O)NCCCCCCCCCCCC,ugi_3cr_agile,2,amine_head:018|oxoester_aldehyde_body_tail:011|isocyanide_tail:001,amine_head|oxoester_aldehyde_body_tail|isocyanide_tail,cyclic_amine,ester,alkyl,41_64,neutral,2plus,none,ring
CCCCCCCCCCCCCCCCCC(=O)OCCCCCC(NN1CCOCC1)C(=O)NCCCCCCCCCCCCCC,ugi_3cr_agile,2,amine_head:018|oxoester_aldehyde_body_tail:011|isocyanide_tail:002,amine_head|oxoester_aldehyde_body_tail|isocyanide_tail,cyclic_amine,ester,alkyl,41_64,neutral,2plus,none,ring
CCCCCCCCCCCCCCCCCC(=O)OCCCCCC(NN1CCOCC1)C(=O)NCCCCCCCCCCCCCCCC,ugi_3cr_agile,2,amine_head:018|oxoester_aldehyde_body_tail:011|isocyanide_tail:003,amine_head|oxoester_aldehyde_body_tail|isocyanide_tail,cyclic_amine,ester,alkyl,41_64,neutral,2plus,none,ring
CCCCCCCCCCCCCCCCCC(=O)OCCCCCC(Nc1cc(C)nn1C)C(=O)NCCCCCCCCCCCC,ugi_3cr_agile,2,amine_head:009|oxoester_aldehyde_body_tail:011|isocyanide_tail:001,amine_head|oxoester_aldehyde_body_tail|isocyanide_tail,cyclic_amine,ester,alkyl,41_64,neutral,2plus,none,ring
CCCCCCCCCCCCCCCCCC(=O)OCCCCCC(Nc1cc(C)nn1C)C(=O)NCCCCCCCCCCCCCC,ugi_3cr_agile,2,amine_head:009|oxoester_aldehyde_body_tail:011|isocyanide_tail:002,amine_head|oxoester_aldehyde_body_tail|isocyanide_tail,cyclic_amine,ester,alkyl,41_64,neutral,2plus,none,ring
CCCCCCCCCCCCCCCCCC(=O)OCCCCCC(Nc1cc(C)nn1C)C(=O)NCCCCCCCCCCCCCCCC,ugi_3cr_agile,2,amine_head:009|oxoester_aldehyde_body_tail:011|isocyanide_tail:003,amine_head|oxoester_aldehyde_body_tail|isocyanide_tail,cyclic_amine,ester,alkyl,41_64,neutral,2plus,none,ring
CCCCCCCCCCCCCCCCCC(=O)OCCCCCC(Nc1cn[nH]c1)C(=O)NCCCCCCCCCCCC,ugi_3cr_agile,2,amine_head:019|oxoester_aldehyde_body_tail:011|isocyanide_tail:001,amine_head|oxoester_aldehyde_body_tail|isocyanide_tail,cyclic_amine,ester,alkyl,41_64,neutral,2plus,none,ring
CCCCCCCCCCCCCCCCCC(=O)OCCCCCC(Nc1cn[nH]c1)C(=O)NCCCCCCCCCCCCCC,ugi_3cr_agile,2,amine_head:019|oxoester_aldehyde_body_tail:011|isocyanide_tail:002,amine_head|oxoester_aldehyde_body_tail|isocyanide_tail,cyclic_amine,ester,alkyl,41_64,neutral,2plus,none,ring
CCCCCCCCCCCCCCCCCC(=O)OCCCCCC(Nc1cn[nH]c1)C(=O)NCCCCCCCCCCCCCCCC,ugi_3cr_agile,2,amine_head:019|oxoester_aldehyde_body_tail:011|isocyanide_tail:003,amine_head|oxoester_aldehyde_body_tail|isocyanide_tail,cyclic_amine,ester,alkyl,41_64,neutral,2plus,none,ring
CCCCCCCCCCCCCCCCCCNC(=O)C(CCCCCOC(=O)CCC(C)CCCCC)N1CCC(N)CC1,ugi_3cr_agile,2,amine_head:010|oxoester_aldehyde_body_tail:003|isocyanide_tail:004,amine_head|oxoester_aldehyde_body_tail|isocyanide_tail,cyclic_amine,ester,alkyl,41_64,neutral,2plus,none,ring
CCCCCCCCCCCCCCCCCCNC(=O)C(CCCCCOC(=O)CCC(C)CCCCC)N1CCN(CCN)CC1,ugi_3cr_agile,2,amine_head:016|oxoester_aldehyde_body_tail:003|isocyanide_tail:004,amine_head|oxoester_aldehyde_body_tail|isocyanide_tail,cyclic_amine,ester,alkyl,41_64,neutral,2plus,none,ring
CCCCCCCCCCCCCCCCCCNC(=O)C(CCCCCOC(=O)CCC(C)CCCCC)NC1CCN(C)CC1,ugi_3cr_agile,2,amine_head:008|oxoester_aldehyde_body_tail:003|isocyanide_tail:004,amine_head|oxoester_aldehyde_body_tail|isocyanide_tail,cyclic_amine,ester,alkyl,41_64,neutral,2plus,none,ring
CCCCCCCCCCCCCCCCCCNC(=O)C(CCCCCOC(=O)CCC(C)CCCCC)NC1CCNCC1,ugi_3cr_agile,2,amine_head:010|oxoester_aldehyde_body_tail:003|isocyanide_tail:004,amine_head|oxoester_aldehyde_body_tail|isocyanide_tail,cyclic_amine,ester,alkyl,41_64,neutral,2plus,none,ring
CCCCCCCCCCCCCCCCCCNC(=O)C(CCCCCOC(=O)CCC(C)CCCCC)NCC1CCCN1CC,ugi_3cr_agile,2,amine_head:004|oxoester_aldehyde_body_tail:003|isocyanide_tail:004,amine_head|oxoester_aldehyde_body_tail|isocyanide_tail,cyclic_amine,ester,alkyl,41_64,neutral,2plus,none,ring
CCCCCCCCCCCCCCCCCCNC(=O)C(CCCCCOC(=O)CCC(C)CCCCC)NCCCN(C)C,ugi_3cr_agile,2,amine_head:005|oxoester_aldehyde_body_tail:003|isocyanide_tail:004,amine_head|oxoester_aldehyde_body_tail|isocyanide_tail,diamine,ester,alkyl,41_64,neutral,2plus,none,acyclic
CCCCCCCCCCCCCCCCCCNC(=O)C(CCCCCOC(=O)CCC(C)CCCCC)NCCCN(C)CCCN,ugi_3cr_agile,2,amine_head:007|oxoester_aldehyde_body_tail:003|isocyanide_tail:004,amine_head|oxoester_aldehyde_body_tail|isocyanide_tail,polyamine,ester,alkyl,41_64,neutral,2plus,none,acyclic
CCCCCCCCCCCCCCCCCCNC(=O)C(CCCCCOC(=O)CCC(C)CCCCC)NCCCN(CC)CC,ugi_3cr_agile,2,amine_head:002|oxoester_aldehyde_body_tail:003|isocyanide_tail:004,amine_head|oxoester_aldehyde_body_tail|isocyanide_tail,diamine,ester,alkyl,41_64,neutral,2plus,none,acyclic
CCCCCCCCCCCCCCCCCCNC(=O)C(CCCCCOC(=O)CCC(C)CCCCC)NCCCN(CCCC)CCCC,ugi_3cr_agile,2,amine_head:001|oxoester_aldehyde_body_tail:003|isocyanide_tail:004,amine_head|oxoester_aldehyde_body_tail|isocyanide_tail,diamine,ester,alkyl,41_64,neutral,2plus,none,acyclic
CCCCCCCCCCCCCCCCCCNC(=O)C(CCCCCOC(=O)CCC(C)CCCCC)NCCCN1CCCC1,ugi_3cr_agile,2,amine_head:011|oxoester_aldehyde_body_tail:003|isocyanide_tail:004,amine_head|oxoester_aldehyde_body_tail|isocyanide_tail,cyclic_amine,ester,alkyl,41_64,neutral,2plus,none,ring
CCCCCCCCCCCCCCCCCCNC(=O)C(CCCCCOC(=O)CCC(C)CCCCC)NCCCN1CCOCC1,ugi_3cr_agile,2,amine_head:012|oxoester_aldehyde_body_tail:003|isocyanide_tail:004,amine_head|oxoester_aldehyde_body_tail|isocyanide_tail,cyclic_amine,ester,alkyl,41_64,neutral,2plus,none,ring
CCCCCCCCCCCCCCCCCCNC(=O)C(CCCCCOC(=O)CCC(C)CCCCC)NCCN(C(C)C)C(C)C,ugi_3cr_agile,2,amine_head:000|oxoester_aldehyde_body_tail:003|isocyanide_tail:004,amine_head|oxoester_aldehyde_body_tail|isocyanide_tail,diamine,ester,alkyl,41_64,neutral,2plus,none,acyclic
CCCCCCCCCCCCCCCCCCNC(=O)C(CCCCCOC(=O)CCC(C)CCCCC)NCCN(C)C,ugi_3cr_agile,2,amine_head:006|oxoester_aldehyde_body_tail:003|isocyanide_tail:004,amine_head|oxoester_aldehyde_body_tail|isocyanide_tail,diamine,ester,alkyl,41_64,neutral,2plus,none,acyclic
CCCCCCCCCCCCCCCCCCNC(=O)C(CCCCCOC(=O)CCC(C)CCCCC)NCCN(CC)CC,ugi_3cr_agile,2,amine_head:003|oxoester_aldehyde_body_tail:003|isocyanide_tail:004,amine_head|oxoester_aldehyde_body_tail|isocyanide_tail,diamine,ester,alkyl,41_64,neutral,2plus,none,acyclic
CCCCCCCCCCCCCCCCCCNC(=O)C(CCCCCOC(=O)CCC(C)CCCCC)NCCN(CCN)CCN,ugi_3cr_agile,2,amine_head:013|oxoester_aldehyde_body_tail:003|isocyanide_tail:004,amine_head|oxoester_aldehyde_body_tail|isocyanide_tail,polyamine,ester,alkyl,41_64,neutral,2plus,none,acyclic
CCCCCCCCCCCCCCCCCCNC(=O)C(CCCCCOC(=O)CCC(C)CCCCC)NCCN1CCCC1,ugi_3cr_agile,2,amine_head:014|oxoester_aldehyde_body_tail:003|isocyanide_tail:004,amine_head|oxoester_aldehyde_body_tail|isocyanide_tail,cyclic_amine,ester,alkyl,41_64,neutral,2plus,none,ring
CCCCCCCCCCCCCCCCCCNC(=O)C(CCCCCOC(=O)CCC(C)CCCCC)NCCN1CCCCC1,ugi_3cr_agile,2,amine_head:015|oxoester_aldehyde_body_tail:003|isocyanide_tail:004,amine_head|oxoester_aldehyde_body_tail|isocyanide_tail,cyclic_amine,ester,alkyl,41_64,neutral,2plus,none,ring
CCCCCCCCCCCCCCCCCCNC(=O)C(CCCCCOC(=O)CCC(C)CCCCC)NCCN1CCNCC1,ugi_3cr_agile,2,amine_head:016|oxoester_aldehyde_body_tail:003|isocyanide_tail:004,amine_head|oxoester_aldehyde_body_tail|isocyanide_tail,cyclic_amine,ester,alkyl,41_64,neutral,2plus,none,ring
CCCCCCCCCCCCCCCCCCNC(=O)C(CCCCCOC(=O)CCC(C)CCCCC)NN1CCCCC1,ugi_3cr_agile,2,amine_head:017|oxoester_aldehyde_body_tail:003|isocyanide_tail:004,amine_head|oxoester_aldehyde_body_tail|isocyanide_tail,cyclic_amine,ester,alkyl,41_64,neutral,2plus,none,ring
CCCCCCCCCCCCCCCCCCNC(=O)C(CCCCCOC(=O)CCC(C)CCCCC)NN1CCOCC1,ugi_3cr_agile,2,amine_head:018|oxoester_aldehyde_body_tail:003|isocyanide_tail:004,amine_head|oxoester_aldehyde_body_tail|isocyanide_tail,cyclic_amine,ester,alkyl,41_64,neutral,2plus,none,ring
CCCCCCCCCCCCCCCCCCNC(=O)C(CCCCCOC(=O)CCC(C)CCCCC)Nc1cc(C)nn1C,ugi_3cr_agile,2,amine_head:009|oxoester_aldehyde_body_tail:003|isocyanide_tail:004,amine_head|oxoester_aldehyde_body_tail|isocyanide_tail,cyclic_amine,ester,alkyl,41_64,neutral,2plus,none,ring
CCCCCCCCCCCCCCCCCCNC(=O)C(CCCCCOC(=O)CCC(C)CCCCC)Nc1cn[nH]c1,ugi_3cr_agile,2,amine_head:019|oxoester_aldehyde_body_tail:003|isocyanide_tail:004,amine_head|oxoester_aldehyde_body_tail|isocyanide_tail,cyclic_amine,ester,alkyl,41_64,neutral,2plus,none,ring
CCCCCCCCCCCCCCCCCCNC(=O)C(CCCCCOC(=O)CCCCCCCC)N1CCC(N)CC1,ugi_3cr_agile,2,amine_head:010|oxoester_aldehyde_body_tail:007|isocyanide_tail:004,amine_head|oxoester_aldehyde_body_tail|isocyanide_tail,cyclic_amine,ester,alkyl,41_64,neutral,2plus,none,ring
CCCCCCCCCCCCCCCCCCNC(=O)C(CCCCCOC(=O)CCCCCCCC)N1CCN(CCN)CC1,ugi_3cr_agile,2,amine_head:016|oxoester_aldehyde_body_tail:007|isocyanide_tail:004,amine_head|oxoester_aldehyde_body_tail|isocyanide_tail,cyclic_amine,ester,alkyl,41_64,neutral,2plus,none,ring
CCCCCCCCCCCCCCCCCCNC(=O)C(CCCCCOC(=O)CCCCCCCC)NC1CCN(C)CC1,ugi_3cr_agile,2,amine_head:008|oxoester_aldehyde_body_tail:007|isocyanide_tail:004,amine_head|oxoester_aldehyde_body_tail|isocyanide_tail,cyclic_amine,ester,alkyl,41_64,neutral,2plus,none,ring
CCCCCCCCCCCCCCCCCCNC(=O)C(CCCCCOC(=O)CCCCCCCC)NC1CCNCC1,ugi_3cr_agile,2,amine_head:010|oxoester_aldehyde_body_tail:007|isocyanide_tail:004,amine_head|oxoester_aldehyde_body_tail|isocyanide_tail,cyclic_amine,ester,alkyl,41_64,neutral,2plus,none,ring
CCCCCCCCCCCCCCCCCCNC(=O)C(CCCCCOC(=O)CCCCCCCC)NCC1CCCN1CC,ugi_3cr_agile,2,amine_head:004|oxoester_aldehyde_body_tail:007|isocyanide_tail:004,amine_head|oxoester_aldehyde_body_tail|isocyanide_tail,cyclic_amine,ester,alkyl,41_64,neutral,2plus,none,ring
CCCCCCCCCCCCCCCCCCNC(=O)C(CCCCCOC(=O)CCCCCCCC)NCCCN(C)C,ugi_3cr_agile,2,amine_head:005|oxoester_aldehyde_body_tail:007|isocyanide_tail:004,amine_head|oxoester_aldehyde_body_tail|isocyanide_tail,diamine,ester,alkyl,41_64,neutral,2plus,none,acyclic
CCCCCCCCCCCCCCCCCCNC(=O)C(CCCCCOC(=O)CCCCCCCC)NCCCN(C)CCCN,ugi_3cr_agile,2,amine_head:007|oxoester_aldehyde_body_tail:007|isocyanide_tail:004,amine_head|oxoester_aldehyde_body_tail|isocyanide_tail,polyamine,ester,alkyl,41_64,neutral,2plus,none,acyclic
CCCCCCCCCCCCCCCCCCNC(=O)C(CCCCCOC(=O)CCCCCCCC)NCCCN(CC)CC,ugi_3cr_agile,2,amine_head:002|oxoester_aldehyde_body_tail:007|isocyanide_tail:004,amine_head|oxoester_aldehyde_body_tail|isocyanide_tail,diamine,ester,alkyl,41_64,neutral,2plus,none,acyclic
CCCCCCCCCCCCCCCCCCNC(=O)C(CCCCCOC(=O)CCCCCCCC)NCCCN(CCCC)CCCC,ugi_3cr_agile,2,amine_head:001|oxoester_aldehyde_body_tail:007|isocyanide_tail:004,amine_head|oxoester_aldehyde_body_tail|isocyanide_tail,diamine,ester,alkyl,41_64,neutral,2plus,none,acyclic
CCCCCCCCCCCCCCCCCCNC(=O)C(CCCCCOC(=O)CCCCCCCC)NCCCN1CCCC1,ugi_3cr_agile,2,amine_head:011|oxoester_aldehyde_body_tail:007|isocyanide_tail:004,amine_head|oxoester_aldehyde_body_tail|isocyanide_tail,cyclic_amine,ester,alkyl,41_64,neutral,2plus,none,ring
CCCCCCCCCCCCCCCCCCNC(=O)C(CCCCCOC(=O)CCCCCCCC)NCCCN1CCOCC1,ugi_3cr_agile,2,amine_head:012|oxoester_aldehyde_body_tail:007|isocyanide_tail:004,amine_head|oxoester_aldehyde_body_tail|isocyanide_tail,cyclic_amine,ester,alkyl,41_64,neutral,2plus,none,ring
CCCCCCCCCCCCCCCCCCNC(=O)C(CCCCCOC(=O)CCCCCCCC)NCCN(C(C)C)C(C)C,ugi_3cr_agile,2,amine_head:000|oxoester_aldehyde_body_tail:007|isocyanide_tail:004,amine_head|oxoester_aldehyde_body_tail|isocyanide_tail,diamine,ester,alkyl,41_64,neutral,2plus,none,acyclic
CCCCCCCCCCCCCCCCCCNC(=O)C(CCCCCOC(=O)CCCCCCCC)NCCN(C)C,ugi_3cr_agile,2,amine_head:006|oxoester_aldehyde_body_tail:007|isocyanide_tail:004,amine_head|oxoester_aldehyde_body_tail|isocyanide_tail,diamine,ester,alkyl,41_64,neutral,2plus,none,acyclic
CCCCCCCCCCCCCCCCCCNC(=O)C(CCCCCOC(=O)CCCCCCCC)NCCN(CC)CC,ugi_3cr_agile,2,amine_head:003|oxoester_aldehyde_body_tail:007|isocyanide_tail:004,amine_head|oxoester_aldehyde_body_tail|isocyanide_tail,diamine,ester,alkyl,41_64,neutral,2plus,none,acyclic
CCCCCCCCCCCCCCCCCCNC(=O)C(CCCCCOC(=O)CCCCCCCC)NCCN(CCN)CCN,ugi_3cr_agile,2,amine_head:013|oxoester_aldehyde_body_tail:007|isocyanide_tail:004,amine_head|oxoester_aldehyde_body_tail|isocyanide_tail,polyamine,ester,alkyl,41_64,neutral,2plus,none,acyclic
CCCCCCCCCCCCCCCCCCNC(=O)C(CCCCCOC(=O)CCCCCCCC)NCCN1CCCC1,ugi_3cr_agile,2,amine_head:014|oxoester_aldehyde_body_tail:007|isocyanide_tail:004,amine_head|oxoester_aldehyde_body_tail|isocyanide_tail,cyclic_amine,ester,alkyl,41_64,neutral,2plus,none,ring
CCCCCCCCCCCCCCCCCCNC(=O)C(CCCCCOC(=O)CCCCCCCC)NCCN1CCCCC1,ugi_3cr_agile,2,amine_head:015|oxoester_aldehyde_body_tail:007|isocyanide_tail:004,amine_head|oxoester_aldehyde_body_tail|isocyanide_tail,cyclic_amine,ester,alkyl,41_64,neutral,2plus,none,ring
CCCCCCCCCCCCCCCCCCNC(=O)C(CCCCCOC(=O)CCCCCCCC)NCCN1CCNCC1,ugi_3cr_agile,2,amine_head:016|oxoester_aldehyde_body_tail:007|isocyanide_tail:004,amine_head|oxoester_aldehyde_body_tail|isocyanide_tail,cyclic_amine,ester,alkyl,41_64,neutral,2plus,none,ring
CCCCCCCCCCCCCCCCCCNC(=O)C(CCCCCOC(=O)CCCCCCCC)NN1CCCCC1,ugi_3cr_agile,2,amine_head:017|oxoester_aldehyde_body_tail:007|isocyanide_tail:004,amine_head|oxoester_aldehyde_body_tail|isocyanide_tail,cyclic_amine,ester,alkyl,41_64,neutral,2plus,none,ring
CCCCCCCCCCCCCCCCCCNC(=O)C(CCCCCOC(=O)CCCCCCCC)NN1CCOCC1,ugi_3cr_agile,2,amine_head:018|oxoester_aldehyde_body_tail:007|isocyanide_tail:004,amine_head|oxoester_aldehyde_body_tail|isocyanide_tail,cyclic_amine,ester,alkyl,41_64,neutral,2plus,none,ring
CCCCCCCCCCCCCCCCCCNC(=O)C(CCCCCOC(=O)CCCCCCCC)Nc1cc(C)nn1C,ugi_3cr_agile,2,amine_head:009|oxoester_aldehyde_body_tail:007|isocyanide_tail:004,amine_head|oxoester_aldehyde_body_tail|isocyanide_tail,cyclic_amine,ester,alkyl,41_64,neutral,2plus,none,ring
CCCCCCCCCCCCCCCCCCNC(=O)C(CCCCCOC(=O)CCCCCCCC)Nc1cn[nH]c1,ugi_3cr_agile,2,amine_head:019|oxoester_aldehyde_body_tail:007|isocyanide_tail:004,amine_head|oxoester_aldehyde_body_tail|isocyanide_tail,cyclic_amine,ester,alkyl,41_64,neutral,2plus,none,ring
CCCCCCCCCCCCCCCCCCNC(=O)C(CCCCCOC(=O)CCCCCCCCC)N1CCC(N)CC1,ugi_3cr_agile,2,amine_head:010|oxoester_aldehyde_body_tail:008|isocyanide_tail:004,amine_head|oxoester_aldehyde_body_tail|isocyanide_tail,cyclic_amine,ester,alkyl,41_64,neutral,2plus,none,ring
CCCCCCCCCCCCCCCCCCNC(=O)C(CCCCCOC(=O)CCCCCCCCC)N1CCN(CCN)CC1,ugi_3cr_agile,2,amine_head:016|oxoester_aldehyde_body_tail:008|isocyanide_tail:004,amine_head|oxoester_aldehyde_body_tail|isocyanide_tail,cyclic_amine,ester,alkyl,41_64,neutral,2plus,none,ring
CCCCCCCCCCCCCCCCCCNC(=O)C(CCCCCOC(=O)CCCCCCCCC)NC1CCN(C)CC1,ugi_3cr_agile,2,amine_head:008|oxoester_aldehyde_body_tail:008|isocyanide_tail:004,amine_head|oxoester_aldehyde_body_tail|isocyanide_tail,cyclic_amine,ester,alkyl,41_64,neutral,2plus,none,ring
CCCCCCCCCCCCCCCCCCNC(=O)C(CCCCCOC(=O)CCCCCCCCC)NC1CCNCC1,ugi_3cr_agile,2,amine_head:010|oxoester_aldehyde_body_tail:008|isocyanide_tail:004,amine_head|oxoester_aldehyde_body_tail|isocyanide_tail,cyclic_amine,ester,alkyl,41_64,neutral,2plus,none,ring
CCCCCCCCCCCCCCCCCCNC(=O)C(CCCCCOC(=O)CCCCCCCCC)NCC1CCCN1CC,ugi_3cr_agile,2,amine_head:004|oxoester_aldehyde_body_tail:008|isocyanide_tail:004,amine_head|oxoester_aldehyde_body_tail|isocyanide_tail,cyclic_amine,ester,alkyl,41_64,neutral,2plus,none,ring
CCCCCCCCCCCCCCCCCCNC(=O)C(CCCCCOC(=O)CCCCCCCCC)NCCCN(C)C,ugi_3cr_agile,2,amine_head:005|oxoester_aldehyde_body_tail:008|isocyanide_tail:004,amine_head|oxoester_aldehyde_body_tail|isocyanide_tail,diamine,ester,alkyl,41_64,neutral,2plus,none,acyclic
CCCCCCCCCCCCCCCCCCNC(=O)C(CCCCCOC(=O)CCCCCCCCC)NCCCN(C)CCCN,ugi_3cr_agile,2,amine_head:007|oxoester_aldehyde_body_tail:008|isocyanide_tail:004,amine_head|oxoester_aldehyde_body_tail|isocyanide_tail,polyamine,ester,alkyl,41_64,neutral,2plus,none,acyclic
CCCCCCCCCCCCCCCCCCNC(=O)C(CCCCCOC(=O)CCCCCCCCC)NCCCN(CC)CC,ugi_3cr_agile,2,amine_head:002|oxoester_aldehyde_body_tail:008|isocyanide_tail:004,amine_head|oxoester_aldehyde_body_tail|isocyanide_tail,diamine,ester,alkyl,41_64,neutral,2plus,none,acyclic
CCCCCCCCCCCCCCCCCCNC(=O)C(CCCCCOC(=O)CCCCCCCCC)NCCCN(CCCC)CCCC,ugi_3cr_agile,2,amine_head:001|oxoester_aldehyde_body_tail:008|isocyanide_tail:004,amine_head|oxoester_aldehyde_body_tail|isocyanide_tail,diamine,ester,alkyl,41_64,neutral,2plus,none,acyclic
CCCCCCCCCCCCCCCCCCNC(=O)C(CCCCCOC(=O)CCCCCCCCC)NCCCN1CCCC1,ugi_3cr_agile,2,amine_head:011|oxoester_aldehyde_body_tail:008|isocyanide_tail:004,amine_head|oxoester_aldehyde_body_tail|isocyanide_tail,cyclic_amine,ester,alkyl,41_64,neutral,2plus,none,ring
CCCCCCCCCCCCCCCCCCNC(=O)C(CCCCCOC(=O)CCCCCCCCC)NCCCN1CCOCC1,ugi_3cr_agile,2,amine_head:012|oxoester_aldehyde_body_tail:008|isocyanide_tail:004,amine_head|oxoester_aldehyde_body_tail|isocyanide_tail,cyclic_amine,ester,alkyl,41_64,neutral,2plus,none,ring
CCCCCCCCCCCCCCCCCCNC(=O)C(CCCCCOC(=O)CCCCCCCCC)NCCN(C(C)C)C(C)C,ugi_3cr_agile,2,amine_head:000|oxoester_aldehyde_body_tail:008|isocyanide_tail:004,amine_head|oxoester_aldehyde_body_tail|isocyanide_tail,diamine,ester,alkyl,41_64,neutral,2plus,none,acyclic
CCCCCCCCCCCCCCCCCCNC(=O)C(CCCCCOC(=O)CCCCCCCCC)NCCN(C)C,ugi_3cr_agile,2,amine_head:006|oxoester_aldehyde_body_tail:008|isocyanide_tail:004,amine_head|oxoester_aldehyde_body_tail|isocyanide_tail,diamine,ester,alkyl,41_64,neutral,2plus,none,acyclic
CCCCCCCCCCCCCCCCCCNC(=O)C(CCCCCOC(=O)CCCCCCCCC)NCCN(CC)CC,ugi_3cr_agile,2,amine_head:003|oxoester_aldehyde_body_tail:008|isocyanide_tail:004,amine_head|oxoester_aldehyde_body_tail|isocyanide_tail,diamine,ester,alkyl,41_64,neutral,2plus,none,acyclic
CCCCCCCCCCCCCCCCCCNC(=O)C(CCCCCOC(=O)CCCCCCCCC)NCCN(CCN)CCN,ugi_3cr_agile,2,amine_head:013|oxoester_aldehyde_body_tail:008|isocyanide_tail:004,amine_head|oxoester_aldehyde_body_tail|isocyanide_tail,polyamine,ester,alkyl,41_64,neutral,2plus,none,acyclic
CCCCCCCCCCCCCCCCCCNC(=O)C(CCCCCOC(=O)CCCCCCCCC)NCCN1CCCC1,ugi_3cr_agile,2,amine_head:014|oxoester_aldehyde_body_tail:008|isocyanide_tail:004,amine_head|oxoester_aldehyde_body_tail|isocyanide_tail,cyclic_amine,ester,alkyl,41_64,neutral,2plus,none,ring
CCCCCCCCCCCCCCCCCCNC(=O)C(CCCCCOC(=O)CCCCCCCCC)NCCN1CCCCC1,ugi_3cr_agile,2,amine_head:015|oxoester_aldehyde_body_tail:008|isocyanide_tail:004,amine_head|oxoester_aldehyde_body_tail|isocyanide_tail,cyclic_amine,ester,alkyl,41_64,neutral,2plus,none,ring
CCCCCCCCCCCCCCCCCCNC(=O)C(CCCCCOC(=O)CCCCCCCCC)NCCN1CCNCC1,ugi_3cr_agile,2,amine_head:016|oxoester_aldehyde_body_tail:008|isocyanide_tail:004,amine_head|oxoester_aldehyde_body_tail|isocyanide_tail,cyclic_amine,ester,alkyl,41_64,neutral,2plus,none,ring
CCCCCCCCCCCCCCCCCCNC(=O)C(CCCCCOC(=O)CCCCCCCCC)NN1CCCCC1,ugi_3cr_agile,2,amine_head:017|oxoester_aldehyde_body_tail:008|isocyanide_tail:004,amine_head|oxoester_aldehyde_body_tail|isocyanide_tail,cyclic_amine,ester,alkyl,41_64,neutral,2plus,none,ring
CCCCCCCCCCCCCCCCCCNC(=O)C(CCCCCOC(=O)CCCCCCCCC)NN1CCOCC1,ugi_3cr_agile,2,amine_head:018|oxoester_aldehyde_body_tail:008|isocyanide_tail:004,amine_head|oxoester_aldehyde_body_tail|isocyanide_tail,cyclic_amine,ester,alkyl,41_64,neutral,2plus,none,ring
CCCCCCCCCCCCCCCCCCNC(=O)C(CCCCCOC(=O)CCCCCCCCC)Nc1cc(C)nn1C,ugi_3cr_agile,2,amine_head:009|oxoester_aldehyde_body_tail:008|isocyanide_tail:004,amine_head|oxoester_aldehyde_body_tail|isocyanide_tail,cyclic_amine,ester,alkyl,41_64,neutral,2plus,none,ring
CCCCCCCCCCCCCCCCCCNC(=O)C(CCCCCOC(=O)CCCCCCCCC)Nc1cn[nH]c1,ugi_3cr_agile,2,amine_head:019|oxoester_aldehyde_body_tail:008|isocyanide_tail:004,amine_head|oxoester_aldehyde_body_tail|isocyanide_tail,cyclic_amine,ester,alkyl,41_64,neutral,2plus,none,ring
CCCCCCCCCCCCCCCCCCNC(=O)C(CCCCCOC(=O)CCCCCCCCCC)N1CCC(N)CC1,ugi_3cr_agile,2,amine_head:010|oxoester_aldehyde_body_tail:009|isocyanide_tail:004,amine_head|oxoester_aldehyde_body_tail|isocyanide_tail,cyclic_amine,ester,alkyl,41_64,neutral,2plus,none,ring
CCCCCCCCCCCCCCCCCCNC(=O)C(CCCCCOC(=O)CCCCCCCCCC)N1CCN(CCN)CC1,ugi_3cr_agile,2,amine_head:016|oxoester_aldehyde_body_tail:009|isocyanide_tail:004,amine_head|oxoester_aldehyde_body_tail|isocyanide_tail,cyclic_amine,ester,alkyl,41_64,neutral,2plus,none,ring
CCCCCCCCCCCCCCCCCCNC(=O)C(CCCCCOC(=O)CCCCCCCCCC)NC1CCN(C)CC1,ugi_3cr_agile,2,amine_head:008|oxoester_aldehyde_body_tail:009|isocyanide_tail:004,amine_head|oxoester_aldehyde_body_tail|isocyanide_tail,cyclic_amine,ester,alkyl,41_64,neutral,2plus,none,ring
CCCCCCCCCCCCCCCCCCNC(=O)C(CCCCCOC(=O)CCCCCCCCCC)NC1CCNCC1,ugi_3cr_agile,2,amine_head:010|oxoester_aldehyde_body_tail:009|isocyanide_tail:004,amine_head|oxoester_aldehyde_body_tail|isocyanide_tail,cyclic_amine,ester,alkyl,41_64,neutral,2plus,none,ring
CCCCCCCCCCCCCCCCCCNC(=O)C(CCCCCOC(=O)CCCCCCCCCC)NCC1CCCN1CC,ugi_3cr_agile,2,amine_head:004|oxoester_aldehyde_body_tail:009|isocyanide_tail:004,amine_head|oxoester_aldehyde_body_tail|isocyanide_tail,cyclic_amine,ester,alkyl,41_64,neutral,2plus,none,ring
CCCCCCCCCCCCCCCCCCNC(=O)C(CCCCCOC(=O)CCCCCCCCCC)NCCCN(C)C,ugi_3cr_agile,2,amine_head:005|oxoester_aldehyde_body_tail:009|isocyanide_tail:004,amine_head|oxoester_aldehyde_body_tail|isocyanide_tail,diamine,ester,alkyl,41_64,neutral,2plus,none,acyclic
CCCCCCCCCCCCCCCCCCNC(=O)C(CCCCCOC(=O)CCCCCCCCCC)NCCCN(C)CCCN,ugi_3cr_agile,2,amine_head:007|oxoester_aldehyde_body_tail:009|isocyanide_tail:004,amine_head|oxoester_aldehyde_body_tail|isocyanide_tail,polyamine,ester,alkyl,41_64,neutral,2plus,none,acyclic
CCCCCCCCCCCCCCCCCCNC(=O)C(CCCCCOC(=O)CCCCCCCCCC)NCCCN(CC)CC,ugi_3cr_agile,2,amine_head:002|oxoester_aldehyde_body_tail:009|isocyanide_tail:004,amine_head|oxoester_aldehyde_body_tail|isocyanide_tail,diamine,ester,alkyl,41_64,neutral,2plus,none,acyclic
CCCCCCCCCCCCCCCCCCNC(=O)C(CCCCCOC(=O)CCCCCCCCCC)NCCCN(CCCC)CCCC,ugi_3cr_agile,2,amine_head:001|oxoester_aldehyde_body_tail:009|isocyanide_tail:004,amine_head|oxoester_aldehyde_body_tail|isocyanide_tail,diamine,ester,alkyl,41_64,neutral,2plus,none,acyclic
CCCCCCCCCCCCCCCCCCNC(=O)C(CCCCCOC(=O)CCCCCCCCCC)NCCCN1CCCC1,ugi_3cr_agile,2,amine_head:011|oxoester_aldehyde_body_tail:009|isocyanide_tail:004,amine_head|oxoester_aldehyde_body_tail|isocyanide_tail,cyclic_amine,ester,alkyl,41_64,neutral,2plus,none,ring
CCCCCCCCCCCCCCCCCCNC(=O)C(CCCCCOC(=O)CCCCCCCCCC)NCCCN1CCOCC1,ugi_3cr_agile,2,amine_head:012|oxoester_aldehyde_body_tail:009|isocyanide_tail:004,amine_head|oxoester_aldehyde_body_tail|isocyanide_tail,cyclic_amine,ester,alkyl,41_64,neutral,2plus,none,ring
CCCCCCCCCCCCCCCCCCNC(=O)C(CCCCCOC(=O)CCCCCCCCCC)NCCN(C(C)C)C(C)C,ugi_3cr_agile,2,amine_head:000|oxoester_aldehyde_body_tail:009|isocyanide_tail:004,amine_head|oxoester_aldehyde_body_tail|isocyanide_tail,diamine,ester,alkyl,41_64,neutral,2plus,none,acyclic
CCCCCCCCCCCCCCCCCCNC(=O)C(CCCCCOC(=O)CCCCCCCCCC)NCCN(C)C,ugi_3cr_agile,2,amine_head:006|oxoester_aldehyde_body_tail:009|isocyanide_tail:004,amine_head|oxoester_aldehyde_body_tail|isocyanide_tail,diamine,ester,alkyl,41_64,neutral,2plus,none,acyclic
CCCCCCCCCCCCCCCCCCNC(=O)C(CCCCCOC(=O)CCCCCCCCCC)NCCN(CC)CC,ugi_3cr_agile,2,amine_head:003|oxoester_aldehyde_body_tail:009|isocyanide_tail:004,amine_head|oxoester_aldehyde_body_tail|isocyanide_tail,diamine,ester,alkyl,41_64,neutral,2plus,none,acyclic
CCCCCCCCCCCCCCCCCCNC(=O)C(CCCCCOC(=O)CCCCCCCCCC)NCCN(CCN)CCN,ugi_3cr_agile,2,amine_head:013|oxoester_aldehyde_body_tail:009|isocyanide_tail:004,amine_head|oxoester_aldehyde_body_tail|isocyanide_tail,polyamine,ester,alkyl,41_64,neutral,2plus,none,acyclic
CCCCCCCCCCCCCCCCCCNC(=O)C(CCCCCOC(=O)CCCCCCCCCC)NCCN1CCCC1,ugi_3cr_agile,2,amine_head:014|oxoester_aldehyde_body_tail:009|isocyanide_tail:004,amine_head|oxoester_aldehyde_body_tail|isocyanide_tail,cyclic_amine,ester,alkyl,41_64,neutral,2plus,none,ring
CCCCCCCCCCCCCCCCCCNC(=O)C(CCCCCOC(=O)CCCCCCCCCC)NCCN1CCCCC1,ugi_3cr_agile,2,amine_head:015|oxoester_aldehyde_body_tail:009|isocyanide_tail:004,amine_head|oxoester_aldehyde_body_tail|isocyanide_tail,cyclic_amine,ester,alkyl,41_64,neutral,2plus,none,ring
CCCCCCCCCCCCCCCCCCNC(=O)C(CCCCCOC(=O)CCCCCCCCCC)NCCN1CCNCC1,ugi_3cr_agile,2,amine_head:016|oxoester_aldehyde_body_tail:009|isocyanide_tail:004,amine_head|oxoester_aldehyde_body_tail|isocyanide_tail,cyclic_amine,ester,alkyl,41_64,neutral,2plus,none,ring
CCCCCCCCCCCCCCCCCCNC(=O)C(CCCCCOC(=O)CCCCCCCCCC)NN1CCCCC1,ugi_3cr_agile,2,amine_head:017|oxoester_aldehyde_body_tail:009|isocyanide_tail:004,amine_head|oxoester_aldehyde_body_tail|isocyanide_tail,cyclic_amine,ester,alkyl,41_64,neutral,2plus,none,ring
CCCCCCCCCCCCCCCCCCNC(=O)C(CCCCCOC(=O)CCCCCCCCCC)NN1CCOCC1,ugi_3cr_agile,2,amine_head:018|oxoester_aldehyde_body_tail:009|isocyanide_tail:004,amine_head|oxoester_aldehyde_body_tail|isocyanide_tail,cyclic_amine,ester,alkyl,41_64,neutral,2plus,none,ring
CCCCCCCCCCCCCCCCCCNC(=O)C(CCCCCOC(=O)CCCCCCCCCC)Nc1cc(C)nn1C,ugi_3cr_agile,2,amine_head:009|oxoester_aldehyde_body_tail:009|isocyanide_tail:004,amine_head|oxoester_aldehyde_body_tail|isocyanide_tail,cyclic_amine,ester,alkyl,41_64,neutral,2plus,none,ring
CCCCCCCCCCCCCCCCCCNC(=O)C(CCCCCOC(=O)CCCCCCCCCC)Nc1cn[nH]c1,ugi_3cr_agile,2,amine_head:019|oxoester_aldehyde_body_tail:009|isocyanide_tail:004,amine_head|oxoester_aldehyde_body_tail|isocyanide_tail,cyclic_amine,ester,alkyl,41_64,neutral,2plus,none,ring
CCCCCCCCCCCCCCCCCCNC(=O)C(CCCCCOC(=O)CCCCCCCCCCCCCCC)N1CCC(N)CC1,ugi_3cr_agile,2,amine_head:010|oxoester_aldehyde_body_tail:010|isocyanide_tail:004,amine_head|oxoester_aldehyde_body_tail|isocyanide_tail,cyclic_amine,ester,alkyl,41_64,neutral,2plus,none,ring
CCCCCCCCCCCCCCCCCCNC(=O)C(CCCCCOC(=O)CCCCCCCCCCCCCCC)N1CCN(CCN)CC1,ugi_3cr_agile,2,amine_head:016|oxoester_aldehyde_body_tail:010|isocyanide_tail:004,amine_head|oxoester_aldehyde_body_tail|isocyanide_tail,cyclic_amine,ester,alkyl,41_64,neutral,2plus,none,ring
CCCCCCCCCCCCCCCCCCNC(=O)C(CCCCCOC(=O)CCCCCCCCCCCCCCC)NC1CCN(C)CC1,ugi_3cr_agile,2,amine_head:008|oxoester_aldehyde_body_tail:010|isocyanide_tail:004,amine_head|oxoester_aldehyde_body_tail|isocyanide_tail,cyclic_amine,ester,alkyl,41_64,neutral,2plus,none,ring
CCCCCCCCCCCCCCCCCCNC(=O)C(CCCCCOC(=O)CCCCCCCCCCCCCCC)NC1CCNCC1,ugi_3cr_agile,2,amine_head:010|oxoester_aldehyde_body_tail:010|isocyanide_tail:004,amine_head|oxoester_aldehyde_body_tail|isocyanide_tail,cyclic_amine,ester,alkyl,41_64,neutral,2plus,none,ring
CCCCCCCCCCCCCCCCCCNC(=O)C(CCCCCOC(=O)CCCCCCCCCCCCCCC)NCC1CCCN1CC,ugi_3cr_agile,2,amine_head:004|oxoester_aldehyde_body_tail:010|isocyanide_tail:004,amine_head|oxoester_aldehyde_body_tail|isocyanide_tail,cyclic_amine,ester,alkyl,41_64,neutral,2plus,none,ring
CCCCCCCCCCCCCCCCCCNC(=O)C(CCCCCOC(=O)CCCCCCCCCCCCCCC)NCCCN(C)C,ugi_3cr_agile,2,amine_head:005|oxoester_aldehyde_body_tail:010|isocyanide_tail:004,amine_head|oxoester_aldehyde_body_tail|isocyanide_tail,diamine,ester,alkyl,41_64,neutral,2plus,none,acyclic
CCCCCCCCCCCCCCCCCCNC(=O)C(CCCCCOC(=O)CCCCCCCCCCCCCCC)NCCCN(C)CCCN,ugi_3cr_agile,2,amine_head:007|oxoester_aldehyde_body_tail:010|isocyanide_tail:004,amine_head|oxoester_aldehyde_body_tail|isocyanide_tail,polyamine,ester,alkyl,41_64,neutral,2plus,none,acyclic
CCCCCCCCCCCCCCCCCCNC(=O)C(CCCCCOC(=O)CCCCCCCCCCCCCCC)NCCCN(CC)CC,ugi_3cr_agile,2,amine_head:002|oxoester_aldehyde_body_tail:010|isocyanide_tail:004,amine_head|oxoester_aldehyde_body_tail|isocyanide_tail,diamine,ester,alkyl,41_64,neutral,2plus,none,acyclic
CCCCCCCCCCCCCCCCCCNC(=O)C(CCCCCOC(=O)CCCCCCCCCCCCCCC)NCCCN(CCCC)CCCC,ugi_3cr_agile,2,amine_head:001|oxoester_aldehyde_body_tail:010|isocyanide_tail:004,amine_head|oxoester_aldehyde_body_tail|isocyanide_tail,diamine,ester,alkyl,41_64,neutral,2plus,none,acyclic
CCCCCCCCCCCCCCCCCCNC(=O)C(CCCCCOC(=O)CCCCCCCCCCCCCCC)NCCCN1CCCC1,ugi_3cr_agile,2,amine_head:011|oxoester_aldehyde_body_tail:010|isocyanide_tail:004,amine_head|oxoester_aldehyde_body_tail|isocyanide_tail,cyclic_amine,ester,alkyl,41_64,neutral,2plus,none,ring
CCCCCCCCCCCCCCCCCCNC(=O)C(CCCCCOC(=O)CCCCCCCCCCCCCCC)NCCCN1CCOCC1,ugi_3cr_agile,2,amine_head:012|oxoester_aldehyde_body_tail:010|isocyanide_tail:004,amine_head|oxoester_aldehyde_body_tail|isocyanide_tail,cyclic_amine,ester,alkyl,41_64,neutral,2plus,none,ring
CCCCCCCCCCCCCCCCCCNC(=O)C(CCCCCOC(=O)CCCCCCCCCCCCCCC)NCCN(C(C)C)C(C)C,ugi_3cr_agile,2,amine_head:000|oxoester_aldehyde_body_tail:010|isocyanide_tail:004,amine_head|oxoester_aldehyde_body_tail|isocyanide_tail,diamine,ester,alkyl,41_64,neutral,2plus,none,acyclic
CCCCCCCCCCCCCCCCCCNC(=O)C(CCCCCOC(=O)CCCCCCCCCCCCCCC)NCCN(C)C,ugi_3cr_agile,2,amine_head:006|oxoester_aldehyde_body_tail:010|isocyanide_tail:004,amine_head|oxoester_aldehyde_body_tail|isocyanide_tail,diamine,ester,alkyl,41_64,neutral,2plus,none,acyclic
CCCCCCCCCCCCCCCCCCNC(=O)C(CCCCCOC(=O)CCCCCCCCCCCCCCC)NCCN(CC)CC,ugi_3cr_agile,2,amine_head:003|oxoester_aldehyde_body_tail:010|isocyanide_tail:004,amine_head|oxoester_aldehyde_body_tail|isocyanide_tail,diamine,ester,alkyl,41_64,neutral,2plus,none,acyclic
CCCCCCCCCCCCCCCCCCNC(=O)C(CCCCCOC(=O)CCCCCCCCCCCCCCC)NCCN(CCN)CCN,ugi_3cr_agile,2,amine_head:013|oxoester_aldehyde_body_tail:010|isocyanide_tail:004,amine_head|oxoester_aldehyde_body_tail|isocyanide_tail,polyamine,ester,alkyl,41_64,neutral,2plus,none,acyclic
CCCCCCCCCCCCCCCCCCNC(=O)C(CCCCCOC(=O)CCCCCCCCCCCCCCC)NCCN1CCCC1,ugi_3cr_agile,2,amine_head:014|oxoester_aldehyde_body_tail:010|isocyanide_tail:004,amine_head|oxoester_aldehyde_body_tail|isocyanide_tail,cyclic_amine,ester,alkyl,41_64,neutral,2plus,none,ring
CCCCCCCCCCCCCCCCCCNC(=O)C(CCCCCOC(=O)CCCCCCCCCCCCCCC)NCCN1CCCCC1,ugi_3cr_agile,2,amine_head:015|oxoester_aldehyde_body_tail:010|isocyanide_tail:004,amine_head|oxoester_aldehyde_body_tail|isocyanide_tail,cyclic_amine,ester,alkyl,41_64,neutral,2plus,none,ring
CCCCCCCCCCCCCCCCCCNC(=O)C(CCCCCOC(=O)CCCCCCCCCCCCCCC)NCCN1CCNCC1,ugi_3cr_agile,2,amine_head:016|oxoester_aldehyde_body_tail:010|isocyanide_tail:004,amine_head|oxoester_aldehyde_body_tail|isocyanide_tail,cyclic_amine,ester,alkyl,41_64,neutral,2plus,none,ring
CCCCCCCCCCCCCCCCCCNC(=O)C(CCCCCOC(=O)CCCCCCCCCCCCCCC)NN1CCCCC1,ugi_3cr_agile,2,amine_head:017|oxoester_aldehyde_body_tail:010|isocyanide_tail:004,amine_head|oxoester_aldehyde_body_tail|isocyanide_tail,cyclic_amine,ester,alkyl,41_64,neutral,2plus,none,ring
CCCCCCCCCCCCCCCCCCNC(=O)C(CCCCCOC(=O)CCCCCCCCCCCCCCC)NN1CCOCC1,ugi_3cr_agile,2,amine_head:018|oxoester_aldehyde_body_tail:010|isocyanide_tail:004,amine_head|oxoester_aldehyde_body_tail|isocyanide_tail,cyclic_amine,ester,alkyl,41_64,neutral,2plus,none,ring
CCCCCCCCCCCCCCCCCCNC(=O)C(CCCCCOC(=O)CCCCCCCCCCCCCCC)Nc1cc(C)nn1C,ugi_3cr_agile,2,amine_head:009|oxoester_aldehyde_body_tail:010|isocyanide_tail:004,amine_head|oxoester_aldehyde_body_tail|isocyanide_tail,cyclic_amine,ester,alkyl,41_64,neutral,2plus,none,ring
CCCCCCCCCCCCCCCCCCNC(=O)C(CCCCCOC(=O)CCCCCCCCCCCCCCC)Nc1cn[nH]c1,ugi_3cr_agile,2,amine_head:019|oxoester_aldehyde_body_tail:010|isocyanide_tail:004,amine_head|oxoester_aldehyde_body_tail|isocyanide_tail,cyclic_amine,ester,alkyl,41_64,neutral,2plus,none,ring
CCCCCCCCCCCCCCCCCCNC(=O)C(CCCCCOC(=O)CCCCCCCCCCCCCCCCC)N1CCC(N)CC1,ugi_3cr_agile,2,amine_head:010|oxoester_aldehyde_body_tail:011|isocyanide_tail:004,amine_head|oxoester_aldehyde_body_tail|isocyanide_tail,cyclic_amine,ester,alkyl,41_64,neutral,2plus,none,ring
CCCCCCCCCCCCCCCCCCNC(=O)C(CCCCCOC(=O)CCCCCCCCCCCCCCCCC)N1CCN(CCN)CC1,ugi_3cr_agile,2,amine_head:016|oxoester_aldehyde_body_tail:011|isocyanide_tail:004,amine_head|oxoester_aldehyde_body_tail|isocyanide_tail,cyclic_amine,ester,alkyl,41_64,neutral,2plus,none,ring
CCCCCCCCCCCCCCCCCCNC(=O)C(CCCCCOC(=O)CCCCCCCCCCCCCCCCC)NC1CCN(C)CC1,ugi_3cr_agile,2,amine_head:008|oxoester_aldehyde_body_tail:011|isocyanide_tail:004,amine_head|oxoester_aldehyde_body_tail|isocyanide_tail,cyclic_amine,ester,alkyl,41_64,neutral,2plus,none,ring
CCCCCCCCCCCCCCCCCCNC(=O)C(CCCCCOC(=O)CCCCCCCCCCCCCCCCC)NC1CCNCC1,ugi_3cr_agile,2,amine_head:010|oxoester_aldehyde_body_tail:011|isocyanide_tail:004,amine_head|oxoester_aldehyde_body_tail|isocyanide_tail,cyclic_amine,ester,alkyl,41_64,neutral,2plus,none,ring
CCCCCCCCCCCCCCCCCCNC(=O)C(CCCCCOC(=O)CCCCCCCCCCCCCCCCC)NCC1CCCN1CC,ugi_3cr_agile,2,amine_head:004|oxoester_aldehyde_body_tail:011|isocyanide_tail:004,amine_head|oxoester_aldehyde_body_tail|isocyanide_tail,cyclic_amine,ester,alkyl,41_64,neutral,2plus,none,ring
CCCCCCCCCCCCCCCCCCNC(=O)C(CCCCCOC(=O)CCCCCCCCCCCCCCCCC)NCCCN(C)C,ugi_3cr_agile,2,amine_head:005|oxoester_aldehyde_body_tail:011|isocyanide_tail:004,amine_head|oxoester_aldehyde_body_tail|isocyanide_tail,diamine,ester,alkyl,41_64,neutral,2plus,none,acyclic
CCCCCCCCCCCCCCCCCCNC(=O)C(CCCCCOC(=O)CCCCCCCCCCCCCCCCC)NCCCN(C)CCCN,ugi_3cr_agile,2,amine_head:007|oxoester_aldehyde_body_tail:011|isocyanide_tail:004,amine_head|oxoester_aldehyde_body_tail|isocyanide_tail,polyamine,ester,alkyl,41_64,neutral,2plus,none,acyclic
CCCCCCCCCCCCCCCCCCNC(=O)C(CCCCCOC(=O)CCCCCCCCCCCCCCCCC)NCCCN(CC)CC,ugi_3cr_agile,2,amine_head:002|oxoester_aldehyde_body_tail:011|isocyanide_tail:004,amine_head|oxoester_aldehyde_body_tail|isocyanide_tail,diamine,ester,alkyl,41_64,neutral,2plus,none,acyclic
CCCCCCCCCCCCCCCCCCNC(=O)C(CCCCCOC(=O)CCCCCCCCCCCCCCCCC)NCCCN(CCCC)CCCC,ugi_3cr_agile,2,amine_head:001|oxoester_aldehyde_body_tail:011|isocyanide_tail:004,amine_head|oxoester_aldehyde_body_tail|isocyanide_tail,diamine,ester,alkyl,41_64,neutral,2plus,none,acyclic
CCCCCCCCCCCCCCCCCCNC(=O)C(CCCCCOC(=O)CCCCCCCCCCCCCCCCC)NCCCN1CCCC1,ugi_3cr_agile,2,amine_head:011|oxoester_aldehyde_body_tail:011|isocyanide_tail:004,amine_head|oxoester_aldehyde_body_tail|isocyanide_tail,cyclic_amine,ester,alkyl,41_64,neutral,2plus,none,ring
CCCCCCCCCCCCCCCCCCNC(=O)C(CCCCCOC(=O)CCCCCCCCCCCCCCCCC)NCCCN1CCOCC1,ugi_3cr_agile,2,amine_head:012|oxoester_aldehyde_body_tail:011|isocyanide_tail:004,amine_head|oxoester_aldehyde_body_tail|isocyanide_tail,cyclic_amine,ester,alkyl,41_64,neutral,2plus,none,ring
CCCCCCCCCCCCCCCCCCNC(=O)C(CCCCCOC(=O)CCCCCCCCCCCCCCCCC)NCCN(C(C)C)C(C)C,ugi_3cr_agile,2,amine_head:000|oxoester_aldehyde_body_tail:011|isocyanide_tail:004,amine_head|oxoester_aldehyde_body_tail|isocyanide_tail,diamine,ester,alkyl,41_64,neutral,2plus,none,acyclic
CCCCCCCCCCCCCCCCCCNC(=O)C(CCCCCOC(=O)CCCCCCCCCCCCCCCCC)NCCN(C)C,ugi_3cr_agile,2,amine_head:006|oxoester_aldehyde_body_tail:011|isocyanide_tail:004,amine_head|oxoester_aldehyde_body_tail|isocyanide_tail,diamine,ester,alkyl,41_64,neutral,2plus,none,acyclic
CCCCCCCCCCCCCCCCCCNC(=O)C(CCCCCOC(=O)CCCCCCCCCCCCCCCCC)NCCN(CC)CC,ugi_3cr_agile,2,amine_head:003|oxoester_aldehyde_body_tail:011|isocyanide_tail:004,amine_head|oxoester_aldehyde_body_tail|isocyanide_tail,diamine,ester,alkyl,41_64,neutral,2plus,none,acyclic
CCCCCCCCCCCCCCCCCCNC(=O)C(CCCCCOC(=O)CCCCCCCCCCCCCCCCC)NCCN(CCN)CCN,ugi_3cr_agile,2,amine_head:013|oxoester_aldehyde_body_tail:011|isocyanide_tail:004,amine_head|oxoester_aldehyde_body_tail|isocyanide_tail,polyamine,ester,alkyl,41_64,neutral,2plus,none,acyclic
CCCCCCCCCCCCCCCCCCNC(=O)C(CCCCCOC(=O)CCCCCCCCCCCCCCCCC)NCCN1CCCC1,ugi_3cr_agile,2,amine_head:014|oxoester_aldehyde_body_tail:011|isocyanide_tail:004,amine_head|oxoester_aldehyde_body_tail|isocyanide_tail,cyclic_amine,ester,alkyl,41_64,neutral,2plus,none,ring
CCCCCCCCCCCCCCCCCCNC(=O)C(CCCCCOC(=O)CCCCCCCCCCCCCCCCC)NCCN1CCCCC1,ugi_3cr_agile,2,amine_head:015|oxoester_aldehyde_body_tail:011|isocyanide_tail:004,amine_head|oxoester_aldehyde_body_tail|isocyanide_tail,cyclic_amine,ester,alkyl,41_64,neutral,2plus,none,ring
CCCCCCCCCCCCCCCCCCNC(=O)C(CCCCCOC(=O)CCCCCCCCCCCCCCCCC)NCCN1CCNCC1,ugi_3cr_agile,2,amine_head:016|oxoester_aldehyde_body_tail:011|isocyanide_tail:004,amine_head|oxoester_aldehyde_body_tail|isocyanide_tail,cyclic_amine,ester,alkyl,41_64,neutral,2plus,none,ring
CCCCCCCCCCCCCCCCCCNC(=O)C(CCCCCOC(=O)CCCCCCCCCCCCCCCCC)NN1CCCCC1,ugi_3cr_agile,2,amine_head:017|oxoester_aldehyde_body_tail:011|isocyanide_tail:004,amine_head|oxoester_aldehyde_body_tail|isocyanide_tail,cyclic_amine,ester,alkyl,41_64,neutral,2plus,none,ring
CCCCCCCCCCCCCCCCCCNC(=O)C(CCCCCOC(=O)CCCCCCCCCCCCCCCCC)NN1CCOCC1,ugi_3cr_agile,2,amine_head:018|oxoester_aldehyde_body_tail:011|isocyanide_tail:004,amine_head|oxoester_aldehyde_body_tail|isocyanide_tail,cyclic_amine,ester,alkyl,41_64,neutral,2plus,none,ring
CCCCCCCCCCCCCCCCCCNC(=O)C(CCCCCOC(=O)CCCCCCCCCCCCCCCCC)Nc1cc(C)nn1C,ugi_3cr_agile,2,amine_head:009|oxoester_aldehyde_body_tail:011|isocyanide_tail:004,amine_head|oxoester_aldehyde_body_tail|isocyanide_tail,cyclic_amine,ester,alkyl,41_64,neutral,2plus,none,ring
CCCCCCCCCCCCCCCCCCNC(=O)C(CCCCCOC(=O)CCCCCCCCCCCCCCCCC)Nc1cn[nH]c1,ugi_3cr_agile,2,amine_head:019|oxoester_aldehyde_body_tail:011|isocyanide_tail:004,amine_head|oxoester_aldehyde_body_tail|isocyanide_tail,cyclic_amine,ester,alkyl,41_64,neutral,2plus,none,ring
CCCCCCCCCCCCCCCCNC(=O)C(CCCCCOC(=O)CCC(C)CCCCC)N1CCC(N)CC1,ugi_3cr_agile,2,amine_head:010|oxoester_aldehyde_body_tail:003|isocyanide_tail:003,amine_head|oxoester_aldehyde_body_tail|isocyanide_tail,cyclic_amine,ester,alkyl,41_64,neutral,2plus,none,ring
CCCCCCCCCCCCCCCCNC(=O)C(CCCCCOC(=O)CCC(C)CCCCC)N1CCN(CCN)CC1,ugi_3cr_agile,2,amine_head:016|oxoester_aldehyde_body_tail:003|isocyanide_tail:003,amine_head|oxoester_aldehyde_body_tail|isocyanide_tail,cyclic_amine,ester,alkyl,41_64,neutral,2plus,none,ring
CCCCCCCCCCCCCCCCNC(=O)C(CCCCCOC(=O)CCC(C)CCCCC)NC1CCN(C)CC1,ugi_3cr_agile,2,amine_head:008|oxoester_aldehyde_body_tail:003|isocyanide_tail:003,amine_head|oxoester_aldehyde_body_tail|isocyanide_tail,cyclic_amine,ester,alkyl,41_64,neutral,2plus,none,ring
CCCCCCCCCCCCCCCCNC(=O)C(CCCCCOC(=O)CCC(C)CCCCC)NC1CCNCC1,ugi_3cr_agile,2,amine_head:010|oxoester_aldehyde_body_tail:003|isocyanide_tail:003,amine_head|oxoester_aldehyde_body_tail|isocyanide_tail,cyclic_amine,ester,alkyl,41_64,neutral,2plus,none,ring
CCCCCCCCCCCCCCCCNC(=O)C(CCCCCOC(=O)CCC(C)CCCCC)NCC1CCCN1CC,ugi_3cr_agile,2,amine_head:004|oxoester_aldehyde_body_tail:003|isocyanide_tail:003,amine_head|oxoester_aldehyde_body_tail|isocyanide_tail,cyclic_amine,ester,alkyl,41_64,neutral,2plus,none,ring
CCCCCCCCCCCCCCCCNC(=O)C(CCCCCOC(=O)CCC(C)CCCCC)NCCCN(C)C,ugi_3cr_agile,2,amine_head:005|oxoester_aldehyde_body_tail:003|isocyanide_tail:003,amine_head|oxoester_aldehyde_body_tail|isocyanide_tail,diamine,ester,alkyl,41_64,neutral,2plus,none,acyclic
CCCCCCCCCCCCCCCCNC(=O)C(CCCCCOC(=O)CCC(C)CCCCC)NCCCN(C)CCCN,ugi_3cr_agile,2,amine_head:007|oxoester_aldehyde_body_tail:003|isocyanide_tail:003,amine_head|oxoester_aldehyde_body_tail|isocyanide_tail,polyamine,ester,alkyl,41_64,neutral,2plus,none,acyclic
CCCCCCCCCCCCCCCCNC(=O)C(CCCCCOC(=O)CCC(C)CCCCC)NCCCN(CC)CC,ugi_3cr_agile,2,amine_head:002|oxoester_aldehyde_body_tail:003|isocyanide_tail:003,amine_head|oxoester_aldehyde_body_tail|isocyanide_tail,diamine,ester,alkyl,41_64,neutral,2plus,none,acyclic
CCCCCCCCCCCCCCCCNC(=O)C(CCCCCOC(=O)CCC(C)CCCCC)NCCCN(CCCC)CCCC,ugi_3cr_agile,2,amine_head:001|oxoester_aldehyde_body_tail:003|isocyanide_tail:003,amine_head|oxoester_aldehyde_body_tail|isocyanide_tail,diamine,ester,alkyl,41_64,neutral,2plus,none,acyclic
CCCCCCCCCCCCCCCCNC(=O)C(CCCCCOC(=O)CCC(C)CCCCC)NCCCN1CCCC1,ugi_3cr_agile,2,amine_head:011|oxoester_aldehyde_body_tail:003|isocyanide_tail:003,amine_head|oxoester_aldehyde_body_tail|isocyanide_tail,cyclic_amine,ester,alkyl,41_64,neutral,2plus,none,ring
CCCCCCCCCCCCCCCCNC(=O)C(CCCCCOC(=O)CCC(C)CCCCC)NCCCN1CCOCC1,ugi_3cr_agile,2,amine_head:012|oxoester_aldehyde_body_tail:003|isocyanide_tail:003,amine_head|oxoester_aldehyde_body_tail|isocyanide_tail,cyclic_amine,ester,alkyl,41_64,neutral,2plus,none,ring
CCCCCCCCCCCCCCCCNC(=O)C(CCCCCOC(=O)CCC(C)CCCCC)NCCN(C(C)C)C(C)C,ugi_3cr_agile,2,amine_head:000|oxoester_aldehyde_body_tail:003|isocyanide_tail:003,amine_head|oxoester_aldehyde_body_tail|isocyanide_tail,diamine,ester,alkyl,41_64,neutral,2plus,none,acyclic
CCCCCCCCCCCCCCCCNC(=O)C(CCCCCOC(=O)CCC(C)CCCCC)NCCN(C)C,ugi_3cr_agile,2,amine_head:006|oxoester_aldehyde_body_tail:003|isocyanide_tail:003,amine_head|oxoester_aldehyde_body_tail|isocyanide_tail,diamine,ester,alkyl,41_64,neutral,2plus,none,acyclic
CCCCCCCCCCCCCCCCNC(=O)C(CCCCCOC(=O)CCC(C)CCCCC)NCCN(CC)CC,ugi_3cr_agile,2,amine_head:003|oxoester_aldehyde_body_tail:003|isocyanide_tail:003,amine_head|oxoester_aldehyde_body_tail|isocyanide_tail,diamine,ester,alkyl,41_64,neutral,2plus,none,acyclic
CCCCCCCCCCCCCCCCNC(=O)C(CCCCCOC(=O)CCC(C)CCCCC)NCCN(CCN)CCN,ugi_3cr_agile,2,amine_head:013|oxoester_aldehyde_body_tail:003|isocyanide_tail:003,amine_head|oxoester_aldehyde_body_tail|isocyanide_tail,polyamine,ester,alkyl,41_64,neutral,2plus,none,acyclic
CCCCCCCCCCCCCCCCNC(=O)C(CCCCCOC(=O)CCC(C)CCCCC)NCCN1CCCC1,ugi_3cr_agile,2,amine_head:014|oxoester_aldehyde_body_tail:003|isocyanide_tail:003,amine_head|oxoester_aldehyde_body_tail|isocyanide_tail,cyclic_amine,ester,alkyl,41_64,neutral,2plus,none,ring
CCCCCCCCCCCCCCCCNC(=O)C(CCCCCOC(=O)CCC(C)CCCCC)NCCN1CCCCC1,ugi_3cr_agile,2,amine_head:015|oxoester_aldehyde_body_tail:003|isocyanide_tail:003,amine_head|oxoester_aldehyde_body_tail|isocyanide_tail,cyclic_amine,ester,alkyl,41_64,neutral,2plus,none,ring
CCCCCCCCCCCCCCCCNC(=O)C(CCCCCOC(=O)CCC(C)CCCCC)NCCN1CCNCC1,ugi_3cr_agile,2,amine_head:016|oxoester_aldehyde_body_tail:003|isocyanide_tail:003,amine_head|oxoester_aldehyde_body_tail|isocyanide_tail,cyclic_amine,ester,alkyl,41_64,neutral,2plus,none,ring
CCCCCCCCCCCCCCCCNC(=O)C(CCCCCOC(=O)CCC(C)CCCCC)NN1CCCCC1,ugi_3cr_agile,2,amine_head:017|oxoester_aldehyde_body_tail:003|isocyanide_tail:003,amine_head|oxoester_aldehyde_body_tail|isocyanide_tail,cyclic_amine,ester,alkyl,41_64,neutral,2plus,none,ring
CCCCCCCCCCCCCCCCNC(=O)C(CCCCCOC(=O)CCC(C)CCCCC)NN1CCOCC1,ugi_3cr_agile,2,amine_head:018|oxoester_aldehyde_body_tail:003|isocyanide_tail:003,amine_head|oxoester_aldehyde_body_tail|isocyanide_tail,cyclic_amine,ester,alkyl,41_64,neutral,2plus,none,ring
CCCCCCCCCCCCCCCCNC(=O)C(CCCCCOC(=O)CCC(C)CCCCC)Nc1cc(C)nn1C,ugi_3cr_agile,2,amine_head:009|oxoester_aldehyde_body_tail:003|isocyanide_tail:003,amine_head|oxoester_aldehyde_body_tail|isocyanide_tail,cyclic_amine,ester,alkyl,41_64,neutral,2plus,none,ring
CCCCCCCCCCCCCCCCNC(=O)C(CCCCCOC(=O)CCC(C)CCCCC)Nc1cn[nH]c1,ugi_3cr_agile,2,amine_head:019|oxoester_aldehyde_body_tail:003|isocyanide_tail:003,amine_head|oxoester_aldehyde_body_tail|isocyanide_tail,cyclic_amine,ester,alkyl,41_64,neutral,2plus,none,ring
CCCCCCCCCCCCCCCCNC(=O)C(CCCCCOC(=O)CCCCCCCC)N1CCC(N)CC1,ugi_3cr_agile,2,amine_head:010|oxoester_aldehyde_body_tail:007|isocyanide_tail:003,amine_head|oxoester_aldehyde_body_tail|isocyanide_tail,cyclic_amine,ester,alkyl,41_64,neutral,2plus,none,ring
CCCCCCCCCCCCCCCCNC(=O)C(CCCCCOC(=O)CCCCCCCC)N1CCN(CCN)CC1,ugi_3cr_agile,2,amine_head:016|oxoester_aldehyde_body_tail:007|isocyanide_tail:003,amine_head|oxoester_aldehyde_body_tail|isocyanide_tail,cyclic_amine,ester,alkyl,41_64,neutral,2plus,none,ring
CCCCCCCCCCCCCCCCNC(=O)C(CCCCCOC(=O)CCCCCCCC)NC1CCN(C)CC1,ugi_3cr_agile,2,amine_head:008|oxoester_aldehyde_body_tail:007|isocyanide_tail:003,amine_head|oxoester_aldehyde_body_tail|isocyanide_tail,cyclic_amine,ester,alkyl,41_64,neutral,2plus,none,ring
CCCCCCCCCCCCCCCCNC(=O)C(CCCCCOC(=O)CCCCCCCC)NC1CCNCC1,ugi_3cr_agile,2,amine_head:010|oxoester_aldehyde_body_tail:007|isocyanide_tail:003,amine_head|oxoester_aldehyde_body_tail|isocyanide_tail,cyclic_amine,ester,alkyl,41_64,neutral,2plus,none,ring
CCCCCCCCCCCCCCCCNC(=O)C(CCCCCOC(=O)CCCCCCCC)NCC1CCCN1CC,ugi_3cr_agile,2,amine_head:004|oxoester_aldehyde_body_tail:007|isocyanide_tail:003,amine_head|oxoester_aldehyde_body_tail|isocyanide_tail,cyclic_amine,ester,alkyl,41_64,neutral,2plus,none,ring
CCCCCCCCCCCCCCCCNC(=O)C(CCCCCOC(=O)CCCCCCCC)NCCCN(C)C,ugi_3cr_agile,2,amine_head:005|oxoester_aldehyde_body_tail:007|isocyanide_tail:003,amine_head|oxoester_aldehyde_body_tail|isocyanide_tail,diamine,ester,alkyl,41_64,neutral,2plus,none,acyclic
CCCCCCCCCCCCCCCCNC(=O)C(CCCCCOC(=O)CCCCCCCC)NCCCN(C)CCCN,ugi_3cr_agile,2,amine_head:007|oxoester_aldehyde_body_tail:007|isocyanide_tail:003,amine_head|oxoester_aldehyde_body_tail|isocyanide_tail,polyamine,ester,alkyl,41_64,neutral,2plus,none,acyclic
CCCCCCCCCCCCCCCCNC(=O)C(CCCCCOC(=O)CCCCCCCC)NCCCN(CC)CC,ugi_3cr_agile,2,amine_head:002|oxoester_aldehyde_body_tail:007|isocyanide_tail:003,amine_head|oxoester_aldehyde_body_tail|isocyanide_tail,diamine,ester,alkyl,41_64,neutral,2plus,none,acyclic
CCCCCCCCCCCCCCCCNC(=O)C(CCCCCOC(=O)CCCCCCCC)NCCCN(CCCC)CCCC,ugi_3cr_agile,2,amine_head:001|oxoester_aldehyde_body_tail:007|isocyanide_tail:003,amine_head|oxoester_aldehyde_body_tail|isocyanide_tail,diamine,ester,alkyl,41_64,neutral,2plus,none,acyclic
CCCCCCCCCCCCCCCCNC(=O)C(CCCCCOC(=O)CCCCCCCC)NCCCN1CCCC1,ugi_3cr_agile,2,amine_head:011|oxoester_aldehyde_body_tail:007|isocyanide_tail:003,amine_head|oxoester_aldehyde_body_tail|isocyanide_tail,cyclic_amine,ester,alkyl,41_64,neutral,2plus,none,ring
CCCCCCCCCCCCCCCCNC(=O)C(CCCCCOC(=O)CCCCCCCC)NCCCN1CCOCC1,ugi_3cr_agile,2,amine_head:012|oxoester_aldehyde_body_tail:007|isocyanide_tail:003,amine_head|oxoester_aldehyde_body_tail|isocyanide_tail,cyclic_amine,ester,alkyl,41_64,neutral,2plus,none,ring
CCCCCCCCCCCCCCCCNC(=O)C(CCCCCOC(=O)CCCCCCCC)NCCN(C(C)C)C(C)C,ugi_3cr_agile,2,amine_head:000|oxoester_aldehyde_body_tail:007|isocyanide_tail:003,amine_head|oxoester_aldehyde_body_tail|isocyanide_tail,diamine,ester,alkyl,41_64,neutral,2plus,none,acyclic
CCCCCCCCCCCCCCCCNC(=O)C(CCCCCOC(=O)CCCCCCCC)NCCN(C)C,ugi_3cr_agile,2,amine_head:006|oxoester_aldehyde_body_tail:007|isocyanide_tail:003,amine_head|oxoester_aldehyde_body_tail|isocyanide_tail,diamine,ester,alkyl,41_64,neutral,2plus,none,acyclic
CCCCCCCCCCCCCCCCNC(=O)C(CCCCCOC(=O)CCCCCCCC)NCCN(CC)CC,ugi_3cr_agile,2,amine_head:003|oxoester_aldehyde_body_tail:007|isocyanide_tail:003,amine_head|oxoester_aldehyde_body_tail|isocyanide_tail,diamine,ester,alkyl,41_64,neutral,2plus,none,acyclic
CCCCCCCCCCCCCCCCNC(=O)C(CCCCCOC(=O)CCCCCCCC)NCCN(CCN)CCN,ugi_3cr_agile,2,amine_head:013|oxoester_aldehyde_body_tail:007|isocyanide_tail:003,amine_head|oxoester_aldehyde_body_tail|isocyanide_tail,polyamine,ester,alkyl,41_64,neutral,2plus,none,acyclic
CCCCCCCCCCCCCCCCNC(=O)C(CCCCCOC(=O)CCCCCCCC)NCCN1CCCC1,ugi_3cr_agile,2,amine_head:014|oxoester_aldehyde_body_tail:007|isocyanide_tail:003,amine_head|oxoester_aldehyde_body_tail|isocyanide_tail,cyclic_amine,ester,alkyl,41_64,neutral,2plus,none,ring
CCCCCCCCCCCCCCCCNC(=O)C(CCCCCOC(=O)CCCCCCCC)NCCN1CCCCC1,ugi_3cr_agile,2,amine_head:015|oxoester_aldehyde_body_tail:007|isocyanide_tail:003,amine_head|oxoester_aldehyde_body_tail|isocyanide_tail,cyclic_amine,ester,alkyl,41_64,neutral,2plus,none,ring
CCCCCCCCCCCCCCCCNC(=O)C(CCCCCOC(=O)CCCCCCCC)NCCN1CCNCC1,ugi_3cr_agile,2,amine_head:016|oxoester_aldehyde_body_tail:007|isocyanide_tail:003,amine_head|oxoester_aldehyde_body_tail|isocyanide_tail,cyclic_amine,ester,alkyl,41_64,neutral,2plus,none,ring
CCCCCCCCCCCCCCCCNC(=O)C(CCCCCOC(=O)CCCCCCCC)NN1CCCCC1,ugi_3cr_agile,2,amine_head:017|oxoester_aldehyde_body_tail:007|isocyanide_tail:003,amine_head|oxoester_aldehyde_body_tail|isocyanide_tail,cyclic_amine,ester,alkyl,41_64,neutral,2plus,none,ring
CCCCCCCCCCCCCCCCNC(=O)C(CCCCCOC(=O)CCCCCCCC)NN1CCOCC1,ugi_3cr_agile,2,amine_head:018|oxoester_aldehyde_body_tail:007|isocyanide_tail:003,amine_head|oxoester_aldehyde_body_tail|isocyanide_tail,cyclic_amine,ester,alkyl,41_64,neutral,2plus,none,ring
CCCCCCCCCCCCCCCCNC(=O)C(CCCCCOC(=O)CCCCCCCC)Nc1cc(C)nn1C,ugi_3cr_agile,2,amine_head:009|oxoester_aldehyde_body_tail:007|isocyanide_tail:003,amine_head|oxoester_aldehyde_body_tail|isocyanide_tail,cyclic_amine,ester,alkyl,41_64,neutral,2plus,none,ring
CCCCCCCCCCCCCCCCNC(=O)C(CCCCCOC(=O)CCCCCCCC)Nc1cn[nH]c1,ugi_3cr_agile,2,amine_head:019|oxoester_aldehyde_body_tail:007|isocyanide_tail:003,amine_head|oxoester_aldehyde_body_tail|isocyanide_tail,cyclic_amine,ester,alkyl,41_64,neutral,2plus,none,ring
CCCCCCCCCCCCCCCCNC(=O)C(CCCCCOC(=O)CCCCCCCCC)N1CCC(N)CC1,ugi_3cr_agile,2,amine_head:010|oxoester_aldehyde_body_tail:008|isocyanide_tail:003,amine_head|oxoester_aldehyde_body_tail|isocyanide_tail,cyclic_amine,ester,alkyl,41_64,neutral,2plus,none,ring
CCCCCCCCCCCCCCCCNC(=O)C(CCCCCOC(=O)CCCCCCCCC)N1CCN(CCN)CC1,ugi_3cr_agile,2,amine_head:016|oxoester_aldehyde_body_tail:008|isocyanide_tail:003,amine_head|oxoester_aldehyde_body_tail|isocyanide_tail,cyclic_amine,ester,alkyl,41_64,neutral,2plus,none,ring
CCCCCCCCCCCCCCCCNC(=O)C(CCCCCOC(=O)CCCCCCCCC)NC1CCN(C)CC1,ugi_3cr_agile,2,amine_head:008|oxoester_aldehyde_body_tail:008|isocyanide_tail:003,amine_head|oxoester_aldehyde_body_tail|isocyanide_tail,cyclic_amine,ester,alkyl,41_64,neutral,2plus,none,ring
CCCCCCCCCCCCCCCCNC(=O)C(CCCCCOC(=O)CCCCCCCCC)NC1CCNCC1,ugi_3cr_agile,2,amine_head:010|oxoester_aldehyde_body_tail:008|isocyanide_tail:003,amine_head|oxoester_aldehyde_body_tail|isocyanide_tail,cyclic_amine,ester,alkyl,41_64,neutral,2plus,none,ring
CCCCCCCCCCCCCCCCNC(=O)C(CCCCCOC(=O)CCCCCCCCC)NCC1CCCN1CC,ugi_3cr_agile,2,amine_head:004|oxoester_aldehyde_body_tail:008|isocyanide_tail:003,amine_head|oxoester_aldehyde_body_tail|isocyanide_tail,cyclic_amine,ester,alkyl,41_64,neutral,2plus,none,ring
CCCCCCCCCCCCCCCCNC(=O)C(CCCCCOC(=O)CCCCCCCCC)NCCCN(C)C,ugi_3cr_agile,2,amine_head:005|oxoester_aldehyde_body_tail:008|isocyanide_tail:003,amine_head|oxoester_aldehyde_body_tail|isocyanide_tail,diamine,ester,alkyl,41_64,neutral,2plus,none,acyclic
CCCCCCCCCCCCCCCCNC(=O)C(CCCCCOC(=O)CCCCCCCCC)NCCCN(C)CCCN,ugi_3cr_agile,2,amine_head:007|oxoester_aldehyde_body_tail:008|isocyanide_tail:003,amine_head|oxoester_aldehyde_body_tail|isocyanide_tail,polyamine,ester,alkyl,41_64,neutral,2plus,none,acyclic
CCCCCCCCCCCCCCCCNC(=O)C(CCCCCOC(=O)CCCCCCCCC)NCCCN(CC)CC,ugi_3cr_agile,2,amine_head:002|oxoester_aldehyde_body_tail:008|isocyanide_tail:003,amine_head|oxoester_aldehyde_body_tail|isocyanide_tail,diamine,ester,alkyl,41_64,neutral,2plus,none,acyclic
CCCCCCCCCCCCCCCCNC(=O)C(CCCCCOC(=O)CCCCCCCCC)NCCCN(CCCC)CCCC,ugi_3cr_agile,2,amine_head:001|oxoester_aldehyde_body_tail:008|isocyanide_tail:003,amine_head|oxoester_aldehyde_body_tail|isocyanide_tail,diamine,ester,alkyl,41_64,neutral,2plus,none,acyclic
CCCCCCCCCCCCCCCCNC(=O)C(CCCCCOC(=O)CCCCCCCCC)NCCCN1CCCC1,ugi_3cr_agile,2,amine_head:011|oxoester_aldehyde_body_tail:008|isocyanide_tail:003,amine_head|oxoester_aldehyde_body_tail|isocyanide_tail,cyclic_amine,ester,alkyl,41_64,neutral,2plus,none,ring
CCCCCCCCCCCCCCCCNC(=O)C(CCCCCOC(=O)CCCCCCCCC)NCCCN1CCOCC1,ugi_3cr_agile,2,amine_head:012|oxoester_aldehyde_body_tail:008|isocyanide_tail:003,amine_head|oxoester_aldehyde_body_tail|isocyanide_tail,cyclic_amine,ester,alkyl,41_64,neutral,2plus,none,ring
CCCCCCCCCCCCCCCCNC(=O)C(CCCCCOC(=O)CCCCCCCCC)NCCN(C(C)C)C(C)C,ugi_3cr_agile,2,amine_head:000|oxoester_aldehyde_body_tail:008|isocyanide_tail:003,amine_head|oxoester_aldehyde_body_tail|isocyanide_tail,diamine,ester,alkyl,41_64,neutral,2plus,none,acyclic
CCCCCCCCCCCCCCCCNC(=O)C(CCCCCOC(=O)CCCCCCCCC)NCCN(C)C,ugi_3cr_agile,2,amine_head:006|oxoester_aldehyde_body_tail:008|isocyanide_tail:003,amine_head|oxoester_aldehyde_body_tail|isocyanide_tail,diamine,ester,alkyl,41_64,neutral,2plus,none,acyclic
CCCCCCCCCCCCCCCCNC(=O)C(CCCCCOC(=O)CCCCCCCCC)NCCN(CC)CC,ugi_3cr_agile,2,amine_head:003|oxoester_aldehyde_body_tail:008|isocyanide_tail:003,amine_head|oxoester_aldehyde_body_tail|isocyanide_tail,diamine,ester,alkyl,41_64,neutral,2plus,none,acyclic
CCCCCCCCCCCCCCCCNC(=O)C(CCCCCOC(=O)CCCCCCCCC)NCCN(CCN)CCN,ugi_3cr_agile,2,amine_head:013|oxoester_aldehyde_body_tail:008|isocyanide_tail:003,amine_head|oxoester_aldehyde_body_tail|isocyanide_tail,polyamine,ester,alkyl,41_64,neutral,2plus,none,acyclic
CCCCCCCCCCCCCCCCNC(=O)C(CCCCCOC(=O)CCCCCCCCC)NCCN1CCCC1,ugi_3cr_agile,2,amine_head:014|oxoester_aldehyde_body_tail:008|isocyanide_tail:003,amine_head|oxoester_aldehyde_body_tail|isocyanide_tail,cyclic_amine,ester,alkyl,41_64,neutral,2plus,none,ring
CCCCCCCCCCCCCCCCNC(=O)C(CCCCCOC(=O)CCCCCCCCC)NCCN1CCCCC1,ugi_3cr_agile,2,amine_head:015|oxoester_aldehyde_body_tail:008|isocyanide_tail:003,amine_head|oxoester_aldehyde_body_tail|isocyanide_tail,cyclic_amine,ester,alkyl,41_64,neutral,2plus,none,ring
CCCCCCCCCCCCCCCCNC(=O)C(CCCCCOC(=O)CCCCCCCCC)NCCN1CCNCC1,ugi_3cr_agile,2,amine_head:016|oxoester_aldehyde_body_tail:008|isocyanide_tail:003,amine_head|oxoester_aldehyde_body_tail|isocyanide_tail,cyclic_amine,ester,alkyl,41_64,neutral,2plus,none,ring
CCCCCCCCCCCCCCCCNC(=O)C(CCCCCOC(=O)CCCCCCCCC)NN1CCCCC1,ugi_3cr_agile,2,amine_head:017|oxoester_aldehyde_body_tail:008|isocyanide_tail:003,amine_head|oxoester_aldehyde_body_tail|isocyanide_tail,cyclic_amine,ester,alkyl,41_64,neutral,2plus,none,ring
CCCCCCCCCCCCCCCCNC(=O)C(CCCCCOC(=O)CCCCCCCCC)NN1CCOCC1,ugi_3cr_agile,2,amine_head:018|oxoester_aldehyde_body_tail:008|isocyanide_tail:003,amine_head|oxoester_aldehyde_body_tail|isocyanide_tail,cyclic_amine,ester,alkyl,41_64,neutral,2plus,none,ring
CCCCCCCCCCCCCCCCNC(=O)C(CCCCCOC(=O)CCCCCCCCC)Nc1cc(C)nn1C,ugi_3cr_agile,2,amine_head:009|oxoester_aldehyde_body_tail:008|isocyanide_tail:003,amine_head|oxoester_aldehyde_body_tail|isocyanide_tail,cyclic_amine,ester,alkyl,41_64,neutral,2plus,none,ring
CCCCCCCCCCCCCCCCNC(=O)C(CCCCCOC(=O)CCCCCCCCC)Nc1cn[nH]c1,ugi_3cr_agile,2,amine_head:019|oxoester_aldehyde_body_tail:008|isocyanide_tail:003,amine_head|oxoester_aldehyde_body_tail|isocyanide_tail,cyclic_amine,ester,alkyl,41_64,neutral,2plus,none,ring
CCCCCCCCCCCCCCCCNC(=O)C(CCCCCOC(=O)CCCCCCCCCC)N1CCC(N)CC1,ugi_3cr_agile,2,amine_head:010|oxoester_aldehyde_body_tail:009|isocyanide_tail:003,amine_head|oxoester_aldehyde_body_tail|isocyanide_tail,cyclic_amine,ester,alkyl,41_64,neutral,2plus,none,ring
CCCCCCCCCCCCCCCCNC(=O)C(CCCCCOC(=O)CCCCCCCCCC)N1CCN(CCN)CC1,ugi_3cr_agile,2,amine_head:016|oxoester_aldehyde_body_tail:009|isocyanide_tail:003,amine_head|oxoester_aldehyde_body_tail|isocyanide_tail,cyclic_amine,ester,alkyl,41_64,neutral,2plus,none,ring
CCCCCCCCCCCCCCCCNC(=O)C(CCCCCOC(=O)CCCCCCCCCC)NC1CCN(C)CC1,ugi_3cr_agile,2,amine_head:008|oxoester_aldehyde_body_tail:009|isocyanide_tail:003,amine_head|oxoester_aldehyde_body_tail|isocyanide_tail,cyclic_amine,ester,alkyl,41_64,neutral,2plus,none,ring
CCCCCCCCCCCCCCCCNC(=O)C(CCCCCOC(=O)CCCCCCCCCC)NC1CCNCC1,ugi_3cr_agile,2,amine_head:010|oxoester_aldehyde_body_tail:009|isocyanide_tail:003,amine_head|oxoester_aldehyde_body_tail|isocyanide_tail,cyclic_amine,ester,alkyl,41_64,neutral,2plus,none,ring
CCCCCCCCCCCCCCCCNC(=O)C(CCCCCOC(=O)CCCCCCCCCC)NCC1CCCN1CC,ugi_3cr_agile,2,amine_head:004|oxoester_aldehyde_body_tail:009|isocyanide_tail:003,amine_head|oxoester_aldehyde_body_tail|isocyanide_tail,cyclic_amine,ester,alkyl,41_64,neutral,2plus,none,ring
CCCCCCCCCCCCCCCCNC(=O)C(CCCCCOC(=O)CCCCCCCCCC)NCCCN(C)C,ugi_3cr_agile,2,amine_head:005|oxoester_aldehyde_body_tail:009|isocyanide_tail:003,amine_head|oxoester_aldehyde_body_tail|isocyanide_tail,diamine,ester,alkyl,41_64,neutral,2plus,none,acyclic
CCCCCCCCCCCCCCCCNC(=O)C(CCCCCOC(=O)CCCCCCCCCC)NCCCN(C)CCCN,ugi_3cr_agile,2,amine_head:007|oxoester_aldehyde_body_tail:009|isocyanide_tail:003,amine_head|oxoester_aldehyde_body_tail|isocyanide_tail,polyamine,ester,alkyl,41_64,neutral,2plus,none,acyclic
CCCCCCCCCCCCCCCCNC(=O)C(CCCCCOC(=O)CCCCCCCCCC)NCCCN(CC)CC,ugi_3cr_agile,2,amine_head:002|oxoester_aldehyde_body_tail:009|isocyanide_tail:003,amine_head|oxoester_aldehyde_body_tail|isocyanide_tail,diamine,ester,alkyl,41_64,neutral,2plus,none,acyclic
CCCCCCCCCCCCCCCCNC(=O)C(CCCCCOC(=O)CCCCCCCCCC)NCCCN(CCCC)CCCC,ugi_3cr_agile,2,amine_head:001|oxoester_aldehyde_body_tail:009|isocyanide_tail:003,amine_head|oxoester_aldehyde_body_tail|isocyanide_tail,diamine,ester,alkyl,41_64,neutral,2plus,none,acyclic
CCCCCCCCCCCCCCCCNC(=O)C(CCCCCOC(=O)CCCCCCCCCC)NCCCN1CCCC1,ugi_3cr_agile,2,amine_head:011|oxoester_aldehyde_body_tail:009|isocyanide_tail:003,amine_head|oxoester_aldehyde_body_tail|isocyanide_tail,cyclic_amine,ester,alkyl,41_64,neutral,2plus,none,ring
CCCCCCCCCCCCCCCCNC(=O)C(CCCCCOC(=O)CCCCCCCCCC)NCCCN1CCOCC1,ugi_3cr_agile,2,amine_head:012|oxoester_aldehyde_body_tail:009|isocyanide_tail:003,amine_head|oxoester_aldehyde_body_tail|isocyanide_tail,cyclic_amine,ester,alkyl,41_64,neutral,2plus,none,ring
CCCCCCCCCCCCCCCCNC(=O)C(CCCCCOC(=O)CCCCCCCCCC)NCCN(C(C)C)C(C)C,ugi_3cr_agile,2,amine_head:000|oxoester_aldehyde_body_tail:009|isocyanide_tail:003,amine_head|oxoester_aldehyde_body_tail|isocyanide_tail,diamine,ester,alkyl,41_64,neutral,2plus,none,acyclic
CCCCCCCCCCCCCCCCNC(=O)C(CCCCCOC(=O)CCCCCCCCCC)NCCN(C)C,ugi_3cr_agile,2,amine_head:006|oxoester_aldehyde_body_tail:009|isocyanide_tail:003,amine_head|oxoester_aldehyde_body_tail|isocyanide_tail,diamine,ester,alkyl,41_64,neutral,2plus,none,acyclic
CCCCCCCCCCCCCCCCNC(=O)C(CCCCCOC(=O)CCCCCCCCCC)NCCN(CC)CC,ugi_3cr_agile,2,amine_head:003|oxoester_aldehyde_body_tail:009|isocyanide_tail:003,amine_head|oxoester_aldehyde_body_tail|isocyanide_tail,diamine,ester,alkyl,41_64,neutral,2plus,none,acyclic
CCCCCCCCCCCCCCCCNC(=O)C(CCCCCOC(=O)CCCCCCCCCC)NCCN(CCN)CCN,ugi_3cr_agile,2,amine_head:013|oxoester_aldehyde_body_tail:009|isocyanide_tail:003,amine_head|oxoester_aldehyde_body_tail|isocyanide_tail,polyamine,ester,alkyl,41_64,neutral,2plus,none,acyclic
CCCCCCCCCCCCCCCCNC(=O)C(CCCCCOC(=O)CCCCCCCCCC)NCCN1CCCC1,ugi_3cr_agile,2,amine_head:014|oxoester_aldehyde_body_tail:009|isocyanide_tail:003,amine_head|oxoester_aldehyde_body_tail|isocyanide_tail,cyclic_amine,ester,alkyl,41_64,neutral,2plus,none,ring
CCCCCCCCCCCCCCCCNC(=O)C(CCCCCOC(=O)CCCCCCCCCC)NCCN1CCCCC1,ugi_3cr_agile,2,amine_head:015|oxoester_aldehyde_body_tail:009|isocyanide_tail:003,amine_head|oxoester_aldehyde_body_tail|isocyanide_tail,cyclic_amine,ester,alkyl,41_64,neutral,2plus,none,ring
CCCCCCCCCCCCCCCCNC(=O)C(CCCCCOC(=O)CCCCCCCCCC)NCCN1CCNCC1,ugi_3cr_agile,2,amine_head:016|oxoester_aldehyde_body_tail:009|isocyanide_tail:003,amine_head|oxoester_aldehyde_body_tail|isocyanide_tail,cyclic_amine,ester,alkyl,41_64,neutral,2plus,none,ring
CCCCCCCCCCCCCCCCNC(=O)C(CCCCCOC(=O)CCCCCCCCCC)NN1CCCCC1,ugi_3cr_agile,2,amine_head:017|oxoester_aldehyde_body_tail:009|isocyanide_tail:003,amine_head|oxoester_aldehyde_body_tail|isocyanide_tail,cyclic_amine,ester,alkyl,41_64,neutral,2plus,none,ring
CCCCCCCCCCCCCCCCNC(=O)C(CCCCCOC(=O)CCCCCCCCCC)NN1CCOCC1,ugi_3cr_agile,2,amine_head:018|oxoester_aldehyde_body_tail:009|isocyanide_tail:003,amine_head|oxoester_aldehyde_body_tail|isocyanide_tail,cyclic_amine,ester,alkyl,41_64,neutral,2plus,none,ring
CCCCCCCCCCCCCCCCNC(=O)C(CCCCCOC(=O)CCCCCCCCCC)Nc1cc(C)nn1C,ugi_3cr_agile,2,amine_head:009|oxoester_aldehyde_body_tail:009|isocyanide_tail:003,amine_head|oxoester_aldehyde_body_tail|isocyanide_tail,cyclic_amine,ester,alkyl,41_64,neutral,2plus,none,ring
CCCCCCCCCCCCCCCCNC(=O)C(CCCCCOC(=O)CCCCCCCCCC)Nc1cn[nH]c1,ugi_3cr_agile,2,amine_head:019|oxoester_aldehyde_body_tail:009|isocyanide_tail:003,amine_head|oxoester_aldehyde_body_tail|isocyanide_tail,cyclic_amine,ester,alkyl,41_64,neutral,2plus,none,ring
CCCCCCCCCCCCCCCCNC(=O)C(CCCCCOC(=O)CCCCCCCCCCCCCCC)N1CCC(N)CC1,ugi_3cr_agile,2,amine_head:010|oxoester_aldehyde_body_tail:010|isocyanide_tail:003,amine_head|oxoester_aldehyde_body_tail|isocyanide_tail,cyclic_amine,ester,alkyl,41_64,neutral,2plus,none,ring
CCCCCCCCCCCCCCCCNC(=O)C(CCCCCOC(=O)CCCCCCCCCCCCCCC)N1CCN(CCN)CC1,ugi_3cr_agile,2,amine_head:016|oxoester_aldehyde_body_tail:010|isocyanide_tail:003,amine_head|oxoester_aldehyde_body_tail|isocyanide_tail,cyclic_amine,ester,alkyl,41_64,neutral,2plus,none,ring
CCCCCCCCCCCCCCCCNC(=O)C(CCCCCOC(=O)CCCCCCCCCCCCCCC)NC1CCN(C)CC1,ugi_3cr_agile,2,amine_head:008|oxoester_aldehyde_body_tail:010|isocyanide_tail:003,amine_head|oxoester_aldehyde_body_tail|isocyanide_tail,cyclic_amine,ester,alkyl,41_64,neutral,2plus,none,ring
CCCCCCCCCCCCCCCCNC(=O)C(CCCCCOC(=O)CCCCCCCCCCCCCCC)NC1CCNCC1,ugi_3cr_agile,2,amine_head:010|oxoester_aldehyde_body_tail:010|isocyanide_tail:003,amine_head|oxoester_aldehyde_body_tail|isocyanide_tail,cyclic_amine,ester,alkyl,41_64,neutral,2plus,none,ring
CCCCCCCCCCCCCCCCNC(=O)C(CCCCCOC(=O)CCCCCCCCCCCCCCC)NCC1CCCN1CC,ugi_3cr_agile,2,amine_head:004|oxoester_aldehyde_body_tail:010|isocyanide_tail:003,amine_head|oxoester_aldehyde_body_tail|isocyanide_tail,cyclic_amine,ester,alkyl,41_64,neutral,2plus,none,ring
CCCCCCCCCCCCCCCCNC(=O)C(CCCCCOC(=O)CCCCCCCCCCCCCCC)NCCCN(C)C,ugi_3cr_agile,2,amine_head:005|oxoester_aldehyde_body_tail:010|isocyanide_tail:003,amine_head|oxoester_aldehyde_body_tail|isocyanide_tail,diamine,ester,alkyl,41_64,neutral,2plus,none,acyclic
CCCCCCCCCCCCCCCCNC(=O)C(CCCCCOC(=O)CCCCCCCCCCCCCCC)NCCCN(C)CCCN,ugi_3cr_agile,2,amine_head:007|oxoester_aldehyde_body_tail:010|isocyanide_tail:003,amine_head|oxoester_aldehyde_body_tail|isocyanide_tail,polyamine,ester,alkyl,41_64,neutral,2plus,none,acyclic
CCCCCCCCCCCCCCCCNC(=O)C(CCCCCOC(=O)CCCCCCCCCCCCCCC)NCCCN(CC)CC,ugi_3cr_agile,2,amine_head:002|oxoester_aldehyde_body_tail:010|isocyanide_tail:003,amine_head|oxoester_aldehyde_body_tail|isocyanide_tail,diamine,ester,alkyl,41_64,neutral,2plus,none,acyclic
CCCCCCCCCCCCCCCCNC(=O)C(CCCCCOC(=O)CCCCCCCCCCCCCCC)NCCCN(CCCC)CCCC,ugi_3cr_agile,2,amine_head:001|oxoester_aldehyde_body_tail:010|isocyanide_tail:003,amine_head|oxoester_aldehyde_body_tail|isocyanide_tail,diamine,ester,alkyl,41_64,neutral,2plus,none,acyclic
CCCCCCCCCCCCCCCCNC(=O)C(CCCCCOC(=O)CCCCCCCCCCCCCCC)NCCCN1CCCC1,ugi_3cr_agile,2,amine_head:011|oxoester_aldehyde_body_tail:010|isocyanide_tail:003,amine_head|oxoester_aldehyde_body_tail|isocyanide_tail,cyclic_amine,ester,alkyl,41_64,neutral,2plus,none,ring
CCCCCCCCCCCCCCCCNC(=O)C(CCCCCOC(=O)CCCCCCCCCCCCCCC)NCCCN1CCOCC1,ugi_3cr_agile,2,amine_head:012|oxoester_aldehyde_body_tail:010|isocyanide_tail:003,amine_head|oxoester_aldehyde_body_tail|isocyanide_tail,cyclic_amine,ester,alkyl,41_64,neutral,2plus,none,ring
CCCCCCCCCCCCCCCCNC(=O)C(CCCCCOC(=O)CCCCCCCCCCCCCCC)NCCN(C(C)C)C(C)C,ugi_3cr_agile,2,amine_head:000|oxoester_aldehyde_body_tail:010|isocyanide_tail:003,amine_head|oxoester_aldehyde_body_tail|isocyanide_tail,diamine,ester,alkyl,41_64,neutral,2plus,none,acyclic
CCCCCCCCCCCCCCCCNC(=O)C(CCCCCOC(=O)CCCCCCCCCCCCCCC)NCCN(C)C,ugi_3cr_agile,2,amine_head:006|oxoester_aldehyde_body_tail:010|isocyanide_tail:003,amine_head|oxoester_aldehyde_body_tail|isocyanide_tail,diamine,ester,alkyl,41_64,neutral,2plus,none,acyclic
CCCCCCCCCCCCCCCCNC(=O)C(CCCCCOC(=O)CCCCCCCCCCCCCCC)NCCN(CC)CC,ugi_3cr_agile,2,amine_head:003|oxoester_aldehyde_body_tail:010|isocyanide_tail:003,amine_head|oxoester_aldehyde_body_tail|isocyanide_tail,diamine,ester,alkyl,41_64,neutral,2plus,none,acyclic
CCCCCCCCCCCCCCCCNC(=O)C(CCCCCOC(=O)CCCCCCCCCCCCCCC)NCCN(CCN)CCN,ugi_3cr_agile,2,amine_head:013|oxoester_aldehyde_body_tail:010|isocyanide_tail:003,amine_head|oxoester_aldehyde_body_tail|isocyanide_tail,polyamine,ester,alkyl,41_64,neutral,2plus,none,acyclic
CCCCCCCCCCCCCCCCNC(=O)C(CCCCCOC(=O)CCCCCCCCCCCCCCC)NCCN1CCCC1,ugi_3cr_agile,2,amine_head:014|oxoester_aldehyde_body_tail:010|isocyanide_tail:003,amine_head|oxoester_aldehyde_body_tail|isocyanide_tail,cyclic_amine,ester,alkyl,41_64,neutral,2plus,none,ring
CCCCCCCCCCCCCCCCNC(=O)C(CCCCCOC(=O)CCCCCCCCCCCCCCC)NCCN1CCCCC1,ugi_3cr_agile,2,amine_head:015|oxoester_aldehyde_body_tail:010|isocyanide_tail:003,amine_head|oxoester_aldehyde_body_tail|isocyanide_tail,cyclic_amine,ester,alkyl,41_64,neutral,2plus,none,ring
CCCCCCCCCCCCCCCCNC(=O)C(CCCCCOC(=O)CCCCCCCCCCCCCCC)NCCN1CCNCC1,ugi_3cr_agile,2,amine_head:016|oxoester_aldehyde_body_tail:010|isocyanide_tail:003,amine_head|oxoester_aldehyde_body_tail|isocyanide_tail,cyclic_amine,ester,alkyl,41_64,neutral,2plus,none,ring
CCCCCCCCCCCCCCCCNC(=O)C(CCCCCOC(=O)CCCCCCCCCCCCCCC)NN1CCCCC1,ugi_3cr_agile,2,amine_head:017|oxoester_aldehyde_body_tail:010|isocyanide_tail:003,amine_head|oxoester_aldehyde_body_tail|isocyanide_tail,cyclic_amine,ester,alkyl,41_64,neutral,2plus,none,ring
CCCCCCCCCCCCCCCCNC(=O)C(CCCCCOC(=O)CCCCCCCCCCCCCCC)NN1CCOCC1,ugi_3cr_agile,2,amine_head:018|oxoester_aldehyde_body_tail:010|isocyanide_tail:003,amine_head|oxoester_aldehyde_body_tail|isocyanide_tail,cyclic_amine,ester,alkyl,41_64,neutral,2plus,none,ring
CCCCCCCCCCCCCCCCNC(=O)C(CCCCCOC(=O)CCCCCCCCCCCCCCC)Nc1cc(C)nn1C,ugi_3cr_agile,2,amine_head:009|oxoester_aldehyde_body_tail:010|isocyanide_tail:003,amine_head|oxoester_aldehyde_body_tail|isocyanide_tail,cyclic_amine,ester,alkyl,41_64,neutral,2plus,none,ring
CCCCCCCCCCCCCCCCNC(=O)C(CCCCCOC(=O)CCCCCCCCCCCCCCC)Nc1cn[nH]c1,ugi_3cr_agile,2,amine_head:019|oxoester_aldehyde_body_tail:010|isocyanide_tail:003,amine_head|oxoester_aldehyde_body_tail|isocyanide_tail,cyclic_amine,ester,alkyl,41_64,neutral,2plus,none,ring
CCCCCCCCCCCCCCNC(=O)C(CCCCCOC(=O)CCC(C)CCCCC)N1CCC(N)CC1,ugi_3cr_agile,2,amine_head:010|oxoester_aldehyde_body_tail:003|isocyanide_tail:002,amine_head|oxoester_aldehyde_body_tail|isocyanide_tail,cyclic_amine,ester,alkyl,41_64,neutral,2plus,none,ring
CCCCCCCCCCCCCCNC(=O)C(CCCCCOC(=O)CCC(C)CCCCC)N1CCN(CCN)CC1,ugi_3cr_agile,2,amine_head:016|oxoester_aldehyde_body_tail:003|isocyanide_tail:002,amine_head|oxoester_aldehyde_body_tail|isocyanide_tail,cyclic_amine,ester,alkyl,41_64,neutral,2plus,none,ring
CCCCCCCCCCCCCCNC(=O)C(CCCCCOC(=O)CCC(C)CCCCC)NC1CCN(C)CC1,ugi_3cr_agile,2,amine_head:008|oxoester_aldehyde_body_tail:003|isocyanide_tail:002,amine_head|oxoester_aldehyde_body_tail|isocyanide_tail,cyclic_amine,ester,alkyl,41_64,neutral,2plus,none,ring
CCCCCCCCCCCCCCNC(=O)C(CCCCCOC(=O)CCC(C)CCCCC)NC1CCNCC1,ugi_3cr_agile,2,amine_head:010|oxoester_aldehyde_body_tail:003|isocyanide_tail:002,amine_head|oxoester_aldehyde_body_tail|isocyanide_tail,cyclic_amine,ester,alkyl,41_64,neutral,2plus,none,ring
CCCCCCCCCCCCCCNC(=O)C(CCCCCOC(=O)CCC(C)CCCCC)NCC1CCCN1CC,ugi_3cr_agile,2,amine_head:004|oxoester_aldehyde_body_tail:003|isocyanide_tail:002,amine_head|oxoester_aldehyde_body_tail|isocyanide_tail,cyclic_amine,ester,alkyl,41_64,neutral,2plus,none,ring
CCCCCCCCCCCCCCNC(=O)C(CCCCCOC(=O)CCC(C)CCCCC)NCCCN(C)C,ugi_3cr_agile,2,amine_head:005|oxoester_aldehyde_body_tail:003|isocyanide_tail:002,amine_head|oxoester_aldehyde_body_tail|isocyanide_tail,diamine,ester,alkyl,41_64,neutral,2plus,none,acyclic
CCCCCCCCCCCCCCNC(=O)C(CCCCCOC(=O)CCC(C)CCCCC)NCCCN(C)CCCN,ugi_3cr_agile,2,amine_head:007|oxoester_aldehyde_body_tail:003|isocyanide_tail:002,amine_head|oxoester_aldehyde_body_tail|isocyanide_tail,polyamine,ester,alkyl,41_64,neutral,2plus,none,acyclic
CCCCCCCCCCCCCCNC(=O)C(CCCCCOC(=O)CCC(C)CCCCC)NCCCN(CC)CC,ugi_3cr_agile,2,amine_head:002|oxoester_aldehyde_body_tail:003|isocyanide_tail:002,amine_head|oxoester_aldehyde_body_tail|isocyanide_tail,diamine,ester,alkyl,41_64,neutral,2plus,none,acyclic
CCCCCCCCCCCCCCNC(=O)C(CCCCCOC(=O)CCC(C)CCCCC)NCCCN(CCCC)CCCC,ugi_3cr_agile,2,amine_head:001|oxoester_aldehyde_body_tail:003|isocyanide_tail:002,amine_head|oxoester_aldehyde_body_tail|isocyanide_tail,diamine,ester,alkyl,41_64,neutral,2plus,none,acyclic
CCCCCCCCCCCCCCNC(=O)C(CCCCCOC(=O)CCC(C)CCCCC)NCCCN1CCCC1,ugi_3cr_agile,2,amine_head:011|oxoester_aldehyde_body_tail:003|isocyanide_tail:002,amine_head|oxoester_aldehyde_body_tail|isocyanide_tail,cyclic_amine,ester,alkyl,41_64,neutral,2plus,none,ring
CCCCCCCCCCCCCCNC(=O)C(CCCCCOC(=O)CCC(C)CCCCC)NCCCN1CCOCC1,ugi_3cr_agile,2,amine_head:012|oxoester_aldehyde_body_tail:003|isocyanide_tail:002,amine_head|oxoester_aldehyde_body_tail|isocyanide_tail,cyclic_amine,ester,alkyl,41_64,neutral,2plus,none,ring
CCCCCCCCCCCCCCNC(=O)C(CCCCCOC(=O)CCC(C)CCCCC)NCCN(C(C)C)C(C)C,ugi_3cr_agile,2,amine_head:000|oxoester_aldehyde_body_tail:003|isocyanide_tail:002,amine_head|oxoester_aldehyde_body_tail|isocyanide_tail,diamine,ester,alkyl,41_64,neutral,2plus,none,acyclic
CCCCCCCCCCCCCCNC(=O)C(CCCCCOC(=O)CCC(C)CCCCC)NCCN(C)C,ugi_3cr_agile,2,amine_head:006|oxoester_aldehyde_body_tail:003|isocyanide_tail:002,amine_head|oxoester_aldehyde_body_tail|isocyanide_tail,diamine,ester,alkyl,41_64,neutral,2plus,none,acyclic
CCCCCCCCCCCCCCNC(=O)C(CCCCCOC(=O)CCC(C)CCCCC)NCCN(CC)CC,ugi_3cr_agile,2,amine_head:003|oxoester_aldehyde_body_tail:003|isocyanide_tail:002,amine_head|oxoester_aldehyde_body_tail|isocyanide_tail,diamine,ester,alkyl,41_64,neutral,2plus,none,acyclic
CCCCCCCCCCCCCCNC(=O)C(CCCCCOC(=O)CCC(C)CCCCC)NCCN(CCN)CCN,ugi_3cr_agile,2,amine_head:013|oxoester_aldehyde_body_tail:003|isocyanide_tail:002,amine_head|oxoester_aldehyde_body_tail|isocyanide_tail,polyamine,ester,alkyl,41_64,neutral,2plus,none,acyclic
CCCCCCCCCCCCCCNC(=O)C(CCCCCOC(=O)CCC(C)CCCCC)NCCN1CCCC1,ugi_3cr_agile,2,amine_head:014|oxoester_aldehyde_body_tail:003|isocyanide_tail:002,amine_head|oxoester_aldehyde_body_tail|isocyanide_tail,cyclic_amine,ester,alkyl,41_64,neutral,2plus,none,ring
CCCCCCCCCCCCCCNC(=O)C(CCCCCOC(=O)CCC(C)CCCCC)NCCN1CCCCC1,ugi_3cr_agile,2,amine_head:015|oxoester_aldehyde_body_tail:003|isocyanide_tail:002,amine_head|oxoester_aldehyde_body_tail|isocyanide_tail,cyclic_amine,ester,alkyl,41_64,neutral,2plus,none,ring
CCCCCCCCCCCCCCNC(=O)C(CCCCCOC(=O)CCC(C)CCCCC)NCCN1CCNCC1,ugi_3cr_agile,2,amine_head:016|oxoester_aldehyde_body_tail:003|isocyanide_tail:002,amine_head|oxoester_aldehyde_body_tail|isocyanide_tail,cyclic_amine,ester,alkyl,41_64,neutral,2plus,none,ring
CCCCCCCCCCCCCCNC(=O)C(CCCCCOC(=O)CCC(C)CCCCC)NN1CCCCC1,ugi_3cr_agile,2,amine_head:017|oxoester_aldehyde_body_tail:003|isocyanide_tail:002,amine_head|oxoester_aldehyde_body_tail|isocyanide_tail,cyclic_amine,ester,alkyl,41_64,neutral,2plus,none,ring
CCCCCCCCCCCCCCNC(=O)C(CCCCCOC(=O)CCC(C)CCCCC)NN1CCOCC1,ugi_3cr_agile,2,amine_head:018|oxoester_aldehyde_body_tail:003|isocyanide_tail:002,amine_head|oxoester_aldehyde_body_tail|isocyanide_tail,cyclic_amine,ester,alkyl,41_64,neutral,2plus,none,ring
CCCCCCCCCCCCCCNC(=O)C(CCCCCOC(=O)CCC(C)CCCCC)Nc1cc(C)nn1C,ugi_3cr_agile,2,amine_head:009|oxoester_aldehyde_body_tail:003|isocyanide_tail:002,amine_head|oxoester_aldehyde_body_tail|isocyanide_tail,cyclic_amine,ester,alkyl,41_64,neutral,2plus,none,ring
CCCCCCCCCCCCCCNC(=O)C(CCCCCOC(=O)CCC(C)CCCCC)Nc1cn[nH]c1,ugi_3cr_agile,2,amine_head:019|oxoester_aldehyde_body_tail:003|isocyanide_tail:002,amine_head|oxoester_aldehyde_body_tail|isocyanide_tail,cyclic_amine,ester,alkyl,41_64,neutral,2plus,none,ring
CCCCCCCCCCCCCCNC(=O)C(CCCCCOC(=O)CCCCCCCC)N1CCC(N)CC1,ugi_3cr_agile,2,amine_head:010|oxoester_aldehyde_body_tail:007|isocyanide_tail:002,amine_head|oxoester_aldehyde_body_tail|isocyanide_tail,cyclic_amine,ester,alkyl,41_64,neutral,2plus,none,ring
CCCCCCCCCCCCCCNC(=O)C(CCCCCOC(=O)CCCCCCCC)N1CCN(CCN)CC1,ugi_3cr_agile,2,amine_head:016|oxoester_aldehyde_body_tail:007|isocyanide_tail:002,amine_head|oxoester_aldehyde_body_tail|isocyanide_tail,cyclic_amine,ester,alkyl,41_64,neutral,2plus,none,ring
CCCCCCCCCCCCCCNC(=O)C(CCCCCOC(=O)CCCCCCCC)NC1CCN(C)CC1,ugi_3cr_agile,2,amine_head:008|oxoester_aldehyde_body_tail:007|isocyanide_tail:002,amine_head|oxoester_aldehyde_body_tail|isocyanide_tail,cyclic_amine,ester,alkyl,41_64,neutral,2plus,none,ring
CCCCCCCCCCCCCCNC(=O)C(CCCCCOC(=O)CCCCCCCC)NC1CCNCC1,ugi_3cr_agile,2,amine_head:010|oxoester_aldehyde_body_tail:007|isocyanide_tail:002,amine_head|oxoester_aldehyde_body_tail|isocyanide_tail,cyclic_amine,ester,alkyl,41_64,neutral,2plus,none,ring
CCCCCCCCCCCCCCNC(=O)C(CCCCCOC(=O)CCCCCCCC)NCC1CCCN1CC,ugi_3cr_agile,2,amine_head:004|oxoester_aldehyde_body_tail:007|isocyanide_tail:002,amine_head|oxoester_aldehyde_body_tail|isocyanide_tail,cyclic_amine,ester,alkyl,41_64,neutral,2plus,none,ring
CCCCCCCCCCCCCCNC(=O)C(CCCCCOC(=O)CCCCCCCC)NCCCN(C)C,ugi_3cr_agile,2,amine_head:005|oxoester_aldehyde_body_tail:007|isocyanide_tail:002,amine_head|oxoester_aldehyde_body_tail|isocyanide_tail,diamine,ester,alkyl,41_64,neutral,2plus,none,acyclic
CCCCCCCCCCCCCCNC(=O)C(CCCCCOC(=O)CCCCCCCC)NCCCN(C)CCCN,ugi_3cr_agile,2,amine_head:007|oxoester_aldehyde_body_tail:007|isocyanide_tail:002,amine_head|oxoester_aldehyde_body_tail|isocyanide_tail,polyamine,ester,alkyl,41_64,neutral,2plus,none,acyclic
CCCCCCCCCCCCCCNC(=O)C(CCCCCOC(=O)CCCCCCCC)NCCCN(CC)CC,ugi_3cr_agile,2,amine_head:002|oxoester_aldehyde_body_tail:007|isocyanide_tail:002,amine_head|oxoester_aldehyde_body_tail|isocyanide_tail,diamine,ester,alkyl,41_64,neutral,2plus,none,acyclic
CCCCCCCCCCCCCCNC(=O)C(CCCCCOC(=O)CCCCCCCC)NCCCN(CCCC)CCCC,ugi_3cr_agile,2,amine_head:001|oxoester_aldehyde_body_tail:007|isocyanide_tail:002,amine_head|oxoester_aldehyde_body_tail|isocyanide_tail,diamine,ester,alkyl,41_64,neutral,2plus,none,acyclic
CCCCCCCCCCCCCCNC(=O)C(CCCCCOC(=O)CCCCCCCC)NCCCN1CCCC1,ugi_3cr_agile,2,amine_head:011|oxoester_aldehyde_body_tail:007|isocyanide_tail:002,amine_head|oxoester_aldehyde_body_tail|isocyanide_tail,cyclic_amine,ester,alkyl,41_64,neutral,2plus,none,ring
CCCCCCCCCCCCCCNC(=O)C(CCCCCOC(=O)CCCCCCCC)NCCCN1CCOCC1,ugi_3cr_agile,2,amine_head:012|oxoester_aldehyde_body_tail:007|isocyanide_tail:002,amine_head|oxoester_aldehyde_body_tail|isocyanide_tail,cyclic_amine,ester,alkyl,41_64,neutral,2plus,none,ring
CCCCCCCCCCCCCCNC(=O)C(CCCCCOC(=O)CCCCCCCC)NCCN(C(C)C)C(C)C,ugi_3cr_agile,2,amine_head:000|oxoester_aldehyde_body_tail:007|isocyanide_tail:002,amine_head|oxoester_aldehyde_body_tail|isocyanide_tail,diamine,ester,alkyl,41_64,neutral,2plus,none,acyclic
CCCCCCCCCCCCCCNC(=O)C(CCCCCOC(=O)CCCCCCCC)NCCN(C)C,ugi_3cr_agile,2,amine_head:006|oxoester_aldehyde_body_tail:007|isocyanide_tail:002,amine_head|oxoester_aldehyde_body_tail|isocyanide_tail,diamine,ester,alkyl,le40,neutral,2plus,none,acyclic
CCCCCCCCCCCCCCNC(=O)C(CCCCCOC(=O)CCCCCCCC)NCCN(CC)CC,ugi_3cr_agile,2,amine_head:003|oxoester_aldehyde_body_tail:007|isocyanide_tail:002,amine_head|oxoester_aldehyde_body_tail|isocyanide_tail,diamine,ester,alkyl,41_64,neutral,2plus,none,acyclic
CCCCCCCCCCCCCCNC(=O)C(CCCCCOC(=O)CCCCCCCC)NCCN(CCN)CCN,ugi_3cr_agile,2,amine_head:013|oxoester_aldehyde_body_tail:007|isocyanide_tail:002,amine_head|oxoester_aldehyde_body_tail|isocyanide_tail,polyamine,ester,alkyl,41_64,neutral,2plus,none,acyclic
CCCCCCCCCCCCCCNC(=O)C(CCCCCOC(=O)CCCCCCCC)NCCN1CCCC1,ugi_3cr_agile,2,amine_head:014|oxoester_aldehyde_body_tail:007|isocyanide_tail:002,amine_head|oxoester_aldehyde_body_tail|isocyanide_tail,cyclic_amine,ester,alkyl,41_64,neutral,2plus,none,ring
CCCCCCCCCCCCCCNC(=O)C(CCCCCOC(=O)CCCCCCCC)NCCN1CCCCC1,ugi_3cr_agile,2,amine_head:015|oxoester_aldehyde_body_tail:007|isocyanide_tail:002,amine_head|oxoester_aldehyde_body_tail|isocyanide_tail,cyclic_amine,ester,alkyl,41_64,neutral,2plus,none,ring
CCCCCCCCCCCCCCNC(=O)C(CCCCCOC(=O)CCCCCCCC)NCCN1CCNCC1,ugi_3cr_agile,2,amine_head:016|oxoester_aldehyde_body_tail:007|isocyanide_tail:002,amine_head|oxoester_aldehyde_body_tail|isocyanide_tail,cyclic_amine,ester,alkyl,41_64,neutral,2plus,none,ring
CCCCCCCCCCCCCCNC(=O)C(CCCCCOC(=O)CCCCCCCC)NN1CCCCC1,ugi_3cr_agile,2,amine_head:017|oxoester_aldehyde_body_tail:007|isocyanide_tail:002,amine_head|oxoester_aldehyde_body_tail|isocyanide_tail,cyclic_amine,ester,alkyl,41_64,neutral,2plus,none,ring
CCCCCCCCCCCCCCNC(=O)C(CCCCCOC(=O)CCCCCCCC)NN1CCOCC1,ugi_3cr_agile,2,amine_head:018|oxoester_aldehyde_body_tail:007|isocyanide_tail:002,amine_head|oxoester_aldehyde_body_tail|isocyanide_tail,cyclic_amine,ester,alkyl,41_64,neutral,2plus,none,ring
CCCCCCCCCCCCCCNC(=O)C(CCCCCOC(=O)CCCCCCCC)Nc1cc(C)nn1C,ugi_3cr_agile,2,amine_head:009|oxoester_aldehyde_body_tail:007|isocyanide_tail:002,amine_head|oxoester_aldehyde_body_tail|isocyanide_tail,cyclic_amine,ester,alkyl,41_64,neutral,2plus,none,ring
CCCCCCCCCCCCCCNC(=O)C(CCCCCOC(=O)CCCCCCCC)Nc1cn[nH]c1,ugi_3cr_agile,2,amine_head:019|oxoester_aldehyde_body_tail:007|isocyanide_tail:002,amine_head|oxoester_aldehyde_body_tail|isocyanide_tail,cyclic_amine,ester,alkyl,le40,neutral,2plus,none,ring
CCCCCCCCCCCCCCNC(=O)C(CCCCCOC(=O)CCCCCCCCC)N1CCC(N)CC1,ugi_3cr_agile,2,amine_head:010|oxoester_aldehyde_body_tail:008|isocyanide_tail:002,amine_head|oxoester_aldehyde_body_tail|isocyanide_tail,cyclic_amine,ester,alkyl,41_64,neutral,2plus,none,ring
CCCCCCCCCCCCCCNC(=O)C(CCCCCOC(=O)CCCCCCCCC)N1CCN(CCN)CC1,ugi_3cr_agile,2,amine_head:016|oxoester_aldehyde_body_tail:008|isocyanide_tail:002,amine_head|oxoester_aldehyde_body_tail|isocyanide_tail,cyclic_amine,ester,alkyl,41_64,neutral,2plus,none,ring
CCCCCCCCCCCCCCNC(=O)C(CCCCCOC(=O)CCCCCCCCC)NC1CCN(C)CC1,ugi_3cr_agile,2,amine_head:008|oxoester_aldehyde_body_tail:008|isocyanide_tail:002,amine_head|oxoester_aldehyde_body_tail|isocyanide_tail,cyclic_amine,ester,alkyl,41_64,neutral,2plus,none,ring
CCCCCCCCCCCCCCNC(=O)C(CCCCCOC(=O)CCCCCCCCC)NC1CCNCC1,ugi_3cr_agile,2,amine_head:010|oxoester_aldehyde_body_tail:008|isocyanide_tail:002,amine_head|oxoester_aldehyde_body_tail|isocyanide_tail,cyclic_amine,ester,alkyl,41_64,neutral,2plus,none,ring
CCCCCCCCCCCCCCNC(=O)C(CCCCCOC(=O)CCCCCCCCC)NCC1CCCN1CC,ugi_3cr_agile,2,amine_head:004|oxoester_aldehyde_body_tail:008|isocyanide_tail:002,amine_head|oxoester_aldehyde_body_tail|isocyanide_tail,cyclic_amine,ester,alkyl,41_64,neutral,2plus,none,ring
CCCCCCCCCCCCCCNC(=O)C(CCCCCOC(=O)CCCCCCCCC)NCCCN(C)C,ugi_3cr_agile,2,amine_head:005|oxoester_aldehyde_body_tail:008|isocyanide_tail:002,amine_head|oxoester_aldehyde_body_tail|isocyanide_tail,diamine,ester,alkyl,41_64,neutral,2plus,none,acyclic
CCCCCCCCCCCCCCNC(=O)C(CCCCCOC(=O)CCCCCCCCC)NCCCN(C)CCCN,ugi_3cr_agile,2,amine_head:007|oxoester_aldehyde_body_tail:008|isocyanide_tail:002,amine_head|oxoester_aldehyde_body_tail|isocyanide_tail,polyamine,ester,alkyl,41_64,neutral,2plus,none,acyclic
CCCCCCCCCCCCCCNC(=O)C(CCCCCOC(=O)CCCCCCCCC)NCCCN(CC)CC,ugi_3cr_agile,2,amine_head:002|oxoester_aldehyde_body_tail:008|isocyanide_tail:002,amine_head|oxoester_aldehyde_body_tail|isocyanide_tail,diamine,ester,alkyl,41_64,neutral,2plus,none,acyclic
CCCCCCCCCCCCCCNC(=O)C(CCCCCOC(=O)CCCCCCCCC)NCCCN(CCCC)CCCC,ugi_3cr_agile,2,amine_head:001|oxoester_aldehyde_body_tail:008|isocyanide_tail:002,amine_head|oxoester_aldehyde_body_tail|isocyanide_tail,diamine,ester,alkyl,41_64,neutral,2plus,none,acyclic
CCCCCCCCCCCCCCNC(=O)C(CCCCCOC(=O)CCCCCCCCC)NCCCN1CCCC1,ugi_3cr_agile,2,amine_head:011|oxoester_aldehyde_body_tail:008|isocyanide_tail:002,amine_head|oxoester_aldehyde_body_tail|isocyanide_tail,cyclic_amine,ester,alkyl,41_64,neutral,2plus,none,ring
CCCCCCCCCCCCCCNC(=O)C(CCCCCOC(=O)CCCCCCCCC)NCCCN1CCOCC1,ugi_3cr_agile,2,amine_head:012|oxoester_aldehyde_body_tail:008|isocyanide_tail:002,amine_head|oxoester_aldehyde_body_tail|isocyanide_tail,cyclic_amine,ester,alkyl,41_64,neutral,2plus,none,ring
CCCCCCCCCCCCCCNC(=O)C(CCCCCOC(=O)CCCCCCCCC)NCCN(C(C)C)C(C)C,ugi_3cr_agile,2,amine_head:000|oxoester_aldehyde_body_tail:008|isocyanide_tail:002,amine_head|oxoester_aldehyde_body_tail|isocyanide_tail,diamine,ester,alkyl,41_64,neutral,2plus,none,acyclic
CCCCCCCCCCCCCCNC(=O)C(CCCCCOC(=O)CCCCCCCCC)NCCN(C)C,ugi_3cr_agile,2,amine_head:006|oxoester_aldehyde_body_tail:008|isocyanide_tail:002,amine_head|oxoester_aldehyde_body_tail|isocyanide_tail,diamine,ester,alkyl,41_64,neutral,2plus,none,acyclic
CCCCCCCCCCCCCCNC(=O)C(CCCCCOC(=O)CCCCCCCCC)NCCN(CC)CC,ugi_3cr_agile,2,amine_head:003|oxoester_aldehyde_body_tail:008|isocyanide_tail:002,amine_head|oxoester_aldehyde_body_tail|isocyanide_tail,diamine,ester,alkyl,41_64,neutral,2plus,none,acyclic
CCCCCCCCCCCCCCNC(=O)C(CCCCCOC(=O)CCCCCCCCC)NCCN(CCN)CCN,ugi_3cr_agile,2,amine_head:013|oxoester_aldehyde_body_tail:008|isocyanide_tail:002,amine_head|oxoester_aldehyde_body_tail|isocyanide_tail,polyamine,ester,alkyl,41_64,neutral,2plus,none,acyclic
CCCCCCCCCCCCCCNC(=O)C(CCCCCOC(=O)CCCCCCCCC)NCCN1CCCC1,ugi_3cr_agile,2,amine_head:014|oxoester_aldehyde_body_tail:008|isocyanide_tail:002,amine_head|oxoester_aldehyde_body_tail|isocyanide_tail,cyclic_amine,ester,alkyl,41_64,neutral,2plus,none,ring
CCCCCCCCCCCCCCNC(=O)C(CCCCCOC(=O)CCCCCCCCC)NCCN1CCCCC1,ugi_3cr_agile,2,amine_head:015|oxoester_aldehyde_body_tail:008|isocyanide_tail:002,amine_head|oxoester_aldehyde_body_tail|isocyanide_tail,cyclic_amine,ester,alkyl,41_64,neutral,2plus,none,ring
CCCCCCCCCCCCCCNC(=O)C(CCCCCOC(=O)CCCCCCCCC)NCCN1CCNCC1,ugi_3cr_agile,2,amine_head:016|oxoester_aldehyde_body_tail:008|isocyanide_tail:002,amine_head|oxoester_aldehyde_body_tail|isocyanide_tail,cyclic_amine,ester,alkyl,41_64,neutral,2plus,none,ring
CCCCCCCCCCCCCCNC(=O)C(CCCCCOC(=O)CCCCCCCCC)NN1CCCCC1,ugi_3cr_agile,2,amine_head:017|oxoester_aldehyde_body_tail:008|isocyanide_tail:002,amine_head|oxoester_aldehyde_body_tail|isocyanide_tail,cyclic_amine,ester,alkyl,41_64,neutral,2plus,none,ring
CCCCCCCCCCCCCCNC(=O)C(CCCCCOC(=O)CCCCCCCCC)NN1CCOCC1,ugi_3cr_agile,2,amine_head:018|oxoester_aldehyde_body_tail:008|isocyanide_tail:002,amine_head|oxoester_aldehyde_body_tail|isocyanide_tail,cyclic_amine,ester,alkyl,41_64,neutral,2plus,none,ring
CCCCCCCCCCCCCCNC(=O)C(CCCCCOC(=O)CCCCCCCCC)Nc1cc(C)nn1C,ugi_3cr_agile,2,amine_head:009|oxoester_aldehyde_body_tail:008|isocyanide_tail:002,amine_head|oxoester_aldehyde_body_tail|isocyanide_tail,cyclic_amine,ester,alkyl,41_64,neutral,2plus,none,ring
CCCCCCCCCCCCCCNC(=O)C(CCCCCOC(=O)CCCCCCCCC)Nc1cn[nH]c1,ugi_3cr_agile,2,amine_head:019|oxoester_aldehyde_body_tail:008|isocyanide_tail:002,amine_head|oxoester_aldehyde_body_tail|isocyanide_tail,cyclic_amine,ester,alkyl,41_64,neutral,2plus,none,ring
CCCCCCCCCCCCCCNC(=O)C(CCCCCOC(=O)CCCCCCCCCC)N1CCC(N)CC1,ugi_3cr_agile,2,amine_head:010|oxoester_aldehyde_body_tail:009|isocyanide_tail:002,amine_head|oxoester_aldehyde_body_tail|isocyanide_tail,cyclic_amine,ester,alkyl,41_64,neutral,2plus,none,ring
CCCCCCCCCCCCCCNC(=O)C(CCCCCOC(=O)CCCCCCCCCC)N1CCN(CCN)CC1,ugi_3cr_agile,2,amine_head:016|oxoester_aldehyde_body_tail:009|isocyanide_tail:002,amine_head|oxoester_aldehyde_body_tail|isocyanide_tail,cyclic_amine,ester,alkyl,41_64,neutral,2plus,none,ring
CCCCCCCCCCCCCCNC(=O)C(CCCCCOC(=O)CCCCCCCCCC)NC1CCN(C)CC1,ugi_3cr_agile,2,amine_head:008|oxoester_aldehyde_body_tail:009|isocyanide_tail:002,amine_head|oxoester_aldehyde_body_tail|isocyanide_tail,cyclic_amine,ester,alkyl,41_64,neutral,2plus,none,ring
CCCCCCCCCCCCCCNC(=O)C(CCCCCOC(=O)CCCCCCCCCC)NC1CCNCC1,ugi_3cr_agile,2,amine_head:010|oxoester_aldehyde_body_tail:009|isocyanide_tail:002,amine_head|oxoester_aldehyde_body_tail|isocyanide_tail,cyclic_amine,ester,alkyl,41_64,neutral,2plus,none,ring
CCCCCCCCCCCCCCNC(=O)C(CCCCCOC(=O)CCCCCCCCCC)NCC1CCCN1CC,ugi_3cr_agile,2,amine_head:004|oxoester_aldehyde_body_tail:009|isocyanide_tail:002,amine_head|oxoester_aldehyde_body_tail|isocyanide_tail,cyclic_amine,ester,alkyl,41_64,neutral,2plus,none,ring
CCCCCCCCCCCCCCNC(=O)C(CCCCCOC(=O)CCCCCCCCCC)NCCCN(C)C,ugi_3cr_agile,2,amine_head:005|oxoester_aldehyde_body_tail:009|isocyanide_tail:002,amine_head|oxoester_aldehyde_body_tail|isocyanide_tail,diamine,ester,alkyl,41_64,neutral,2plus,none,acyclic
CCCCCCCCCCCCCCNC(=O)C(CCCCCOC(=O)CCCCCCCCCC)NCCCN(C)CCCN,ugi_3cr_agile,2,amine_head:007|oxoester_aldehyde_body_tail:009|isocyanide_tail:002,amine_head|oxoester_aldehyde_body_tail|isocyanide_tail,polyamine,ester,alkyl,41_64,neutral,2plus,none,acyclic
CCCCCCCCCCCCCCNC(=O)C(CCCCCOC(=O)CCCCCCCCCC)NCCCN(CC)CC,ugi_3cr_agile,2,amine_head:002|oxoester_aldehyde_body_tail:009|isocyanide_tail:002,amine_head|oxoester_aldehyde_body_tail|isocyanide_tail,diamine,ester,alkyl,41_64,neutral,2plus,none,acyclic
CCCCCCCCCCCCCCNC(=O)C(CCCCCOC(=O)CCCCCCCCCC)NCCCN(CCCC)CCCC,ugi_3cr_agile,2,amine_head:001|oxoester_aldehyde_body_tail:009|isocyanide_tail:002,amine_head|oxoester_aldehyde_body_tail|isocyanide_tail,diamine,ester,alkyl,41_64,neutral,2plus,none,acyclic
CCCCCCCCCCCCCCNC(=O)C(CCCCCOC(=O)CCCCCCCCCC)NCCCN1CCCC1,ugi_3cr_agile,2,amine_head:011|oxoester_aldehyde_body_tail:009|isocyanide_tail:002,amine_head|oxoester_aldehyde_body_tail|isocyanide_tail,cyclic_amine,ester,alkyl,41_64,neutral,2plus,none,ring
CCCCCCCCCCCCCCNC(=O)C(CCCCCOC(=O)CCCCCCCCCC)NCCCN1CCOCC1,ugi_3cr_agile,2,amine_head:012|oxoester_aldehyde_body_tail:009|isocyanide_tail:002,amine_head|oxoester_aldehyde_body_tail|isocyanide_tail,cyclic_amine,ester,alkyl,41_64,neutral,2plus,none,ring
CCCCCCCCCCCCCCNC(=O)C(CCCCCOC(=O)CCCCCCCCCC)NCCN(C(C)C)C(C)C,ugi_3cr_agile,2,amine_head:000|oxoester_aldehyde_body_tail:009|isocyanide_tail:002,amine_head|oxoester_aldehyde_body_tail|isocyanide_tail,diamine,ester,alkyl,41_64,neutral,2plus,none,acyclic
CCCCCCCCCCCCCCNC(=O)C(CCCCCOC(=O)CCCCCCCCCC)NCCN(C)C,ugi_3cr_agile,2,amine_head:006|oxoester_aldehyde_body_tail:009|isocyanide_tail:002,amine_head|oxoester_aldehyde_body_tail|isocyanide_tail,diamine,ester,alkyl,41_64,neutral,2plus,none,acyclic
CCCCCCCCCCCCCCNC(=O)C(CCCCCOC(=O)CCCCCCCCCC)NCCN(CC)CC,ugi_3cr_agile,2,amine_head:003|oxoester_aldehyde_body_tail:009|isocyanide_tail:002,amine_head|oxoester_aldehyde_body_tail|isocyanide_tail,diamine,ester,alkyl,41_64,neutral,2plus,none,acyclic
CCCCCCCCCCCCCCNC(=O)C(CCCCCOC(=O)CCCCCCCCCC)NCCN(CCN)CCN,ugi_3cr_agile,2,amine_head:013|oxoester_aldehyde_body_tail:009|isocyanide_tail:002,amine_head|oxoester_aldehyde_body_tail|isocyanide_tail,polyamine,ester,alkyl,41_64,neutral,2plus,none,acyclic
CCCCCCCCCCCCCCNC(=O)C(CCCCCOC(=O)CCCCCCCCCC)NCCN1CCCC1,ugi_3cr_agile,2,amine_head:014|oxoester_aldehyde_body_tail:009|isocyanide_tail:002,amine_head|oxoester_aldehyde_body_tail|isocyanide_tail,cyclic_amine,ester,alkyl,41_64,neutral,2plus,none,ring
CCCCCCCCCCCCCCNC(=O)C(CCCCCOC(=O)CCCCCCCCCC)NCCN1CCCCC1,ugi_3cr_agile,2,amine_head:015|oxoester_aldehyde_body_tail:009|isocyanide_tail:002,amine_head|oxoester_aldehyde_body_tail|isocyanide_tail,cyclic_amine,ester,alkyl,41_64,neutral,2plus,none,ring
CCCCCCCCCCCCCCNC(=O)C(CCCCCOC(=O)CCCCCCCCCC)NCCN1CCNCC1,ugi_3cr_agile,2,amine_head:016|oxoester_aldehyde_body_tail:009|isocyanide_tail:002,amine_head|oxoester_aldehyde_body_tail|isocyanide_tail,cyclic_amine,ester,alkyl,41_64,neutral,2plus,none,ring
CCCCCCCCCCCCCCNC(=O)C(CCCCCOC(=O)CCCCCCCCCC)NN1CCCCC1,ugi_3cr_agile,2,amine_head:017|oxoester_aldehyde_body_tail:009|isocyanide_tail:002,amine_head|oxoester_aldehyde_body_tail|isocyanide_tail,cyclic_amine,ester,alkyl,41_64,neutral,2plus,none,ring
CCCCCCCCCCCCCCNC(=O)C(CCCCCOC(=O)CCCCCCCCCC)NN1CCOCC1,ugi_3cr_agile,2,amine_head:018|oxoester_aldehyde_body_tail:009|isocyanide_tail:002,amine_head|oxoester_aldehyde_body_tail|isocyanide_tail,cyclic_amine,ester,alkyl,41_64,neutral,2plus,none,ring
CCCCCCCCCCCCCCNC(=O)C(CCCCCOC(=O)CCCCCCCCCC)Nc1cc(C)nn1C,ugi_3cr_agile,2,amine_head:009|oxoester_aldehyde_body_tail:009|isocyanide_tail:002,amine_head|oxoester_aldehyde_body_tail|isocyanide_tail,cyclic_amine,ester,alkyl,41_64,neutral,2plus,none,ring
CCCCCCCCCCCCCCNC(=O)C(CCCCCOC(=O)CCCCCCCCCC)Nc1cn[nH]c1,ugi_3cr_agile,2,amine_head:019|oxoester_aldehyde_body_tail:009|isocyanide_tail:002,amine_head|oxoester_aldehyde_body_tail|isocyanide_tail,cyclic_amine,ester,alkyl,41_64,neutral,2plus,none,ring
CCCCCCCCCCCCNC(=O)C(CCCCCOC(=O)CCC(C)CCCCC)N1CCC(N)CC1,ugi_3cr_agile,2,amine_head:010|oxoester_aldehyde_body_tail:003|isocyanide_tail:001,amine_head|oxoester_aldehyde_body_tail|isocyanide_tail,cyclic_amine,ester,alkyl,le40,neutral,2plus,none,ring
CCCCCCCCCCCCNC(=O)C(CCCCCOC(=O)CCC(C)CCCCC)N1CCN(CCN)CC1,ugi_3cr_agile,2,amine_head:016|oxoester_aldehyde_body_tail:003|isocyanide_tail:001,amine_head|oxoester_aldehyde_body_tail|isocyanide_tail,cyclic_amine,ester,alkyl,41_64,neutral,2plus,none,ring
CCCCCCCCCCCCNC(=O)C(CCCCCOC(=O)CCC(C)CCCCC)NC1CCN(C)CC1,ugi_3cr_agile,2,amine_head:008|oxoester_aldehyde_body_tail:003|isocyanide_tail:001,amine_head|oxoester_aldehyde_body_tail|isocyanide_tail,cyclic_amine,ester,alkyl,41_64,neutral,2plus,none,ring
CCCCCCCCCCCCNC(=O)C(CCCCCOC(=O)CCC(C)CCCCC)NC1CCNCC1,ugi_3cr_agile,2,amine_head:010|oxoester_aldehyde_body_tail:003|isocyanide_tail:001,amine_head|oxoester_aldehyde_body_tail|isocyanide_tail,cyclic_amine,ester,alkyl,le40,neutral,2plus,none,ring
CCCCCCCCCCCCNC(=O)C(CCCCCOC(=O)CCC(C)CCCCC)NCC1CCCN1CC,ugi_3cr_agile,2,amine_head:004|oxoester_aldehyde_body_tail:003|isocyanide_tail:001,amine_head|oxoester_aldehyde_body_tail|isocyanide_tail,cyclic_amine,ester,alkyl,41_64,neutral,2plus,none,ring
CCCCCCCCCCCCNC(=O)C(CCCCCOC(=O)CCC(C)CCCCC)NCCCN(C)C,ugi_3cr_agile,2,amine_head:005|oxoester_aldehyde_body_tail:003|isocyanide_tail:001,amine_head|oxoester_aldehyde_body_tail|isocyanide_tail,diamine,ester,alkyl,le40,neutral,2plus,none,acyclic
CCCCCCCCCCCCNC(=O)C(CCCCCOC(=O)CCC(C)CCCCC)NCCCN(C)CCCN,ugi_3cr_agile,2,amine_head:007|oxoester_aldehyde_body_tail:003|isocyanide_tail:001,amine_head|oxoester_aldehyde_body_tail|isocyanide_tail,polyamine,ester,alkyl,41_64,neutral,2plus,none,acyclic
CCCCCCCCCCCCNC(=O)C(CCCCCOC(=O)CCC(C)CCCCC)NCCCN(CC)CC,ugi_3cr_agile,2,amine_head:002|oxoester_aldehyde_body_tail:003|isocyanide_tail:001,amine_head|oxoester_aldehyde_body_tail|isocyanide_tail,diamine,ester,alkyl,41_64,neutral,2plus,none,acyclic
CCCCCCCCCCCCNC(=O)C(CCCCCOC(=O)CCC(C)CCCCC)NCCCN(CCCC)CCCC,ugi_3cr_agile,2,amine_head:001|oxoester_aldehyde_body_tail:003|isocyanide_tail:001,amine_head|oxoester_aldehyde_body_tail|isocyanide_tail,diamine,ester,alkyl,41_64,neutral,2plus,none,acyclic
CCCCCCCCCCCCNC(=O)C(CCCCCOC(=O)CCC(C)CCCCC)NCCCN1CCCC1,ugi_3cr_agile,2,amine_head:011|oxoester_aldehyde_body_tail:003|isocyanide_tail:001,amine_head|oxoester_aldehyde_body_tail|isocyanide_tail,cyclic_amine,ester,alkyl,41_64,neutral,2plus,none,ring
CCCCCCCCCCCCNC(=O)C(CCCCCOC(=O)CCC(C)CCCCC)NCCCN1CCOCC1,ugi_3cr_agile,2,amine_head:012|oxoester_aldehyde_body_tail:003|isocyanide_tail:001,amine_head|oxoester_aldehyde_body_tail|isocyanide_tail,cyclic_amine,ester,alkyl,41_64,neutral,2plus,none,ring
CCCCCCCCCCCCNC(=O)C(CCCCCOC(=O)CCC(C)CCCCC)NCCN(C(C)C)C(C)C,ugi_3cr_agile,2,amine_head:000|oxoester_aldehyde_body_tail:003|isocyanide_tail:001,amine_head|oxoester_aldehyde_body_tail|isocyanide_tail,diamine,ester,alkyl,41_64,neutral,2plus,none,acyclic
CCCCCCCCCCCCNC(=O)C(CCCCCOC(=O)CCC(C)CCCCC)NCCN(C)C,ugi_3cr_agile,2,amine_head:006|oxoester_aldehyde_body_tail:003|isocyanide_tail:001,amine_head|oxoester_aldehyde_body_tail|isocyanide_tail,diamine,ester,alkyl,le40,neutral,2plus,none,acyclic
CCCCCCCCCCCCNC(=O)C(CCCCCOC(=O)CCC(C)CCCCC)NCCN(CC)CC,ugi_3cr_agile,2,amine_head:003|oxoester_aldehyde_body_tail:003|isocyanide_tail:001,amine_head|oxoester_aldehyde_body_tail|isocyanide_tail,diamine,ester,alkyl,41_64,neutral,2plus,none,acyclic
CCCCCCCCCCCCNC(=O)C(CCCCCOC(=O)CCC(C)CCCCC)NCCN(CCN)CCN,ugi_3cr_agile,2,amine_head:013|oxoester_aldehyde_body_tail:003|isocyanide_tail:001,amine_head|oxoester_aldehyde_body_tail|isocyanide_tail,polyamine,ester,alkyl,41_64,neutral,2plus,none,acyclic
CCCCCCCCCCCCNC(=O)C(CCCCCOC(=O)CCC(C)CCCCC)NCCN1CCCC1,ugi_3cr_agile,2,amine_head:014|oxoester_aldehyde_body_tail:003|isocyanide_tail:001,amine_head|oxoester_aldehyde_body_tail|isocyanide_tail,cyclic_amine,ester,alkyl,41_64,neutral,2plus,none,ring
CCCCCCCCCCCCNC(=O)C(CCCCCOC(=O)CCC(C)CCCCC)NCCN1CCCCC1,ugi_3cr_agile,2,amine_head:015|oxoester_aldehyde_body_tail:003|isocyanide_tail:001,amine_head|oxoester_aldehyde_body_tail|isocyanide_tail,cyclic_amine,ester,alkyl,41_64,neutral,2plus,none,ring
CCCCCCCCCCCCNC(=O)C(CCCCCOC(=O)CCC(C)CCCCC)NCCN1CCNCC1,ugi_3cr_agile,2,amine_head:016|oxoester_aldehyde_body_tail:003|isocyanide_tail:001,amine_head|oxoester_aldehyde_body_tail|isocyanide_tail,cyclic_amine,ester,alkyl,41_64,neutral,2plus,none,ring
CCCCCCCCCCCCNC(=O)C(CCCCCOC(=O)CCC(C)CCCCC)NN1CCCCC1,ugi_3cr_agile,2,amine_head:017|oxoester_aldehyde_body_tail:003|isocyanide_tail:001,amine_head|oxoester_aldehyde_body_tail|isocyanide_tail,cyclic_amine,ester,alkyl,le40,neutral,2plus,none,ring
CCCCCCCCCCCCNC(=O)C(CCCCCOC(=O)CCC(C)CCCCC)NN1CCOCC1,ugi_3cr_agile,2,amine_head:018|oxoester_aldehyde_body_tail:003|isocyanide_tail:001,amine_head|oxoester_aldehyde_body_tail|isocyanide_tail,cyclic_amine,ester,alkyl,le40,neutral,2plus,none,ring
CCCCCCCCCCCCNC(=O)C(CCCCCOC(=O)CCC(C)CCCCC)Nc1cc(C)nn1C,ugi_3cr_agile,2,amine_head:009|oxoester_aldehyde_body_tail:003|isocyanide_tail:001,amine_head|oxoester_aldehyde_body_tail|isocyanide_tail,cyclic_amine,ester,alkyl,41_64,neutral,2plus,none,ring
CCCCCCCCCCCCNC(=O)C(CCCCCOC(=O)CCC(C)CCCCC)Nc1cn[nH]c1,ugi_3cr_agile,2,amine_head:019|oxoester_aldehyde_body_tail:003|isocyanide_tail:001,amine_head|oxoester_aldehyde_body_tail|isocyanide_tail,cyclic_amine,ester,alkyl,le40,neutral,2plus,none,ring
CCCCCCCCCCCCNC(=O)C(CCCCCOC(=O)CCCCCCCC)N1CCC(N)CC1,ugi_3cr_agile,2,amine_head:010|oxoester_aldehyde_body_tail:007|isocyanide_tail:001,amine_head|oxoester_aldehyde_body_tail|isocyanide_tail,cyclic_amine,ester,alkyl,le40,neutral,2plus,none,ring
CCCCCCCCCCCCNC(=O)C(CCCCCOC(=O)CCCCCCCC)N1CCN(CCN)CC1,ugi_3cr_agile,2,amine_head:016|oxoester_aldehyde_body_tail:007|isocyanide_tail:001,amine_head|oxoester_aldehyde_body_tail|isocyanide_tail,cyclic_amine,ester,alkyl,41_64,neutral,2plus,none,ring
CCCCCCCCCCCCNC(=O)C(CCCCCOC(=O)CCCCCCCC)NC1CCN(C)CC1,ugi_3cr_agile,2,amine_head:008|oxoester_aldehyde_body_tail:007|isocyanide_tail:001,amine_head|oxoester_aldehyde_body_tail|isocyanide_tail,cyclic_amine,ester,alkyl,le40,neutral,2plus,none,ring
CCCCCCCCCCCCNC(=O)C(CCCCCOC(=O)CCCCCCCC)NC1CCNCC1,ugi_3cr_agile,2,amine_head:010|oxoester_aldehyde_body_tail:007|isocyanide_tail:001,amine_head|oxoester_aldehyde_body_tail|isocyanide_tail,cyclic_amine,ester,alkyl,le40,neutral,2plus,none,ring
CCCCCCCCCCCCNC(=O)C(CCCCCOC(=O)CCCCCCCC)NCC1CCCN1CC,ugi_3cr_agile,2,amine_head:004|oxoester_aldehyde_body_tail:007|isocyanide_tail:001,amine_head|oxoester_aldehyde_body_tail|isocyanide_tail,cyclic_amine,ester,alkyl,41_64,neutral,2plus,none,ring
CCCCCCCCCCCCNC(=O)C(CCCCCOC(=O)CCCCCCCC)NCCCN(C)C,ugi_3cr_agile,2,amine_head:005|oxoester_aldehyde_body_tail:007|isocyanide_tail:001,amine_head|oxoester_aldehyde_body_tail|isocyanide_tail,diamine,ester,alkyl,le40,neutral,2plus,none,acyclic
CCCCCCCCCCCCNC(=O)C(CCCCCOC(=O)CCCCCCCC)NCCCN(C)CCCN,ugi_3cr_agile,2,amine_head:007|oxoester_aldehyde_body_tail:007|isocyanide_tail:001,amine_head|oxoester_aldehyde_body_tail|isocyanide_tail,polyamine,ester,alkyl,41_64,neutral,2plus,none,acyclic
CCCCCCCCCCCCNC(=O)C(CCCCCOC(=O)CCCCCCCC)NCCCN(CC)CC,ugi_3cr_agile,2,amine_head:002|oxoester_aldehyde_body_tail:007|isocyanide_tail:001,amine_head|oxoester_aldehyde_body_tail|isocyanide_tail,diamine,ester,alkyl,41_64,neutral,2plus,none,acyclic
CCCCCCCCCCCCNC(=O)C(CCCCCOC(=O)CCCCCCCC)NCCCN(CCCC)CCCC,ugi_3cr_agile,2,amine_head:001|oxoester_aldehyde_body_tail:007|isocyanide_tail:001,amine_head|oxoester_aldehyde_body_tail|isocyanide_tail,diamine,ester,alkyl,41_64,neutral,2plus,none,acyclic
CCCCCCCCCCCCNC(=O)C(CCCCCOC(=O)CCCCCCCC)NCCCN1CCCC1,ugi_3cr_agile,2,amine_head:011|oxoester_aldehyde_body_tail:007|isocyanide_tail:001,amine_head|oxoester_aldehyde_body_tail|isocyanide_tail,cyclic_amine,ester,alkyl,41_64,neutral,2plus,none,ring
CCCCCCCCCCCCNC(=O)C(CCCCCOC(=O)CCCCCCCC)NCCCN1CCOCC1,ugi_3cr_agile,2,amine_head:012|oxoester_aldehyde_body_tail:007|isocyanide_tail:001,amine_head|oxoester_aldehyde_body_tail|isocyanide_tail,cyclic_amine,ester,alkyl,41_64,neutral,2plus,none,ring
CCCCCCCCCCCCNC(=O)C(CCCCCOC(=O)CCCCCCCC)NCCN(C(C)C)C(C)C,ugi_3cr_agile,2,amine_head:000|oxoester_aldehyde_body_tail:007|isocyanide_tail:001,amine_head|oxoester_aldehyde_body_tail|isocyanide_tail,diamine,ester,alkyl,41_64,neutral,2plus,none,acyclic
CCCCCCCCCCCCNC(=O)C(CCCCCOC(=O)CCCCCCCC)NCCN(C)C,ugi_3cr_agile,2,amine_head:006|oxoester_aldehyde_body_tail:007|isocyanide_tail:001,amine_head|oxoester_aldehyde_body_tail|isocyanide_tail,diamine,ester,alkyl,le40,neutral,2plus,none,acyclic
CCCCCCCCCCCCNC(=O)C(CCCCCOC(=O)CCCCCCCC)NCCN(CC)CC,ugi_3cr_agile,2,amine_head:003|oxoester_aldehyde_body_tail:007|isocyanide_tail:001,amine_head|oxoester_aldehyde_body_tail|isocyanide_tail,diamine,ester,alkyl,le40,neutral,2plus,none,acyclic
CCCCCCCCCCCCNC(=O)C(CCCCCOC(=O)CCCCCCCC)NCCN(CCN)CCN,ugi_3cr_agile,2,amine_head:013|oxoester_aldehyde_body_tail:007|isocyanide_tail:001,amine_head|oxoester_aldehyde_body_tail|isocyanide_tail,polyamine,ester,alkyl,41_64,neutral,2plus,none,acyclic
CCCCCCCCCCCCNC(=O)C(CCCCCOC(=O)CCCCCCCC)NCCN1CCCC1,ugi_3cr_agile,2,amine_head:014|oxoester_aldehyde_body_tail:007|isocyanide_tail:001,amine_head|oxoester_aldehyde_body_tail|isocyanide_tail,cyclic_amine,ester,alkyl,le40,neutral,2plus,none,ring
CCCCCCCCCCCCNC(=O)C(CCCCCOC(=O)CCCCCCCC)NCCN1CCCCC1,ugi_3cr_agile,2,amine_head:015|oxoester_aldehyde_body_tail:007|isocyanide_tail:001,amine_head|oxoester_aldehyde_body_tail|isocyanide_tail,cyclic_amine,ester,alkyl,41_64,neutral,2plus,none,ring
CCCCCCCCCCCCNC(=O)C(CCCCCOC(=O)CCCCCCCC)NCCN1CCNCC1,ugi_3cr_agile,2,amine_head:016|oxoester_aldehyde_body_tail:007|isocyanide_tail:001,amine_head|oxoester_aldehyde_body_tail|isocyanide_tail,cyclic_amine,ester,alkyl,41_64,neutral,2plus,none,ring
CCCCCCCCCCCCNC(=O)C(CCCCCOC(=O)CCCCCCCC)NN1CCCCC1,ugi_3cr_agile,2,amine_head:017|oxoester_aldehyde_body_tail:007|isocyanide_tail:001,amine_head|oxoester_aldehyde_body_tail|isocyanide_tail,cyclic_amine,ester,alkyl,le40,neutral,2plus,none,ring
CCCCCCCCCCCCNC(=O)C(CCCCCOC(=O)CCCCCCCC)NN1CCOCC1,ugi_3cr_agile,2,amine_head:018|oxoester_aldehyde_body_tail:007|isocyanide_tail:001,amine_head|oxoester_aldehyde_body_tail|isocyanide_tail,cyclic_amine,ester,alkyl,le40,neutral,2plus,none,ring
CCCCCCCCCCCCNC(=O)C(CCCCCOC(=O)CCCCCCCC)Nc1cc(C)nn1C,ugi_3cr_agile,2,amine_head:009|oxoester_aldehyde_body_tail:007|isocyanide_tail:001,amine_head|oxoester_aldehyde_body_tail|isocyanide_tail,cyclic_amine,ester,alkyl,le40,neutral,2plus,none,ring
CCCCCCCCCCCCNC(=O)C(CCCCCOC(=O)CCCCCCCC)Nc1cn[nH]c1,ugi_3cr_agile,2,amine_head:019|oxoester_aldehyde_body_tail:007|isocyanide_tail:001,amine_head|oxoester_aldehyde_body_tail|isocyanide_tail,cyclic_amine,ester,alkyl,le40,neutral,2plus,none,ring
CCCCCCCCCCCCNC(=O)C(CCCCCOC(=O)CCCCCCCCC)N1CCC(N)CC1,ugi_3cr_agile,2,amine_head:010|oxoester_aldehyde_body_tail:008|isocyanide_tail:001,amine_head|oxoester_aldehyde_body_tail|isocyanide_tail,cyclic_amine,ester,alkyl,le40,neutral,2plus,none,ring
CCCCCCCCCCCCNC(=O)C(CCCCCOC(=O)CCCCCCCCC)N1CCN(CCN)CC1,ugi_3cr_agile,2,amine_head:016|oxoester_aldehyde_body_tail:008|isocyanide_tail:001,amine_head|oxoester_aldehyde_body_tail|isocyanide_tail,cyclic_amine,ester,alkyl,41_64,neutral,2plus,none,ring
CCCCCCCCCCCCNC(=O)C(CCCCCOC(=O)CCCCCCCCC)NC1CCN(C)CC1,ugi_3cr_agile,2,amine_head:008|oxoester_aldehyde_body_tail:008|isocyanide_tail:001,amine_head|oxoester_aldehyde_body_tail|isocyanide_tail,cyclic_amine,ester,alkyl,41_64,neutral,2plus,none,ring
CCCCCCCCCCCCNC(=O)C(CCCCCOC(=O)CCCCCCCCC)NC1CCNCC1,ugi_3cr_agile,2,amine_head:010|oxoester_aldehyde_body_tail:008|isocyanide_tail:001,amine_head|oxoester_aldehyde_body_tail|isocyanide_tail,cyclic_amine,ester,alkyl,le40,neutral,2plus,none,ring
CCCCCCCCCCCCNC(=O)C(CCCCCOC(=O)CCCCCCCCC)NCC1CCCN1CC,ugi_3cr_agile,2,amine_head:004|oxoester_aldehyde_body_tail:008|isocyanide_tail:001,amine_head|oxoester_aldehyde_body_tail|isocyanide_tail,cyclic_amine,ester,alkyl,41_64,neutral,2plus,none,ring
CCCCCCCCCCCCNC(=O)C(CCCCCOC(=O)CCCCCCCCC)NCCCN(C)C,ugi_3cr_agile,2,amine_head:005|oxoester_aldehyde_body_tail:008|isocyanide_tail:001,amine_head|oxoester_aldehyde_body_tail|isocyanide_tail,diamine,ester,alkyl,le40,neutral,2plus,none,acyclic
CCCCCCCCCCCCNC(=O)C(CCCCCOC(=O)CCCCCCCCC)NCCCN(C)CCCN,ugi_3cr_agile,2,amine_head:007|oxoester_aldehyde_body_tail:008|isocyanide_tail:001,amine_head|oxoester_aldehyde_body_tail|isocyanide_tail,polyamine,ester,alkyl,41_64,neutral,2plus,none,acyclic
CCCCCCCCCCCCNC(=O)C(CCCCCOC(=O)CCCCCCCCC)NCCCN(CC)CC,ugi_3cr_agile,2,amine_head:002|oxoester_aldehyde_body_tail:008|isocyanide_tail:001,amine_head|oxoester_aldehyde_body_tail|isocyanide_tail,diamine,ester,alkyl,41_64,neutral,2plus,none,acyclic
CCCCCCCCCCCCNC(=O)C(CCCCCOC(=O)CCCCCCCCC)NCCCN(CCCC)CCCC,ugi_3cr_agile,2,amine_head:001|oxoester_aldehyde_body_tail:008|isocyanide_tail:001,amine_head|oxoester_aldehyde_body_tail|isocyanide_tail,diamine,ester,alkyl,41_64,neutral,2plus,none,acyclic
CCCCCCCCCCCCNC(=O)C(CCCCCOC(=O)CCCCCCCCC)NCCCN1CCCC1,ugi_3cr_agile,2,amine_head:011|oxoester_aldehyde_body_tail:008|isocyanide_tail:001,amine_head|oxoester_aldehyde_body_tail|isocyanide_tail,cyclic_amine,ester,alkyl,41_64,neutral,2plus,none,ring
CCCCCCCCCCCCNC(=O)C(CCCCCOC(=O)CCCCCCCCC)NCCCN1CCOCC1,ugi_3cr_agile,2,amine_head:012|oxoester_aldehyde_body_tail:008|isocyanide_tail:001,amine_head|oxoester_aldehyde_body_tail|isocyanide_tail,cyclic_amine,ester,alkyl,41_64,neutral,2plus,none,ring
CCCCCCCCCCCCNC(=O)C(CCCCCOC(=O)CCCCCCCCC)NCCN(C(C)C)C(C)C,ugi_3cr_agile,2,amine_head:000|oxoester_aldehyde_body_tail:008|isocyanide_tail:001,amine_head|oxoester_aldehyde_body_tail|isocyanide_tail,diamine,ester,alkyl,41_64,neutral,2plus,none,acyclic
CCCCCCCCCCCCNC(=O)C(CCCCCOC(=O)CCCCCCCCC)NCCN(C)C,ugi_3cr_agile,2,amine_head:006|oxoester_aldehyde_body_tail:008|isocyanide_tail:001,amine_head|oxoester_aldehyde_body_tail|isocyanide_tail,diamine,ester,alkyl,le40,neutral,2plus,none,acyclic
CCCCCCCCCCCCNC(=O)C(CCCCCOC(=O)CCCCCCCCC)NCCN(CC)CC,ugi_3cr_agile,2,amine_head:003|oxoester_aldehyde_body_tail:008|isocyanide_tail:001,amine_head|oxoester_aldehyde_body_tail|isocyanide_tail,diamine,ester,alkyl,41_64,neutral,2plus,none,acyclic
CCCCCCCCCCCCNC(=O)C(CCCCCOC(=O)CCCCCCCCC)NCCN(CCN)CCN,ugi_3cr_agile,2,amine_head:013|oxoester_aldehyde_body_tail:008|isocyanide_tail:001,amine_head|oxoester_aldehyde_body_tail|isocyanide_tail,polyamine,ester,alkyl,41_64,neutral,2plus,none,acyclic
CCCCCCCCCCCCNC(=O)C(CCCCCOC(=O)CCCCCCCCC)NCCN1CCCC1,ugi_3cr_agile,2,amine_head:014|oxoester_aldehyde_body_tail:008|isocyanide_tail:001,amine_head|oxoester_aldehyde_body_tail|isocyanide_tail,cyclic_amine,ester,alkyl,41_64,neutral,2plus,none,ring
CCCCCCCCCCCCNC(=O)C(CCCCCOC(=O)CCCCCCCCC)NCCN1CCCCC1,ugi_3cr_agile,2,amine_head:015|oxoester_aldehyde_body_tail:008|isocyanide_tail:001,amine_head|oxoester_aldehyde_body_tail|isocyanide_tail,cyclic_amine,ester,alkyl,41_64,neutral,2plus,none,ring
CCCCCCCCCCCCNC(=O)C(CCCCCOC(=O)CCCCCCCCC)NCCN1CCNCC1,ugi_3cr_agile,2,amine_head:016|oxoester_aldehyde_body_tail:008|isocyanide_tail:001,amine_head|oxoester_aldehyde_body_tail|isocyanide_tail,cyclic_amine,ester,alkyl,41_64,neutral,2plus,none,ring
CCCCCCCCCCCCNC(=O)C(CCCCCOC(=O)CCCCCCCCC)NN1CCCCC1,ugi_3cr_agile,2,amine_head:017|oxoester_aldehyde_body_tail:008|isocyanide_tail:001,amine_head|oxoester_aldehyde_body_tail|isocyanide_tail,cyclic_amine,ester,alkyl,le40,neutral,2plus,none,ring
CCCCCCCCCCCCNC(=O)C(CCCCCOC(=O)CCCCCCCCC)NN1CCOCC1,ugi_3cr_agile,2,amine_head:018|oxoester_aldehyde_body_tail:008|isocyanide_tail:001,amine_head|oxoester_aldehyde_body_tail|isocyanide_tail,cyclic_amine,ester,alkyl,le40,neutral,2plus,none,ring
CCCCCCCCCCCCNC(=O)C(CCCCCOC(=O)CCCCCCCCC)Nc1cc(C)nn1C,ugi_3cr_agile,2,amine_head:009|oxoester_aldehyde_body_tail:008|isocyanide_tail:001,amine_head|oxoester_aldehyde_body_tail|isocyanide_tail,cyclic_amine,ester,alkyl,41_64,neutral,2plus,none,ring
CCCCCCCCCCCCNC(=O)C(CCCCCOC(=O)CCCCCCCCC)Nc1cn[nH]c1,ugi_3cr_agile,2,amine_head:019|oxoester_aldehyde_body_tail:008|isocyanide_tail:001,amine_head|oxoester_aldehyde_body_tail|isocyanide_tail,cyclic_amine,ester,alkyl,le40,neutral,2plus,none,ring
CCCCCCCCCCCCNC(=O)C(CCCCCOC(=O)CCCCCCCCCC)N1CCC(N)CC1,ugi_3cr_agile,2,amine_head:010|oxoester_aldehyde_body_tail:009|isocyanide_tail:001,amine_head|oxoester_aldehyde_body_tail|isocyanide_tail,cyclic_amine,ester,alkyl,41_64,neutral,2plus,none,ring
CCCCCCCCCCCCNC(=O)C(CCCCCOC(=O)CCCCCCCCCC)N1CCN(CCN)CC1,ugi_3cr_agile,2,amine_head:016|oxoester_aldehyde_body_tail:009|isocyanide_tail:001,amine_head|oxoester_aldehyde_body_tail|isocyanide_tail,cyclic_amine,ester,alkyl,41_64,neutral,2plus,none,ring
CCCCCCCCCCCCNC(=O)C(CCCCCOC(=O)CCCCCCCCCC)NC1CCN(C)CC1,ugi_3cr_agile,2,amine_head:008|oxoester_aldehyde_body_tail:009|isocyanide_tail:001,amine_head|oxoester_aldehyde_body_tail|isocyanide_tail,cyclic_amine,ester,alkyl,41_64,neutral,2plus,none,ring
CCCCCCCCCCCCNC(=O)C(CCCCCOC(=O)CCCCCCCCCC)NC1CCNCC1,ugi_3cr_agile,2,amine_head:010|oxoester_aldehyde_body_tail:009|isocyanide_tail:001,amine_head|oxoester_aldehyde_body_tail|isocyanide_tail,cyclic_amine,ester,alkyl,41_64,neutral,2plus,none,ring
CCCCCCCCCCCCNC(=O)C(CCCCCOC(=O)CCCCCCCCCC)NCC1CCCN1CC,ugi_3cr_agile,2,amine_head:004|oxoester_aldehyde_body_tail:009|isocyanide_tail:001,amine_head|oxoester_aldehyde_body_tail|isocyanide_tail,cyclic_amine,ester,alkyl,41_64,neutral,2plus,none,ring
CCCCCCCCCCCCNC(=O)C(CCCCCOC(=O)CCCCCCCCCC)NCCCN(C)C,ugi_3cr_agile,2,amine_head:005|oxoester_aldehyde_body_tail:009|isocyanide_tail:001,amine_head|oxoester_aldehyde_body_tail|isocyanide_tail,diamine,ester,alkyl,41_64,neutral,2plus,none,acyclic
CCCCCCCCCCCCNC(=O)C(CCCCCOC(=O)CCCCCCCCCC)NCCCN(C)CCCN,ugi_3cr_agile,2,amine_head:007|oxoester_aldehyde_body_tail:009|isocyanide_tail:001,amine_head|oxoester_aldehyde_body_tail|isocyanide_tail,polyamine,ester,alkyl,41_64,neutral,2plus,none,acyclic
CCCCCCCCCCCCNC(=O)C(CCCCCOC(=O)CCCCCCCCCC)NCCCN(CC)CC,ugi_3cr_agile,2,amine_head:002|oxoester_aldehyde_body_tail:009|isocyanide_tail:001,amine_head|oxoester_aldehyde_body_tail|isocyanide_tail,diamine,ester,alkyl,41_64,neutral,2plus,none,acyclic
CCCCCCCCCCCCNC(=O)C(CCCCCOC(=O)CCCCCCCCCC)NCCCN(CCCC)CCCC,ugi_3cr_agile,2,amine_head:001|oxoester_aldehyde_body_tail:009|isocyanide_tail:001,amine_head|oxoester_aldehyde_body_tail|isocyanide_tail,diamine,ester,alkyl,41_64,neutral,2plus,none,acyclic
CCCCCCCCCCCCNC(=O)C(CCCCCOC(=O)CCCCCCCCCC)NCCCN1CCCC1,ugi_3cr_agile,2,amine_head:011|oxoester_aldehyde_body_tail:009|isocyanide_tail:001,amine_head|oxoester_aldehyde_body_tail|isocyanide_tail,cyclic_amine,ester,alkyl,41_64,neutral,2plus,none,ring
CCCCCCCCCCCCNC(=O)C(CCCCCOC(=O)CCCCCCCCCC)NCCCN1CCOCC1,ugi_3cr_agile,2,amine_head:012|oxoester_aldehyde_body_tail:009|isocyanide_tail:001,amine_head|oxoester_aldehyde_body_tail|isocyanide_tail,cyclic_amine,ester,alkyl,41_64,neutral,2plus,none,ring
CCCCCCCCCCCCNC(=O)C(CCCCCOC(=O)CCCCCCCCCC)NCCN(C(C)C)C(C)C,ugi_3cr_agile,2,amine_head:000|oxoester_aldehyde_body_tail:009|isocyanide_tail:001,amine_head|oxoester_aldehyde_body_tail|isocyanide_tail,diamine,ester,alkyl,41_64,neutral,2plus,none,acyclic
CCCCCCCCCCCCNC(=O)C(CCCCCOC(=O)CCCCCCCCCC)NCCN(C)C,ugi_3cr_agile,2,amine_head:006|oxoester_aldehyde_body_tail:009|isocyanide_tail:001,amine_head|oxoester_aldehyde_body_tail|isocyanide_tail,diamine,ester,alkyl,le40,neutral,2plus,none,acyclic
CCCCCCCCCCCCNC(=O)C(CCCCCOC(=O)CCCCCCCCCC)NCCN(CC)CC,ugi_3cr_agile,2,amine_head:003|oxoester_aldehyde_body_tail:009|isocyanide_tail:001,amine_head|oxoester_aldehyde_body_tail|isocyanide_tail,diamine,ester,alkyl,41_64,neutral,2plus,none,acyclic
CCCCCCCCCCCCNC(=O)C(CCCCCOC(=O)CCCCCCCCCC)NCCN(CCN)CCN,ugi_3cr_agile,2,amine_head:013|oxoester_aldehyde_body_tail:009|isocyanide_tail:001,amine_head|oxoester_aldehyde_body_tail|isocyanide_tail,polyamine,ester,alkyl,41_64,neutral,2plus,none,acyclic
CCCCCCCCCCCCNC(=O)C(CCCCCOC(=O)CCCCCCCCCC)NCCN1CCCC1,ugi_3cr_agile,2,amine_head:014|oxoester_aldehyde_body_tail:009|isocyanide_tail:001,amine_head|oxoester_aldehyde_body_tail|isocyanide_tail,cyclic_amine,ester,alkyl,41_64,neutral,2plus,none,ring
CCCCCCCCCCCCNC(=O)C(CCCCCOC(=O)CCCCCCCCCC)NCCN1CCCCC1,ugi_3cr_agile,2,amine_head:015|oxoester_aldehyde_body_tail:009|isocyanide_tail:001,amine_head|oxoester_aldehyde_body_tail|isocyanide_tail,cyclic_amine,ester,alkyl,41_64,neutral,2plus,none,ring
CCCCCCCCCCCCNC(=O)C(CCCCCOC(=O)CCCCCCCCCC)NCCN1CCNCC1,ugi_3cr_agile,2,amine_head:016|oxoester_aldehyde_body_tail:009|isocyanide_tail:001,amine_head|oxoester_aldehyde_body_tail|isocyanide_tail,cyclic_amine,ester,alkyl,41_64,neutral,2plus,none,ring
CCCCCCCCCCCCNC(=O)C(CCCCCOC(=O)CCCCCCCCCC)NN1CCCCC1,ugi_3cr_agile,2,amine_head:017|oxoester_aldehyde_body_tail:009|isocyanide_tail:001,amine_head|oxoester_aldehyde_body_tail|isocyanide_tail,cyclic_amine,ester,alkyl,41_64,neutral,2plus,none,ring
CCCCCCCCCCCCNC(=O)C(CCCCCOC(=O)CCCCCCCCCC)NN1CCOCC1,ugi_3cr_agile,2,amine_head:018|oxoester_aldehyde_body_tail:009|isocyanide_tail:001,amine_head|oxoester_aldehyde_body_tail|isocyanide_tail,cyclic_amine,ester,alkyl,41_64,neutral,2plus,none,ring
CCCCCCCCCCCCNC(=O)C(CCCCCOC(=O)CCCCCCCCCC)Nc1cc(C)nn1C,ugi_3cr_agile,2,amine_head:009|oxoester_aldehyde_body_tail:009|isocyanide_tail:001,amine_head|oxoester_aldehyde_body_tail|isocyanide_tail,cyclic_amine,ester,alkyl,41_64,neutral,2plus,none,ring
CCCCCCCCCCCCNC(=O)C(CCCCCOC(=O)CCCCCCCCCC)Nc1cn[nH]c1,ugi_3cr_agile,2,amine_head:019|oxoester_aldehyde_body_tail:009|isocyanide_tail:001,amine_head|oxoester_aldehyde_body_tail|isocyanide_tail,cyclic_amine,ester,alkyl,le40,neutral,2plus,none,ring
