absolute_formal_charge,aromatic_ring_fraction,aromatic_rings,bonds,bridgehead_atoms,carbon,chlorine,cycle_rank,deletes_before_first_construction,events,events/atom_delete,events/atom_insert,events/atom_restate,events/cycle_attach,events/cycle_insert,events/ring_ear_insert,exhausted_event_budget,first_constructive_event_fraction,fluorine,formal_charge,fraction_csp3,fused_ring_systems,has_3_ring,has_4_ring,has_aromatic_ring,has_bridgehead,has_fused_ring_system,has_macrocycle,has_ring,has_small_ring,has_spiro,hba,hbd,heavy_atoms,heteroatom_fraction,heteroatoms,index,initial_delete_run,last_event_time,logp,molecular_weight,nitrogen,nonaromatic_rings,oxygen,rings,rotatable_bonds,smiles,spiro_atoms,tpsa
0.0,1.0,3.0,22.0,0.0,15.0,0.0,3.0,18,29,20,6,,1,,2,False,0.6206896551724138,0.0,0.0,0.0,1.0,0.0,0.0,1.0,0.0,1.0,0.0,1.0,0.0,0.0,4.0,1.0,20.0,0.25,5.0,0,18,3.22467655567895,2.5532000000000004,267.23999999999995,1.0,0.0,4.0,3.0,2.0,O=C(O)c1cccc(-c2noc3ccccc3c2=O)c1,0.0,80.4
0.0,0.0,0.0,26.0,3.0,20.0,0.0,4.0,15,23,15,4,,,,4,False,0.6521739130434783,0.0,0.0,1.0,1.0,0.0,0.0,0.0,1.0,1.0,0.0,1.0,0.0,1.0,3.0,1.0,23.0,0.13043478260869565,3.0,1,15,2.0614345060440322,3.150800000000001,320.521,2.0,4.0,1.0,4.0,3.0,COCCN1CC2CCCC3(C2)CC(CC2CCNCC2C3)C1,1.0,24.5
0.0,0.3333333333333333,1.0,20.0,0.0,13.0,0.0,3.0,19,27,19,5,,1,,2,False,0.7037037037037037,0.0,0.0,0.5384615384615384,1.0,1.0,0.0,1.0,0.0,1.0,0.0,1.0,1.0,0.0,4.0,1.0,18.0,0.2777777777777778,5.0,2,19,3.4561505929917287,1.0885999999999993,246.31399999999996,4.0,2.0,1.0,3.0,3.0,CONC(=NN1CC1)c1nccc2c1CCCC2,0.0,49.519999999999996
0.0,0.3333333333333333,1.0,18.0,0.0,15.0,0.0,3.0,21,26,22,1,,1,,2,False,0.8076923076923077,0.0,0.0,0.4666666666666667,1.0,0.0,0.0,1.0,0.0,1.0,0.0,1.0,0.0,0.0,1.0,0.0,16.0,0.0625,1.0,3,21,4.91143728345697,3.9692000000000034,213.3239999999999,1.0,2.0,0.0,3.0,1.0,C1=CN(c2ccccc2)C2CCCCC2C1,0.0,3.24
0.0,1.0,2.0,22.0,0.0,15.0,0.0,2.0,18,34,22,10,,1,,1,False,0.5294117647058824,0.0,0.0,0.2,0.0,0.0,0.0,1.0,0.0,0.0,0.0,1.0,0.0,0.0,5.0,1.0,21.0,0.2857142857142857,6.0,4,18,3.2409367167545624,2.3760000000000003,289.287,1.0,0.0,5.0,2.0,6.0,COc1cc(OC)c(C(=O)O)c(OCc2ccccn2)c1,0.0,77.88000000000001
0.0,1.0,3.0,19.0,0.0,10.0,0.0,3.0,19,27,19,5,,,,3,False,0.7037037037037037,3.0,0.0,0.2,1.0,0.0,0.0,1.0,0.0,1.0,0.0,1.0,0.0,0.0,2.0,1.0,17.0,0.4117647058823529,7.0,5,19,3.849962299411497,2.4684,240.18800000000005,4.0,0.0,0.0,3.0,0.0,Cn1c(C(F)(F)F)nc2ncc3cc[nH]c3c21,0.0,46.5
0.0,1.0,1.0,18.0,0.0,14.0,0.0,1.0,19,34,20,13,,,,1,False,0.5588235294117647,0.0,0.0,0.5,0.0,0.0,0.0,1.0,0.0,0.0,0.0,1.0,0.0,0.0,3.0,1.0,18.0,0.2222222222222222,4.0,6,19,3.2842951328558803,1.9513999999999998,251.326,1.0,0.0,3.0,1.0,7.0,CCC(CNC(=O)COC)c1ccc(OC)cc1,0.0,47.56
0.0,0.3333333333333333,1.0,20.0,0.0,11.0,0.0,3.0,22,30,23,4,,,,3,False,0.7333333333333333,0.0,0.0,0.8181818181818182,1.0,0.0,0.0,1.0,0.0,1.0,0.0,1.0,0.0,0.0,5.0,2.0,18.0,0.3888888888888889,7.0,7,22,2.725934893170337,0.2749000000000002,254.28999999999996,4.0,2.0,3.0,3.0,0.0,CC1CCCN(O)C2c3n[nH]c(=O)n3CCC2O1,0.0,83.38000000000001
0.0,1.0,1.0,7.0,0.0,6.0,0.0,1.0,20,32,25,6,,,,1,False,0.625,0.0,0.0,0.0,0.0,0.0,0.0,1.0,0.0,0.0,0.0,1.0,0.0,0.0,1.0,1.0,7.0,0.14285714285714285,1.0,8,20,2.5865322098349464,1.3921999999999999,94.11299999999999,0.0,0.0,1.0,1.0,0.0,Oc1ccccc1,0.0,20.23
0.0,1.0,2.0,14.0,0.0,9.0,0.0,2.0,23,28,23,3,,1,,1,False,0.8214285714285714,0.0,0.0,0.3333333333333333,0.0,0.0,0.0,1.0,0.0,0.0,0.0,1.0,0.0,0.0,2.0,1.0,13.0,0.3076923076923077,4.0,9,23,2.047845907956581,1.52392,176.223,4.0,0.0,0.0,2.0,2.0,Cc1cccn1C(C)c1ncn[nH]1,0.0,46.5
0.0,0.75,3.0,25.0,0.0,14.0,0.0,4.0,23,30,23,3,,2,,2,False,0.7666666666666667,0.0,0.0,0.07142857142857142,1.0,0.0,0.0,1.0,0.0,1.0,0.0,1.0,0.0,0.0,6.0,0.0,22.0,0.36363636363636365,8.0,10,23,2.691245979220961,1.2937999999999996,295.25800000000004,5.0,1.0,3.0,4.0,4.0,O=C1N=C(c2coc(OCc3ccccc3)c2)n2nnnc21,0.0,95.4
0.0,0.5,1.0,19.0,0.0,13.0,0.0,2.0,20,29,20,7,,1,,1,False,0.6896551724137931,0.0,0.0,0.3076923076923077,0.0,0.0,0.0,1.0,0.0,0.0,0.0,1.0,0.0,0.0,4.0,2.0,18.0,0.2777777777777778,5.0,11,20,3.4543168082256996,1.0021999999999998,248.28199999999998,2.0,1.0,3.0,2.0,4.0,COc1ccc(N2CC=CC2)cc1NC(=O)CO,0.0,61.8
0.0,1.0,1.0,20.0,0.0,11.0,0.0,1.0,14,29,14,14,,,,1,False,0.4827586206896552,0.0,0.0,0.36363636363636365,0.0,0.0,0.0,1.0,0.0,0.0,0.0,1.0,0.0,0.0,8.0,3.0,20.0,0.45,9.0,12,14,2.366999943749308,-0.3315000000000003,282.256,4.0,0.0,5.0,1.0,7.0,CC(=O)Oc1nccc(NCCCC(=O)C(=O)NO)n1,0.0,130.51
0.0,0.5,1.0,22.0,0.0,18.0,0.0,2.0,19,31,19,9,1,1,,1,False,0.6451612903225806,1.0,0.0,0.5,0.0,0.0,0.0,1.0,0.0,0.0,0.0,1.0,0.0,0.0,1.0,1.0,21.0,0.14285714285714285,3.0,13,19,2.8080054026383783,4.7271700000000045,288.41,2.0,1.0,0.0,2.0,5.0,CC(C=CCC(C)N1CCCCC1=N)c1ccccc1F,0.0,27.090000000000003
0.0,0.0,0.0,17.0,0.0,10.0,0.0,1.0,20,32,20,11,,,,1,False,0.625,0.0,0.0,1.0,0.0,0.0,0.0,0.0,0.0,0.0,0.0,1.0,0.0,0.0,7.0,4.0,17.0,0.4117647058823529,7.0,14,20,3.183414200962227,-1.618199999999998,250.29500000000002,2.0,1.0,5.0,1.0,6.0,COC1CCN(CC(O)NO)CC1(CO)OC,0.0,94.42000000000002
0.0,1.0,1.0,16.0,0.0,14.0,0.0,1.0,16,27,16,10,,,,1,False,0.5925925925925926,1.0,0.0,0.5714285714285714,0.0,0.0,0.0,1.0,0.0,0.0,0.0,1.0,0.0,0.0,1.0,0.0,16.0,0.125,2.0,15,16,3.646425254143229,4.203100000000004,224.31899999999996,0.0,0.0,1.0,1.0,4.0,COc1cc(F)cc(CCCC(C)(C)C)c1,0.0,9.23
0.0,0.0,0.0,22.0,0.0,15.0,0.0,3.0,20,30,21,6,,,,3,False,0.6666666666666666,0.0,0.0,0.8,1.0,0.0,0.0,0.0,0.0,1.0,0.0,1.0,0.0,1.0,5.0,3.0,20.0,0.25,5.0,16,20,3.1582668416157134,1.4046699999999999,279.38399999999996,3.0,3.0,2.0,3.0,2.0,CCOC(=N)C1=CCC2OC3(CCC2C1)CNCCN3,1.0,66.37
0.0,0.25,1.0,25.0,0.0,18.0,0.0,4.0,22,28,22,2,,1,,3,False,0.7857142857142857,0.0,0.0,0.5,2.0,0.0,0.0,1.0,0.0,1.0,0.0,1.0,0.0,0.0,4.0,1.0,22.0,0.18181818181818182,4.0,17,22,2.5058313814413595,3.092320000000001,298.386,2.0,3.0,2.0,4.0,1.0,Cc1cc2c(c(OC3=NC4CCCCC4NC3)c1)C=CCO2,0.0,42.849999999999994
0.0,0.4,2.0,25.0,5.0,15.0,0.0,5.0,22,31,22,4,,,,5,False,0.7096774193548387,0.0,0.0,0.4,1.0,0.0,1.0,1.0,1.0,1.0,1.0,1.0,1.0,0.0,5.0,3.0,21.0,0.2857142857142857,6.0,18,22,3.0936127347811557,0.8640999999999999,283.2870000000001,3.0,3.0,3.0,5.0,1.0,O=C1C2=Nc3nc4c(CO)c5[nH]c4cc3C1(O)C2CCC5,0.0,98.57000000000001
0.0,0.25,1.0,24.0,0.0,19.0,0.0,4.0,20,34,25,5,,1,,3,False,0.5882352941176471,0.0,0.0,0.6842105263157895,2.0,0.0,0.0,1.0,0.0,1.0,0.0,1.0,0.0,0.0,2.0,0.0,21.0,0.09523809523809523,2.0,19,20,2.506299911187432,3.9608000000000034,285.43100000000004,1.0,3.0,1.0,4.0,1.0,c1cc2c(c(N3CCOC4CCCCC4C3)c1)CCCC2,0.0,12.47
0.0,0.3333333333333333,1.0,21.0,0.0,17.0,0.0,3.0,21,29,22,4,,1,,2,False,0.7241379310344828,0.0,0.0,0.4117647058823529,1.0,0.0,0.0,1.0,0.0,1.0,0.0,1.0,0.0,0.0,2.0,2.0,19.0,0.10526315789473684,2.0,20,21,2.9197485363815674,3.533400000000002,255.36099999999996,1.0,2.0,1.0,3.0,1.0,CC1=C(c2ccc(N)cc2)C2=CC(O)CCC2CC1,0.0,46.25
0.0,1.0,2.0,20.0,0.0,10.0,0.0,2.0,20,29,20,7,,1,,1,False,0.6896551724137931,0.0,0.0,0.1,0.0,0.0,0.0,1.0,0.0,0.0,0.0,1.0,0.0,0.0,8.0,3.0,19.0,0.47368421052631576,9.0,21,20,3.204532272198577,0.33449999999999974,261.245,7.0,0.0,2.0,2.0,3.0,CC(=O)Nc1ccnc(N(O)c2cc(N)ncn2)n1,0.0,130.15
0.0,0.0,0.0,25.0,2.0,21.0,0.0,3.0,20,26,21,2,,,,3,False,0.7692307692307693,0.0,0.0,0.3333333333333333,1.0,0.0,0.0,0.0,1.0,1.0,1.0,1.0,0.0,0.0,2.0,0.0,23.0,0.08695652173913043,2.0,22,20,1.9042688790519968,6.2111000000000045,304.4370000000001,2.0,4.0,0.0,4.0,0.0,CC1=CCC2=CN=NC=C(C=CC3C=CC=CC3CC=CC2)C1,0.0,24.72
0.0,0.25,1.0,22.0,4.0,15.0,0.0,4.0,17,21,17,,,1,,3,False,0.8095238095238095,0.0,0.0,0.4,1.0,0.0,0.0,1.0,1.0,1.0,0.0,1.0,0.0,0.0,4.0,0.0,19.0,0.21052631578947367,4.0,23,17,2.1206224965525458,2.0951,253.30499999999995,3.0,3.0,1.0,4.0,1.0,c1ccc(C2=NC3C4=NN=C3C(COCC4)C2)cc1,0.0,46.31
0.0,0.5,2.0,26.0,0.0,17.0,0.0,4.0,22,29,22,3,,2,,2,False,0.7586206896551724,0.0,0.0,0.5294117647058824,1.0,0.0,0.0,1.0,0.0,1.0,0.0,1.0,0.0,0.0,6.0,1.0,23.0,0.2608695652173913,6.0,24,22,2.4092834941610417,1.8781999999999996,314.3890000000001,4.0,2.0,2.0,4.0,3.0,CC1CN(Cc2noc(-c3ccccc3)n2)C(N)C2OCCC12,0.0,77.41000000000001
0.0,0.6666666666666666,2.0,25.0,0.0,17.0,0.0,3.0,21,30,21,6,,2,,1,False,0.7,0.0,0.0,0.5294117647058824,0.0,0.0,0.0,1.0,0.0,0.0,0.0,1.0,0.0,0.0,5.0,0.0,23.0,0.2608695652173913,6.0,25,21,3.0422134511686174,2.4773000000000005,317.38900000000007,3.0,1.0,3.0,3.0,7.0,COc1ccc(OCCc2nncn2CC2CCCCO2)cc1,0.0,58.400000000000006
0.0,1.0,2.0,18.0,0.0,10.0,0.0,2.0,15,28,17,9,,1,,1,False,0.5357142857142857,0.0,0.0,0.4,0.0,0.0,0.0,1.0,0.0,0.0,0.0,1.0,0.0,0.0,6.0,0.0,17.0,0.4117647058823529,7.0,26,15,2.455457386024711,0.7958000000000001,238.247,4.0,0.0,3.0,2.0,6.0,COCCN(c1nocc1OC)n1cccn1,0.0,65.55000000000001
0.0,0.6666666666666666,2.0,17.0,0.0,12.0,0.0,3.0,20,23,20,,,,,3,False,0.8695652173913043,0.0,0.0,0.16666666666666666,1.0,0.0,0.0,1.0,0.0,1.0,0.0,1.0,0.0,0.0,3.0,0.0,15.0,0.2,3.0,27,20,2.1745935126950715,2.6960000000000006,198.22499999999994,2.0,1.0,1.0,3.0,0.0,C1=Cc2ccccc2-c2nonc2CC1,0.0,38.92
0.0,0.5,2.0,24.0,0.0,14.0,0.0,4.0,19,27,20,3,,1,,3,False,0.7037037037037037,0.0,0.0,0.21428571428571427,1.0,0.0,0.0,1.0,0.0,1.0,0.0,1.0,0.0,0.0,7.0,0.0,21.0,0.3333333333333333,7.0,28,19,3.130752518908454,1.6729999999999998,286.243,2.0,2.0,5.0,4.0,2.0,O=C(c1cnon1)c1cccc2c1C1OCOOC1C=C2,0.0,83.68
0.0,0.4,2.0,26.0,2.0,20.0,0.0,4.0,20,29,20,5,,1,,3,False,0.6896551724137931,0.0,0.0,0.25,1.0,0.0,0.0,1.0,1.0,1.0,0.0,1.0,0.0,0.0,3.0,2.0,23.0,0.13043478260869565,3.0,29,20,4.157096331228148,3.686600000000002,304.39300000000003,2.0,3.0,1.0,5.0,2.0,CC(=O)c1ccc2c(c1)C1NCC2C(C)=C1c1ccccc1N,0.0,55.120000000000005
0.0,0.0,0.0,15.0,0.0,10.0,0.0,2.0,23,33,23,8,,,,2,False,0.696969696969697,0.0,0.0,0.9,1.0,1.0,0.0,0.0,0.0,1.0,0.0,1.0,1.0,0.0,4.0,0.0,14.0,0.2857142857142857,4.0,30,23,2.6725359999953033,1.0878999999999999,200.234,0.0,2.0,4.0,2.0,2.0,CC(C)OC(=O)C1(C)OC2OC2C1C,0.0,48.06
0.0,0.3333333333333333,1.0,20.0,0.0,13.0,0.0,3.0,23,33,24,6,,,,3,False,0.696969696969697,0.0,0.0,0.23076923076923078,1.0,0.0,0.0,1.0,0.0,1.0,0.0,1.0,0.0,0.0,4.0,4.0,18.0,0.2777777777777778,5.0,31,23,2.493840565500912,1.54547,242.282,4.0,2.0,1.0,3.0,3.0,N=C1Nc2ccc(NCCO)cc2C2N=CC=C12,0.0,80.5
0.0,0.6666666666666666,2.0,22.0,0.0,16.0,0.0,3.0,23,35,25,7,,1,,2,False,0.6571428571428571,0.0,0.0,0.1875,1.0,0.0,0.0,1.0,0.0,1.0,0.0,1.0,0.0,0.0,4.0,1.0,20.0,0.2,4.0,32,23,2.5014859170466526,2.839900000000001,269.3,1.0,1.0,3.0,3.0,3.0,COc1ccc2c(C(=O)OC3=CCCN3)cccc2c1,0.0,47.56
0.0,0.3333333333333333,1.0,24.0,0.0,16.0,0.0,3.0,17,27,17,7,,1,,2,False,0.6296296296296297,0.0,0.0,0.4375,1.0,0.0,0.0,1.0,0.0,1.0,0.0,1.0,0.0,0.0,4.0,1.0,22.0,0.2727272727272727,6.0,33,17,5.006554681824181,1.7514999999999998,299.3780000000001,5.0,2.0,1.0,3.0,3.0,C=C(C)C=CC(=O)N1CCCN(c2ncc[nH]2)C2CCN=C21,0.0,64.59
0.0,1.0,2.0,20.0,0.0,14.0,0.0,2.0,13,24,14,8,,1,,1,False,0.5416666666666666,1.0,0.0,0.14285714285714285,0.0,0.0,0.0,1.0,0.0,0.0,0.0,1.0,0.0,0.0,4.0,2.0,19.0,0.2631578947368421,5.0,34,13,2.267485716646661,3.3647,258.3,4.0,0.0,0.0,2.0,3.0,CC(C)=Cc1ccc(F)c(Nc2cc(N)ncn2)c1,0.0,63.83
0.0,0.0,0.0,29.0,0.0,21.0,0.0,6.0,22,28,22,,,,,6,False,0.7857142857142857,0.0,0.0,0.5714285714285714,2.0,0.0,1.0,0.0,0.0,1.0,0.0,1.0,1.0,1.0,3.0,1.0,24.0,0.125,3.0,35,22,8.682239657840011,2.9654000000000007,320.43600000000015,2.0,6.0,1.0,6.0,0.0,C1=CC2C(CCCC23CC2C4=C(C5=CC=NC5C=C4)C2CN3)OC1,1.0,33.620000000000005
0.0,0.75,3.0,25.0,0.0,14.0,0.0,4.0,19,27,19,4,,1,,3,False,0.7037037037037037,0.0,0.0,0.14285714285714285,1.0,0.0,0.0,1.0,0.0,1.0,0.0,1.0,0.0,0.0,6.0,3.0,22.0,0.36363636363636365,8.0,36,19,1.826294011627562,1.3439999999999994,296.29,6.0,1.0,2.0,4.0,2.0,Nc1nc2c(nc1N1CCC(C(=O)O)=N1)[nH]c1ccccc12,0.0,120.49000000000001
0.0,1.0,2.0,19.0,0.0,12.0,0.0,2.0,21,31,22,7,,1,,1,False,0.6774193548387096,0.0,0.0,0.16666666666666666,0.0,0.0,0.0,1.0,0.0,0.0,0.0,1.0,0.0,0.0,6.0,3.0,18.0,0.3333333333333333,6.0,37,21,2.7158910426649077,1.2696999999999998,245.28599999999997,5.0,0.0,1.0,2.0,4.0,COc1ccc(Nc2ccnc(N)n2)c(CN)c1,0.0,99.08
0.0,1.0,2.0,21.0,0.0,18.0,0.0,2.0,9,26,12,12,,1,,1,False,0.34615384615384615,0.0,0.0,0.4444444444444444,0.0,0.0,0.0,1.0,0.0,0.0,0.0,1.0,0.0,0.0,1.0,0.0,20.0,0.1,2.0,38,9,2.1500415562449335,4.916300000000004,271.404,1.0,0.0,1.0,2.0,7.0,CCCCCn1cccc1-c1cccc(CC)c1OC,0.0,14.16
0.0,0.3333333333333333,1.0,22.0,0.0,13.0,0.0,3.0,22,31,22,6,,2,,1,False,0.7096774193548387,0.0,0.0,0.7692307692307693,0.0,1.0,0.0,1.0,0.0,0.0,0.0,1.0,1.0,0.0,6.0,2.0,20.0,0.35,7.0,39,22,2.304563014471627,-0.5075999999999989,280.32800000000003,4.0,2.0,3.0,3.0,5.0,COCC(C1CC1=O)n1ncnc1C1CNCC(O)C1,0.0,89.27000000000001
0.0,1.0,1.0,11.0,0.0,8.0,0.0,1.0,16,22,16,5,,,,1,False,0.7272727272727273,0.0,0.0,0.375,0.0,0.0,0.0,1.0,0.0,0.0,0.0,1.0,0.0,0.0,3.0,2.0,11.0,0.2727272727272727,3.0,40,16,3.0327326119717246,0.7942199999999999,152.19700000000003,2.0,0.0,1.0,1.0,3.0,Cc1cccc(NCCO)n1,0.0,45.15
0.0,1.0,1.0,14.0,0.0,9.0,0.0,1.0,23,34,24,9,,,,1,False,0.6764705882352942,0.0,0.0,0.3333333333333333,0.0,0.0,0.0,1.0,0.0,0.0,0.0,1.0,0.0,0.0,4.0,1.0,14.0,0.35714285714285715,5.0,41,23,4.6413037337148,0.9348000000000001,197.19,1.0,0.0,4.0,1.0,4.0,COCc1cc(OC)c(C(=O)O)cn1,0.0,68.65
0.0,0.5,2.0,24.0,0.0,14.0,0.0,4.0,16,26,16,6,,1,,3,False,0.6153846153846154,0.0,0.0,0.35714285714285715,1.0,0.0,1.0,1.0,0.0,1.0,0.0,1.0,1.0,0.0,3.0,2.0,21.0,0.3333333333333333,7.0,42,16,2.6423882318804646,1.3652199999999999,285.307,5.0,2.0,2.0,4.0,2.0,CC(=O)N1C(=O)Nc2c(C)cn3c2C1(Cc1ccn[nH]1)C3,0.0,83.02000000000001
0.0,0.5,1.0,13.0,0.0,11.0,0.0,2.0,21,24,21,1,,1,,1,False,0.875,0.0,0.0,0.45454545454545453,0.0,0.0,0.0,1.0,0.0,0.0,0.0,1.0,0.0,0.0,1.0,0.0,12.0,0.08333333333333333,1.0,43,21,3.598630266611711,2.1056999999999997,161.24799999999996,1.0,1.0,0.0,2.0,1.0,CN1CCC(c2ccccc2)C1,0.0,3.24
0.0,0.5,1.0,18.0,0.0,12.0,0.0,2.0,19,27,19,6,,1,,1,False,0.7037037037037037,0.0,0.0,0.3333333333333333,0.0,0.0,0.0,1.0,0.0,0.0,0.0,1.0,0.0,0.0,3.0,2.0,17.0,0.29411764705882354,5.0,44,19,2.1434581528301258,0.7839999999999996,234.25500000000002,2.0,1.0,3.0,2.0,4.0,O=C(O)CN1CCC(Nc2ccccc2)C1=O,0.0,69.64
0.0,1.0,2.0,21.0,0.0,17.0,0.0,2.0,18,28,18,8,,1,,1,False,0.6428571428571429,0.0,0.0,0.23529411764705882,0.0,0.0,0.0,1.0,0.0,0.0,0.0,1.0,0.0,0.0,3.0,0.0,20.0,0.15,3.0,45,18,3.506328829981372,3.3712000000000026,270.328,0.0,0.0,3.0,2.0,6.0,CC(=O)OCCc1ccccc1OCc1ccccc1,0.0,35.53
0.0,1.0,1.0,16.0,0.0,12.0,0.0,1.0,23,38,25,12,,,,1,False,0.6052631578947368,0.0,0.0,0.3333333333333333,0.0,0.0,0.0,1.0,0.0,0.0,0.0,1.0,0.0,0.0,4.0,1.0,16.0,0.25,4.0,46,23,2.5747445365230908,1.8486,220.27199999999996,2.0,0.0,2.0,1.0,5.0,COc1ccccc1C(=O)CC(C)C=NN,0.0,64.67999999999999
0.0,0.0,0.0,12.0,0.0,11.0,0.0,0.0,18,26,18,8,,,,,False,0.6923076923076923,0.0,0.0,0.5454545454545454,0.0,0.0,0.0,0.0,0.0,0.0,0.0,0.0,0.0,0.0,2.0,1.0,13.0,0.15384615384615385,2.0,47,18,3.5405241872633417,2.3521000000000005,181.27899999999997,1.0,0.0,1.0,0.0,8.0,C=NCC=CC=CCCCCCO,0.0,32.59
0.0,0.0,0.0,24.0,4.0,14.0,0.0,4.0,18,34,22,7,1,,,4,False,0.5294117647058824,0.0,0.0,0.5,1.0,0.0,0.0,0.0,1.0,1.0,0.0,1.0,0.0,0.0,6.0,3.0,21.0,0.3333333333333333,7.0,48,18,4.046067483794019,-0.07032999999999912,287.32300000000004,5.0,4.0,2.0,4.0,0.0,CC1=C2CC3ON4CC(=N)NC(=O)C4NCC2C3=NC=C1,0.0,89.81
0.0,1.0,2.0,17.0,0.0,11.0,0.0,2.0,19,28,20,6,,1,,1,False,0.6785714285714286,0.0,0.0,0.0,0.0,0.0,0.0,1.0,0.0,0.0,0.0,1.0,0.0,0.0,3.0,1.0,16.0,0.3125,5.0,49,19,3.372968259521557,1.0096999999999996,215.212,3.0,0.0,2.0,2.0,3.0,O=CC(=O)Nc1ccccc1-n1ccnc1,0.0,63.99
0.0,0.3333333333333333,1.0,22.0,0.0,17.0,0.0,3.0,22,33,23,7,,1,,2,False,0.6666666666666666,0.0,0.0,0.29411764705882354,1.0,0.0,0.0,1.0,0.0,1.0,0.0,1.0,0.0,0.0,3.0,0.0,20.0,0.15,3.0,50,22,3.1868400749678023,2.3191000000000006,265.31199999999995,1.0,2.0,2.0,3.0,2.0,CC#CC1=NC2(C)COC(=O)C2=C1Cc1ccccc1,0.0,38.66
0.0,1.0,1.0,20.0,0.0,16.0,0.0,1.0,17,31,17,13,,1,,,False,0.5483870967741935,0.0,0.0,0.5,0.0,0.0,0.0,1.0,0.0,0.0,0.0,1.0,0.0,0.0,4.0,0.0,20.0,0.2,4.0,51,17,2.958517820475441,2.9303000000000017,277.364,1.0,0.0,3.0,1.0,9.0,CC(C)=CCCOC(=O)COCCCc1cccnc1,0.0,48.42
0.0,1.0,2.0,20.0,0.0,13.0,0.0,2.0,22,33,22,8,1,1,,1,False,0.696969696969697,0.0,0.0,0.38461538461538464,0.0,0.0,0.0,1.0,0.0,0.0,0.0,1.0,0.0,0.0,5.0,2.0,19.0,0.3157894736842105,6.0,52,22,3.1437917543828013,2.4355,262.313,4.0,0.0,2.0,2.0,8.0,CCCOCCNc1nc(Oc2ccccc2)n[nH]1,0.0,72.06
0.0,1.0,1.0,19.0,0.0,12.0,0.0,1.0,20,36,21,14,,,,1,False,0.5555555555555556,2.0,0.0,0.5,0.0,0.0,0.0,1.0,0.0,0.0,0.0,1.0,0.0,0.0,4.0,1.0,19.0,0.3684210526315789,7.0,53,20,3.207489305688958,1.0289999999999997,274.267,2.0,0.0,3.0,1.0,7.0,COCC(Cc1cccc(OC)n1)NC(=O)C(F)F,0.0,60.45
0.0,0.0,0.0,26.0,0.0,18.0,0.0,4.0,21,33,22,7,,,,4,False,0.6363636363636364,0.0,0.0,0.5555555555555556,1.0,0.0,1.0,0.0,0.0,1.0,0.0,1.0,1.0,1.0,5.0,2.0,23.0,0.21739130434782608,5.0,54,21,2.4700191816296817,1.6149999999999998,313.401,3.0,4.0,2.0,4.0,5.0,OCCOCCC1=NC23N=CC=CC2C2CCC=CC=CC23N1,2.0,66.21
0.0,0.0,0.0,24.0,2.0,15.0,0.0,4.0,21,29,22,2,1,,,4,False,0.7241379310344828,0.0,0.0,0.5333333333333333,1.0,0.0,0.0,0.0,1.0,1.0,1.0,1.0,0.0,0.0,5.0,3.0,21.0,0.2857142857142857,6.0,55,21,2.9650559923123576,0.6039,289.335,3.0,4.0,3.0,4.0,0.0,O=C1NC2=CCCC=C1OC1C3=C(CCCO3)NC1NC2,0.0,71.62
0.0,0.75,3.0,24.0,0.0,16.0,0.0,4.0,20,31,21,6,,1,,3,False,0.6451612903225806,0.0,0.0,0.1875,2.0,1.0,0.0,1.0,0.0,1.0,0.0,1.0,1.0,0.0,4.0,0.0,21.0,0.23809523809523808,5.0,56,20,2.502358302216133,3.4555000000000025,281.31500000000005,3.0,1.0,2.0,4.0,3.0,COc1cc(N(C)c2cnc3c(ccn3C)c2)cc2c1O2,0.0,42.82
0.0,0.3333333333333333,1.0,22.0,0.0,14.0,0.0,3.0,23,30,23,4,,1,,2,False,0.7666666666666667,0.0,0.0,0.21428571428571427,1.0,0.0,0.0,1.0,0.0,1.0,0.0,1.0,0.0,0.0,4.0,1.0,20.0,0.3,6.0,57,23,3.097607953525347,0.9159999999999999,272.26,2.0,2.0,4.0,3.0,1.0,CC(=C1C(=O)N=CNC1=O)c1cccc2c1OCCO2,0.0,76.99000000000001
0.0,1.0,2.0,16.0,0.0,10.0,0.0,2.0,22,29,22,5,,1,,1,False,0.7586206896551724,1.0,0.0,0.4,0.0,0.0,0.0,1.0,0.0,0.0,0.0,1.0,0.0,0.0,3.0,0.0,15.0,0.3333333333333333,5.0,58,22,3.025932402128507,2.0145,209.22400000000002,3.0,0.0,1.0,2.0,5.0,FCC(CCn1ccnc1)c1ccon1,0.0,43.85
0.0,0.5,2.0,23.0,0.0,16.0,0.0,4.0,23,28,23,1,,1,,3,False,0.8214285714285714,0.0,0.0,0.125,1.0,0.0,0.0,1.0,0.0,1.0,0.0,1.0,0.0,1.0,3.0,1.0,20.0,0.2,4.0,59,23,2.724482008901293,1.8509,264.284,2.0,2.0,2.0,4.0,1.0,O=C1NN=C(c2ccccc2)C12COc1ccccc12,1.0,50.69
0.0,0.0,0.0,23.0,2.0,18.0,0.0,2.0,18,26,19,5,,,,2,False,0.6923076923076923,0.0,0.0,0.5555555555555556,1.0,0.0,0.0,0.0,1.0,1.0,1.0,1.0,0.0,0.0,4.0,2.0,22.0,0.18181818181818182,4.0,60,18,2.779202496558014,3.7094000000000023,304.43400000000014,2.0,3.0,2.0,3.0,1.0,CNC1=COC(C)=C(C)C2=CCCC(=CNC2)OCCCC1,0.0,42.519999999999996
0.0,0.6666666666666666,2.0,23.0,0.0,17.0,0.0,3.0,22,30,22,5,,1,,2,False,0.7333333333333333,0.0,0.0,0.17647058823529413,1.0,0.0,0.0,1.0,0.0,1.0,0.0,1.0,0.0,0.0,3.0,2.0,21.0,0.19047619047619047,4.0,61,22,2.5798809236484317,2.9330000000000007,280.32700000000006,2.0,1.0,2.0,3.0,4.0,O=C(O)c1cccc(CCc2ccc3c(c2)N=CNC3)c1,0.0,61.69
0.0,0.0,0.0,26.0,4.0,17.0,0.0,4.0,17,28,17,7,,,,4,False,0.6071428571428571,0.0,0.0,0.5294117647058824,1.0,0.0,0.0,0.0,1.0,1.0,0.0,1.0,0.0,1.0,5.0,1.0,23.0,0.2608695652173913,6.0,62,17,7.045039996941516,0.7918999999999998,316.357,2.0,4.0,4.0,4.0,2.0,CC=CC(=O)N1C2=NC3OC4COCC3(C4)C1C(CO)=CC=C2,1.0,71.36000000000001
0.0,0.5,1.0,17.0,0.0,12.0,0.0,2.0,18,27,19,6,,1,,1,False,0.6666666666666666,0.0,0.0,0.3333333333333333,0.0,0.0,0.0,1.0,0.0,0.0,0.0,1.0,0.0,0.0,4.0,2.0,16.0,0.25,4.0,63,18,1.869567324361384,1.5425999999999997,220.272,2.0,1.0,2.0,2.0,4.0,CCOc1ccc(OC)cc1C1=CNCN1,0.0,42.52
0.0,0.4,2.0,26.0,0.0,18.0,0.0,5.0,20,32,23,4,,,,5,False,0.625,0.0,0.0,0.2777777777777778,1.0,0.0,0.0,1.0,0.0,1.0,0.0,1.0,0.0,0.0,4.0,1.0,22.0,0.18181818181818182,4.0,64,20,3.626884250654857,2.6259000000000006,289.3380000000001,3.0,3.0,1.0,5.0,0.0,O=C1c2cccnc2CC2NC3=Nc4ccccc4C3CC12,0.0,54.35
0.0,0.2,1.0,22.0,4.0,15.0,0.0,4.0,21,28,22,2,,,,4,False,0.75,0.0,0.0,0.4666666666666667,1.0,0.0,0.0,1.0,1.0,1.0,1.0,1.0,0.0,0.0,4.0,1.0,19.0,0.21052631578947367,4.0,65,21,2.7060162310012896,1.8775999999999995,258.321,2.0,4.0,2.0,5.0,0.0,CC1=C2CN3COCC(C1)NC2Oc1ccccc13,0.0,33.730000000000004
0.0,0.3333333333333333,1.0,21.0,0.0,15.0,0.0,3.0,23,30,23,4,,1,,2,False,0.7666666666666667,0.0,0.0,0.6,1.0,0.0,0.0,1.0,0.0,1.0,0.0,1.0,0.0,0.0,4.0,1.0,19.0,0.21052631578947367,4.0,66,23,3.642543509385165,1.64,262.35299999999995,2.0,2.0,2.0,3.0,3.0,CC1Cc2ccc(OC(C)N3CCNCC3)cc2O1,0.0,33.730000000000004
0.0,0.5,1.0,16.0,0.0,11.0,0.0,2.0,23,30,23,5,,1,,1,False,0.7666666666666667,0.0,0.0,0.5454545454545454,0.0,0.0,0.0,1.0,0.0,0.0,0.0,1.0,0.0,0.0,4.0,1.0,15.0,0.26666666666666666,4.0,67,23,2.547481697028822,1.5765,208.26099999999997,2.0,1.0,2.0,2.0,5.0,COC(CCc1ccco1)C1=NNCC1,0.0,46.760000000000005
0.0,0.6666666666666666,2.0,23.0,0.0,14.0,0.0,3.0,17,24,17,4,,2,,1,False,0.7083333333333334,0.0,0.0,0.14285714285714285,0.0,0.0,0.0,1.0,0.0,0.0,0.0,1.0,0.0,0.0,5.0,1.0,21.0,0.3333333333333333,7.0,68,17,3.094773510028999,1.5755,284.2750000000001,4.0,1.0,3.0,3.0,3.0,COc1ccc(-c2nncn2O)c(C2=CC=NC(=O)C2)c1,0.0,89.6
0.0,1.0,1.0,16.0,0.0,12.0,0.0,1.0,21,32,21,10,,,,1,False,0.65625,0.0,0.0,0.5,0.0,0.0,0.0,1.0,0.0,0.0,0.0,1.0,0.0,0.0,4.0,1.0,16.0,0.25,4.0,69,21,2.368507067357861,2.1521999999999997,225.28799999999995,1.0,0.0,3.0,1.0,7.0,CCOc1ccc(OC)cc1NCCOC,0.0,39.72
0.0,0.5,1.0,23.0,0.0,17.0,0.0,2.0,21,33,21,10,,1,,1,False,0.6363636363636364,0.0,0.0,0.35294117647058826,0.0,0.0,0.0,1.0,0.0,0.0,0.0,1.0,0.0,0.0,5.0,2.0,22.0,0.22727272727272727,5.0,70,21,3.2723911788864655,3.466400000000002,303.358,1.0,1.0,4.0,2.0,6.0,CCCCC1=CNCOC1=COc1ccc(C(C)=O)c(O)c1,0.0,67.79
0.0,1.0,3.0,19.0,0.0,11.0,0.0,3.0,21,29,22,4,,1,,2,False,0.7241379310344828,0.0,0.0,0.18181818181818182,1.0,0.0,0.0,1.0,0.0,1.0,0.0,1.0,0.0,0.0,3.0,1.0,17.0,0.35294117647058826,6.0,71,21,1.739856885980234,0.5063999999999997,229.24300000000002,5.0,0.0,1.0,3.0,2.0,Cn1ncc2cc(Cn3cn[nH]c3=O)ccc21,0.0,68.5
0.0,0.3333333333333333,1.0,23.0,0.0,15.0,0.0,3.0,18,24,18,3,,1,,2,False,0.75,0.0,0.0,0.4666666666666667,1.0,0.0,0.0,1.0,0.0,1.0,0.0,1.0,0.0,0.0,6.0,2.0,21.0,0.2857142857142857,6.0,72,18,2.475203375424539,1.0445999999999995,288.35100000000006,4.0,2.0,2.0,3.0,2.0,COC1=C2CNCCOC2=C(N)CC(c2ccncn2)C1,0.0,82.29
0.0,0.0,0.0,20.0,0.0,12.0,0.0,3.0,20,35,23,9,,,,3,False,0.5714285714285714,0.0,0.0,0.5833333333333334,1.0,0.0,0.0,0.0,0.0,1.0,0.0,1.0,0.0,0.0,6.0,1.0,18.0,0.3333333333333333,6.0,73,20,3.262090467791054,0.8545,247.30200000000002,5.0,3.0,1.0,3.0,3.0,CC(N)CCC1=NN2C(=NC3N=CC=CC32C)O1,0.0,75.57000000000001
0.0,1.0,1.0,10.0,0.0,8.0,0.0,1.0,22,27,22,4,,,,1,False,0.8148148148148148,0.0,0.0,0.125,0.0,0.0,0.0,1.0,0.0,0.0,0.0,1.0,0.0,0.0,1.0,1.0,10.0,0.2,2.0,74,22,3.1756251093946744,1.69322,136.15,0.0,0.0,2.0,1.0,1.0,Cc1cccc(C(=O)O)c1,0.0,37.3
0.0,1.0,2.0,20.0,0.0,15.0,0.0,2.0,16,29,18,9,,1,,1,False,0.5517241379310345,0.0,0.0,0.13333333333333333,0.0,0.0,0.0,1.0,0.0,0.0,0.0,1.0,0.0,0.0,3.0,1.0,19.0,0.21052631578947367,4.0,75,16,3.555884710774784,3.4459000000000017,257.28900000000004,1.0,0.0,3.0,2.0,4.0,COc1ccc(Oc2ccccc2)cc1NC(C)=O,0.0,47.56
0.0,0.3333333333333333,1.0,18.0,0.0,14.0,0.0,3.0,22,26,22,,1,1,,2,False,0.8846153846153846,0.0,0.0,0.5714285714285714,0.0,0.0,0.0,1.0,0.0,0.0,0.0,1.0,0.0,1.0,2.0,2.0,16.0,0.125,2.0,76,22,3.3303952782668236,1.8856999999999997,216.32799999999997,2.0,2.0,0.0,3.0,1.0,c1ccc(C2CCNC23CCNCC3)cc1,1.0,24.06
0.0,0.5,1.0,18.0,0.0,14.0,0.0,2.0,22,28,22,4,,1,,1,False,0.7857142857142857,0.0,0.0,0.5714285714285714,0.0,0.0,0.0,1.0,0.0,0.0,0.0,1.0,0.0,0.0,3.0,1.0,17.0,0.17647058823529413,3.0,77,22,3.453268781153794,2.7676000000000016,236.31099999999995,0.0,1.0,3.0,2.0,3.0,COc1ccc(OC2CCCCC(O)C2)cc1,0.0,38.69
0.0,1.0,3.0,24.0,0.0,20.0,0.0,3.0,16,27,17,7,,1,,2,False,0.5925925925925926,0.0,0.0,0.25,1.0,0.0,0.0,1.0,0.0,1.0,0.0,1.0,0.0,0.0,2.0,0.0,22.0,0.09090909090909091,2.0,78,16,3.448653095714706,5.012040000000004,291.39400000000006,1.0,0.0,1.0,3.0,3.0,COc1ccc(C(C)c2c(C)ncc3ccccc23)c(C)c1,0.0,22.12
0.0,0.3333333333333333,1.0,19.0,2.0,12.0,0.0,3.0,17,30,20,6,1,1,,2,False,0.5666666666666667,0.0,0.0,0.5833333333333334,1.0,0.0,0.0,1.0,1.0,1.0,0.0,1.0,0.0,0.0,4.0,3.0,17.0,0.29411764705882354,5.0,79,17,2.822153852772913,1.2266699999999995,231.303,5.0,2.0,0.0,3.0,1.0,CC1CC(=N)C2=NC(N)CC1(c1ncc[nH]1)C2,0.0,90.91
0.0,0.0,0.0,19.0,0.0,13.0,0.0,4.0,20,34,25,5,,1,,3,False,0.5882352941176471,0.0,0.0,0.46153846153846156,1.0,0.0,1.0,0.0,0.0,1.0,0.0,1.0,1.0,0.0,3.0,0.0,16.0,0.1875,3.0,80,20,9.91299252790759,1.7212,213.28399999999993,3.0,4.0,0.0,4.0,1.0,C1=NCCN1C1=CC=C2C(C=C3CCN32)C1,0.0,18.84
0.0,1.0,2.0,22.0,0.0,16.0,0.0,2.0,18,29,18,9,,1,,1,False,0.6206896551724138,0.0,0.0,0.1875,0.0,0.0,0.0,1.0,0.0,0.0,0.0,1.0,0.0,0.0,5.0,0.0,21.0,0.23809523809523808,5.0,81,18,2.597089186394836,2.763000000000001,284.315,2.0,0.0,3.0,2.0,5.0,COc1ccc(OC)c(-c2ccc(C=CC(C)=O)nn2)c1,0.0,61.31
0.0,0.0,0.0,12.0,0.0,9.0,0.0,1.0,20,30,21,8,,,,1,False,0.6666666666666666,0.0,0.0,1.0,0.0,0.0,0.0,0.0,0.0,0.0,0.0,1.0,0.0,0.0,3.0,1.0,12.0,0.25,3.0,82,20,3.508751604394049,0.8088,174.23999999999998,0.0,1.0,3.0,1.0,4.0,CC(C)CCOC1COCC1O,0.0,38.69
0.0,0.3333333333333333,1.0,23.0,0.0,13.0,0.0,3.0,18,28,18,7,,1,,2,False,0.6428571428571429,0.0,0.0,0.46153846153846156,1.0,0.0,0.0,1.0,0.0,1.0,0.0,1.0,0.0,0.0,7.0,3.0,21.0,0.38095238095238093,8.0,83,18,3.093624658934948,-0.40569999999999856,290.32700000000006,6.0,2.0,2.0,3.0,4.0,CONC1CN(C(=O)CC2=NCCN2)c2ccc(N)nc21,0.0,104.86999999999999
0.0,0.0,0.0,24.0,0.0,18.0,0.0,3.0,22,31,22,6,,1,,2,False,0.7096774193548387,0.0,0.0,1.0,1.0,0.0,0.0,0.0,0.0,1.0,0.0,1.0,0.0,0.0,4.0,2.0,22.0,0.18181818181818182,4.0,84,22,3.3502255665335388,2.4599,309.498,3.0,3.0,1.0,3.0,4.0,CC1CN(C23CCCCC2CC(CCCN)CC3)C(N)CO1,0.0,64.51
0.0,0.6666666666666666,2.0,20.0,0.0,15.0,0.0,3.0,19,25,19,3,,1,,2,False,0.76,0.0,0.0,0.2,1.0,0.0,0.0,1.0,0.0,1.0,0.0,1.0,0.0,0.0,3.0,0.0,18.0,0.16666666666666666,3.0,85,19,3.5837848444568605,3.0973000000000015,242.274,0.0,1.0,3.0,3.0,3.0,COCC1Oc2cccc(-c3ccccc3)c2O1,0.0,27.69
0.0,1.0,2.0,19.0,0.0,12.0,0.0,2.0,18,31,20,9,,1,,1,False,0.5806451612903226,0.0,0.0,0.3333333333333333,0.0,0.0,0.0,1.0,0.0,0.0,0.0,1.0,0.0,0.0,6.0,2.0,18.0,0.3333333333333333,6.0,86,18,2.2377462204950853,2.2726999999999995,249.26999999999995,3.0,0.0,3.0,2.0,5.0,CCCNc1cccc(-c2noc(O)n2)c1OC,0.0,80.41000000000001
0.0,0.5,2.0,23.0,0.0,14.0,0.0,4.0,22,28,22,2,,1,,3,False,0.7857142857142857,0.0,0.0,0.21428571428571427,1.0,0.0,0.0,1.0,0.0,1.0,0.0,1.0,0.0,0.0,6.0,0.0,20.0,0.3,6.0,87,22,2.7255795253265327,0.8622,266.26000000000005,4.0,2.0,2.0,4.0,1.0,O=C1CCN(c2ncnc3c2-c2cccnc2C3=O)C1,0.0,76.05000000000001
0.0,0.5,2.0,26.0,0.0,19.0,0.0,4.0,22,31,22,4,1,2,,2,False,0.7419354838709677,0.0,0.0,0.15789473684210525,1.0,0.0,0.0,1.0,0.0,1.0,0.0,1.0,0.0,0.0,4.0,2.0,23.0,0.17391304347826086,4.0,88,22,3.7366918661290094,3.4804000000000004,306.365,2.0,2.0,2.0,4.0,3.0,C=C(C)C1=C2C(c3ccccc3)=C(N)OC2NC1c1ccco1,0.0,60.42
0.0,0.0,0.0,24.0,0.0,17.0,0.0,3.0,12,22,13,6,,2,,1,False,0.5454545454545454,0.0,0.0,0.9411764705882353,0.0,0.0,0.0,0.0,0.0,0.0,0.0,1.0,0.0,0.0,5.0,0.0,22.0,0.22727272727272727,5.0,89,12,3.4534856148194693,2.3341000000000003,311.4220000000001,1.0,3.0,4.0,3.0,3.0,COC(=O)C1OC(C)C(C2CCCN(C3CCCCC3)C2)O1,0.0,48.0
0.0,0.5,1.0,17.0,0.0,14.0,0.0,2.0,22,34,25,7,,1,,1,False,0.6470588235294118,0.0,0.0,0.5714285714285714,0.0,0.0,0.0,1.0,0.0,0.0,0.0,1.0,0.0,0.0,2.0,1.0,16.0,0.125,2.0,90,22,2.925928785269235,2.6447200000000004,219.32799999999995,1.0,1.0,1.0,2.0,2.0,COc1ccc(C)c(C2(C)CCNCC2)c1,0.0,21.259999999999998
0.0,0.75,3.0,23.0,0.0,20.0,0.0,4.0,23,29,24,1,,1,,3,False,0.7931034482758621,0.0,0.0,0.2,2.0,0.0,0.0,1.0,0.0,1.0,0.0,1.0,0.0,0.0,0.0,0.0,20.0,0.0,0.0,91,23,3.6957955915864407,5.112300000000005,258.36400000000003,0.0,1.0,0.0,4.0,1.0,c1ccc2c(c1)CCC(c1ccc3ccccc3c1)C2,0.0,0.0
0.0,1.0,3.0,23.0,0.0,17.0,0.0,3.0,14,22,14,5,,1,,2,False,0.6363636363636364,1.0,0.0,0.11764705882352941,1.0,0.0,0.0,1.0,0.0,1.0,0.0,1.0,0.0,0.0,3.0,0.0,21.0,0.19047619047619047,4.0,92,14,3.848635695884705,3.9615000000000027,283.302,1.0,0.0,2.0,3.0,4.0,COc1ccc(OCc2ccc3ccccc3n2)cc1F,0.0,31.35
0.0,1.0,1.0,9.0,0.0,7.0,0.0,1.0,23,35,27,7,,,,1,False,0.6571428571428571,0.0,0.0,0.14285714285714285,0.0,0.0,0.0,1.0,0.0,0.0,0.0,1.0,0.0,0.0,2.0,1.0,9.0,0.2222222222222222,2.0,93,23,2.53231712748784,1.4007999999999998,124.13899999999997,0.0,0.0,2.0,1.0,1.0,COc1cccc(O)c1,0.0,29.46
0.0,0.75,3.0,24.0,0.0,17.0,0.0,4.0,20,28,21,3,,1,,3,False,0.7142857142857143,1.0,0.0,0.11764705882352941,1.0,0.0,0.0,1.0,0.0,1.0,0.0,1.0,0.0,0.0,3.0,1.0,21.0,0.19047619047619047,4.0,94,20,3.4364622278739048,3.272700000000002,281.286,1.0,1.0,2.0,4.0,1.0,OC1(c2ccccc2F)Cc2ccccc2-c2cnoc21,0.0,46.260000000000005
0.0,0.6666666666666666,2.0,21.0,0.0,16.0,0.0,3.0,19,29,21,5,,1,,2,False,0.6551724137931034,0.0,0.0,0.4375,1.0,0.0,0.0,1.0,0.0,1.0,0.0,1.0,0.0,0.0,2.0,0.0,19.0,0.15789473684210525,3.0,95,19,3.201408829799121,3.5935200000000025,256.3489999999999,2.0,1.0,1.0,3.0,2.0,COc1ccc(-c2ncn3c2CCCCC3)c(C)c1,0.0,27.05
0.0,1.0,3.0,25.0,0.0,16.0,0.0,3.0,11,24,12,9,,1,,2,False,0.4583333333333333,0.0,0.0,0.25,1.0,0.0,0.0,1.0,0.0,1.0,0.0,1.0,0.0,0.0,7.0,1.0,23.0,0.30434782608695654,7.0,96,11,1.4787578149893796,3.4346000000000014,312.32900000000006,4.0,0.0,3.0,3.0,6.0,CCCNc1nc(C(C)=O)cc2cccc(Oc3nnco3)c12,0.0,90.14
0.0,1.0,2.0,19.0,0.0,13.0,0.0,2.0,21,29,21,6,,1,,1,False,0.7241379310344828,1.0,0.0,0.07692307692307693,0.0,0.0,0.0,1.0,0.0,0.0,0.0,1.0,0.0,0.0,3.0,1.0,18.0,0.2777777777777778,5.0,97,21,2.5942619904309074,2.4816000000000003,246.24100000000004,2.0,0.0,2.0,2.0,3.0,COc1cc(F)cc(C(=O)Nc2cccnc2)c1,0.0,51.22
0.0,0.5,1.0,17.0,0.0,12.0,0.0,2.0,21,30,21,7,,,,2,False,0.7,0.0,0.0,0.5,1.0,0.0,0.0,1.0,0.0,1.0,0.0,1.0,0.0,0.0,4.0,1.0,16.0,0.25,4.0,98,21,3.0030600788889528,2.0884,224.25599999999997,0.0,1.0,4.0,2.0,4.0,CC(C)OCCc1ccc(O)c2c1OCO2,0.0,47.92
0.0,0.0,0.0,27.0,0.0,18.0,0.0,4.0,17,28,18,6,,,,4,False,0.6071428571428571,0.0,0.0,0.8333333333333334,1.0,0.0,0.0,0.0,0.0,1.0,0.0,1.0,0.0,1.0,6.0,4.0,24.0,0.25,6.0,99,17,2.995274380324442,-0.010699999999997434,333.48000000000013,5.0,4.0,1.0,4.0,2.0,CCNC1=CC23CCNN2CC(C)NCC3CC2(CCNC2)C1=O,2.0,68.43
0.0,0.5,2.0,23.0,0.0,15.0,0.0,4.0,21,28,22,2,,1,,3,False,0.75,0.0,0.0,0.13333333333333333,1.0,0.0,0.0,1.0,0.0,1.0,0.0,1.0,0.0,0.0,5.0,1.0,20.0,0.25,5.0,100,21,2.7775935679115955,2.14382,263.30400000000003,5.0,2.0,0.0,4.0,1.0,Cc1ncc2c(n1)C=C(c1ccccc1)N1C=NNC21,0.0,53.410000000000004
0.0,0.75,3.0,21.0,0.0,12.0,0.0,4.0,20,29,22,3,,1,,3,False,0.6896551724137931,0.0,0.0,0.16666666666666666,2.0,0.0,0.0,1.0,0.0,1.0,0.0,1.0,0.0,0.0,4.0,3.0,18.0,0.3333333333333333,6.0,101,20,2.9778966120010466,1.48712,240.27,6.0,1.0,0.0,4.0,1.0,Cc1nc2cccc(-n3cnc4c3CNN4)c2[nH]1,0.0,70.56
0.0,0.0,0.0,13.0,0.0,12.0,0.0,0.0,23,36,23,13,,,,,False,0.6388888888888888,0.0,0.0,0.5833333333333334,0.0,0.0,0.0,0.0,0.0,0.0,0.0,0.0,0.0,0.0,1.0,1.0,14.0,0.14285714285714285,2.0,102,23,2.3034905401610257,2.8152000000000017,195.30599999999998,1.0,0.0,1.0,0.0,6.0,CC=CCNC(=O)CCCC=C(C)C,0.0,29.1
0.0,0.6666666666666666,2.0,24.0,0.0,18.0,0.0,3.0,18,29,19,7,,1,,2,False,0.6206896551724138,0.0,0.0,0.2777777777777778,1.0,0.0,0.0,1.0,0.0,1.0,0.0,1.0,0.0,0.0,4.0,0.0,22.0,0.18181818181818182,4.0,103,18,3.9136581975766696,3.4870000000000028,296.37,2.0,1.0,2.0,3.0,5.0,COCCc1cc(OC)ccc1N1C=CCc2ncccc21,0.0,34.59
0.0,1.0,1.0,19.0,0.0,14.0,0.0,1.0,14,28,14,13,,,,1,False,0.5,1.0,0.0,0.5,0.0,0.0,0.0,1.0,0.0,0.0,0.0,1.0,0.0,0.0,4.0,3.0,19.0,0.2631578947368421,5.0,104,14,2.889007855285819,2.3729999999999993,268.332,2.0,0.0,2.0,1.0,6.0,CCC(C)c1c(F)cc(O)cc1NCC(=O)C(C)N,0.0,75.35
0.0,1.0,2.0,14.0,0.0,12.0,0.0,2.0,18,29,22,5,,1,,1,False,0.6206896551724138,0.0,0.0,0.0,0.0,0.0,0.0,1.0,0.0,0.0,0.0,1.0,0.0,0.0,1.0,0.0,13.0,0.07692307692307693,1.0,105,18,2.9949756228887177,3.478900000000001,170.21099999999998,0.0,0.0,1.0,2.0,2.0,c1ccc(Oc2ccccc2)cc1,0.0,9.23
0.0,0.0,0.0,7.0,0.0,6.0,0.0,1.0,17,37,28,8,,,,1,False,0.4594594594594595,0.0,0.0,1.0,0.0,0.0,0.0,0.0,0.0,0.0,0.0,1.0,0.0,0.0,1.0,0.0,7.0,0.14285714285714285,1.0,106,17,3.362404765840521,1.1021,99.177,1.0,1.0,0.0,1.0,1.0,CCN1CCCC1,0.0,3.24
0.0,0.3333333333333333,1.0,21.0,0.0,13.0,0.0,3.0,18,28,19,6,,1,,2,False,0.6428571428571429,0.0,0.0,0.3076923076923077,1.0,0.0,0.0,1.0,0.0,1.0,0.0,1.0,0.0,0.0,6.0,1.0,19.0,0.3157894736842105,6.0,107,18,3.0541368925066896,0.7189999999999999,258.281,4.0,2.0,2.0,3.0,3.0,CCc1cc(OC)ccc1C1=NN2NN=CC2C1=O,0.0,66.28999999999999
0.0,1.0,3.0,24.0,0.0,17.0,0.0,3.0,16,31,18,10,,1,,2,False,0.5161290322580645,0.0,0.0,0.29411764705882354,1.0,0.0,0.0,1.0,0.0,1.0,0.0,1.0,0.0,0.0,2.0,3.0,22.0,0.22727272727272727,5.0,108,16,2.492701689675394,3.948220000000002,296.374,4.0,0.0,1.0,3.0,3.0,CC(=O)Nc1cc2[nH]c(C)cc2c(-c2cnc[nH]2)c1C(C)C,0.0,73.57
0.0,0.5,1.0,11.0,0.0,10.0,0.0,2.0,23,27,24,1,,,,2,False,0.8518518518518519,0.0,0.0,0.2,1.0,0.0,0.0,1.0,0.0,1.0,0.0,1.0,0.0,0.0,0.0,0.0,10.0,0.0,0.0,109,23,2.0437884728966065,2.646000000000001,130.18999999999997,0.0,1.0,0.0,2.0,0.0,C1=Cc2ccccc2CC1,0.0,0.0
0.0,0.3333333333333333,1.0,22.0,0.0,17.0,0.0,3.0,20,31,20,8,,,,3,False,0.6451612903225806,0.0,0.0,0.4117647058823529,1.0,0.0,0.0,1.0,0.0,1.0,0.0,1.0,0.0,0.0,3.0,1.0,20.0,0.15,3.0,110,20,6.669913731305686,4.107000000000003,272.344,0.0,2.0,3.0,3.0,3.0,C=C1CC2CC(CC)=Cc3c(OC)c(O)c(OC)c1c32,0.0,38.69
0.0,0.25,1.0,23.0,2.0,18.0,0.0,3.0,8,26,12,11,,1,,2,False,0.3076923076923077,0.0,0.0,0.4444444444444444,1.0,0.0,0.0,1.0,1.0,1.0,0.0,1.0,0.0,0.0,3.0,0.0,21.0,0.14285714285714285,3.0,111,8,3.4159119773311493,3.680500000000002,285.387,1.0,3.0,2.0,4.0,3.0,COc1ccccc1C1=C2C=C(N(C)C)C(C)(C1)C(C)O2,0.0,21.700000000000003
0.0,0.6666666666666666,4.0,24.0,2.0,15.0,0.0,5.0,15,30,21,4,,,,5,False,0.5,0.0,0.0,0.13333333333333333,1.0,0.0,0.0,1.0,1.0,1.0,0.0,1.0,0.0,0.0,5.0,1.0,20.0,0.25,5.0,112,15,2.1185003016604074,3.391700000000003,263.256,3.0,2.0,2.0,6.0,0.0,Oc1cc2c3c(c1c1ccccc21)OCC1=NN=NC13,0.0,66.53999999999999
0.0,0.5,2.0,22.0,0.0,14.0,0.0,4.0,19,37,24,9,,,,4,False,0.5135135135135135,0.0,0.0,0.35714285714285715,1.0,0.0,0.0,1.0,0.0,1.0,0.0,1.0,0.0,0.0,4.0,2.0,19.0,0.2631578947368421,5.0,113,19,2.9076676397258665,1.7212,256.30899999999997,4.0,2.0,1.0,4.0,2.0,NCC=Cn1cnc2c3c(ccc21)C1CCOC1N3,0.0,65.10000000000001
0.0,0.0,0.0,21.0,0.0,15.0,0.0,2.0,9,22,10,10,,1,,1,False,0.4090909090909091,0.0,0.0,0.8666666666666667,0.0,0.0,0.0,0.0,0.0,0.0,0.0,1.0,0.0,0.0,5.0,1.0,20.0,0.25,5.0,114,9,3.4737622431605217,1.4313999999999993,283.416,3.0,2.0,2.0,2.0,6.0,COC1=C(C)NCC1ON(C)CCN1CCC(C)CC1,0.0,36.97
0.0,0.4,2.0,24.0,0.0,16.0,0.0,5.0,23,29,23,,1,1,,4,False,0.8275862068965517,0.0,0.0,0.3125,1.0,0.0,0.0,1.0,0.0,1.0,0.0,1.0,0.0,0.0,2.0,2.0,20.0,0.2,4.0,115,23,2.4495786214128503,2.5842,264.332,4.0,3.0,0.0,5.0,1.0,C1=C2CC(n3cccc3)C3=C(NCC3)C2c2cn[nH]c21,0.0,45.64
0.0,0.5,1.0,21.0,0.0,14.0,0.0,2.0,21,32,21,9,,1,,1,False,0.65625,0.0,0.0,0.5,0.0,0.0,0.0,1.0,0.0,0.0,0.0,1.0,0.0,0.0,5.0,2.0,20.0,0.3,6.0,116,21,3.8973533599221235,1.0234999999999999,276.34000000000003,4.0,1.0,2.0,2.0,6.0,NC(CC1CCN(Cc2ccccc2)C1)C(=O)NN=O,0.0,87.78999999999999
0.0,0.3333333333333333,1.0,21.0,0.0,13.0,0.0,3.0,21,30,22,5,,1,,2,False,0.7,0.0,0.0,0.6923076923076923,1.0,0.0,0.0,1.0,0.0,1.0,0.0,1.0,0.0,0.0,6.0,3.0,19.0,0.3157894736842105,6.0,117,21,8.451550758207432,0.7115999999999996,264.32899999999995,4.0,2.0,2.0,3.0,3.0,CC1(ONc2ccncn2)C(O)CCC2CCNC21,0.0,79.3
0.0,0.0,0.0,12.0,0.0,9.0,0.0,1.0,22,31,23,7,,,,1,False,0.7096774193548387,0.0,0.0,0.4444444444444444,0.0,0.0,0.0,0.0,0.0,0.0,0.0,1.0,0.0,0.0,1.0,1.0,12.0,0.25,3.0,118,22,3.1131064704463722,1.4915,166.224,2.0,1.0,1.0,1.0,1.0,CC(C)=CC1=CN(C)C(=O)NC1,0.0,32.34
0.0,0.0,0.0,22.0,0.0,15.0,0.0,1.0,6,25,7,17,,,,1,False,0.24,3.0,0.0,0.9333333333333333,0.0,0.0,0.0,0.0,0.0,0.0,0.0,1.0,0.0,0.0,4.0,1.0,22.0,0.3181818181818182,7.0,119,6,1.6159308664416145,3.0554000000000014,325.3710000000001,1.0,1.0,3.0,1.0,7.0,COC1(CCCCCC(F)(F)F)NCC(C)C(=O)C1(C)OC,0.0,47.56
0.0,0.3333333333333333,1.0,20.0,0.0,14.0,0.0,3.0,21,29,22,4,,1,,2,False,0.7241379310344828,0.0,0.0,0.2857142857142857,1.0,0.0,0.0,1.0,0.0,1.0,0.0,1.0,0.0,0.0,4.0,1.0,18.0,0.2222222222222222,4.0,120,21,3.0844317432070656,1.6414999999999997,243.31,3.0,2.0,1.0,3.0,2.0,COc1ccccc1C1=CNC2C=CN(C)CN12,0.0,27.740000000000002
0.0,0.25,1.0,24.0,0.0,18.0,0.0,4.0,20,28,20,4,,,,4,False,0.7142857142857143,0.0,0.0,0.3333333333333333,1.0,0.0,0.0,1.0,0.0,1.0,0.0,1.0,0.0,0.0,3.0,1.0,21.0,0.14285714285714285,3.0,121,20,3.178456395463083,2.711000000000001,280.37100000000004,2.0,3.0,1.0,4.0,0.0,CC1=CC2=C(N(C)CC2O)N2Cc3ccccc3C2=C1C,0.0,26.71
0.0,0.5,1.0,23.0,0.0,16.0,0.0,2.0,19,32,19,11,,1,,1,False,0.59375,0.0,0.0,0.4375,0.0,0.0,0.0,1.0,0.0,0.0,0.0,1.0,0.0,0.0,5.0,1.0,22.0,0.2727272727272727,6.0,122,19,4.020697494591214,1.0065999999999993,303.3620000000001,3.0,1.0,3.0,2.0,7.0,CCN(C)C1=C(CCNC(=O)C(=O)c2ccncc2)COC1,0.0,71.53
0.0,1.0,2.0,21.0,0.0,15.0,0.0,2.0,17,29,18,9,,1,,1,False,0.5862068965517241,0.0,0.0,0.13333333333333333,0.0,0.0,0.0,1.0,0.0,0.0,0.0,1.0,0.0,0.0,4.0,2.0,20.0,0.25,5.0,123,17,4.1389825437729835,2.6617000000000006,273.28799999999995,1.0,0.0,4.0,2.0,4.0,COc1cccc(NC(=O)c2cc(OC)ccc2O)c1,0.0,67.79
0.0,0.6666666666666666,2.0,22.0,0.0,15.0,0.0,3.0,19,27,19,5,,1,,2,False,0.7037037037037037,0.0,0.0,0.4666666666666667,1.0,0.0,0.0,1.0,0.0,1.0,0.0,1.0,0.0,0.0,5.0,1.0,20.0,0.25,5.0,124,19,11.06968484514174,1.8746,272.352,4.0,1.0,1.0,3.0,3.0,CCN(C)c1cc(C2OCCC2N)c2ccncc2n1,0.0,64.27000000000001
0.0,0.5,1.0,19.0,0.0,15.0,0.0,2.0,21,30,22,6,,1,,1,False,0.7,0.0,0.0,0.4666666666666667,0.0,0.0,0.0,1.0,0.0,0.0,0.0,1.0,0.0,0.0,3.0,2.0,18.0,0.16666666666666666,3.0,125,21,3.030613237428935,3.225900000000001,248.32199999999997,0.0,1.0,3.0,2.0,2.0,CC1CCC(=COc2cccc(O)c2)CC(O)C1,0.0,49.69
0.0,0.5,1.0,15.0,0.0,9.0,0.0,2.0,23,34,26,6,,1,,1,False,0.6764705882352942,0.0,0.0,0.3333333333333333,0.0,0.0,0.0,1.0,0.0,0.0,0.0,1.0,0.0,0.0,5.0,1.0,14.0,0.35714285714285715,5.0,126,23,3.026621595720402,0.7410999999999999,193.20600000000002,3.0,1.0,2.0,2.0,3.0,COc1conc1CC1=NC=CCN1,0.0,59.650000000000006
0.0,1.0,1.0,9.0,0.0,5.0,0.0,1.0,15,27,22,4,,,,1,False,0.5555555555555556,0.0,0.0,0.2,0.0,0.0,0.0,1.0,0.0,0.0,0.0,1.0,0.0,0.0,4.0,1.0,9.0,0.4444444444444444,4.0,127,15,5.097893738452133,0.06740000000000002,125.13100000000001,3.0,0.0,1.0,1.0,1.0,COc1cc(N)ncn1,0.0,61.03
0.0,0.3333333333333333,1.0,19.0,0.0,13.0,0.0,3.0,18,24,18,3,,,,3,False,0.75,0.0,0.0,0.3076923076923077,1.0,0.0,0.0,1.0,0.0,1.0,0.0,1.0,0.0,0.0,3.0,0.0,17.0,0.23529411764705882,4.0,128,18,2.761706364935662,1.6847,227.267,3.0,2.0,1.0,3.0,1.0,CCN1C(=O)c2ccccc2C2C=NN=CC21,0.0,45.03
0.0,1.0,2.0,18.0,0.0,12.0,0.0,2.0,18,29,20,7,,1,,1,False,0.6206896551724138,0.0,0.0,0.08333333333333333,0.0,0.0,0.0,1.0,0.0,0.0,0.0,1.0,0.0,0.0,5.0,0.0,17.0,0.29411764705882354,5.0,129,18,2.567481975669159,2.0554999999999994,230.22299999999998,2.0,0.0,3.0,2.0,3.0,COC(=O)c1ccccc1Oc1ncccn1,0.0,61.31
0.0,0.5,1.0,18.0,0.0,10.0,0.0,2.0,19,28,19,7,,,,2,False,0.6785714285714286,0.0,0.0,0.4,1.0,0.0,0.0,1.0,0.0,1.0,0.0,1.0,0.0,0.0,6.0,3.0,17.0,0.4117647058823529,7.0,130,19,2.627312588786009,-0.17350000000000015,234.263,6.0,1.0,1.0,2.0,4.0,CC(=O)NCCNc1cc2c(nn1)C=NCN2,0.0,91.3
0.0,0.0,0.0,15.0,0.0,10.0,0.0,2.0,13,24,15,7,,,,2,False,0.5416666666666666,0.0,0.0,0.9,1.0,0.0,0.0,0.0,0.0,1.0,0.0,1.0,0.0,0.0,4.0,2.0,14.0,0.2857142857142857,4.0,131,13,3.5179270262850513,0.3828000000000001,197.28199999999998,3.0,2.0,1.0,2.0,0.0,CC1=NNC2(C)C1CC(O)C(C)N2C,0.0,47.86000000000001
0.0,1.0,1.0,9.0,0.0,6.0,0.0,1.0,16,34,23,10,,,,1,False,0.47058823529411764,0.0,0.0,0.16666666666666666,0.0,0.0,0.0,1.0,0.0,0.0,0.0,1.0,0.0,0.0,3.0,1.0,9.0,0.3333333333333333,3.0,132,16,3.5558942040776067,0.6724,124.143,2.0,0.0,1.0,1.0,1.0,COc1cccnc1N,0.0,48.14
0.0,1.0,2.0,23.0,0.0,22.0,0.0,2.0,21,35,22,11,,1,,1,False,0.6,0.0,0.0,0.36363636363636365,0.0,0.0,0.0,1.0,0.0,0.0,0.0,1.0,0.0,0.0,0.0,0.0,22.0,0.0,0.0,133,21,2.947836194530304,6.447420000000006,292.46599999999995,0.0,0.0,0.0,2.0,8.0,CCC(CC=Cc1ccccc1)CCCc1ccc(C)cc1,0.0,0.0
0.0,1.0,2.0,10.0,0.0,7.0,0.0,2.0,22,24,22,,,,,2,False,0.9166666666666666,0.0,0.0,0.0,1.0,0.0,0.0,1.0,0.0,1.0,0.0,1.0,0.0,0.0,1.0,1.0,9.0,0.2222222222222222,2.0,134,22,3.132438302038744,1.5629,118.13899999999997,2.0,0.0,0.0,2.0,0.0,c1cnc2[nH]ccc2c1,0.0,28.68
0.0,1.0,4.0,23.0,0.0,11.0,0.0,4.0,22,29,22,3,,,,4,False,0.7586206896551724,0.0,0.0,0.0,1.0,0.0,0.0,1.0,0.0,1.0,0.0,1.0,0.0,0.0,7.0,3.0,20.0,0.45,9.0,135,22,3.710810075399628,0.11049999999999971,270.20799999999997,6.0,0.0,3.0,4.0,0.0,O=c1c2cc3cc4ncnc-4[nH]c3nc2nc(O)n1O,0.0,129.81
0.0,0.75,3.0,24.0,2.0,18.0,0.0,4.0,16,28,19,5,,1,,3,False,0.5714285714285714,0.0,0.0,0.2222222222222222,1.0,0.0,0.0,1.0,1.0,1.0,0.0,1.0,0.0,0.0,2.0,1.0,21.0,0.14285714285714285,3.0,136,16,2.9707849632360115,3.002600000000002,276.33900000000006,2.0,1.0,1.0,4.0,2.0,O=c1[nH]c2cc3cc(c2nc1Cc1ccccc1)CCC3,0.0,45.75
0.0,0.25,1.0,24.0,0.0,15.0,0.0,4.0,20,28,21,3,,1,,3,False,0.7142857142857143,0.0,0.0,0.26666666666666666,2.0,0.0,0.0,1.0,0.0,1.0,0.0,1.0,0.0,0.0,5.0,1.0,21.0,0.2857142857142857,6.0,137,20,5.5704915935533466,0.756,282.30300000000005,4.0,3.0,2.0,4.0,2.0,O=C1C=C(CN2COC3C=NN=C32)c2ccccc2CN1,0.0,66.29
0.0,0.3333333333333333,1.0,24.0,0.0,14.0,0.0,3.0,23,37,26,8,,2,,1,False,0.6216216216216216,0.0,0.0,0.21428571428571427,0.0,0.0,0.0,1.0,0.0,0.0,0.0,1.0,0.0,0.0,7.0,2.0,22.0,0.36363636363636365,8.0,138,23,11.328692762267641,-0.4020000000000001,300.2740000000001,4.0,2.0,4.0,3.0,2.0,CC1=C(OC2=NC(c3ccncc3)CN2)C(=O)NC(=O)C1=O,0.0,109.75
0.0,1.0,3.0,22.0,0.0,13.0,0.0,3.0,23,34,25,6,,2,,1,False,0.6764705882352942,0.0,0.0,0.0,0.0,0.0,0.0,1.0,0.0,0.0,0.0,1.0,0.0,0.0,6.0,3.0,20.0,0.35,7.0,139,23,4.732147376892524,1.6725999999999999,272.264,4.0,0.0,3.0,3.0,3.0,NOc1ccc(-c2cccc(O)c2-n2ccc(N)n2)o1,0.0,112.46000000000001
0.0,0.0,0.0,21.0,2.0,12.0,0.0,4.0,18,25,19,2,,,,4,False,0.72,0.0,0.0,0.75,1.0,0.0,0.0,0.0,1.0,1.0,0.0,1.0,0.0,1.0,6.0,1.0,18.0,0.3333333333333333,6.0,140,18,4.102480521628455,0.6544000000000001,248.28599999999997,4.0,4.0,2.0,4.0,0.0,ON1C2(CCOCC2)CC2=NC13CC=NCC3=N2,2.0,69.78
0.0,1.0,1.0,16.0,0.0,13.0,0.0,1.0,22,33,22,10,,,,1,False,0.6666666666666666,0.0,0.0,0.46153846153846156,0.0,0.0,0.0,1.0,0.0,0.0,0.0,1.0,0.0,0.0,3.0,1.0,16.0,0.1875,3.0,141,22,11.180893348292592,2.1783,222.28399999999996,0.0,0.0,3.0,1.0,6.0,COC(=O)c1ccc(CCCCCO)cc1,0.0,46.53
0.0,0.0,0.0,23.0,4.0,20.0,0.0,3.0,21,30,22,5,,,,3,False,0.7,0.0,0.0,0.7,1.0,0.0,0.0,0.0,1.0,1.0,1.0,1.0,0.0,0.0,1.0,1.0,21.0,0.047619047619047616,1.0,142,21,3.1327795103393417,6.235500000000005,286.459,0.0,3.0,1.0,3.0,2.0,CCCC1=CCC2CCC3CCCC(O)=CCCC(=C13)C2,0.0,20.23
0.0,0.25,1.0,23.0,2.0,16.0,0.0,3.0,20,28,20,5,,1,,2,False,0.7142857142857143,0.0,0.0,0.625,1.0,0.0,0.0,1.0,1.0,1.0,0.0,1.0,0.0,0.0,5.0,1.0,21.0,0.23809523809523808,5.0,143,20,3.5681904387693106,1.9230999999999998,293.36300000000006,1.0,3.0,4.0,4.0,5.0,CNOCC1(Oc2ccccc2)CC2CCC1OCCO2,0.0,48.95
0.0,1.0,1.0,11.0,0.0,7.0,0.0,1.0,13,22,14,7,,,,1,False,0.5909090909090909,0.0,0.0,0.7142857142857143,0.0,0.0,0.0,1.0,0.0,0.0,0.0,1.0,0.0,0.0,4.0,0.0,11.0,0.36363636363636365,4.0,144,13,2.188795222996808,1.0387,156.18500000000003,2.0,0.0,2.0,1.0,5.0,CCOCCCc1nnco1,0.0,48.150000000000006
0.0,0.5,1.0,19.0,0.0,12.0,0.0,2.0,19,28,19,7,,1,,1,False,0.6785714285714286,0.0,0.0,0.5833333333333334,0.0,0.0,0.0,1.0,0.0,0.0,0.0,1.0,0.0,0.0,3.0,1.0,18.0,0.3333333333333333,6.0,145,19,2.928038011872688,0.5302999999999991,250.302,4.0,1.0,2.0,2.0,3.0,CC(=O)NCC(=O)N1CCCCC1n1ccnc1,0.0,67.23
0.0,1.0,1.0,19.0,0.0,17.0,0.0,1.0,13,29,14,14,,,,1,False,0.4482758620689655,0.0,0.0,0.5882352941176471,0.0,0.0,0.0,1.0,0.0,0.0,0.0,1.0,0.0,0.0,2.0,0.0,19.0,0.10526315789473684,2.0,146,13,2.5183539373203527,4.512300000000004,262.393,0.0,0.0,2.0,1.0,8.0,CCCCCC(=O)C(C)(CC)c1cccc(OC)c1,0.0,26.3
0.0,0.5,1.0,22.0,0.0,16.0,0.0,2.0,22,33,22,9,,1,,1,False,0.6666666666666666,0.0,0.0,0.5,0.0,0.0,0.0,1.0,0.0,0.0,0.0,1.0,0.0,0.0,4.0,1.0,21.0,0.23809523809523808,5.0,147,22,2.394452248574445,1.3963199999999998,289.379,3.0,1.0,2.0,2.0,6.0,COc1cccc(CCNC(=O)CN2C=NCCC2)c1C,0.0,53.93
0.0,0.4,2.0,28.0,0.0,15.0,0.0,5.0,21,29,21,3,,1,,4,False,0.7241379310344828,0.0,0.0,0.2,1.0,0.0,0.0,1.0,0.0,1.0,0.0,1.0,0.0,0.0,8.0,0.0,24.0,0.375,9.0,148,21,3.3621397993162994,0.7906,323.2680000000001,5.0,3.0,4.0,5.0,1.0,CC1=C(c2cnoc2)C(=O)C2C3=Nc4cncnc4C3ON2C1=O,0.0,110.78
0.0,1.0,2.0,21.0,0.0,16.0,0.0,2.0,23,35,23,10,,,,2,False,0.6571428571428571,1.0,0.0,0.3125,1.0,0.0,0.0,1.0,0.0,1.0,0.0,1.0,0.0,0.0,3.0,0.0,20.0,0.2,4.0,149,23,2.8342171308430686,3.8975000000000026,276.30699999999996,0.0,0.0,3.0,2.0,3.0,COC(=O)c1ccc2c(F)c(OC)cc(C(C)C)c2c1,0.0,35.53
0.0,1.0,3.0,22.0,0.0,13.0,0.0,3.0,20,27,20,4,,1,,2,False,0.7407407407407407,0.0,0.0,0.07692307692307693,1.0,0.0,0.0,1.0,0.0,1.0,0.0,1.0,0.0,0.0,7.0,3.0,20.0,0.35,7.0,150,20,2.677065112554116,1.8830199999999997,269.26399999999995,5.0,0.0,2.0,3.0,2.0,Cc1nc(Nc2cccc(O)n2)c2nc(O)ccc2n1,0.0,104.05000000000001
0.0,1.0,2.0,20.0,0.0,14.0,0.0,2.0,20,30,20,8,,1,,1,False,0.6666666666666666,0.0,0.0,0.2857142857142857,0.0,0.0,0.0,1.0,0.0,0.0,0.0,1.0,0.0,0.0,5.0,4.0,19.0,0.2631578947368421,5.0,151,20,2.7529585974272908,2.0130999999999997,263.293,1.0,0.0,4.0,2.0,6.0,OCCCc1occc1C(O)Nc1cccc(O)c1,0.0,85.86000000000001
0.0,0.0,0.0,9.0,0.0,8.0,0.0,0.0,21,31,21,9,1,,,,False,0.7096774193548387,0.0,0.0,1.0,0.0,0.0,0.0,0.0,0.0,0.0,0.0,0.0,0.0,0.0,2.0,2.0,10.0,0.2,2.0,152,21,3.087202327439238,1.0029,145.24599999999998,1.0,0.0,1.0,0.0,5.0,CCC(CO)CNC(C)C,0.0,32.26
0.0,0.75,3.0,25.0,0.0,16.0,0.0,4.0,23,33,25,4,,1,,3,False,0.696969696969697,0.0,0.0,0.125,1.0,0.0,0.0,1.0,0.0,1.0,0.0,1.0,0.0,0.0,6.0,3.0,22.0,0.2727272727272727,6.0,153,23,2.331184884849367,2.849000000000001,294.314,4.0,1.0,2.0,4.0,2.0,ONC1CNc2ccccc2-c2c(-c3ccncn3)coc21,0.0,83.21
0.0,0.0,0.0,20.0,0.0,12.0,0.0,3.0,21,29,21,4,1,1,,2,False,0.7586206896551724,0.0,0.0,0.5,1.0,0.0,0.0,0.0,0.0,1.0,0.0,1.0,0.0,0.0,5.0,1.0,18.0,0.3333333333333333,6.0,154,21,2.729476129473836,0.20960000000000023,248.28600000000003,4.0,3.0,2.0,3.0,2.0,CC(=O)NC1CCN(N2C=NC=C3OC=CC32)C1,0.0,57.17
0.0,0.0,0.0,17.0,2.0,11.0,0.0,3.0,23,27,23,1,,,,3,False,0.8518518518518519,0.0,0.0,0.8181818181818182,1.0,0.0,0.0,0.0,1.0,1.0,0.0,1.0,0.0,0.0,4.0,1.0,15.0,0.26666666666666666,4.0,155,23,2.1175848956508863,0.6416,211.261,1.0,3.0,3.0,3.0,0.0,CC1=C2OCC3COCC(C3)NC2CO1,0.0,39.72
0.0,1.0,1.0,20.0,0.0,13.0,0.0,1.0,23,42,25,16,,,,1,False,0.5476190476190477,0.0,0.0,0.38461538461538464,0.0,0.0,0.0,1.0,0.0,0.0,0.0,1.0,0.0,0.0,7.0,3.0,20.0,0.35,7.0,156,23,3.0930201943104194,-0.2930000000000002,283.28,1.0,0.0,6.0,1.0,8.0,COc1ccc(C(=O)OC(C=O)CNCCO)c(O)c1,0.0,105.09
0.0,1.0,2.0,19.0,0.0,13.0,0.0,2.0,22,30,22,6,,1,,1,False,0.7333333333333333,2.0,0.0,0.07692307692307693,0.0,0.0,0.0,1.0,0.0,0.0,0.0,1.0,0.0,0.0,3.0,1.0,18.0,0.2777777777777778,5.0,157,22,2.748955897443564,3.471300000000001,252.21599999999998,0.0,0.0,3.0,2.0,3.0,COc1cccc(Oc2cc(F)cc(O)c2F)c1,0.0,38.69
0.0,0.3333333333333333,1.0,20.0,0.0,13.0,0.0,3.0,23,27,23,1,,1,,2,False,0.8518518518518519,0.0,0.0,0.46153846153846156,0.0,0.0,0.0,1.0,0.0,0.0,0.0,1.0,0.0,1.0,5.0,1.0,18.0,0.2777777777777778,5.0,158,23,2.722112639568405,1.7715999999999998,248.28199999999995,2.0,2.0,3.0,3.0,1.0,CC1=NNC2(CC1c1ccccc1)OCCOO2,1.0,52.08000000000001
0.0,1.0,1.0,11.0,0.0,8.0,0.0,1.0,17,29,20,8,,,,1,False,0.5862068965517241,1.0,0.0,0.25,0.0,0.0,0.0,1.0,0.0,0.0,0.0,1.0,0.0,0.0,2.0,1.0,11.0,0.2727272727272727,3.0,159,17,3.4044136458214584,1.3266,156.156,0.0,0.0,2.0,1.0,2.0,COc1ccc(F)c(CO)c1,0.0,29.46
0.0,0.3333333333333333,1.0,22.0,0.0,14.0,0.0,3.0,16,24,16,5,,1,,2,False,0.6666666666666666,0.0,0.0,0.5,1.0,0.0,0.0,1.0,0.0,1.0,0.0,1.0,0.0,0.0,4.0,1.0,20.0,0.3,6.0,160,16,2.3180586317679044,1.1901,274.324,4.0,2.0,2.0,3.0,3.0,CCN1C(=O)NC=CC1c1ncc2c(n1)CC(OC)C2,0.0,67.35000000000001
0.0,0.5,1.0,18.0,0.0,11.0,0.0,2.0,15,25,16,7,,1,,1,False,0.6,0.0,0.0,0.45454545454545453,0.0,0.0,0.0,1.0,0.0,0.0,0.0,1.0,0.0,0.0,6.0,2.0,17.0,0.35294117647058826,6.0,161,15,3.8528249281202633,1.6377,236.27499999999998,4.0,1.0,2.0,2.0,5.0,COCCNc1ccc(O)c(N2CCN=N2)c1,0.0,69.44999999999999
0.0,0.2,1.0,24.0,0.0,15.0,0.0,5.0,21,30,22,2,1,,,5,False,0.7,0.0,0.0,0.3333333333333333,1.0,0.0,0.0,1.0,0.0,1.0,0.0,1.0,0.0,0.0,4.0,0.0,20.0,0.25,5.0,162,21,2.9217297731673812,1.9050999999999998,266.30400000000003,4.0,4.0,1.0,5.0,0.0,CC1=Cc2cn3c(c2N2CCOC12)C=C1N=CN=C1C3,0.0,42.12
0.0,1.0,1.0,8.0,0.0,7.0,0.0,1.0,23,28,24,3,,,,1,False,0.8214285714285714,0.0,0.0,0.14285714285714285,0.0,0.0,0.0,1.0,0.0,0.0,0.0,1.0,0.0,0.0,1.0,0.0,8.0,0.125,1.0,163,23,2.8314847151867117,1.6952,108.13999999999997,0.0,0.0,1.0,1.0,1.0,COc1ccccc1,0.0,9.23
0.0,0.6666666666666666,2.0,22.0,0.0,17.0,0.0,3.0,23,31,23,5,,2,,1,False,0.7419354838709677,0.0,0.0,0.29411764705882354,0.0,1.0,0.0,1.0,0.0,0.0,0.0,1.0,1.0,0.0,2.0,0.0,20.0,0.15,3.0,164,23,3.197727713882289,2.708400000000001,267.328,1.0,1.0,2.0,3.0,4.0,CC(Cc1ccccc1)n1cccc(C2CC2=O)c1=O,0.0,39.07
0.0,0.5,2.0,24.0,0.0,14.0,0.0,4.0,22,33,25,4,,1,,3,False,0.6666666666666666,0.0,0.0,0.14285714285714285,2.0,0.0,0.0,1.0,0.0,1.0,0.0,1.0,0.0,0.0,7.0,2.0,21.0,0.3333333333333333,7.0,165,22,1.929044254966829,-0.010900000000000076,280.291,6.0,2.0,1.0,4.0,2.0,C1=NCNc2c1cccc2Oc1ncnc2c1=CNCN=2,0.0,83.79
0.0,1.0,2.0,21.0,0.0,14.0,0.0,2.0,19,33,21,10,,1,,1,False,0.5757575757575758,0.0,0.0,0.21428571428571427,0.0,0.0,0.0,1.0,0.0,0.0,0.0,1.0,0.0,0.0,6.0,1.0,20.0,0.3,6.0,166,19,2.9466034760029527,2.4056200000000008,273.292,3.0,0.0,3.0,2.0,4.0,CNc1ccc(Oc2cnc(C)nc2C(=O)OC)cc1,0.0,73.34
0.0,0.0,0.0,23.0,0.0,15.0,0.0,3.0,22,33,23,7,,1,,2,False,0.6666666666666666,0.0,0.0,0.8666666666666667,1.0,0.0,0.0,0.0,0.0,1.0,0.0,1.0,0.0,0.0,5.0,2.0,21.0,0.2857142857142857,6.0,167,22,2.1610976528872565,0.8162000000000004,295.3829999999999,3.0,3.0,3.0,3.0,4.0,CCC1CCC2(OC3=NCCCO3)CCNCC12NC=O,0.0,71.95
0.0,1.0,3.0,20.0,0.0,13.0,0.0,3.0,20,28,21,4,,1,,2,False,0.7142857142857143,0.0,0.0,0.07692307692307693,1.0,0.0,0.0,1.0,0.0,1.0,0.0,1.0,0.0,0.0,4.0,0.0,18.0,0.2777777777777778,5.0,168,20,2.9356027331047945,2.5302,241.25000000000003,3.0,0.0,2.0,3.0,3.0,COc1ccc(Oc2ccnc3ccnn23)cc1,0.0,48.650000000000006
0.0,0.5,1.0,19.0,0.0,12.0,0.0,2.0,20,30,20,8,,,,2,False,0.6666666666666666,0.0,0.0,0.5,1.0,0.0,0.0,1.0,0.0,1.0,0.0,1.0,0.0,0.0,6.0,2.0,18.0,0.3333333333333333,6.0,169,20,2.6534303538247954,-0.016700000000000048,252.27,2.0,1.0,4.0,2.0,2.0,COC(=O)CN1Cc2ccc(O)nc2C(C)(O)C1,0.0,82.89
0.0,0.3333333333333333,1.0,23.0,0.0,18.0,0.0,3.0,18,26,18,5,,1,,2,False,0.6923076923076923,0.0,0.0,0.6666666666666666,1.0,0.0,0.0,1.0,0.0,1.0,0.0,1.0,0.0,0.0,3.0,0.0,21.0,0.14285714285714285,3.0,170,18,2.4918201613023996,5.192100000000005,285.43499999999995,3.0,2.0,0.0,3.0,2.0,CC(C)c1ccccc1N1N=NCC2CCC(C)(C)CC21,0.0,27.96
0.0,0.3333333333333333,1.0,21.0,0.0,15.0,0.0,3.0,23,30,23,4,,1,,2,False,0.7666666666666667,0.0,0.0,0.4,1.0,0.0,0.0,1.0,0.0,1.0,0.0,1.0,0.0,0.0,3.0,2.0,19.0,0.21052631578947367,4.0,171,23,3.1650715818835087,1.6760999999999995,258.32099999999997,2.0,2.0,2.0,3.0,2.0,COc1ccccc1C12CC(C)=CCC1NNC2=O,0.0,50.36
0.0,0.5,1.0,21.0,0.0,18.0,0.0,2.0,9,24,12,10,,1,,1,False,0.375,0.0,0.0,0.6666666666666666,0.0,0.0,0.0,1.0,0.0,0.0,0.0,1.0,0.0,0.0,2.0,0.0,20.0,0.1,2.0,172,9,2.9608875742228578,4.664200000000005,275.436,1.0,1.0,1.0,2.0,5.0,COc1ccc(CCC(C)C)c(N2CCCCCC2)c1,0.0,12.47
0.0,0.5,1.0,15.0,0.0,10.0,0.0,2.0,20,27,20,5,,,,2,False,0.7407407407407407,0.0,0.0,0.4,1.0,0.0,0.0,1.0,0.0,1.0,0.0,1.0,0.0,0.0,4.0,2.0,14.0,0.2857142857142857,4.0,173,20,2.915277195932829,1.2167000000000001,196.20199999999997,0.0,1.0,4.0,2.0,2.0,CCOc1cc(O)cc2c1C(O)CO2,0.0,58.92
0.0,0.0,0.0,10.0,0.0,8.0,0.0,0.0,16,28,19,9,,,,,False,0.5714285714285714,0.0,0.0,1.0,0.0,0.0,0.0,0.0,0.0,0.0,0.0,0.0,0.0,0.0,3.0,1.0,11.0,0.2727272727272727,3.0,174,16,3.118277275994364,1.1228000000000002,161.24499999999998,1.0,0.0,2.0,0.0,6.0,CCCCOC(N)C(C)OC,0.0,44.480000000000004
0.0,0.16666666666666666,1.0,25.0,4.0,20.0,0.0,5.0,16,22,16,1,,,,5,False,0.7272727272727273,0.0,0.0,0.5,1.0,0.0,0.0,1.0,1.0,1.0,0.0,1.0,0.0,1.0,1.0,1.0,21.0,0.047619047619047616,1.0,175,16,5.1961368267418875,4.1418000000000035,277.41100000000006,1.0,5.0,0.0,6.0,0.0,CC1=CC2CC3CC2(CCN3)C2C=CC1c1ccccc12,1.0,12.03
0.0,0.25,1.0,24.0,0.0,17.0,0.0,4.0,12,26,16,6,,,,4,False,0.46153846153846156,0.0,0.0,0.35294117647058826,1.0,0.0,0.0,1.0,0.0,1.0,0.0,1.0,0.0,0.0,4.0,0.0,21.0,0.19047619047619047,4.0,176,12,2.8769468084214345,2.2475000000000005,280.32700000000006,2.0,3.0,2.0,4.0,1.0,O=CC1=CCOc2c1ccc1c2CC2C=NC=NC2CC1,0.0,51.019999999999996
0.0,0.6666666666666666,2.0,23.0,0.0,16.0,0.0,3.0,21,29,21,5,,2,,1,False,0.7241379310344828,0.0,0.0,0.1875,0.0,0.0,0.0,1.0,0.0,0.0,0.0,1.0,0.0,0.0,2.0,1.0,21.0,0.23809523809523808,5.0,177,21,4.083256776644346,1.6947999999999999,281.315,3.0,1.0,2.0,3.0,4.0,CC(Cn1ccc(C2=NC(=O)C(=O)N2)c1)c1ccccc1,0.0,63.46
0.0,0.5,1.0,20.0,0.0,15.0,0.0,2.0,22,33,23,8,,1,,1,False,0.6666666666666666,1.0,0.0,0.5333333333333333,0.0,0.0,0.0,1.0,0.0,0.0,0.0,1.0,0.0,0.0,3.0,0.0,19.0,0.21052631578947367,4.0,178,22,3.64740463099686,3.7139000000000024,266.3119999999999,0.0,1.0,3.0,2.0,4.0,CCOC(=O)c1ccc(OC2CCCCC2)cc1F,0.0,35.53
0.0,0.0,0.0,14.0,0.0,8.0,0.0,2.0,22,29,23,4,,1,,1,False,0.7586206896551724,0.0,0.0,1.0,0.0,0.0,0.0,0.0,0.0,0.0,0.0,1.0,0.0,0.0,5.0,1.0,13.0,0.38461538461538464,5.0,179,22,2.561847771118096,-0.0783999999999998,189.21099999999993,1.0,2.0,4.0,2.0,2.0,CC1OCC(OO)C1N1CCOC1,0.0,51.16
0.0,0.5,1.0,21.0,0.0,15.0,0.0,2.0,20,32,21,9,,1,,1,False,0.625,1.0,0.0,0.4666666666666667,0.0,0.0,0.0,1.0,0.0,0.0,0.0,1.0,0.0,0.0,4.0,2.0,20.0,0.25,5.0,180,20,2.9541721596628294,2.0696000000000003,280.343,2.0,1.0,2.0,2.0,6.0,CC1=CCNCN1C(CCCO)Oc1cccc(F)c1,0.0,44.730000000000004
0.0,0.3333333333333333,1.0,20.0,0.0,14.0,0.0,3.0,14,27,17,7,,,,3,False,0.5185185185185185,1.0,0.0,0.21428571428571427,1.0,0.0,0.0,1.0,0.0,1.0,0.0,1.0,0.0,0.0,3.0,1.0,18.0,0.2222222222222222,4.0,181,14,3.2266169010700465,2.4645,246.23699999999994,0.0,2.0,3.0,3.0,1.0,O=C1OCC2=Cc3cccc(CF)c3CC(O)=C12,0.0,46.53
0.0,0.0,0.0,21.0,0.0,14.0,0.0,2.0,16,34,20,12,,1,,1,False,0.47058823529411764,0.0,0.0,0.8571428571428571,0.0,0.0,0.0,0.0,0.0,0.0,0.0,1.0,0.0,0.0,6.0,4.0,20.0,0.3,6.0,182,16,3.1965034460671315,-1.104299999999998,285.388,3.0,2.0,3.0,2.0,5.0,CNC1=C(C2C(OC)C(O)CCN2CCO)CNCC1,0.0,76.99
0.0,1.0,2.0,18.0,0.0,12.0,0.0,2.0,22,30,22,6,,1,,1,False,0.7333333333333333,0.0,0.0,0.25,0.0,0.0,0.0,1.0,0.0,0.0,0.0,1.0,0.0,0.0,4.0,1.0,17.0,0.29411764705882354,5.0,183,22,10.561023171863688,2.4095000000000004,234.25499999999997,2.0,0.0,3.0,2.0,4.0,CCn1nccc1Oc1cc(O)cc(OC)c1,0.0,56.510000000000005
0.0,0.6666666666666666,2.0,21.0,0.0,17.0,0.0,3.0,23,29,23,3,,1,,2,False,0.7931034482758621,0.0,0.0,0.058823529411764705,1.0,0.0,0.0,1.0,0.0,1.0,0.0,1.0,0.0,0.0,2.0,0.0,19.0,0.10526315789473684,2.0,184,23,1.8401182792667683,3.3806800000000017,245.281,1.0,1.0,1.0,3.0,1.0,N#Cc1ccc2c(c1)CC(c1ccccc1)=CC2=O,0.0,40.86
0.0,1.0,1.0,15.0,0.0,10.0,0.0,1.0,17,27,17,9,,,,1,False,0.6296296296296297,0.0,0.0,0.3,0.0,0.0,0.0,1.0,0.0,0.0,0.0,1.0,0.0,0.0,4.0,3.0,15.0,0.3333333333333333,5.0,185,17,2.7880577999131724,0.5750000000000002,211.21699999999998,1.0,0.0,4.0,1.0,5.0,COc1ccc(O)c(CNCC(=O)O)c1,0.0,78.79
0.0,0.3333333333333333,1.0,19.0,0.0,13.0,0.0,3.0,18,28,21,4,,1,,2,False,0.6428571428571429,1.0,0.0,0.3076923076923077,1.0,0.0,1.0,1.0,0.0,1.0,0.0,1.0,1.0,0.0,2.0,1.0,17.0,0.23529411764705882,4.0,186,18,3.6589958420168234,1.3498999999999999,233.242,1.0,2.0,2.0,3.0,2.0,O=C1NC2(F)C=CCOC12Cc1ccccc1,0.0,38.33
0.0,0.6666666666666666,2.0,21.0,0.0,17.0,0.0,3.0,22,29,23,3,,2,,1,False,0.7586206896551724,0.0,0.0,0.17647058823529413,0.0,0.0,0.0,1.0,0.0,0.0,0.0,1.0,0.0,0.0,2.0,2.0,19.0,0.10526315789473684,2.0,187,22,3.89592998128606,2.826920000000001,251.32900000000004,1.0,1.0,1.0,3.0,2.0,Cc1ccc(C2=CNCC2(O)c2ccccc2)cc1,0.0,32.26
0.0,0.3333333333333333,1.0,26.0,0.0,20.0,0.0,3.0,8,21,8,10,,,,3,False,0.38095238095238093,0.0,0.0,0.4,1.0,0.0,0.0,1.0,0.0,1.0,0.0,1.0,0.0,0.0,4.0,1.0,24.0,0.16666666666666666,4.0,188,8,2.7541892910120027,3.7051000000000025,324.42400000000004,2.0,2.0,2.0,3.0,7.0,CCCCCNc1ccnc2c1CC1=CC=C(COC)C(=O)C1=C2,0.0,51.220000000000006
0.0,0.0,0.0,26.0,4.0,13.0,0.0,5.0,22,30,22,2,1,,,5,False,0.7666666666666667,0.0,0.0,0.3076923076923077,1.0,0.0,0.0,0.0,1.0,1.0,0.0,1.0,0.0,0.0,9.0,3.0,22.0,0.4090909090909091,9.0,189,22,3.1842252421395214,-0.7107999999999988,299.29400000000004,7.0,6.0,2.0,6.0,0.0,ON=C1CN2C3=C(OCC4=NC=CNN4C3)C3=CNC2C1=N3,0.0,97.08
0.0,0.0,0.0,11.0,0.0,6.0,0.0,2.0,22,33,25,6,,,,2,False,0.6666666666666666,0.0,0.0,0.8333333333333334,1.0,0.0,1.0,0.0,0.0,1.0,0.0,1.0,1.0,0.0,3.0,3.0,10.0,0.4,4.0,190,22,3.47982403605895,-1.9332999999999991,142.15800000000002,2.0,2.0,2.0,2.0,1.0,O=C1NCC2CNC12CO,0.0,61.36
0.0,0.5,1.0,20.0,0.0,15.0,0.0,2.0,19,31,20,9,,1,,1,False,0.6129032258064516,0.0,0.0,0.3333333333333333,0.0,0.0,0.0,1.0,0.0,0.0,0.0,1.0,0.0,0.0,3.0,1.0,19.0,0.21052631578947367,4.0,191,19,2.648852198155931,2.0803,258.32099999999997,2.0,1.0,2.0,2.0,4.0,COc1c(CC=C(C)C)cccc1C1=NCC(=O)N1,0.0,50.69
0.0,0.3333333333333333,1.0,22.0,0.0,13.0,0.0,3.0,23,35,24,8,,,,3,False,0.6571428571428571,0.0,0.0,0.38461538461538464,1.0,0.0,0.0,1.0,0.0,1.0,0.0,1.0,0.0,1.0,6.0,0.0,20.0,0.35,7.0,192,23,3.257725150346565,0.07912000000000008,274.23199999999997,2.0,2.0,5.0,3.0,1.0,C#CCN1C(=O)CCC2(Oc3onc(C)c3C2=O)C1=O,1.0,89.71000000000001
0.0,0.5,1.0,20.0,0.0,14.0,0.0,2.0,16,26,16,8,,1,,1,False,0.6153846153846154,0.0,0.0,0.35714285714285715,0.0,0.0,0.0,1.0,0.0,0.0,0.0,1.0,0.0,0.0,4.0,2.0,19.0,0.2631578947368421,5.0,193,16,3.63825126565637,1.78782,264.277,0.0,1.0,5.0,2.0,3.0,COC1OC(c2cc(C)cc(C(=O)O)c2)=C(C)C1O,0.0,75.99000000000001
0.0,0.3333333333333333,1.0,20.0,0.0,13.0,0.0,3.0,23,35,26,6,,2,,1,False,0.6571428571428571,2.0,0.0,0.38461538461538464,0.0,1.0,0.0,1.0,0.0,0.0,0.0,1.0,1.0,0.0,2.0,0.0,18.0,0.2777777777777778,5.0,194,23,2.746074610333615,1.7255,250.2479999999999,2.0,2.0,1.0,3.0,2.0,O=C1C(c2ccccc2)=NCCN1C1CC1(F)F,0.0,32.67
0.0,0.0,0.0,9.0,0.0,7.0,0.0,1.0,19,27,20,6,,,,1,False,0.7037037037037037,0.0,0.0,1.0,0.0,0.0,1.0,0.0,0.0,0.0,0.0,1.0,1.0,0.0,2.0,1.0,9.0,0.2222222222222222,2.0,195,19,2.1134942309999207,0.7748999999999997,129.20299999999997,1.0,1.0,1.0,1.0,4.0,CNCCOC1CCC1,0.0,21.259999999999998
0.0,1.0,2.0,22.0,0.0,18.0,0.0,2.0,22,33,22,9,,1,,1,False,0.6666666666666666,0.0,0.0,0.16666666666666666,0.0,0.0,0.0,1.0,0.0,0.0,0.0,1.0,0.0,0.0,3.0,2.0,21.0,0.14285714285714285,3.0,196,22,2.660914797139811,3.2847000000000026,280.323,0.0,0.0,3.0,2.0,5.0,C#CCCCc1ccc(C(=O)c2ccccc2O)c(O)c1,0.0,57.53
0.0,0.5,3.0,24.0,6.0,16.0,0.0,5.0,20,30,22,3,,,,5,False,0.6666666666666666,0.0,0.0,0.125,1.0,0.0,0.0,1.0,1.0,1.0,1.0,1.0,0.0,0.0,4.0,1.0,20.0,0.2,4.0,197,20,2.9333241950200506,3.5201200000000012,261.28399999999993,3.0,3.0,1.0,6.0,0.0,Cc1cnc2c(c1)c1c3c4onc(c42)C=CC=C1CN3,0.0,50.95
0.0,1.0,1.0,16.0,0.0,8.0,0.0,1.0,23,35,23,11,,,,1,False,0.6571428571428571,3.0,0.0,0.625,0.0,0.0,0.0,1.0,0.0,0.0,0.0,1.0,0.0,0.0,4.0,2.0,16.0,0.5,8.0,198,23,5.305403289492129,0.8016000000000001,239.19699999999997,3.0,0.0,2.0,1.0,7.0,OCCNc1cn(F)c(COCC(F)F)n1,0.0,59.31
0.0,1.0,1.0,14.0,0.0,9.0,0.0,1.0,18,31,20,10,,,,1,False,0.5806451612903226,1.0,0.0,0.2222222222222222,0.0,0.0,0.0,1.0,0.0,0.0,0.0,1.0,0.0,0.0,3.0,1.0,14.0,0.35714285714285715,5.0,199,18,3.5940679291606634,1.5525,199.18099999999995,1.0,0.0,3.0,1.0,2.0,CNC(=O)Oc1cccc(F)c1OC,0.0,47.56
0.0,0.0,0.0,26.0,0.0,17.0,0.0,4.0,20,28,20,4,,1,,3,False,0.7142857142857143,0.0,0.0,0.7058823529411765,1.0,0.0,0.0,0.0,0.0,1.0,0.0,1.0,0.0,0.0,5.0,1.0,23.0,0.2608695652173913,6.0,200,20,3.4727816604554733,1.1479000000000001,320.38900000000007,2.0,4.0,4.0,4.0,2.0,CC(N1CC=CC1=O)C12COCOC1(C)OC1=C2CCNCC1,0.0,60.03
0.0,0.5,1.0,17.0,0.0,14.0,0.0,2.0,17,23,17,4,,1,,1,False,0.7391304347826086,1.0,0.0,0.5714285714285714,0.0,0.0,0.0,1.0,0.0,0.0,0.0,1.0,0.0,0.0,1.0,0.0,16.0,0.125,2.0,201,17,3.209530719691899,3.984700000000003,221.31899999999993,1.0,1.0,0.0,2.0,3.0,CCN(c1ccc(F)cc1)C1CCCCC1,0.0,3.24
0.0,1.0,2.0,13.0,0.0,5.0,0.0,2.0,10,18,12,4,,1,,1,False,0.5555555555555556,0.0,0.0,0.0,0.0,0.0,0.0,1.0,0.0,0.0,0.0,1.0,0.0,0.0,6.0,1.0,12.0,0.5833333333333334,7.0,202,10,1.5737853438361598,-0.27362000000000014,162.112,6.0,0.0,1.0,2.0,1.0,N#Cc1nonc1-c1c[nH]nn1,0.0,104.28
0.0,0.0,0.0,27.0,5.0,23.0,0.0,4.0,20,26,20,2,,,,4,False,0.7692307692307693,0.0,0.0,0.7391304347826086,1.0,0.0,0.0,0.0,1.0,1.0,1.0,1.0,0.0,0.0,1.0,0.0,24.0,0.041666666666666664,1.0,203,20,1.2818464013510245,6.078200000000007,326.5240000000001,0.0,4.0,1.0,4.0,1.0,C=CC12CCCCC3CC4CCC=C(C=CCC1COCC4C3)C2,0.0,9.23
0.0,0.0,0.0,23.0,0.0,17.0,0.0,4.0,12,21,12,5,,1,,3,False,0.5714285714285714,0.0,0.0,0.6470588235294118,1.0,0.0,1.0,0.0,0.0,1.0,0.0,1.0,1.0,1.0,3.0,0.0,20.0,0.15,3.0,204,12,2.688618847273957,3.3027000000000024,267.376,3.0,4.0,0.0,4.0,1.0,C#CC1=C(C)CN(C23CC4=C(C)N=NC42CC3C)CC1,1.0,27.96
0.0,0.0,0.0,24.0,2.0,18.0,0.0,4.0,16,24,16,4,,,,4,False,0.6666666666666666,0.0,0.0,0.7777777777777778,1.0,0.0,0.0,0.0,1.0,1.0,0.0,1.0,0.0,1.0,3.0,0.0,21.0,0.14285714285714285,3.0,205,16,2.2681051867381483,3.4097000000000026,286.419,2.0,4.0,1.0,4.0,1.0,CCN1CN=CC2=C1C(=O)CC13CCC(C)C(CCC21)C3,1.0,32.67
0.0,0.5,1.0,21.0,0.0,16.0,0.0,2.0,12,27,14,11,,1,,1,False,0.4444444444444444,0.0,0.0,0.625,0.0,0.0,0.0,1.0,0.0,0.0,0.0,1.0,0.0,0.0,4.0,2.0,20.0,0.2,4.0,206,12,2.5645389626992725,3.0349000000000013,274.412,4.0,1.0,0.0,2.0,7.0,CCCC(CNc1ccc(C(C)C)cn1)C1=NCCN1,0.0,49.31
0.0,0.3333333333333333,1.0,19.0,0.0,13.0,0.0,3.0,22,28,23,2,,2,,1,False,0.7857142857142857,1.0,0.0,0.46153846153846156,0.0,0.0,0.0,1.0,0.0,0.0,0.0,1.0,0.0,0.0,3.0,1.0,17.0,0.23529411764705882,4.0,207,22,3.0646904657571343,1.6537000000000002,233.29,3.0,2.0,0.0,3.0,2.0,Fc1ccc(N2CCC(C3=NCCN3)C2)cc1,0.0,27.63
0.0,0.0,0.0,8.0,0.0,4.0,0.0,1.0,22,27,22,4,,,,1,False,0.8148148148148148,2.0,0.0,0.5,0.0,0.0,1.0,0.0,0.0,0.0,0.0,1.0,1.0,0.0,2.0,0.0,8.0,0.5,4.0,208,22,3.483735325424098,0.16360000000000002,120.054,0.0,1.0,2.0,1.0,0.0,O=C1CC(F)(F)C1=O,0.0,34.14
0.0,0.0,0.0,11.0,0.0,8.0,0.0,1.0,19,25,19,5,,,,1,False,0.76,0.0,0.0,0.5,0.0,0.0,0.0,0.0,0.0,0.0,0.0,1.0,0.0,0.0,2.0,1.0,11.0,0.2727272727272727,3.0,209,19,2.2663765786048153,0.4118,153.18099999999998,1.0,1.0,2.0,1.0,1.0,CC(=O)C1=C(C)CCNC1=O,0.0,46.17
0.0,1.0,1.0,13.0,0.0,10.0,0.0,1.0,19,33,22,10,,,,1,False,0.5757575757575758,0.0,0.0,0.3,0.0,0.0,0.0,1.0,0.0,0.0,0.0,1.0,0.0,0.0,2.0,1.0,13.0,0.23076923076923078,3.0,210,19,3.0066292664190732,2.01024,180.20299999999995,0.0,0.0,3.0,1.0,2.0,COc1c(C(=O)O)ccc(C)c1C,0.0,46.53
0.0,0.75,3.0,25.0,0.0,16.0,0.0,4.0,8,19,10,5,,1,,3,False,0.42105263157894735,0.0,0.0,0.125,1.0,0.0,0.0,1.0,0.0,1.0,0.0,1.0,0.0,0.0,5.0,3.0,22.0,0.2727272727272727,6.0,211,8,2.125906454426019,2.1126000000000005,293.33000000000004,5.0,1.0,1.0,4.0,2.0,NCC1=CN=CN(c2cnc3cc4[nH]ccc4c(O)c3c2)C1,0.0,90.53
0.0,1.0,3.0,23.0,0.0,14.0,0.0,3.0,14,29,17,8,1,2,,1,False,0.4827586206896552,0.0,0.0,0.14285714285714285,0.0,0.0,0.0,1.0,0.0,0.0,0.0,1.0,0.0,0.0,6.0,0.0,21.0,0.3333333333333333,7.0,212,14,3.7120856648341296,1.8245999999999998,284.27500000000003,4.0,0.0,3.0,3.0,4.0,COc1ccn(C(=O)Cc2nnc(-c3ccccc3)o2)n1,0.0,83.04
0.0,0.0,0.0,17.0,0.0,12.0,0.0,1.0,10,22,10,11,,,,1,False,0.45454545454545453,0.0,0.0,0.9166666666666666,0.0,0.0,0.0,0.0,0.0,0.0,0.0,1.0,0.0,0.0,4.0,3.0,17.0,0.29411764705882354,5.0,213,10,3.493470973532119,0.3299000000000003,243.35099999999997,3.0,1.0,2.0,1.0,4.0,CC(=O)NC(N)COC1CCC(N)CC1(C)C,0.0,90.37
0.0,1.0,2.0,23.0,0.0,20.0,0.0,2.0,20,32,20,10,,1,,1,False,0.625,0.0,0.0,0.25,0.0,0.0,0.0,1.0,0.0,0.0,0.0,1.0,0.0,0.0,2.0,0.0,22.0,0.09090909090909091,2.0,214,20,2.8323393353304653,4.656000000000004,294.394,0.0,0.0,2.0,2.0,7.0,CC(=O)OCCC=C(CCc1ccccc1)c1ccccc1,0.0,26.3
0.0,0.0,0.0,24.0,3.0,17.0,0.0,4.0,16,24,18,2,,,,4,False,0.6666666666666666,0.0,0.0,0.5294117647058824,1.0,0.0,0.0,0.0,1.0,1.0,1.0,1.0,0.0,0.0,4.0,2.0,21.0,0.19047619047619047,4.0,215,16,2.505103509082242,2.1289,286.37499999999994,2.0,4.0,2.0,4.0,0.0,C1=CC2=CCCC=C3CCC4(COCC=C4NC2CN3)O1,0.0,42.519999999999996
0.0,0.5,2.0,24.0,0.0,19.0,0.0,4.0,17,28,20,4,,1,,3,False,0.6071428571428571,0.0,0.0,0.2631578947368421,1.0,0.0,0.0,1.0,0.0,1.0,0.0,1.0,0.0,1.0,2.0,0.0,21.0,0.09523809523809523,2.0,216,17,2.9347531909282876,4.655500000000004,278.35100000000006,0.0,2.0,2.0,4.0,1.0,CC1=CC2(CCCO2)c2cccc(-c3ccccc3)c2O1,1.0,18.46
0.0,0.8,4.0,28.0,0.0,17.0,0.0,5.0,23,32,23,4,,2,,3,False,0.71875,0.0,0.0,0.35294117647058826,2.0,1.0,0.0,1.0,0.0,1.0,0.0,1.0,1.0,0.0,5.0,2.0,24.0,0.2916666666666667,7.0,217,23,2.957102253729869,1.4994999999999996,322.37200000000007,6.0,1.0,1.0,5.0,5.0,OCCCN1CC(c2c[nH]cn2)Cc2nn(-c3ccc4cc3-4)nc21,0.0,82.86
0.0,1.0,2.0,22.0,0.0,15.0,0.0,2.0,18,34,19,13,,,,2,False,0.5294117647058824,0.0,0.0,0.4,1.0,0.0,0.0,1.0,0.0,1.0,0.0,1.0,0.0,0.0,5.0,3.0,21.0,0.2857142857142857,6.0,218,18,2.258988141490993,1.8763999999999996,292.335,2.0,0.0,4.0,2.0,7.0,CCNCCCNC(=O)c1c(OC)oc2cc(O)ccc12,0.0,83.73
0.0,0.3333333333333333,1.0,20.0,0.0,14.0,0.0,3.0,18,29,20,6,,1,,2,False,0.6206896551724138,0.0,0.0,0.42857142857142855,1.0,0.0,0.0,1.0,0.0,1.0,0.0,1.0,0.0,0.0,3.0,0.0,18.0,0.2222222222222222,4.0,219,18,3.0679298156226067,2.4761000000000006,244.29399999999993,2.0,2.0,2.0,3.0,2.0,CC(=Cc1ccoc1)C1=NCC2CCCC(=O)N12,0.0,45.81
0.0,1.0,1.0,14.0,0.0,10.0,0.0,1.0,21,30,21,8,,,,1,False,0.7,0.0,0.0,0.3,0.0,0.0,0.0,1.0,0.0,0.0,0.0,1.0,0.0,0.0,3.0,1.0,14.0,0.2857142857142857,4.0,220,21,4.275685503056911,1.2302199999999999,194.234,2.0,0.0,2.0,1.0,2.0,COc1cc(N(N)C(C)=O)ccc1C,0.0,55.56
0.0,0.5,2.0,26.0,0.0,17.0,0.0,4.0,18,26,18,4,,2,,2,False,0.6923076923076923,0.0,0.0,0.23529411764705882,1.0,0.0,0.0,1.0,0.0,1.0,0.0,1.0,0.0,0.0,5.0,1.0,23.0,0.2608695652173913,6.0,221,18,3.125562912721636,1.7879,308.341,4.0,2.0,2.0,4.0,3.0,CC1C=C(C2=CC(C(N)c3ccccc3)OC2=O)n2cnnc21,0.0,83.03
0.0,0.5,1.0,18.0,0.0,12.0,0.0,2.0,17,24,17,5,,1,,1,False,0.7083333333333334,1.0,0.0,0.4166666666666667,0.0,0.0,0.0,1.0,0.0,0.0,0.0,1.0,0.0,0.0,4.0,1.0,17.0,0.29411764705882354,5.0,222,17,1.7929645517378552,1.4799000000000002,240.23000000000002,0.0,1.0,4.0,2.0,2.0,O=C(OC1OCCCC1O)c1ccccc1F,0.0,55.760000000000005
0.0,0.25,1.0,26.0,0.0,21.0,0.0,4.0,22,29,23,2,,2,,2,False,0.7586206896551724,0.0,0.0,0.7142857142857143,1.0,0.0,0.0,1.0,0.0,1.0,0.0,1.0,0.0,0.0,2.0,1.0,23.0,0.08695652173913043,2.0,223,22,3.797560715872239,4.310000000000003,312.501,2.0,3.0,0.0,4.0,2.0,CC1(N2CCCCCC2)CCC2CCCNC21c1ccccc1,0.0,15.27
0.0,1.0,3.0,25.0,0.0,13.0,0.0,3.0,17,28,17,7,1,2,,1,False,0.6428571428571429,0.0,0.0,0.3076923076923077,0.0,0.0,0.0,1.0,0.0,0.0,0.0,1.0,0.0,0.0,8.0,1.0,23.0,0.43478260869565216,10.0,224,17,9.118931179385969,1.8115199999999996,312.34100000000007,10.0,0.0,0.0,3.0,4.0,Cc1ccn(C(C)(C)n2ncnc2N=Nc2ccc(N)nn2)n1,0.0,125.05
0.0,0.6666666666666666,2.0,19.0,0.0,13.0,0.0,3.0,22,31,24,4,,1,,2,False,0.7096774193548387,0.0,0.0,0.3076923076923077,1.0,0.0,0.0,1.0,0.0,1.0,0.0,1.0,0.0,0.0,4.0,0.0,17.0,0.23529411764705882,4.0,225,22,4.805289910935367,2.0359,227.26699999999994,3.0,1.0,1.0,3.0,2.0,COc1c(-c2ncncn2)ccc2c1CCC2,0.0,47.900000000000006
0.0,0.16666666666666666,1.0,27.0,4.0,22.0,0.0,5.0,22,30,23,2,,,,5,False,0.7333333333333333,0.0,0.0,0.2727272727272727,1.0,0.0,0.0,1.0,1.0,1.0,1.0,1.0,0.0,1.0,1.0,1.0,23.0,0.043478260869565216,1.0,226,22,1.69211396822379,4.629900000000004,299.41700000000003,1.0,5.0,0.0,6.0,0.0,NC1=C2C3=C4C=CC2(CCC1)c1ccccc1CC=C4CC=C3,1.0,26.02
0.0,0.6666666666666666,2.0,21.0,2.0,16.0,0.0,3.0,19,26,19,4,,1,,2,False,0.7307692307692307,0.0,0.0,0.1875,1.0,0.0,0.0,1.0,1.0,1.0,0.0,1.0,0.0,0.0,3.0,1.0,19.0,0.15789473684210525,3.0,227,19,2.128996181321611,3.994100000000002,251.333,3.0,1.0,0.0,3.0,4.0,CCCNc1ccccc1N1N=Cc2cccc1c2,0.0,27.63
0.0,0.2,1.0,23.0,2.0,13.0,0.0,5.0,23,30,24,1,,,,5,False,0.7666666666666667,0.0,0.0,0.38461538461538464,1.0,0.0,0.0,1.0,1.0,1.0,0.0,1.0,0.0,1.0,5.0,2.0,19.0,0.3157894736842105,6.0,228,23,2.9929672203341258,1.5499999999999998,255.28099999999995,5.0,4.0,1.0,5.0,0.0,C1=NC23ON1NN=C2c1[nH]ccc1C1=C3CCCC1,1.0,65.00999999999999
0.0,0.8,4.0,28.0,0.0,21.0,0.0,5.0,17,34,23,6,,2,,3,False,0.5,0.0,0.0,0.047619047619047616,2.0,0.0,1.0,1.0,0.0,1.0,0.0,1.0,1.0,0.0,3.0,0.0,24.0,0.125,3.0,229,17,1.7703786555711625,5.529200000000004,314.34000000000003,0.0,1.0,3.0,5.0,2.0,c1ccc(C2=C(c3ccc4ooc4c3)Cc3ccccc3O2)cc1,0.0,35.510000000000005
0.0,1.0,2.0,23.0,0.0,19.0,0.0,2.0,21,39,24,13,,1,,1,False,0.5384615384615384,0.0,0.0,0.2631578947368421,0.0,0.0,0.0,1.0,0.0,0.0,0.0,1.0,0.0,0.0,3.0,0.0,22.0,0.13636363636363635,3.0,230,21,2.7475260810306494,4.194100000000003,298.382,0.0,0.0,3.0,2.0,9.0,COc1ccc(OCCCOCC=Cc2ccccc2)cc1,0.0,27.69
0.0,0.2,1.0,21.0,2.0,13.0,0.0,5.0,23,30,24,1,,1,,4,False,0.7666666666666667,0.0,0.0,0.3076923076923077,2.0,1.0,0.0,1.0,1.0,1.0,0.0,1.0,1.0,0.0,4.0,1.0,17.0,0.23529411764705882,4.0,231,23,3.5111502161651544,1.0867999999999998,226.23499999999999,2.0,4.0,2.0,5.0,1.0,C1=C(c2cc3c(c4c2C4)OCO3)C2CNC1=N2,0.0,42.85
0.0,1.0,1.0,10.0,0.0,7.0,0.0,1.0,16,25,18,6,,,,1,False,0.64,0.0,0.0,0.0,0.0,0.0,0.0,1.0,0.0,0.0,0.0,1.0,0.0,0.0,2.0,2.0,10.0,0.3,3.0,232,16,7.724087406450478,1.0903999999999998,138.12199999999999,0.0,0.0,3.0,1.0,1.0,O=C(O)c1ccc(O)cc1,0.0,57.53
0.0,1.0,1.0,11.0,0.0,9.0,0.0,1.0,23,31,24,6,,,,1,False,0.7419354838709677,0.0,0.0,0.3333333333333333,0.0,0.0,0.0,1.0,0.0,0.0,0.0,1.0,0.0,0.0,2.0,1.0,11.0,0.18181818181818182,2.0,233,23,3.0201415788286,1.5776,152.19299999999998,0.0,0.0,2.0,1.0,3.0,CCOc1ccc(CO)cc1,0.0,29.46
0.0,1.0,1.0,8.0,0.0,6.0,0.0,1.0,19,22,19,2,,,,1,False,0.8636363636363636,1.0,0.0,0.0,0.0,0.0,0.0,1.0,0.0,0.0,0.0,1.0,0.0,0.0,1.0,1.0,8.0,0.25,2.0,234,19,3.060544760477289,1.5312999999999999,112.103,0.0,0.0,1.0,1.0,0.0,Oc1ccccc1F,0.0,20.23
0.0,0.5,1.0,23.0,0.0,16.0,0.0,2.0,19,31,19,10,,1,,1,False,0.6129032258064516,1.0,0.0,0.5,0.0,0.0,0.0,1.0,0.0,0.0,0.0,1.0,0.0,0.0,5.0,1.0,22.0,0.2727272727272727,6.0,235,19,2.570589391440069,1.3961999999999997,310.3210000000001,0.0,1.0,5.0,2.0,5.0,CCOC1C(O)OC(=O)C(=O)C1Cc1ccc(F)cc1CC,0.0,72.83
0.0,0.3333333333333333,1.0,17.0,0.0,12.0,0.0,3.0,23,35,27,5,,1,,2,False,0.6571428571428571,0.0,0.0,0.3333333333333333,1.0,0.0,0.0,1.0,0.0,1.0,0.0,1.0,0.0,0.0,3.0,2.0,15.0,0.2,3.0,236,23,4.25096197508049,1.1093,203.24099999999996,1.0,2.0,2.0,3.0,1.0,OC1(c2ccccc2)COC2=C1NCC2,0.0,41.49
0.0,0.5,1.0,18.0,0.0,14.0,0.0,2.0,20,29,21,6,,1,,1,False,0.6896551724137931,1.0,0.0,0.5714285714285714,0.0,0.0,0.0,1.0,0.0,0.0,0.0,1.0,0.0,0.0,2.0,0.0,17.0,0.17647058823529413,3.0,237,20,3.607030332613256,3.791800000000003,238.30199999999994,0.0,1.0,2.0,2.0,3.0,COc1cc(F)ccc1OC1CCCC(C)C1,0.0,18.46
0.0,0.3333333333333333,1.0,23.0,0.0,17.0,0.0,3.0,22,30,22,5,,1,,2,False,0.7333333333333333,0.0,0.0,0.6470588235294118,1.0,0.0,0.0,1.0,0.0,1.0,0.0,1.0,0.0,0.0,4.0,2.0,21.0,0.19047619047619047,4.0,238,22,3.1617695988870334,1.5958999999999999,290.407,2.0,2.0,2.0,3.0,5.0,COc1cccc(CCNC23CCNCCC2COC3)c1,0.0,42.519999999999996
0.0,0.0,0.0,20.0,0.0,9.0,0.0,4.0,21,30,23,3,,1,,3,False,0.7,0.0,0.0,1.0,1.0,0.0,0.0,0.0,0.0,1.0,0.0,1.0,0.0,0.0,8.0,3.0,17.0,0.47058823529411764,8.0,239,21,4.0116235226764525,-1.9979999999999978,241.25099999999995,5.0,4.0,3.0,4.0,1.0,OC1CNC23CNC(N4CCN=N4)C12OCO3,0.0,90.71000000000001
0.0,0.0,0.0,24.0,6.0,15.0,0.0,5.0,19,27,19,3,,,,5,False,0.7037037037037037,0.0,0.0,0.4,1.0,0.0,0.0,0.0,1.0,1.0,0.0,1.0,0.0,1.0,5.0,1.0,20.0,0.25,5.0,240,19,2.4459342837878033,2.5706000000000007,266.30400000000003,4.0,5.0,1.0,5.0,0.0,CC1=NC23OC4=C5N=NC=CC2C(=C4C)C5NC3=C1C,1.0,58.34
0.0,0.75,3.0,23.0,0.0,18.0,0.0,4.0,22,32,23,5,,,,4,False,0.6875,0.0,0.0,0.16666666666666666,1.0,0.0,0.0,1.0,0.0,1.0,0.0,1.0,0.0,0.0,1.0,1.0,20.0,0.1,2.0,241,22,2.0161605385035997,4.557300000000003,260.34,2.0,1.0,0.0,4.0,1.0,CC(C)=Cc1cc2nc[nH]c2c2c1Cc1ccccc1-2,0.0,28.68
0.0,0.5,2.0,26.0,0.0,21.0,0.0,4.0,19,29,21,4,,2,,2,False,0.6551724137931034,0.0,0.0,0.42857142857142855,1.0,0.0,0.0,1.0,0.0,1.0,0.0,1.0,0.0,0.0,2.0,1.0,23.0,0.08695652173913043,2.0,242,19,3.0465343156343923,3.7840000000000025,306.45300000000003,2.0,2.0,0.0,4.0,3.0,CCN1CC(c2ccccc2)C(C2CCc3ccccc3C2)N1,0.0,15.27
0.0,0.6666666666666666,2.0,23.0,0.0,15.0,0.0,3.0,22,33,23,7,,1,,2,False,0.6666666666666666,0.0,0.0,0.26666666666666666,1.0,0.0,0.0,1.0,0.0,1.0,0.0,1.0,0.0,0.0,5.0,2.0,21.0,0.2857142857142857,6.0,243,22,3.145859775944836,0.9487999999999999,283.33500000000004,5.0,1.0,1.0,3.0,3.0,CN=C1N=C(c2ccc(OC)c3cccnc23)NC1CN,0.0,84.89
0.0,0.6666666666666666,2.0,23.0,0.0,16.0,0.0,3.0,18,25,18,3,1,2,,1,False,0.76,0.0,0.0,0.1875,0.0,0.0,0.0,1.0,0.0,0.0,0.0,1.0,0.0,0.0,4.0,1.0,21.0,0.23809523809523808,5.0,244,18,2.5954398136830084,1.5173,281.315,3.0,1.0,2.0,3.0,2.0,NC1=C(n2cccn2)C(=O)CC(c2cccc(=O)cc2)C1,0.0,77.98
0.0,1.0,3.0,17.0,0.0,13.0,0.0,3.0,21,26,21,2,,,,3,False,0.8076923076923077,0.0,0.0,0.15384615384615385,1.0,0.0,0.0,1.0,0.0,1.0,0.0,1.0,0.0,0.0,1.0,0.0,15.0,0.13333333333333333,2.0,245,21,2.1132103720164137,3.2094000000000014,196.253,2.0,0.0,0.0,3.0,1.0,CCn1ccc2c3cccnc3ccc21,0.0,17.82
0.0,0.0,0.0,23.0,4.0,17.0,0.0,4.0,22,33,25,4,,,,4,False,0.6666666666666666,0.0,0.0,0.8235294117647058,1.0,0.0,0.0,0.0,1.0,1.0,1.0,1.0,0.0,0.0,3.0,0.0,20.0,0.15,3.0,246,22,2.7789813409393544,2.741900000000001,276.376,0.0,4.0,3.0,4.0,0.0,O=C1CC2OC(C1)C1CC2CCC=CCC2COCC21,0.0,35.53
0.0,0.3333333333333333,1.0,18.0,0.0,13.0,0.0,3.0,19,25,20,2,,1,,2,False,0.76,0.0,0.0,0.5384615384615384,1.0,0.0,0.0,1.0,0.0,1.0,0.0,1.0,0.0,0.0,3.0,2.0,16.0,0.1875,3.0,247,19,2.6733100656454987,1.7228999999999999,218.29999999999998,2.0,2.0,1.0,3.0,1.0,Oc1cccc(N2CCNC3CCCC32)c1,0.0,35.5
0.0,0.0,0.0,25.0,8.0,15.0,0.0,6.0,21,28,21,1,,,,6,False,0.75,0.0,0.0,0.5333333333333333,1.0,1.0,0.0,0.0,1.0,1.0,1.0,1.0,1.0,0.0,5.0,0.0,20.0,0.25,5.0,248,21,3.615766589971363,0.8418000000000001,268.32,4.0,8.0,1.0,8.0,0.0,CC1=CC2CN3COCC4C5=C(C5)C5=C(C=NC3N52)N14,0.0,31.310000000000002
0.0,0.5,2.0,22.0,0.0,14.0,0.0,4.0,19,29,21,4,,2,,2,False,0.6551724137931034,0.0,0.0,0.2857142857142857,1.0,1.0,1.0,1.0,0.0,1.0,0.0,1.0,1.0,0.0,4.0,1.0,19.0,0.2631578947368421,5.0,249,19,2.2697876970565094,1.5644999999999998,256.261,2.0,2.0,3.0,4.0,3.0,O=c1cc(C23CCC2(Oc2ccccc2)O3)[nH]cn1,0.0,67.50999999999999
0.0,0.3333333333333333,1.0,25.0,0.0,19.0,0.0,3.0,16,27,16,8,,1,,2,False,0.5925925925925926,0.0,0.0,0.42105263157894735,1.0,0.0,0.0,1.0,0.0,1.0,0.0,1.0,0.0,0.0,4.0,1.0,23.0,0.17391304347826086,4.0,250,16,2.348381581363176,2.821200000000001,312.41300000000007,2.0,2.0,2.0,3.0,6.0,COCCN=C1Cc2ccccc2C1C1=CCC=C(COC)N1,0.0,42.85
0.0,0.75,3.0,24.0,2.0,18.0,0.0,4.0,14,20,14,2,,1,,3,False,0.7,0.0,0.0,0.05555555555555555,1.0,0.0,0.0,1.0,1.0,1.0,0.0,1.0,0.0,0.0,2.0,1.0,21.0,0.14285714285714285,3.0,251,14,2.826668216120932,2.2727000000000004,274.323,2.0,1.0,1.0,4.0,3.0,C1=CC=c2[nH]c(c3cccc(COc4cccnc4)c23)=C1,0.0,37.91
0.0,1.0,2.0,22.0,0.0,13.0,0.0,2.0,21,34,21,10,1,1,,1,False,0.6470588235294118,0.0,0.0,0.15384615384615385,0.0,0.0,0.0,1.0,0.0,0.0,0.0,1.0,0.0,0.0,4.0,4.0,21.0,0.38095238095238093,8.0,252,21,10.035410310543979,1.5189199999999998,288.31100000000004,6.0,0.0,2.0,2.0,4.0,COc1cc(O)ccc1NC=NC(N)=Nc1c[nH]nc1C,0.0,120.91000000000001
0.0,0.25,1.0,22.0,0.0,13.0,0.0,4.0,13,19,13,2,,,,4,False,0.6842105263157895,0.0,0.0,0.3076923076923077,1.0,0.0,0.0,1.0,0.0,1.0,0.0,1.0,0.0,0.0,4.0,2.0,19.0,0.3157894736842105,6.0,253,13,2.861456597826804,1.1201999999999999,257.24899999999997,3.0,3.0,3.0,4.0,0.0,O=C1N=CC2c3cccc(O)c3C3OC=NC3C2N1,0.0,83.28
0.0,1.0,1.0,11.0,0.0,7.0,0.0,1.0,22,27,22,4,,1,,,False,0.8148148148148148,0.0,0.0,0.42857142857142855,0.0,0.0,0.0,1.0,0.0,0.0,0.0,1.0,0.0,0.0,4.0,0.0,11.0,0.36363636363636365,4.0,254,22,2.968385937019458,0.6315999999999999,154.16899999999998,2.0,0.0,2.0,1.0,3.0,COCc1ccnc(OC)n1,0.0,44.24
0.0,0.3333333333333333,1.0,22.0,0.0,16.0,0.0,3.0,20,27,20,4,,1,,2,False,0.7407407407407407,3.0,0.0,0.5,0.0,0.0,0.0,1.0,0.0,0.0,0.0,1.0,0.0,1.0,1.0,0.0,20.0,0.2,4.0,255,20,2.4252676431392364,4.821900000000003,282.30499999999995,0.0,2.0,1.0,3.0,1.0,FC(F)(F)c1cccc(C2=CCC3(CCCC3)OC2)c1,1.0,9.23
0.0,0.25,1.0,25.0,0.0,18.0,0.0,4.0,23,32,24,4,,,,4,False,0.71875,0.0,0.0,0.5555555555555556,1.0,0.0,0.0,1.0,0.0,1.0,0.0,1.0,0.0,1.0,4.0,1.0,22.0,0.18181818181818182,4.0,256,23,3.2129401648929123,4.2756000000000025,296.418,4.0,3.0,0.0,4.0,0.0,CC1=NCc2ccc3c(c2N1)N=C(C)C1(CCCCC1)N3C,1.0,39.99
0.0,0.0,0.0,16.0,0.0,11.0,0.0,3.0,18,25,19,3,,,,3,False,0.72,0.0,0.0,0.7272727272727273,1.0,0.0,0.0,0.0,0.0,1.0,0.0,1.0,0.0,0.0,2.0,1.0,14.0,0.21428571428571427,3.0,257,18,3.3717989647440145,0.38279999999999986,192.262,2.0,3.0,1.0,3.0,0.0,CN1C(=O)CC2=CCC3CNCC3C21,0.0,32.34
0.0,1.0,1.0,16.0,0.0,12.0,0.0,1.0,20,31,20,10,,,,1,False,0.6451612903225806,0.0,0.0,0.5,0.0,0.0,0.0,1.0,0.0,0.0,0.0,1.0,0.0,0.0,4.0,1.0,16.0,0.25,4.0,258,20,2.9765336229911887,1.7684999999999997,225.288,1.0,0.0,3.0,1.0,7.0,COCC(COC)Nc1cccc(OC)c1,0.0,39.72
0.0,0.6666666666666666,2.0,22.0,0.0,16.0,0.0,3.0,23,31,23,5,,1,,2,False,0.7419354838709677,0.0,0.0,0.3125,1.0,0.0,0.0,1.0,0.0,1.0,0.0,1.0,0.0,0.0,4.0,1.0,20.0,0.2,4.0,259,23,2.257197401369608,2.865500000000001,269.348,3.0,1.0,1.0,3.0,3.0,CNc1cccc(C2Cc3cccnc3N2C)c1OC,0.0,37.39
0.0,0.5,1.0,17.0,2.0,13.0,0.0,2.0,17,37,22,13,,,,2,False,0.4594594594594595,0.0,0.0,0.23076923076923078,1.0,0.0,0.0,1.0,1.0,1.0,0.0,1.0,0.0,0.0,3.0,0.0,16.0,0.1875,3.0,260,17,3.1385736122624914,2.7673000000000014,217.26799999999997,1.0,1.0,2.0,2.0,4.0,C=COc1cc(OC)c2c(N(C)C)c1C=C2,0.0,21.700000000000003
0.0,0.3333333333333333,1.0,24.0,0.0,14.0,0.0,3.0,23,32,23,6,,1,,2,False,0.71875,1.0,0.0,0.42857142857142855,1.0,0.0,0.0,1.0,0.0,1.0,0.0,1.0,0.0,0.0,5.0,3.0,22.0,0.36363636363636365,8.0,261,23,3.1696430126427426,1.6276199999999998,304.32900000000006,6.0,2.0,1.0,3.0,4.0,Cc1c2c(nc(NCCF)c1C1=NC=NCC1)NC(=O)NC2,0.0,90.77000000000001
0.0,1.0,1.0,9.0,0.0,7.0,0.0,1.0,23,29,23,4,1,,,1,False,0.8275862068965517,0.0,0.0,0.5714285714285714,0.0,0.0,0.0,1.0,0.0,0.0,0.0,1.0,0.0,0.0,1.0,1.0,9.0,0.2222222222222222,2.0,262,23,3.2717811302689483,1.8415199999999998,124.18699999999997,2.0,0.0,0.0,1.0,1.0,Cc1n[nH]cc1C(C)C,0.0,28.68
0.0,1.0,3.0,21.0,0.0,9.0,0.0,3.0,21,29,21,5,,1,,2,False,0.7241379310344828,0.0,0.0,0.1111111111111111,1.0,0.0,0.0,1.0,0.0,1.0,0.0,1.0,0.0,0.0,6.0,1.0,19.0,0.5263157894736842,10.0,263,21,2.6910316381700854,-1.1746999999999999,260.21700000000004,8.0,0.0,2.0,3.0,2.0,CC(=O)N(c1nc2cncn2c(=O)[nH]1)n1ccnn1,0.0,114.07
0.0,1.0,1.0,10.0,0.0,7.0,0.0,1.0,23,38,28,9,,,,1,False,0.6052631578947368,1.0,0.0,0.2857142857142857,0.0,0.0,0.0,1.0,0.0,0.0,0.0,1.0,0.0,0.0,2.0,0.0,10.0,0.3,3.0,264,23,2.3292970131405606,1.53772,141.145,1.0,0.0,1.0,1.0,1.0,COc1cc(C)nc(F)c1,0.0,22.12
0.0,0.5,1.0,21.0,0.0,17.0,0.0,2.0,14,26,15,9,,2,,,False,0.5384615384615384,0.0,0.0,0.35294117647058826,0.0,0.0,0.0,1.0,0.0,0.0,0.0,1.0,0.0,0.0,2.0,1.0,20.0,0.15,3.0,265,14,2.267458889530109,3.0127000000000015,271.36,1.0,1.0,2.0,2.0,4.0,C=C(C)C(=CC(=O)NC)C1COC(c2ccccc2)C1,0.0,38.33
0.0,0.3333333333333333,1.0,23.0,0.0,15.0,0.0,3.0,21,28,21,4,,1,,2,False,0.75,0.0,0.0,0.5333333333333333,1.0,0.0,0.0,1.0,0.0,1.0,0.0,1.0,0.0,0.0,5.0,5.0,21.0,0.2857142857142857,6.0,266,21,7.080029579789156,0.8917000000000002,289.3829999999999,5.0,2.0,1.0,3.0,3.0,NCNC12C=CC(O)=CCCC1NCCC2c1cc[nH]n1,0.0,98.99
0.0,0.5,1.0,19.0,0.0,14.0,0.0,2.0,21,32,22,8,,1,,1,False,0.65625,0.0,0.0,0.5,0.0,0.0,0.0,1.0,0.0,0.0,0.0,1.0,0.0,0.0,4.0,1.0,18.0,0.2222222222222222,4.0,267,21,3.4957290687664777,1.9883,248.32599999999996,2.0,1.0,2.0,2.0,4.0,CCc1cc(CO)c(OC)cc1N1CCN=C1C,0.0,45.06
0.0,0.5,1.0,16.0,0.0,12.0,0.0,2.0,13,21,13,5,1,1,,1,False,0.6666666666666666,0.0,0.0,0.5833333333333334,0.0,0.0,0.0,1.0,0.0,0.0,0.0,1.0,0.0,0.0,2.0,0.0,15.0,0.2,3.0,268,13,2.081791120114387,2.36782,205.30499999999998,3.0,1.0,0.0,2.0,3.0,CCCn1nc(N2CC=C(C)C2)cc1C,0.0,21.060000000000002
0.0,0.5,1.0,19.0,0.0,12.0,0.0,2.0,23,32,23,7,,1,,1,False,0.71875,0.0,0.0,0.5833333333333334,0.0,0.0,0.0,1.0,0.0,0.0,0.0,1.0,0.0,0.0,4.0,4.0,18.0,0.3333333333333333,6.0,269,23,2.5230805982013194,0.7490999999999997,254.28600000000003,2.0,1.0,4.0,2.0,3.0,CC(=O)NC1CCCC(OO)C1(O)c1ccc[nH]1,0.0,94.58000000000001
0.0,0.3333333333333333,1.0,21.0,0.0,18.0,0.0,3.0,19,32,22,7,,1,,2,False,0.59375,0.0,0.0,0.6666666666666666,1.0,0.0,0.0,1.0,0.0,1.0,0.0,1.0,0.0,0.0,1.0,1.0,19.0,0.05263157894736842,1.0,270,19,3.866487734412253,4.261700000000003,257.4209999999999,1.0,2.0,0.0,3.0,3.0,CCc1ccccc1C1CC2CCCCC2(CN)C1,0.0,26.02
0.0,0.6666666666666666,2.0,24.0,0.0,13.0,0.0,3.0,23,34,23,8,,1,,2,False,0.6764705882352942,0.0,0.0,0.46153846153846156,1.0,0.0,0.0,1.0,0.0,1.0,0.0,1.0,0.0,0.0,7.0,3.0,22.0,0.4090909090909091,9.0,271,23,4.983411222741149,-0.8739999999999997,307.31000000000006,5.0,1.0,4.0,3.0,4.0,C=C1C(NOC)C(O)C(n2c(=O)ncc3cn[nH]c32)C1OC,0.0,114.29
0.0,0.5,1.0,19.0,0.0,15.0,0.0,2.0,13,31,16,13,,,,2,False,0.41935483870967744,0.0,0.0,0.3333333333333333,1.0,0.0,1.0,1.0,0.0,1.0,0.0,1.0,1.0,0.0,3.0,0.0,18.0,0.16666666666666666,3.0,272,13,2.815708346684852,3.532600000000002,246.30599999999995,0.0,1.0,3.0,2.0,6.0,CC=CCOc1c2c(cc(OCC)c1OC)C=C2,0.0,27.69
0.0,0.5,2.0,24.0,0.0,14.0,0.0,4.0,18,27,19,4,,1,,3,False,0.6666666666666666,0.0,0.0,0.21428571428571427,2.0,0.0,0.0,1.0,0.0,1.0,0.0,1.0,0.0,0.0,3.0,2.0,21.0,0.3333333333333333,7.0,273,18,3.967323103534986,0.33089999999999986,283.291,5.0,2.0,2.0,4.0,0.0,CN1CC(=O)N=C(n2ccc3c2C(=O)NC3)c2[nH]ccc21,0.0,82.49000000000001
0.0,0.6666666666666666,2.0,21.0,0.0,15.0,0.0,3.0,21,30,22,5,,1,,2,False,0.7,0.0,0.0,0.3333333333333333,1.0,0.0,0.0,1.0,0.0,1.0,0.0,1.0,0.0,0.0,3.0,1.0,19.0,0.21052631578947367,4.0,274,21,2.991381185651808,2.1506,254.337,4.0,1.0,0.0,3.0,3.0,CNCc1nn(C)c2ccc(C3=CC=NCC3)cc12,0.0,42.21
0.0,0.3333333333333333,1.0,20.0,0.0,13.0,0.0,3.0,23,33,24,5,1,1,,2,False,0.696969696969697,0.0,0.0,0.3076923076923077,1.0,0.0,1.0,1.0,0.0,1.0,0.0,1.0,1.0,0.0,4.0,3.0,18.0,0.2777777777777778,5.0,275,23,2.878059171952806,0.41459999999999975,244.29799999999994,4.0,2.0,1.0,3.0,3.0,NCCN1C=C(c2cccc3c2NC3=O)CNC1,0.0,70.39
0.0,0.5,1.0,15.0,0.0,12.0,0.0,2.0,20,25,20,3,,1,,1,False,0.8,0.0,0.0,0.5,0.0,0.0,0.0,1.0,0.0,0.0,0.0,1.0,0.0,0.0,2.0,0.0,14.0,0.14285714285714285,2.0,276,20,2.7048931178744504,2.6038200000000007,191.27399999999992,1.0,1.0,1.0,2.0,2.0,COc1ccc(C)cc1N1CCCC1,0.0,12.47
0.0,0.3333333333333333,1.0,23.0,2.0,16.0,0.0,3.0,20,30,20,7,,,,3,False,0.6666666666666666,0.0,0.0,0.5625,1.0,0.0,0.0,1.0,1.0,1.0,0.0,1.0,0.0,1.0,4.0,2.0,21.0,0.23809523809523808,5.0,277,20,5.117937100566541,1.0976000000000006,290.363,2.0,2.0,3.0,3.0,3.0,COCC(=O)NC1CNCCC12OC(C)c1cccc2c1,1.0,59.59
0.0,0.6666666666666666,2.0,21.0,0.0,13.0,0.0,3.0,16,21,16,2,,2,,1,False,0.7619047619047619,0.0,0.0,0.23076923076923078,0.0,0.0,0.0,1.0,0.0,0.0,0.0,1.0,0.0,0.0,6.0,1.0,19.0,0.3157894736842105,6.0,278,16,3.345763739476154,1.9602,255.28099999999998,5.0,1.0,1.0,3.0,3.0,Oc1cnc(Cc2ccccc2N2CCN=N2)nc1,0.0,73.97
0.0,1.0,4.0,26.0,0.0,15.0,0.0,4.0,16,23,16,3,,2,,2,False,0.6956521739130435,0.0,0.0,0.06666666666666667,1.0,0.0,0.0,1.0,0.0,1.0,0.0,1.0,0.0,0.0,6.0,1.0,23.0,0.34782608695652173,8.0,279,16,2.6455524429325075,1.7153999999999996,308.30100000000004,6.0,0.0,2.0,4.0,3.0,COc1cc2c(nnn2-c2ccccc2)c(O)c1-n1ccnn1,0.0,90.88
0.0,1.0,3.0,21.0,0.0,14.0,0.0,3.0,16,33,21,9,,,,3,False,0.48484848484848486,1.0,0.0,0.0,1.0,0.0,0.0,1.0,0.0,1.0,0.0,1.0,0.0,0.0,2.0,2.0,19.0,0.2631578947368421,5.0,280,16,2.799577218696305,1.9192999999999998,256.236,2.0,0.0,2.0,3.0,1.0,NC(=O)c1cc(F)cc2c(=O)[nH]c3ccccc3c12,0.0,75.95
0.0,0.6666666666666666,2.0,22.0,0.0,13.0,0.0,3.0,21,38,26,9,,1,,2,False,0.5526315789473685,0.0,0.0,0.15384615384615385,1.0,0.0,0.0,1.0,0.0,1.0,0.0,1.0,0.0,0.0,4.0,2.0,20.0,0.35,7.0,281,21,5.04990405716761,1.5394999999999996,272.264,4.0,1.0,3.0,3.0,2.0,CN1Cc2c(cccc2Oc2ccnc(=O)[nH]2)NC1=O,0.0,87.32
0.0,1.0,3.0,24.0,0.0,18.0,0.0,3.0,20,29,21,5,,2,,1,False,0.6896551724137931,0.0,0.0,0.05555555555555555,0.0,0.0,0.0,1.0,0.0,0.0,0.0,1.0,0.0,0.0,4.0,0.0,22.0,0.18181818181818182,4.0,282,20,2.5140235813905547,3.6712200000000026,290.322,2.0,0.0,2.0,3.0,3.0,Cc1cccc(C(=O)Oc2ccnc(-c3ccccc3)n2)c1,0.0,52.08
0.0,1.0,2.0,20.0,0.0,13.0,0.0,2.0,19,35,24,9,,1,,1,False,0.5428571428571428,0.0,0.0,0.15384615384615385,0.0,0.0,0.0,1.0,0.0,0.0,0.0,1.0,0.0,0.0,6.0,2.0,19.0,0.3157894736842105,6.0,283,19,3.042986486170692,1.8610799999999994,261.23299999999995,1.0,0.0,5.0,2.0,4.0,COc1c(C#N)oc(O)c1-c1ccc(OCO)cc1,0.0,95.85000000000001
0.0,1.0,1.0,18.0,0.0,15.0,0.0,1.0,17,32,18,13,,,,1,False,0.53125,0.0,0.0,0.6,0.0,0.0,0.0,1.0,0.0,0.0,0.0,1.0,0.0,0.0,3.0,0.0,18.0,0.16666666666666666,3.0,284,17,2.301589839324625,3.0694000000000017,252.35399999999998,0.0,0.0,3.0,1.0,9.0,COCCOC(C)CCCc1ccccc1OC,0.0,27.69
0.0,1.0,2.0,23.0,0.0,15.0,0.0,2.0,21,35,21,11,1,1,,1,False,0.6285714285714286,0.0,0.0,0.4,0.0,0.0,0.0,1.0,0.0,0.0,0.0,1.0,0.0,0.0,6.0,1.0,22.0,0.3181818181818182,7.0,285,21,2.5973007048990615,1.6192199999999999,303.36600000000004,5.0,0.0,2.0,2.0,7.0,COCCOCC=C(C)c1ccn(-c2nc(C)cc(N)n2)n1,0.0,88.08
0.0,1.0,2.0,18.0,0.0,14.0,0.0,2.0,20,29,20,7,,,,2,False,0.6896551724137931,0.0,0.0,0.2857142857142857,1.0,0.0,0.0,1.0,0.0,1.0,0.0,1.0,0.0,0.0,3.0,2.0,17.0,0.17647058823529413,3.0,286,20,2.7548161923534895,2.561020000000001,231.295,1.0,0.0,2.0,2.0,4.0,COc1cc(C)cc2cc(NCCO)ccc12,0.0,41.489999999999995
0.0,0.0,0.0,21.0,0.0,12.0,0.0,4.0,19,28,20,4,,,,4,False,0.6785714285714286,0.0,0.0,0.5833333333333334,1.0,0.0,0.0,0.0,0.0,1.0,0.0,1.0,0.0,0.0,6.0,3.0,18.0,0.3333333333333333,6.0,287,19,2.22022637147441,-0.8508999999999984,245.286,5.0,4.0,1.0,4.0,1.0,CC(=O)C1=C2NC3NCNC3C2C2N=CN=C2C1,0.0,77.88000000000001
0.0,0.3333333333333333,1.0,23.0,0.0,16.0,0.0,3.0,20,29,20,6,,1,,2,False,0.6896551724137931,0.0,0.0,0.25,1.0,0.0,0.0,1.0,0.0,1.0,0.0,1.0,0.0,0.0,5.0,1.0,21.0,0.23809523809523808,5.0,288,20,11.619413438598839,2.6925,280.33099999999996,4.0,2.0,1.0,3.0,4.0,CC12N=NC=C1C(=O)C(CC=CCc1ccccn1)=CN2,0.0,66.71
0.0,1.0,3.0,23.0,0.0,16.0,0.0,3.0,16,27,18,6,,2,,1,False,0.5925925925925926,1.0,0.0,0.125,0.0,0.0,0.0,1.0,0.0,0.0,0.0,1.0,0.0,0.0,3.0,1.0,21.0,0.23809523809523808,5.0,289,16,2.991788495737377,3.3066000000000013,283.306,3.0,0.0,1.0,3.0,5.0,Fc1cccc(CC(Oc2ccccc2)c2nnc[nH]2)c1,0.0,50.800000000000004
0.0,0.0,0.0,20.0,2.0,16.0,0.0,2.0,18,32,19,11,,,,2,False,0.5625,0.0,0.0,0.9375,1.0,0.0,0.0,0.0,1.0,1.0,0.0,1.0,0.0,0.0,3.0,1.0,19.0,0.15789473684210525,3.0,290,18,2.358677157639073,3.059000000000002,265.445,3.0,2.0,0.0,2.0,7.0,CCCCCCCNC1=NC2CC(C1)CN(CC)C2,0.0,27.630000000000003
0.0,1.0,3.0,22.0,0.0,18.0,0.0,3.0,15,26,17,6,,1,,2,False,0.5769230769230769,2.0,0.0,0.0,1.0,0.0,0.0,1.0,0.0,1.0,0.0,1.0,0.0,0.0,0.0,0.0,20.0,0.1,2.0,291,15,2.4750790169920753,5.288400000000003,266.28999999999996,0.0,0.0,0.0,3.0,2.0,Fc1cccc(C=Cc2ccc3cccc(F)c3c2)c1,0.0,0.0
0.0,1.0,2.0,22.0,0.0,16.0,0.0,2.0,12,36,22,12,,1,,1,False,0.3333333333333333,1.0,0.0,0.1875,0.0,0.0,0.0,1.0,0.0,0.0,0.0,1.0,0.0,0.0,4.0,2.0,21.0,0.23809523809523808,5.0,292,12,2.9264408524789487,3.061000000000002,290.2900000000001,0.0,0.0,4.0,2.0,5.0,COc1cc(CCC(=O)c2ccccc2O)cc(F)c1O,0.0,66.76
0.0,1.0,3.0,21.0,0.0,15.0,0.0,3.0,16,29,20,6,,2,,1,False,0.5517241379310345,0.0,0.0,0.06666666666666667,0.0,0.0,0.0,1.0,0.0,0.0,0.0,1.0,0.0,0.0,4.0,0.0,19.0,0.21052631578947367,4.0,293,16,3.871528761398915,3.8373200000000027,252.273,2.0,0.0,2.0,3.0,3.0,Cc1nnc(-c2cccc(Oc3ccccc3)c2)o1,0.0,48.150000000000006
0.0,0.0,0.0,11.0,0.0,7.0,0.0,1.0,17,24,17,6,,,,1,False,0.7083333333333334,0.0,0.0,0.8571428571428571,0.0,0.0,0.0,0.0,0.0,0.0,0.0,1.0,0.0,0.0,4.0,2.0,11.0,0.36363636363636365,4.0,294,17,2.7316524423174564,-0.5663,160.16899999999998,0.0,1.0,4.0,1.0,1.0,CC(=O)OC1C(O)CCC1O,0.0,66.76
0.0,0.6666666666666666,2.0,21.0,0.0,16.0,0.0,3.0,23,30,23,4,,1,,2,False,0.7666666666666667,0.0,0.0,0.25,1.0,0.0,0.0,1.0,0.0,1.0,0.0,1.0,0.0,0.0,2.0,0.0,19.0,0.15789473684210525,3.0,295,23,2.3383699761657235,3.315000000000002,252.317,2.0,1.0,1.0,3.0,2.0,CCn1ccc2c1C(C)C(=O)C(c1ccccc1)=N2,0.0,34.36
0.0,0.5,1.0,17.0,0.0,13.0,0.0,2.0,21,31,23,6,,1,,1,False,0.6774193548387096,0.0,0.0,0.3076923076923077,0.0,0.0,0.0,1.0,0.0,0.0,0.0,1.0,0.0,0.0,3.0,2.0,16.0,0.1875,3.0,296,21,7.503941558367314,2.3791,216.28399999999996,2.0,1.0,1.0,2.0,2.0,CC(C)c1cccc(O)c1C1=NCNC=C1,0.0,44.620000000000005
0.0,0.0,0.0,23.0,2.0,15.0,0.0,4.0,19,35,23,8,,1,,3,False,0.5428571428571428,0.0,0.0,0.8666666666666667,1.0,0.0,1.0,0.0,1.0,1.0,0.0,1.0,1.0,0.0,5.0,3.0,20.0,0.25,5.0,297,19,4.147724556477684,0.6665999999999999,280.368,2.0,4.0,3.0,4.0,2.0,CC1=CCC2C3CN(C4CCC4NO)CC(O3)C2(O)C1,0.0,64.96000000000001
0.0,0.5,1.0,17.0,0.0,13.0,0.0,2.0,22,30,23,5,,1,,1,False,0.7333333333333333,1.0,0.0,0.46153846153846156,0.0,0.0,0.0,1.0,0.0,0.0,0.0,1.0,0.0,0.0,2.0,0.0,16.0,0.1875,3.0,298,22,2.6038872672595406,2.6832800000000008,218.27499999999992,2.0,1.0,0.0,2.0,2.0,N#Cc1cccc(F)c1CN1CCCCC1,0.0,27.03
0.0,0.5,1.0,20.0,0.0,14.0,0.0,2.0,22,31,22,7,,1,,1,False,0.7096774193548387,1.0,0.0,0.2857142857142857,0.0,0.0,0.0,1.0,0.0,0.0,0.0,1.0,0.0,0.0,3.0,0.0,19.0,0.2631578947368421,5.0,299,22,2.9275542526322247,1.8627999999999998,263.268,1.0,1.0,3.0,2.0,2.0,COc1c(F)cccc1C1C=C(C)C(=O)N(C)C1=O,0.0,46.61
0.0,1.0,3.0,25.0,0.0,17.0,0.0,3.0,22,31,22,6,,2,,1,False,0.7096774193548387,1.0,0.0,0.17647058823529413,0.0,0.0,0.0,1.0,0.0,0.0,0.0,1.0,0.0,0.0,5.0,1.0,23.0,0.2608695652173913,6.0,300,22,3.741772729796505,3.8865000000000016,313.332,3.0,0.0,2.0,3.0,6.0,CCOc1cccc(F)c1-c1nc(CNc2ccccc2)no1,0.0,60.18
0.0,0.6666666666666666,2.0,18.0,0.0,12.0,0.0,3.0,17,21,17,1,,1,,2,False,0.8095238095238095,0.0,0.0,0.16666666666666666,1.0,0.0,0.0,1.0,0.0,1.0,0.0,1.0,0.0,0.0,3.0,1.0,16.0,0.25,4.0,301,17,2.6275466635039306,1.6075,212.25600000000003,4.0,1.0,0.0,3.0,1.0,CN1Cc2[nH]ncc2C(c2ccccc2)=N1,0.0,44.28
0.0,0.5,2.0,25.0,2.0,16.0,0.0,4.0,9,17,9,4,,1,,3,False,0.5294117647058824,0.0,0.0,0.25,2.0,0.0,0.0,1.0,1.0,1.0,0.0,1.0,0.0,0.0,5.0,1.0,22.0,0.2727272727272727,6.0,302,9,1.9640877421928118,2.223,293.33000000000004,5.0,2.0,1.0,4.0,2.0,CCC=C1C(=O)C2=NN=CN(C2)C1c1ccc2[nH]ncc2c1,0.0,73.71000000000001
0.0,0.6,3.0,24.0,0.0,14.0,0.0,5.0,15,24,17,2,,,,5,False,0.625,0.0,0.0,0.14285714285714285,1.0,0.0,0.0,1.0,0.0,1.0,0.0,1.0,0.0,0.0,5.0,2.0,20.0,0.3,6.0,303,15,3.4882475761935963,2.6049000000000007,266.25999999999993,4.0,2.0,2.0,5.0,0.0,c1n[nH]c2c1Nc1ccc3c(c1C2)-c1cnoc1CO3,0.0,75.97000000000001
0.0,1.0,2.0,20.0,0.0,12.0,0.0,2.0,12,34,17,15,,,,2,False,0.35294117647058826,0.0,0.0,0.25,1.0,0.0,0.0,1.0,0.0,1.0,0.0,1.0,0.0,0.0,5.0,1.0,19.0,0.3684210526315789,7.0,304,12,2.9916100790230478,0.7565999999999999,264.23699999999997,2.0,0.0,5.0,2.0,5.0,COCc1c(OC)cc2c(C(=O)C(=O)O)nccn12,0.0,90.13
0.0,0.3333333333333333,1.0,21.0,0.0,15.0,0.0,3.0,22,31,22,6,,,,3,False,0.7096774193548387,0.0,0.0,0.4666666666666667,1.0,0.0,0.0,1.0,0.0,1.0,0.0,1.0,0.0,0.0,3.0,0.0,19.0,0.21052631578947367,4.0,305,22,2.8043224737132166,2.8804000000000016,258.3209999999999,2.0,2.0,2.0,3.0,1.0,COc1c2c(cc3c1C(C)N(C)C3=O)CCC(C)=N2,0.0,41.9
0.0,0.5,1.0,14.0,0.0,9.0,0.0,2.0,23,28,23,3,,1,,1,False,0.8214285714285714,0.0,0.0,0.4444444444444444,0.0,0.0,0.0,1.0,0.0,0.0,0.0,1.0,0.0,0.0,2.0,2.0,13.0,0.3076923076923077,4.0,306,23,3.1482574123373364,0.49180000000000007,179.22299999999996,3.0,1.0,1.0,2.0,1.0,NC(=O)n1cccc1C1CCNC1,0.0,60.050000000000004
0.0,0.75,3.0,25.0,0.0,18.0,0.0,4.0,22,29,23,2,,2,,2,False,0.7586206896551724,0.0,0.0,0.16666666666666666,1.0,0.0,0.0,1.0,0.0,1.0,0.0,1.0,0.0,0.0,3.0,0.0,22.0,0.18181818181818182,4.0,307,22,3.125809698295493,3.0593000000000012,288.35400000000004,4.0,1.0,0.0,4.0,2.0,Cn1cc(-c2ccc3c(c2)CC=C(c2ccncc2)C3)nn1,0.0,43.6
0.0,1.0,1.0,19.0,0.0,17.0,0.0,1.0,18,32,18,13,,,,1,False,0.5625,0.0,0.0,0.5294117647058824,0.0,0.0,0.0,1.0,0.0,0.0,0.0,1.0,0.0,0.0,2.0,1.0,19.0,0.10526315789473684,2.0,308,18,3.3399104819644676,3.8197000000000028,261.40899999999993,1.0,0.0,1.0,1.0,10.0,C=CC(CCc1ccccc1OC)CNCCCC,0.0,21.259999999999998
0.0,1.0,2.0,15.0,0.0,13.0,0.0,2.0,23,29,24,3,,1,,1,False,0.7931034482758621,0.0,0.0,0.0,0.0,0.0,0.0,1.0,0.0,0.0,0.0,1.0,0.0,0.0,1.0,0.0,14.0,0.07142857142857142,1.0,309,23,1.926098256922829,2.917600000000001,182.222,0.0,0.0,1.0,2.0,2.0,O=C(c1ccccc1)c1ccccc1,0.0,17.07
0.0,0.0,0.0,7.0,0.0,4.0,0.0,1.0,23,27,23,2,1,,,1,False,0.8888888888888888,0.0,0.0,0.75,0.0,0.0,0.0,0.0,0.0,0.0,0.0,1.0,0.0,0.0,2.0,2.0,7.0,0.42857142857142855,3.0,310,23,3.3291940042257555,-1.1328000000000003,101.105,1.0,1.0,2.0,1.0,0.0,O=C1CC(O)CN1,0.0,49.33
0.0,0.3333333333333333,1.0,20.0,2.0,14.0,0.0,3.0,20,27,20,4,,1,,2,False,0.7407407407407407,0.0,0.0,0.42857142857142855,1.0,0.0,0.0,1.0,1.0,1.0,0.0,1.0,0.0,0.0,4.0,2.0,18.0,0.2222222222222222,4.0,311,20,2.881969449389172,1.8408,248.27799999999996,0.0,2.0,4.0,3.0,2.0,OCc1ccc(C(O)=C2OC3COCC2C3)cc1,0.0,58.92
0.0,0.6666666666666666,2.0,24.0,0.0,15.0,0.0,3.0,13,25,13,8,1,1,,2,False,0.56,0.0,0.0,0.4666666666666667,1.0,0.0,0.0,1.0,0.0,1.0,0.0,1.0,0.0,0.0,5.0,1.0,22.0,0.3181818181818182,7.0,312,13,3.060712417669473,1.9523199999999998,304.3500000000001,4.0,1.0,3.0,3.0,4.0,COCC(C)c1on(N2C(C)=CCc3cn[nH]c32)c(=O)c1C,0.0,76.28999999999999
0.0,1.0,4.0,24.0,0.0,19.0,0.0,4.0,16,28,19,5,,1,,3,False,0.5714285714285714,0.0,0.0,0.05263157894736842,1.0,0.0,0.0,1.0,0.0,1.0,0.0,1.0,0.0,0.0,2.0,1.0,21.0,0.09523809523809523,2.0,313,16,3.2147976665021356,5.143620000000003,273.33500000000004,1.0,0.0,1.0,4.0,1.0,Cc1c2ccccc2cc2cc(-c3cccc(N)c3)oc12,0.0,39.16
0.0,1.0,1.0,16.0,0.0,16.0,0.0,1.0,14,27,15,11,,,,1,False,0.5185185185185185,0.0,0.0,0.5,0.0,0.0,0.0,1.0,0.0,0.0,0.0,1.0,0.0,0.0,0.0,0.0,16.0,0.0,0.0,314,14,2.7686584059864745,5.145800000000005,216.368,0.0,0.0,0.0,1.0,7.0,CCCCCCC(C)=CCc1ccccc1,0.0,0.0
0.0,0.3333333333333333,1.0,21.0,0.0,13.0,0.0,3.0,19,26,19,3,1,1,,2,False,0.7692307692307693,0.0,0.0,0.46153846153846156,1.0,0.0,0.0,1.0,0.0,1.0,0.0,1.0,0.0,0.0,6.0,0.0,19.0,0.3157894736842105,6.0,315,19,3.2563765601452057,0.04559999999999986,258.28099999999995,4.0,2.0,2.0,3.0,1.0,O=C=C1C(=O)CC2CCN(c3ccncn3)CCN12,0.0,66.4
0.0,0.6666666666666666,2.0,20.0,0.0,14.0,0.0,3.0,18,24,18,3,,,,3,False,0.75,0.0,0.0,0.2857142857142857,1.0,0.0,0.0,1.0,0.0,1.0,0.0,1.0,0.0,0.0,4.0,2.0,18.0,0.2222222222222222,4.0,316,18,5.521610701951735,1.4024199999999996,242.27800000000002,2.0,1.0,2.0,3.0,0.0,Cc1nncc2c1CC(O)C(O)c1ccccc1-2,0.0,66.24000000000001
0.0,1.0,2.0,23.0,0.0,15.0,0.0,2.0,23,39,24,12,1,1,,1,False,0.5897435897435898,0.0,0.0,0.3333333333333333,0.0,0.0,0.0,1.0,0.0,0.0,0.0,1.0,0.0,0.0,5.0,2.0,22.0,0.3181818181818182,7.0,317,23,3.760319664688976,1.8121199999999997,305.334,3.0,0.0,4.0,2.0,7.0,CCNc1c(-c2cccc(OCC(=O)O)c2)nc(C)n1OC,0.0,85.61
0.0,0.5,2.0,24.0,0.0,18.0,0.0,4.0,23,28,23,1,,2,,2,False,0.8214285714285714,0.0,0.0,0.2777777777777778,1.0,0.0,0.0,1.0,0.0,1.0,0.0,1.0,0.0,0.0,3.0,1.0,21.0,0.14285714285714285,3.0,318,23,5.476592726732354,3.5801000000000016,278.35499999999996,2.0,2.0,1.0,4.0,2.0,Oc1ccccc1C1=NC2CCCC2N1c1ccccc1,0.0,35.830000000000005
0.0,0.0,0.0,10.0,0.0,8.0,0.0,0.0,19,29,19,10,,,,,False,0.6551724137931034,0.0,0.0,0.625,0.0,0.0,0.0,0.0,0.0,0.0,0.0,0.0,0.0,0.0,3.0,0.0,11.0,0.2727272727272727,3.0,319,19,2.762269009404988,1.1422,158.19699999999997,0.0,0.0,3.0,0.0,6.0,C=CCOC(=O)COCCC,0.0,35.53
0.0,0.2,1.0,24.0,0.0,18.0,0.0,5.0,19,27,20,2,,,,5,False,0.7037037037037037,0.0,0.0,0.5,1.0,0.0,0.0,1.0,0.0,1.0,0.0,1.0,0.0,1.0,2.0,1.0,20.0,0.1,2.0,320,19,2.266259215679352,3.1201000000000016,265.356,1.0,4.0,1.0,5.0,0.0,OC1CCC23C=CN=C2c2cc4c(cc2C3C1)CCC4,1.0,32.59
0.0,1.0,1.0,9.0,0.0,8.0,0.0,1.0,20,28,22,5,,,,1,False,0.7142857142857143,1.0,0.0,0.25,0.0,0.0,0.0,1.0,0.0,0.0,0.0,1.0,0.0,0.0,0.0,0.0,9.0,0.1111111111111111,1.0,321,20,2.4830569227529082,2.3881000000000006,124.15799999999997,0.0,0.0,0.0,1.0,1.0,CCc1ccccc1F,0.0,0.0
0.0,0.5,1.0,20.0,0.0,15.0,0.0,2.0,22,34,22,10,,,,2,False,0.6470588235294118,0.0,0.0,0.6,1.0,0.0,0.0,1.0,0.0,1.0,0.0,1.0,0.0,0.0,4.0,3.0,19.0,0.21052631578947367,4.0,322,22,3.4961500236119014,2.6725000000000003,264.369,2.0,1.0,2.0,2.0,7.0,CCCNCCC(CC)c1ccc2c(c1O)ONC2,0.0,53.519999999999996
0.0,0.3333333333333333,1.0,22.0,0.0,14.0,0.0,3.0,19,26,20,3,,2,,1,False,0.7307692307692307,0.0,0.0,0.5714285714285714,0.0,0.0,0.0,1.0,0.0,0.0,0.0,1.0,0.0,0.0,6.0,3.0,20.0,0.3,6.0,323,19,2.4366096464313767,0.4673999999999999,277.32399999999996,3.0,2.0,3.0,3.0,2.0,Oc1cnc(C2=CCC(C3NCCCC3O)OC2)cn1,0.0,87.50000000000001
0.0,1.0,3.0,26.0,0.0,17.0,0.0,3.0,20,30,20,7,,2,,1,False,0.6666666666666666,0.0,0.0,0.058823529411764705,0.0,0.0,0.0,1.0,0.0,0.0,0.0,1.0,0.0,0.0,7.0,1.0,24.0,0.2916666666666667,7.0,324,20,8.706179229726578,2.3364000000000003,323.308,3.0,0.0,4.0,3.0,4.0,COC(=O)c1ccc(C(=O)c2nnc(N)cc2-c2ccco2)cc1,0.0,108.31
0.0,0.5,1.0,25.0,0.0,20.0,0.0,2.0,13,27,13,12,,1,,1,False,0.48148148148148145,0.0,0.0,0.7,0.0,0.0,0.0,1.0,0.0,0.0,0.0,1.0,0.0,0.0,4.0,1.0,24.0,0.16666666666666666,4.0,325,13,2.9953150984819863,3.419900000000002,334.50399999999996,2.0,1.0,2.0,2.0,11.0,COCCNC1CCCC(C)N1CCCCOCc1ccccc1,0.0,33.730000000000004
0.0,1.0,1.0,11.0,0.0,8.0,0.0,1.0,16,24,17,6,,,,1,False,0.6666666666666666,0.0,0.0,0.25,0.0,0.0,0.0,1.0,0.0,0.0,0.0,1.0,0.0,0.0,3.0,2.0,11.0,0.2727272727272727,3.0,326,16,2.6944432030732317,0.8930999999999998,154.165,0.0,0.0,3.0,1.0,2.0,COc1ccc(CO)cc1O,0.0,49.69
0.0,0.0,0.0,19.0,0.0,15.0,0.0,1.0,20,34,20,13,,,,1,False,0.5882352941176471,0.0,0.0,0.5333333333333333,0.0,0.0,0.0,0.0,0.0,0.0,0.0,1.0,0.0,0.0,4.0,1.0,19.0,0.21052631578947367,4.0,327,20,2.6569476291703245,2.4121000000000006,264.36899999999997,2.0,1.0,2.0,1.0,6.0,C=CC(=O)OCCN1CNC(=C)C(C)=C1CC(C)C,0.0,41.57
0.0,0.5,2.0,24.0,2.0,19.0,0.0,4.0,22,29,22,3,,1,,3,False,0.7586206896551724,1.0,0.0,0.3684210526315789,1.0,0.0,0.0,1.0,1.0,1.0,0.0,1.0,0.0,0.0,1.0,0.0,21.0,0.09523809523809523,2.0,328,22,2.80002112034059,4.791600000000003,282.358,0.0,2.0,1.0,4.0,2.0,COc1cccc2c1C1(c3ccccc3F)CCCC2C1,0.0,9.23
0.0,0.3333333333333333,1.0,22.0,2.0,16.0,0.0,2.0,19,32,19,11,,,,2,False,0.59375,0.0,0.0,0.375,1.0,0.0,0.0,1.0,1.0,1.0,0.0,1.0,0.0,0.0,5.0,0.0,21.0,0.23809523809523808,5.0,329,19,4.07188879810317,2.5047000000000006,289.331,1.0,2.0,4.0,3.0,5.0,COCC1=CC(C)=C(C(C)=O)c2nc(OC)c1cc2OC,0.0,57.650000000000006
0.0,1.0,1.0,15.0,0.0,10.0,0.0,1.0,18,28,18,9,,,,1,False,0.6428571428571429,1.0,0.0,0.3,0.0,0.0,0.0,1.0,0.0,0.0,0.0,1.0,0.0,0.0,4.0,1.0,15.0,0.3333333333333333,5.0,330,18,3.537011716479155,1.8712699999999998,213.208,1.0,0.0,3.0,1.0,5.0,COc1cc(F)c(OCC=N)c(OC)c1,0.0,51.540000000000006
0.0,0.25,1.0,25.0,0.0,19.0,0.0,4.0,22,30,23,3,,1,,3,False,0.7333333333333333,0.0,0.0,0.5789473684210527,1.0,0.0,0.0,1.0,0.0,1.0,0.0,1.0,0.0,1.0,3.0,2.0,22.0,0.13636363636363635,3.0,331,22,1.6753447245240431,2.1450000000000005,298.43,2.0,3.0,1.0,4.0,2.0,OCC1C=CC2CNCCC23CCC(c2ccccc2)CN13,1.0,35.5
0.0,0.3333333333333333,1.0,23.0,0.0,16.0,0.0,3.0,15,28,17,8,,1,,2,False,0.5357142857142857,0.0,0.0,0.625,0.0,1.0,0.0,1.0,0.0,0.0,0.0,1.0,1.0,1.0,5.0,2.0,21.0,0.23809523809523808,5.0,332,15,2.8646298027846484,0.9323000000000004,292.379,2.0,2.0,3.0,3.0,5.0,COc1cccc(CNCC2(C)OC23CNCCOC3)c1,1.0,55.05
0.0,0.0,0.0,18.0,0.0,13.0,0.0,1.0,13,27,13,13,,,,1,False,0.48148148148148145,0.0,0.0,0.7692307692307693,0.0,0.0,0.0,0.0,0.0,0.0,0.0,1.0,0.0,0.0,4.0,2.0,18.0,0.2777777777777778,5.0,333,13,2.195666592041524,1.4112999999999998,256.34599999999995,2.0,1.0,3.0,1.0,8.0,CC(C)OC(C)CNC1=CN(CCC(=O)O)CC1,0.0,61.8
0.0,1.0,1.0,17.0,0.0,13.0,0.0,1.0,22,37,23,13,,,,1,False,0.5945945945945946,0.0,0.0,0.46153846153846156,0.0,0.0,0.0,1.0,0.0,0.0,0.0,1.0,0.0,0.0,3.0,2.0,17.0,0.23529411764705882,4.0,334,22,2.7647871846894496,2.9941000000000013,236.31499999999997,2.0,0.0,2.0,1.0,7.0,CC=CCCNc1[nH]c(OCC)cc1C(C)=O,0.0,54.12
0.0,1.0,3.0,19.0,0.0,11.0,0.0,3.0,22,28,22,3,,1,,2,False,0.7857142857142857,0.0,0.0,0.18181818181818182,1.0,0.0,0.0,1.0,0.0,1.0,0.0,1.0,0.0,0.0,4.0,1.0,17.0,0.35294117647058826,6.0,335,22,3.2931980210520146,1.3219,230.22700000000003,4.0,0.0,2.0,3.0,2.0,CC(c1noc2c(=O)[nH]cnc12)n1cccc1,0.0,76.71000000000001
0.0,0.25,1.0,24.0,0.0,16.0,0.0,4.0,22,32,23,5,,,,4,False,0.6875,0.0,0.0,0.3125,1.0,0.0,0.0,1.0,0.0,1.0,0.0,1.0,0.0,0.0,4.0,2.0,21.0,0.23809523809523808,5.0,336,22,4.020074258763003,2.1590999999999996,285.299,1.0,3.0,4.0,4.0,1.0,CC12Cc3ccccc3OC1=C(C(=O)O)OC1=C2NCC1,0.0,67.79
0.0,0.2,1.0,27.0,0.0,19.0,0.0,5.0,20,33,24,4,,2,,3,False,0.6060606060606061,0.0,0.0,0.42105263157894735,1.0,1.0,0.0,1.0,0.0,1.0,0.0,1.0,1.0,0.0,4.0,2.0,23.0,0.17391304347826086,4.0,337,20,2.648338324104352,1.7628999999999997,306.4130000000001,4.0,4.0,0.0,5.0,1.0,C1=CN(C23CC2Cc2ccccc2C3=C2CN=CNC2)CNC1,0.0,39.66
0.0,0.0,0.0,24.0,4.0,21.0,0.0,3.0,16,26,17,6,,,,3,False,0.6153846153846154,0.0,0.0,0.9047619047619048,1.0,0.0,0.0,0.0,1.0,1.0,1.0,1.0,0.0,0.0,1.0,0.0,22.0,0.045454545454545456,1.0,338,16,2.386901649401437,5.992000000000007,304.51800000000003,0.0,4.0,1.0,4.0,2.0,COCC1=CCCC2CCC3CCCC(C)(C1)C3CC(C)C2,0.0,9.23
0.0,0.0,0.0,9.0,0.0,9.0,0.0,0.0,12,21,12,9,,,,,False,0.5714285714285714,0.0,0.0,1.0,0.0,0.0,0.0,0.0,0.0,0.0,0.0,0.0,0.0,0.0,1.0,0.0,10.0,0.1,1.0,339,12,2.8641363373511033,2.9917000000000016,144.25799999999998,0.0,0.0,1.0,0.0,6.0,CCCCCCOC(C)C,0.0,9.23
0.0,0.3333333333333333,1.0,21.0,0.0,14.0,0.0,3.0,22,29,22,4,,1,,2,False,0.7586206896551724,0.0,0.0,0.2857142857142857,1.0,0.0,0.0,1.0,0.0,1.0,0.0,1.0,0.0,0.0,5.0,0.0,19.0,0.2631578947368421,5.0,340,22,3.733083158285322,1.9258999999999997,258.277,2.0,2.0,3.0,3.0,3.0,COc1cccc(OC)c1C12C=COCC1=NN=C2,0.0,52.41
0.0,0.3333333333333333,1.0,22.0,0.0,14.0,0.0,3.0,22,33,24,6,,1,,2,False,0.6666666666666666,0.0,0.0,0.5,1.0,0.0,0.0,1.0,0.0,1.0,0.0,1.0,0.0,0.0,5.0,1.0,20.0,0.3,6.0,341,22,2.936816452489743,0.9237,276.29200000000003,2.0,2.0,4.0,3.0,1.0,CC1=CC(=O)C2CCN(c3cocn3)C(=O)C(O)C2C1,0.0,83.64
0.0,1.0,2.0,19.0,0.0,13.0,0.0,2.0,21,30,21,7,,1,,1,False,0.7,0.0,0.0,0.3076923076923077,0.0,0.0,0.0,1.0,0.0,0.0,0.0,1.0,0.0,0.0,4.0,1.0,18.0,0.2777777777777778,5.0,342,21,2.865084818559573,2.1307,247.29799999999997,3.0,0.0,2.0,2.0,5.0,CCNn1cc(-c2cc(OC)ccc2OC)cn1,0.0,48.31
0.0,1.0,3.0,21.0,0.0,12.0,0.0,3.0,16,24,17,4,,2,,1,False,0.6666666666666666,0.0,0.0,0.08333333333333333,0.0,0.0,0.0,1.0,0.0,0.0,0.0,1.0,0.0,0.0,6.0,2.0,19.0,0.3684210526315789,7.0,343,16,1.4289229191225477,1.5729999999999997,257.25300000000004,5.0,0.0,2.0,3.0,4.0,Oc1ccc(CNc2noc(-n3ccnc3)n2)cc1,0.0,89.0
0.0,1.0,4.0,25.0,0.0,17.0,0.0,4.0,23,27,23,,,3,,1,False,0.8518518518518519,0.0,0.0,0.0,0.0,0.0,0.0,1.0,0.0,0.0,0.0,1.0,0.0,0.0,4.0,1.0,22.0,0.22727272727272727,5.0,344,23,2.9680725957019924,3.793700000000001,288.31,4.0,0.0,1.0,4.0,3.0,c1ccc(-c2cncc(-c3ncc(-c4cn[nH]c4)o3)c2)cc1,0.0,67.6
0.0,0.6666666666666666,2.0,19.0,0.0,13.0,0.0,3.0,22,36,26,7,,1,,2,False,0.6111111111111112,0.0,0.0,0.15384615384615385,1.0,0.0,0.0,1.0,0.0,1.0,0.0,1.0,0.0,0.0,3.0,0.0,17.0,0.23529411764705882,4.0,345,22,3.2331133719617497,2.5524200000000006,228.25099999999995,2.0,1.0,2.0,3.0,2.0,C=Cc1cn(-c2cccc3c2OCO3)c(C)n1,0.0,36.28
0.0,1.0,2.0,18.0,0.0,9.0,0.0,2.0,21,29,21,6,,1,,1,False,0.7241379310344828,1.0,0.0,0.2222222222222222,0.0,0.0,0.0,1.0,0.0,0.0,0.0,1.0,0.0,0.0,6.0,1.0,17.0,0.47058823529411764,8.0,346,21,2.2764724470498114,0.21020000000000005,239.20999999999998,5.0,0.0,2.0,2.0,3.0,COc1cc(-c2nnn(N)n2)cc(F)c1OC,0.0,88.08000000000001
0.0,0.0,0.0,24.0,0.0,15.0,0.0,3.0,15,25,15,7,,,,3,False,0.6,0.0,0.0,0.7333333333333333,1.0,0.0,0.0,0.0,0.0,1.0,0.0,1.0,0.0,0.0,5.0,3.0,22.0,0.3181818181818182,7.0,347,15,3.8326578235885482,0.5276000000000005,308.38200000000006,4.0,3.0,3.0,3.0,4.0,COCCNC1NC(=O)NC2(C)C3=C(CCOC12)N=CCC3,0.0,83.98
0.0,1.0,2.0,19.0,0.0,14.0,0.0,2.0,14,28,17,9,,1,,1,False,0.5,1.0,0.0,0.14285714285714285,0.0,0.0,0.0,1.0,0.0,0.0,0.0,1.0,0.0,0.0,3.0,1.0,18.0,0.2222222222222222,4.0,348,14,2.9748618694605717,3.2155000000000014,248.25300000000001,0.0,0.0,3.0,2.0,3.0,COc1cc(F)c(-c2ccc(O)cc2)c(OC)c1,0.0,38.69
0.0,1.0,4.0,21.0,0.0,14.0,0.0,4.0,22,31,24,3,,,,4,False,0.7096774193548387,0.0,0.0,0.0,1.0,0.0,0.0,1.0,0.0,1.0,0.0,1.0,0.0,0.0,3.0,0.0,18.0,0.2222222222222222,4.0,349,22,3.109934737276307,2.5939000000000005,236.23,2.0,0.0,2.0,4.0,0.0,O=c1oc2cc3cnccn3c2c2ccccc12,0.0,47.510000000000005
0.0,0.0,0.0,8.0,0.0,7.0,0.0,1.0,15,31,21,9,,,,1,False,0.4838709677419355,0.0,0.0,1.0,0.0,0.0,0.0,0.0,0.0,0.0,0.0,1.0,0.0,0.0,1.0,1.0,8.0,0.125,1.0,350,15,2.0843629178625056,1.396,113.20400000000001,1.0,1.0,0.0,1.0,2.0,CCCC1CCNC1,0.0,12.03
0.0,0.6666666666666666,2.0,23.0,0.0,14.0,0.0,3.0,15,31,18,10,,1,,2,False,0.4838709677419355,0.0,0.0,0.42857142857142855,1.0,0.0,0.0,1.0,0.0,1.0,0.0,1.0,0.0,0.0,6.0,3.0,21.0,0.3333333333333333,7.0,351,15,7.129737659982569,0.6213999999999997,289.33900000000006,5.0,1.0,2.0,3.0,4.0,CC1=C(c2c(NCCN)c(=O)c3ocnc3n2C)NCC1,0.0,98.10999999999999
0.0,0.25,1.0,25.0,0.0,19.0,0.0,4.0,19,26,19,2,1,1,,3,False,0.7692307692307693,0.0,0.0,0.5263157894736842,1.0,0.0,0.0,1.0,0.0,1.0,0.0,1.0,0.0,0.0,3.0,0.0,22.0,0.13636363636363635,3.0,352,19,1.2845452519959561,4.130500000000003,295.4300000000001,3.0,3.0,0.0,4.0,1.0,CC1=C(N2CC3CCCC3N(C)c3ncccc32)C=CCC1,0.0,19.37
0.0,0.25,1.0,22.0,4.0,16.0,0.0,4.0,22,29,23,2,,1,,3,False,0.7586206896551724,0.0,0.0,0.5625,2.0,0.0,0.0,1.0,1.0,1.0,0.0,1.0,0.0,0.0,3.0,1.0,19.0,0.15789473684210525,3.0,353,22,3.156110099663889,2.471000000000001,257.33299999999997,1.0,3.0,2.0,4.0,1.0,OC1Cc2cc(nc(C3=COC4CCCC3C4)c2)C1,0.0,42.35000000000001
0.0,0.6666666666666666,2.0,20.0,0.0,13.0,0.0,3.0,21,31,23,5,,1,,2,False,0.6774193548387096,0.0,0.0,0.15384615384615385,1.0,0.0,0.0,1.0,0.0,1.0,0.0,1.0,0.0,0.0,4.0,1.0,18.0,0.2777777777777778,5.0,354,21,10.366820551377856,1.6073,241.25000000000003,3.0,1.0,2.0,3.0,3.0,O=c1nc2c(c(OCc3ccccc3)[nH]1)CC=N2,0.0,67.34
0.0,0.5,1.0,17.0,0.0,12.0,0.0,2.0,17,23,17,4,,1,,1,False,0.7391304347826086,0.0,0.0,0.08333333333333333,0.0,0.0,0.0,1.0,0.0,0.0,0.0,1.0,0.0,0.0,3.0,3.0,16.0,0.25,4.0,355,17,3.204498097986837,2.3676700000000004,216.23999999999998,2.0,1.0,2.0,2.0,2.0,N=C(O)C1=CN(c2ccccc2)CC(O)=C1,0.0,67.55
0.0,0.75,3.0,27.0,0.0,17.0,0.0,4.0,16,34,22,8,,2,,2,False,0.47058823529411764,1.0,0.0,0.23529411764705882,1.0,0.0,0.0,1.0,0.0,1.0,0.0,1.0,0.0,0.0,5.0,2.0,24.0,0.2916666666666667,7.0,356,16,2.796017834659086,2.2332,324.3630000000001,6.0,1.0,0.0,4.0,3.0,Fc1c(Nc2ccncn2)cc(-n2cccn2)c2c1CCNCC2,0.0,67.66
0.0,0.16666666666666666,1.0,27.0,4.0,16.0,0.0,5.0,10,25,14,6,,1,,4,False,0.4,0.0,0.0,0.5625,1.0,0.0,0.0,1.0,1.0,1.0,0.0,1.0,0.0,0.0,7.0,3.0,23.0,0.30434782608695654,7.0,357,10,3.8739933366825294,0.5370999999999998,312.377,6.0,5.0,1.0,6.0,1.0,Nc1cccc(C2C3N=NCC4CC2(O)C2NCN=CN2C43)c1,0.0,98.6
0.0,0.5,1.0,20.0,0.0,13.0,0.0,2.0,23,34,23,8,1,1,,1,False,0.7058823529411765,1.0,0.0,0.5384615384615384,0.0,0.0,0.0,1.0,0.0,0.0,0.0,1.0,0.0,0.0,5.0,2.0,19.0,0.3157894736842105,6.0,358,23,3.2204709273702794,0.9083999999999998,271.28799999999995,1.0,1.0,4.0,2.0,4.0,COc1ccc(OC2C(O)CNC2(C)OC)c(F)c1,0.0,59.95
0.0,0.0,0.0,25.0,2.0,16.0,0.0,5.0,23,31,24,2,,1,,4,False,0.7419354838709677,0.0,0.0,0.75,1.0,0.0,0.0,0.0,1.0,1.0,0.0,1.0,0.0,0.0,5.0,2.0,21.0,0.23809523809523808,5.0,359,23,3.135582900328761,1.2707,290.36299999999994,2.0,5.0,3.0,5.0,1.0,OC12COCC1C1=CN3C(C4CCCCC4)=CNC3C2O1,0.0,53.96000000000001
0.0,0.0,0.0,12.0,0.0,10.0,0.0,1.0,17,26,17,8,,,,1,False,0.6538461538461539,0.0,0.0,0.8,0.0,0.0,1.0,0.0,0.0,0.0,0.0,1.0,1.0,0.0,2.0,1.0,12.0,0.16666666666666666,2.0,360,17,2.6598342260560894,2.0893,170.25199999999998,0.0,1.0,2.0,1.0,5.0,CC1COC1=CCCCCCO,0.0,29.46
0.0,0.6666666666666666,2.0,23.0,0.0,14.0,0.0,3.0,22,30,22,5,,1,,2,False,0.7333333333333333,0.0,0.0,0.42857142857142855,1.0,0.0,0.0,1.0,0.0,1.0,0.0,1.0,0.0,0.0,7.0,2.0,21.0,0.3333333333333333,7.0,361,22,2.6375195782336105,0.6333,291.3070000000001,3.0,1.0,4.0,3.0,3.0,COC(c1nc(N)c2ccccc2n1)C1COC(O)CO1,0.0,99.72000000000001
0.0,0.4,2.0,24.0,2.0,16.0,0.0,5.0,19,24,19,,,,,5,False,0.7916666666666666,0.0,0.0,0.1875,1.0,0.0,0.0,1.0,1.0,1.0,0.0,1.0,0.0,0.0,3.0,2.0,20.0,0.2,4.0,362,19,2.12237640194292,2.5360000000000005,263.29999999999995,3.0,3.0,1.0,5.0,0.0,c1cc2cc(c1)-c1cn[nH]c1C1=C2OCC2=C1NCC2,0.0,49.94
0.0,0.6666666666666666,2.0,21.0,0.0,15.0,0.0,3.0,23,28,23,2,,1,,2,False,0.8214285714285714,0.0,0.0,0.26666666666666666,1.0,0.0,0.0,1.0,0.0,1.0,0.0,1.0,0.0,0.0,4.0,2.0,19.0,0.21052631578947367,4.0,363,23,2.4822953829590357,2.3646000000000003,254.33700000000002,4.0,1.0,0.0,3.0,2.0,CNc1cccc(N2CCNCc3cccnc32)c1,0.0,40.19
0.0,0.6666666666666666,2.0,20.0,0.0,14.0,0.0,3.0,11,18,11,4,,,,3,False,0.6111111111111112,0.0,0.0,0.35714285714285715,1.0,0.0,0.0,1.0,0.0,1.0,0.0,1.0,0.0,0.0,4.0,2.0,18.0,0.2222222222222222,4.0,364,11,2.7624015914742306,2.2302000000000004,244.29399999999995,2.0,1.0,2.0,3.0,2.0,CCNc1ccc2c3c(ccc2n1)COCC3O,0.0,54.38000000000001
0.0,1.0,2.0,19.0,0.0,17.0,0.0,2.0,22,32,23,7,,1,,1,False,0.6875,0.0,0.0,0.17647058823529413,0.0,0.0,0.0,1.0,0.0,0.0,0.0,1.0,0.0,0.0,1.0,1.0,18.0,0.05555555555555555,1.0,365,22,1.4412431730412336,3.8797000000000024,237.34600000000003,1.0,0.0,0.0,2.0,5.0,CC(=CCNCc1ccccc1)c1ccccc1,0.0,12.03
0.0,0.75,3.0,20.0,2.0,15.0,0.0,3.0,17,27,17,7,,,,3,False,0.6296296296296297,0.0,0.0,0.4,1.0,0.0,0.0,1.0,1.0,1.0,0.0,1.0,0.0,0.0,3.0,1.0,18.0,0.16666666666666666,3.0,366,17,3.232159688215097,3.2741700000000016,242.32199999999997,2.0,1.0,1.0,4.0,4.0,CCCCN1CC(=N)c2c1c1ccc2cc1OC,0.0,36.32000000000001
0.0,0.2,1.0,24.0,3.0,14.0,0.0,4.0,19,26,19,3,,,,4,False,0.7307692307692307,1.0,0.0,0.7142857142857143,1.0,0.0,0.0,1.0,1.0,1.0,1.0,1.0,0.0,1.0,6.0,1.0,21.0,0.3333333333333333,7.0,367,19,2.4588052956844764,1.30432,300.282,0.0,4.0,6.0,5.0,0.0,Cc1occ2c1C13CCOCC(O)C(OCO1)OC2C3F,1.0,70.29
0.0,0.0,0.0,19.0,4.0,13.0,0.0,4.0,22,29,23,2,,,,4,False,0.7586206896551724,0.0,0.0,0.8461538461538461,1.0,0.0,0.0,0.0,1.0,1.0,0.0,1.0,0.0,0.0,3.0,0.0,16.0,0.1875,3.0,368,22,2.876478307184214,2.945000000000001,217.31599999999997,3.0,4.0,0.0,4.0,0.0,CC1CCC2C3N=NN1C2C1=CCCCC13,0.0,27.96
0.0,0.5,1.0,24.0,0.0,19.0,0.0,2.0,12,25,13,10,,,,2,False,0.48,0.0,0.0,0.47368421052631576,1.0,0.0,0.0,1.0,0.0,1.0,1.0,1.0,0.0,0.0,3.0,1.0,23.0,0.17391304347826086,4.0,369,12,2.6954412923087134,3.503800000000002,316.3970000000001,0.0,1.0,4.0,2.0,2.0,COC1C=C(C)C(=O)c2ccccc2CC(C)CC1(C)C(=O)O,0.0,63.60000000000001
0.0,0.25,1.0,24.0,0.0,16.0,0.0,4.0,21,30,22,3,1,,,4,False,0.7,0.0,0.0,0.625,1.0,0.0,0.0,1.0,0.0,1.0,0.0,1.0,0.0,1.0,5.0,2.0,21.0,0.23809523809523808,5.0,370,21,2.5841445046913436,2.3461,290.363,2.0,3.0,3.0,4.0,1.0,COc1cc2c(c3c1NCCCCO3)CNC21CCCO1,1.0,51.75
0.0,0.0,0.0,24.0,5.0,15.0,0.0,4.0,20,27,20,3,,,,4,False,0.7407407407407407,0.0,0.0,0.8,1.0,0.0,0.0,0.0,1.0,1.0,1.0,1.0,0.0,1.0,6.0,2.0,21.0,0.2857142857142857,6.0,371,20,3.0596623965245815,-0.5168999999999977,292.383,4.0,6.0,2.0,6.0,1.0,CCN1CNC23C=CC4CN(CCCC2N4)C(C1)C(=O)O3,1.0,56.84
0.0,1.0,1.0,17.0,0.0,12.0,0.0,1.0,22,34,22,11,,,,1,False,0.6470588235294118,0.0,0.0,0.4166666666666667,0.0,0.0,0.0,1.0,0.0,0.0,0.0,1.0,0.0,0.0,4.0,3.0,17.0,0.29411764705882354,5.0,372,22,3.7255121281465304,1.6648999999999998,238.287,2.0,0.0,3.0,1.0,4.0,CC(C)Oc1ccc(N)c(C(C)C(=O)NO)c1,0.0,84.58
0.0,0.5,1.0,16.0,0.0,13.0,0.0,2.0,21,26,21,3,,1,,1,False,0.8076923076923077,0.0,0.0,0.5384615384615384,0.0,0.0,0.0,1.0,0.0,0.0,0.0,1.0,0.0,0.0,2.0,0.0,15.0,0.13333333333333333,2.0,373,21,3.334898512757456,2.5646000000000004,204.31700000000004,2.0,1.0,0.0,2.0,2.0,CN1CCCCC1N(C)c1ccccc1,0.0,6.48
0.0,0.5,2.0,26.0,0.0,16.0,0.0,4.0,18,24,18,2,,2,,2,False,0.75,0.0,0.0,0.375,1.0,0.0,0.0,1.0,0.0,1.0,0.0,1.0,0.0,0.0,7.0,0.0,23.0,0.30434782608695654,7.0,374,18,3.17374304564875,2.2148000000000003,317.2970000000001,1.0,2.0,6.0,4.0,3.0,O=C1OCC(OC2Cc3cnoc3C(c3ccccc3)O2)CO1,0.0,80.02000000000001
0.0,0.3333333333333333,1.0,22.0,0.0,16.0,0.0,3.0,11,19,11,5,,1,,2,False,0.5789473684210527,0.0,0.0,0.375,1.0,0.0,0.0,1.0,0.0,1.0,0.0,1.0,0.0,0.0,4.0,2.0,20.0,0.2,4.0,375,11,2.795925071629701,2.1231,271.364,3.0,2.0,1.0,3.0,3.0,CCOc1cccc(N2CC3=C(C=C(N)CC3)C2N)c1,0.0,64.51
0.0,0.6666666666666666,2.0,22.0,0.0,16.0,0.0,3.0,20,31,20,7,1,1,,2,False,0.6774193548387096,0.0,0.0,0.4375,1.0,0.0,1.0,1.0,0.0,1.0,0.0,1.0,1.0,0.0,3.0,1.0,20.0,0.2,4.0,376,20,3.6507018428977482,2.832200000000001,271.364,3.0,1.0,1.0,3.0,7.0,CCCCNCCn1ccc(-c2cccc3c2OC3)n1,0.0,39.08
0.0,0.0,0.0,23.0,3.0,17.0,0.0,3.0,23,30,24,3,,,,3,False,0.7666666666666667,0.0,0.0,0.8823529411764706,1.0,0.0,0.0,0.0,1.0,1.0,1.0,1.0,0.0,0.0,4.0,2.0,21.0,0.19047619047619047,4.0,377,23,3.152884585224781,2.559400000000001,295.42300000000006,1.0,3.0,3.0,3.0,0.0,NC1=CC2CCCCCOC3CCC(COC(O)C2)CC13,0.0,64.71000000000001
0.0,0.5,1.0,21.0,0.0,15.0,0.0,2.0,19,34,19,13,,,,2,False,0.5588235294117647,0.0,0.0,0.26666666666666666,1.0,1.0,0.0,1.0,0.0,1.0,0.0,1.0,1.0,0.0,5.0,1.0,20.0,0.25,5.0,378,19,3.7934781173897667,2.955980000000001,268.272,2.0,1.0,3.0,2.0,2.0,CC(C#N)=Nc1cc2c(c(O)c1C(=O)C#CC(C)C)O2,0.0,85.97999999999999
0.0,1.0,2.0,19.0,0.0,11.0,0.0,2.0,21,32,22,8,,1,,1,False,0.65625,0.0,0.0,0.2727272727272727,0.0,0.0,0.0,1.0,0.0,0.0,0.0,1.0,0.0,0.0,6.0,2.0,18.0,0.3888888888888889,7.0,379,21,2.014413892224666,1.2030999999999996,251.24200000000002,3.0,0.0,4.0,2.0,4.0,COc1cc(OC)c(OC)c(-c2nnc(O)[nH]2)c1,0.0,89.49000000000001
0.0,0.6666666666666666,2.0,25.0,0.0,18.0,0.0,3.0,23,31,23,5,,2,,1,False,0.7419354838709677,0.0,0.0,0.1111111111111111,0.0,0.0,0.0,1.0,0.0,0.0,0.0,1.0,0.0,0.0,5.0,3.0,23.0,0.21739130434782608,5.0,380,23,3.6407572777000494,2.8756000000000004,304.35300000000007,4.0,1.0,1.0,3.0,3.0,Cc1ccc(NC2=CC(c3cccc(O)c3)=NCN2)c(C#N)c1,0.0,80.44
0.0,0.0,0.0,26.0,2.0,21.0,0.0,4.0,23,28,23,1,,,,4,False,0.8214285714285714,0.0,0.0,0.8571428571428571,1.0,0.0,0.0,0.0,1.0,1.0,1.0,1.0,0.0,0.0,2.0,0.0,23.0,0.08695652173913043,2.0,381,23,2.105692455401951,5.528300000000006,315.50100000000003,1.0,4.0,1.0,4.0,0.0,CC12C=CN=C1C1C3CCCC1(CCCCCCCCOC3)C2,0.0,21.59
0.0,0.3333333333333333,1.0,23.0,0.0,13.0,0.0,3.0,22,31,23,5,,1,,2,False,0.7096774193548387,0.0,0.0,0.3076923076923077,1.0,0.0,0.0,1.0,0.0,1.0,0.0,1.0,0.0,0.0,8.0,1.0,21.0,0.38095238095238093,8.0,382,22,2.821656391120476,-0.19050000000000006,290.27899999999994,4.0,2.0,4.0,3.0,2.0,COc1ccc(C2=NC3C(=O)OCCON3C(N)=C2)cn1,0.0,99.27000000000001
0.0,0.25,1.0,25.0,0.0,16.0,0.0,4.0,23,30,23,3,,1,,3,False,0.7666666666666667,0.0,0.0,0.375,1.0,0.0,0.0,1.0,0.0,1.0,0.0,1.0,0.0,0.0,6.0,1.0,22.0,0.2727272727272727,6.0,383,23,2.458375294079753,1.7003000000000001,299.33000000000004,3.0,3.0,3.0,4.0,2.0,C=C1CCC(=O)OC2c3ccccc3N(CC3=NNCO3)C12,0.0,63.16
0.0,0.6666666666666666,2.0,23.0,0.0,19.0,0.0,3.0,23,31,24,4,,2,,1,False,0.7419354838709677,0.0,0.0,0.3684210526315789,0.0,0.0,0.0,1.0,0.0,0.0,0.0,1.0,0.0,0.0,2.0,0.0,21.0,0.09523809523809523,2.0,384,23,2.824343019807184,4.387620000000004,281.39899999999994,1.0,1.0,1.0,3.0,3.0,COc1ccc(C2CCN(c3cccc(C)c3)CC2)cc1,0.0,12.47
0.0,0.5,1.0,23.0,0.0,17.0,0.0,2.0,14,26,14,10,,1,,1,False,0.5384615384615384,0.0,0.0,0.6470588235294118,0.0,0.0,0.0,1.0,0.0,0.0,0.0,1.0,0.0,0.0,5.0,1.0,22.0,0.22727272727272727,5.0,385,14,2.9506540446313263,1.2578999999999998,309.406,1.0,1.0,4.0,2.0,8.0,COCCOC1(c2ccccc2)CCN(CCOC)CC1O,0.0,51.160000000000004
0.0,0.5,1.0,19.0,0.0,13.0,0.0,2.0,21,31,22,7,,1,,1,False,0.6774193548387096,0.0,0.0,0.46153846153846156,0.0,0.0,0.0,1.0,0.0,0.0,0.0,1.0,0.0,0.0,4.0,1.0,18.0,0.2777777777777778,5.0,386,21,3.9304784033846545,0.7883999999999998,250.29799999999994,2.0,1.0,3.0,2.0,2.0,COc1cc(O)cc(C(=O)N2CCN(C)CC2)c1,0.0,53.010000000000005
0.0,0.5,1.0,17.0,0.0,10.0,0.0,2.0,23,32,24,6,,1,,1,False,0.71875,0.0,0.0,0.7,0.0,0.0,0.0,1.0,0.0,0.0,0.0,1.0,0.0,0.0,5.0,4.0,16.0,0.375,6.0,387,23,2.474355171812642,-0.5855999999999995,225.29599999999996,5.0,1.0,1.0,2.0,3.0,COc1nc(CN)c(C2(N)CCCNC2)[nH]1,0.0,101.97999999999999
0.0,1.0,1.0,17.0,0.0,13.0,0.0,1.0,17,29,17,11,,,,1,False,0.5862068965517241,0.0,0.0,0.3076923076923077,0.0,0.0,0.0,1.0,0.0,0.0,0.0,1.0,0.0,0.0,4.0,0.0,17.0,0.23529411764705882,4.0,388,17,11.407231366133072,2.1933,236.267,0.0,0.0,4.0,1.0,6.0,CCOC(=O)C=CCOc1ccc(OC)cc1,0.0,44.760000000000005
0.0,0.0,0.0,19.0,0.0,11.0,0.0,2.0,13,24,13,9,,,,2,False,0.5416666666666666,0.0,0.0,0.5454545454545454,1.0,0.0,0.0,0.0,0.0,1.0,0.0,1.0,0.0,0.0,6.0,3.0,18.0,0.3888888888888889,7.0,389,13,2.4454916638868505,-0.669,255.27399999999994,3.0,2.0,4.0,2.0,4.0,NC=CCN(O)C1CC(O)CC2=C1OCN2C=O,0.0,99.25999999999999
0.0,1.0,3.0,22.0,0.0,14.0,0.0,3.0,12,24,14,7,,1,,2,False,0.5,1.0,0.0,0.21428571428571427,1.0,0.0,0.0,1.0,0.0,1.0,0.0,1.0,0.0,0.0,4.0,1.0,20.0,0.3,6.0,390,12,3.7362016275319565,1.9331199999999993,272.28299999999996,4.0,0.0,1.0,3.0,3.0,Cc1nc2c(F)cccc2nc1-c1ccnn1CCO,0.0,63.83
0.0,1.0,2.0,17.0,0.0,15.0,0.0,2.0,16,24,17,5,,1,,1,False,0.6666666666666666,0.0,0.0,0.06666666666666667,0.0,0.0,0.0,1.0,0.0,0.0,0.0,1.0,0.0,0.0,1.0,0.0,16.0,0.0625,1.0,391,16,2.847602073949661,3.8503000000000025,208.26,0.0,0.0,1.0,2.0,2.0,CC#Cc1ccccc1Oc1ccccc1,0.0,9.23
0.0,0.5,2.0,21.0,2.0,16.0,0.0,3.0,22,30,23,4,,1,,2,False,0.7333333333333333,1.0,0.0,0.125,1.0,0.0,0.0,1.0,1.0,1.0,0.0,1.0,0.0,0.0,2.0,1.0,19.0,0.15789473684210525,3.0,392,22,3.240824522955434,3.940000000000002,255.29199999999994,1.0,2.0,1.0,4.0,2.0,C=Cc1cccc(-c2c3ccc(c2F)OCCN3)c1,0.0,21.259999999999998
0.0,0.0,0.0,26.0,7.0,15.0,0.0,5.0,14,24,15,4,,,,5,False,0.5833333333333334,1.0,0.0,0.3333333333333333,1.0,0.0,0.0,0.0,1.0,1.0,1.0,1.0,0.0,0.0,6.0,2.0,22.0,0.3181818181818182,7.0,393,14,2.8669914775355054,0.32919999999999977,299.309,5.0,7.0,1.0,7.0,1.0,NCC12C=NC3C=CC4=NC5=CC(F)C(=C1O5)NC(=C4)N2C3,0.0,75.24
0.0,0.2,1.0,28.0,2.0,18.0,0.0,5.0,12,22,13,4,,1,,4,False,0.5454545454545454,1.0,0.0,0.6111111111111112,1.0,1.0,0.0,1.0,1.0,1.0,0.0,1.0,1.0,1.0,5.0,2.0,24.0,0.25,6.0,394,12,3.171656704371074,1.4621999999999995,332.375,2.0,4.0,3.0,5.0,2.0,OC1CC2C(OF)COCC3(C1)C1CNC(c4ccccc4)=NC213,1.0,63.08
0.0,0.0,0.0,24.0,0.0,19.0,0.0,4.0,23,34,25,4,1,,,4,False,0.6764705882352942,0.0,0.0,0.8947368421052632,1.0,0.0,0.0,0.0,0.0,1.0,0.0,1.0,0.0,1.0,2.0,1.0,21.0,0.09523809523809523,2.0,395,23,2.461415556960177,3.7310000000000025,288.4789999999999,2.0,4.0,0.0,4.0,1.0,CCN1CC23CC=CCC2(C1)CC1(CCCCC1)NCC3,1.0,15.27
0.0,0.0,0.0,18.0,0.0,14.0,0.0,3.0,21,25,21,1,,1,,2,False,0.84,0.0,0.0,0.7142857142857143,1.0,0.0,0.0,0.0,0.0,1.0,0.0,1.0,0.0,0.0,2.0,2.0,16.0,0.125,2.0,396,21,1.5583898634191868,2.3437,218.34399999999997,2.0,3.0,0.0,3.0,2.0,C1=C(CC2CCNCC2)CCC2=C1CCN2,0.0,24.06
0.0,1.0,2.0,14.0,0.0,11.0,0.0,2.0,23,38,28,8,,,,2,False,0.6052631578947368,0.0,0.0,0.09090909090909091,1.0,0.0,0.0,1.0,0.0,1.0,0.0,1.0,0.0,0.0,2.0,1.0,13.0,0.15384615384615385,2.0,397,23,2.9929708095911542,2.5540000000000016,174.19899999999998,0.0,0.0,2.0,2.0,1.0,COc1cccc2cccc(O)c12,0.0,29.46
0.0,1.0,2.0,20.0,0.0,16.0,0.0,2.0,21,32,22,8,,1,,1,False,0.65625,1.0,0.0,0.25,0.0,0.0,0.0,1.0,0.0,0.0,0.0,1.0,0.0,0.0,2.0,0.0,19.0,0.15789473684210525,3.0,398,21,3.318090004276948,3.513200000000002,259.324,1.0,0.0,1.0,2.0,5.0,COc1ccc(CCN(C)c2ccccc2)c(F)c1,0.0,12.47
0.0,0.3333333333333333,1.0,22.0,0.0,14.0,0.0,3.0,19,32,21,7,1,1,,2,False,0.59375,0.0,0.0,0.21428571428571427,1.0,0.0,0.0,1.0,0.0,1.0,0.0,1.0,0.0,0.0,4.0,2.0,20.0,0.3,6.0,399,19,3.7928811536255593,0.3888999999999994,271.276,3.0,2.0,3.0,3.0,1.0,NC(=O)N1C(=O)C2N=CC=CC2(O)C1c1ccccc1,0.0,95.99000000000001
0.0,0.0,0.0,23.0,0.0,13.0,0.0,4.0,19,29,20,5,,,,4,False,0.6551724137931034,0.0,0.0,0.8461538461538461,1.0,0.0,0.0,0.0,0.0,1.0,0.0,1.0,0.0,1.0,7.0,2.0,20.0,0.35,7.0,400,19,5.34658975728555,-0.5755999999999988,282.344,4.0,4.0,3.0,4.0,1.0,CNC1=C2C(N(C)C1)N1OCOC13CC(O)CCCN23,1.0,60.440000000000005
0.0,1.0,2.0,20.0,0.0,13.0,0.0,2.0,22,38,25,11,,1,,1,False,0.5789473684210527,0.0,0.0,0.46153846153846156,0.0,0.0,0.0,1.0,0.0,0.0,0.0,1.0,0.0,0.0,5.0,2.0,19.0,0.3157894736842105,6.0,401,22,2.521043114718176,1.1107,261.329,5.0,0.0,1.0,2.0,5.0,CCc1c(C(N)CCc2nccc(O)n2)cnn1C,0.0,89.85
0.0,1.0,3.0,21.0,0.0,15.0,0.0,3.0,21,27,21,3,,1,,2,False,0.7777777777777778,0.0,0.0,0.06666666666666667,1.0,0.0,0.0,1.0,0.0,1.0,0.0,1.0,0.0,0.0,4.0,1.0,19.0,0.21052631578947367,4.0,402,21,2.4606162850821174,2.887600000000001,251.289,3.0,0.0,1.0,3.0,2.0,COc1ccccc1-c1nc(N)nc2ccccc12,0.0,61.03
0.0,0.0,0.0,16.0,0.0,13.0,0.0,1.0,17,30,18,11,,,,1,False,0.5666666666666667,0.0,0.0,0.8461538461538461,0.0,0.0,0.0,0.0,0.0,0.0,0.0,1.0,0.0,0.0,3.0,3.0,16.0,0.1875,3.0,403,17,3.541230859084315,1.4352999999999998,226.36399999999998,2.0,1.0,1.0,1.0,6.0,CCC1=C(CNC(C)CC)CC(CO)NC1,0.0,44.29
0.0,0.5,1.0,21.0,0.0,13.0,0.0,2.0,14,27,15,10,,1,,1,False,0.5185185185185185,0.0,0.0,0.46153846153846156,0.0,0.0,0.0,1.0,0.0,0.0,0.0,1.0,0.0,0.0,6.0,3.0,20.0,0.35,7.0,404,14,3.3321875458093153,-0.47389999999999954,277.32800000000003,5.0,1.0,2.0,2.0,5.0,CCOc1nc(C2=NC(CO)CN2)ccc1C(N)=NC,0.0,105.12
0.0,1.0,3.0,23.0,0.0,16.0,0.0,3.0,18,25,18,4,,2,,1,False,0.72,0.0,0.0,0.0625,0.0,0.0,0.0,1.0,0.0,0.0,0.0,1.0,0.0,0.0,4.0,0.0,21.0,0.23809523809523808,5.0,405,18,2.813993088474465,3.1460800000000013,276.299,4.0,0.0,1.0,3.0,3.0,Cn1nccc1-c1cc(C#N)cc(Oc2ccccc2)n1,0.0,63.730000000000004
0.0,1.0,2.0,21.0,0.0,17.0,0.0,2.0,22,32,22,8,,1,,1,False,0.6875,0.0,0.0,0.17647058823529413,0.0,0.0,0.0,1.0,0.0,0.0,0.0,1.0,0.0,0.0,3.0,0.0,20.0,0.15,3.0,406,22,2.8063898803539162,3.2517000000000023,268.31199999999995,0.0,0.0,3.0,2.0,5.0,COc1ccc(OC#CCOCc2ccccc2)cc1,0.0,27.69
0.0,1.0,1.0,17.0,0.0,12.0,0.0,1.0,17,31,18,12,,,,1,False,0.5483870967741935,0.0,0.0,0.4166666666666667,0.0,0.0,0.0,1.0,0.0,0.0,0.0,1.0,0.0,0.0,5.0,1.0,17.0,0.29411764705882354,5.0,407,17,3.6961369508305486,0.6389,234.25499999999997,2.0,0.0,3.0,1.0,4.0,CC#CC(=O)OCC(O)c1ncc(CC)cn1,0.0,72.31
0.0,0.0,0.0,18.0,2.0,12.0,0.0,3.0,21,24,21,,,,,3,False,0.875,0.0,0.0,0.5833333333333334,1.0,0.0,0.0,0.0,1.0,1.0,1.0,1.0,0.0,0.0,4.0,2.0,16.0,0.25,4.0,408,21,2.9767598853865778,0.8008999999999995,218.304,4.0,3.0,0.0,3.0,0.0,C1=CNC2CCCN(C2)C2=NCNC=C2C1,0.0,39.66
0.0,1.0,1.0,13.0,0.0,9.0,0.0,1.0,20,32,22,9,,,,1,False,0.625,1.0,0.0,0.3333333333333333,0.0,0.0,0.0,1.0,0.0,0.0,0.0,1.0,0.0,0.0,3.0,3.0,13.0,0.3076923076923077,4.0,409,20,2.820559405917901,0.6132,185.19799999999998,1.0,0.0,2.0,1.0,4.0,OCCNCc1ccc(O)cc1F,0.0,52.489999999999995
0.0,0.5,2.0,23.0,0.0,16.0,0.0,4.0,15,22,15,2,1,,,4,False,0.7272727272727273,0.0,0.0,0.1875,1.0,0.0,0.0,1.0,0.0,1.0,0.0,1.0,0.0,0.0,3.0,2.0,20.0,0.2,4.0,410,15,3.467267475729763,2.5148,266.29999999999995,2.0,2.0,2.0,4.0,0.0,O=C1c2cc(O)ccc2NCC2c3ccccc3CN12,0.0,52.57
0.0,0.6666666666666666,2.0,24.0,0.0,16.0,0.0,3.0,23,37,25,9,,1,,2,False,0.6216216216216216,1.0,0.0,0.25,1.0,0.0,0.0,1.0,0.0,1.0,0.0,1.0,0.0,0.0,5.0,1.0,22.0,0.2727272727272727,6.0,411,23,7.000328535336909,2.6835000000000004,302.305,2.0,1.0,3.0,3.0,2.0,COc1ccc2nc(C3=C(C)C(C)OC3=O)c(F)cc2c1N,0.0,74.44
0.0,1.0,3.0,23.0,0.0,19.0,0.0,3.0,20,34,22,9,,,,3,False,0.5882352941176471,0.0,0.0,0.21052631578947367,1.0,0.0,0.0,1.0,0.0,1.0,0.0,1.0,0.0,0.0,2.0,1.0,21.0,0.09523809523809523,2.0,412,20,2.857415280036357,4.400800000000003,276.38300000000004,2.0,0.0,0.0,3.0,4.0,CCNCC(C)=Cc1ccc2c(cnc3ccccc32)c1,0.0,24.92
0.0,1.0,2.0,20.0,0.0,16.0,0.0,2.0,18,29,19,8,,1,,1,False,0.6206896551724138,1.0,0.0,0.25,0.0,0.0,0.0,1.0,0.0,0.0,0.0,1.0,0.0,0.0,2.0,2.0,19.0,0.15789473684210525,3.0,413,18,2.5302429206908945,3.9661000000000026,259.32399999999996,1.0,0.0,1.0,2.0,6.0,Oc1cccc(NCCCCc2ccc(F)cc2)c1,0.0,32.26
0.0,0.0,0.0,21.0,0.0,13.0,0.0,4.0,21,28,22,2,,1,,3,False,0.75,0.0,0.0,0.5384615384615384,1.0,0.0,0.0,0.0,0.0,1.0,0.0,1.0,0.0,0.0,5.0,0.0,18.0,0.2777777777777778,5.0,414,21,7.5865936000785075,1.3115,244.29799999999994,4.0,4.0,1.0,4.0,0.0,CC1=CN(C2=NN3CC4=C(COC4)N=C3C2)CC1,0.0,40.43
0.0,1.0,1.0,15.0,0.0,12.0,0.0,1.0,20,30,20,9,,,,1,False,0.6666666666666666,0.0,0.0,0.3333333333333333,0.0,0.0,0.0,1.0,0.0,0.0,0.0,1.0,0.0,0.0,3.0,2.0,15.0,0.2,3.0,415,20,4.386425463022141,2.9441000000000015,207.27300000000002,1.0,0.0,2.0,1.0,4.0,CC(C)=CCCN(O)c1ccc(O)cc1,0.0,43.7
0.0,1.0,1.0,20.0,0.0,15.0,0.0,1.0,21,37,21,15,,,,1,False,0.5675675675675675,0.0,0.0,0.6666666666666666,0.0,0.0,0.0,1.0,0.0,0.0,0.0,1.0,0.0,0.0,4.0,4.0,20.0,0.25,5.0,416,21,2.458284876585939,2.385500000000001,280.416,4.0,0.0,1.0,1.0,11.0,CCCC=Cc1cn[nH]c1NCCCCNCC(C)O,0.0,72.97
0.0,0.6666666666666666,2.0,25.0,0.0,20.0,0.0,3.0,20,30,21,6,,2,,1,False,0.6666666666666666,1.0,0.0,0.3,0.0,0.0,0.0,1.0,0.0,0.0,0.0,1.0,0.0,0.0,2.0,0.0,23.0,0.13043478260869565,3.0,417,20,3.301115962553141,4.337000000000003,311.40000000000003,1.0,1.0,1.0,3.0,4.0,CCN1CC=C(c2ccccc2)C(c2cc(OC)ccc2F)C1,0.0,12.47
0.0,1.0,1.0,15.0,0.0,11.0,0.0,1.0,22,32,22,9,,,,1,False,0.6875,1.0,0.0,0.18181818181818182,0.0,0.0,0.0,1.0,0.0,0.0,0.0,1.0,0.0,0.0,2.0,1.0,15.0,0.26666666666666666,4.0,418,22,2.954538263410513,0.9318,207.204,1.0,0.0,2.0,1.0,3.0,COc1cc(C#CCNC=O)ccc1F,0.0,38.33
0.0,0.5,1.0,14.0,0.0,11.0,0.0,2.0,23,27,23,2,,1,,1,False,0.8518518518518519,1.0,0.0,0.45454545454545453,0.0,0.0,0.0,1.0,0.0,0.0,0.0,1.0,0.0,0.0,1.0,0.0,13.0,0.15384615384615385,2.0,419,23,2.200791039064543,2.734320000000001,179.238,1.0,1.0,0.0,2.0,1.0,Cc1ccc(F)c(N2CCCC2)c1,0.0,3.24
0.0,0.0,0.0,1.0,0.0,2.0,0.0,0.0,23,28,25,3,,,,,False,0.8214285714285714,0.0,0.0,1.0,0.0,0.0,0.0,0.0,0.0,0.0,0.0,0.0,0.0,0.0,0.0,0.0,2.0,0.0,0.0,420,23,2.2155532993897675,1.0262,30.07,0.0,0.0,0.0,0.0,0.0,CC,0.0,0.0
0.0,1.0,1.0,17.0,0.0,12.0,0.0,1.0,21,35,22,12,,,,1,False,0.6,1.0,0.0,0.5,0.0,0.0,0.0,1.0,0.0,0.0,0.0,1.0,0.0,0.0,4.0,1.0,17.0,0.29411764705882354,5.0,421,21,2.6735951160201714,3.497700000000003,244.26199999999997,0.0,0.0,4.0,1.0,5.0,CC(C)Oc1c(C(C)C)ccc(OOF)c1O,0.0,47.92
0.0,0.42857142857142855,3.0,28.0,4.0,20.0,0.0,5.0,16,26,17,4,,1,,4,False,0.6153846153846154,0.0,0.0,0.25,2.0,0.0,0.0,1.0,1.0,1.0,0.0,1.0,0.0,0.0,3.0,1.0,24.0,0.16666666666666666,4.0,422,16,2.866675911854276,2.5788,317.392,3.0,4.0,1.0,7.0,2.0,CC1=CC=CN2CC3CNC(=C12)C(=O)N3Cc1cc2ccc1cc2,0.0,35.580000000000005
0.0,0.5,2.0,25.0,0.0,16.0,0.0,4.0,21,29,21,4,,1,,3,False,0.7241379310344828,0.0,0.0,0.4375,1.0,0.0,0.0,1.0,0.0,1.0,0.0,1.0,0.0,0.0,5.0,1.0,22.0,0.2727272727272727,6.0,423,21,2.7269994512926217,2.2839,297.362,5.0,2.0,1.0,4.0,2.0,CCc1cn2c(n1)CC1N=NN(C)C1(c1ccc(O)cc1)C2,0.0,66.01
0.0,0.3333333333333333,1.0,24.0,0.0,19.0,0.0,3.0,23,34,24,7,,1,,2,False,0.6764705882352942,0.0,0.0,0.47368421052631576,1.0,0.0,0.0,1.0,0.0,1.0,0.0,1.0,0.0,0.0,3.0,0.0,22.0,0.13636363636363635,3.0,424,23,3.181491356845453,3.8308000000000026,297.39800000000014,1.0,2.0,2.0,3.0,4.0,CC(OCC1=NCCc2ccccc2C1C=O)=C1CCCC1,0.0,38.66
0.0,1.0,2.0,14.0,0.0,10.0,0.0,2.0,23,32,26,4,,1,,1,False,0.71875,0.0,0.0,0.0,0.0,0.0,0.0,1.0,0.0,0.0,0.0,1.0,0.0,0.0,3.0,0.0,13.0,0.23076923076923078,3.0,425,23,3.9778693191662886,2.2689000000000004,172.18699999999998,2.0,0.0,1.0,2.0,2.0,c1cncc(Oc2ccncc2)c1,0.0,35.010000000000005
0.0,1.0,3.0,20.0,0.0,15.0,0.0,3.0,23,30,24,3,,1,,2,False,0.7666666666666667,0.0,0.0,0.06666666666666667,1.0,0.0,0.0,1.0,0.0,1.0,0.0,1.0,0.0,0.0,3.0,1.0,18.0,0.16666666666666666,3.0,426,23,3.384676878020455,3.681820000000002,235.29000000000002,3.0,0.0,0.0,3.0,2.0,Cc1nccnc1Nc1cccc2ccccc12,0.0,37.81
0.0,0.0,0.0,22.0,0.0,14.0,0.0,3.0,18,29,19,7,,,,3,False,0.6206896551724138,0.0,0.0,0.6428571428571429,1.0,0.0,0.0,0.0,0.0,1.0,0.0,1.0,0.0,0.0,5.0,2.0,20.0,0.3,6.0,427,18,3.241688758616966,0.8058999999999998,279.3399999999999,3.0,3.0,3.0,3.0,1.0,CC(=O)N(O)C12CCC3=C(CN(C)CC3)OC1C=CN2,0.0,65.04
0.0,1.0,2.0,15.0,0.0,11.0,0.0,2.0,22,33,25,6,,1,,1,False,0.6666666666666666,0.0,0.0,0.18181818181818182,0.0,0.0,0.0,1.0,0.0,0.0,0.0,1.0,0.0,0.0,2.0,0.0,14.0,0.21428571428571427,3.0,428,22,3.8982969723794474,2.1893199999999995,188.23000000000002,2.0,0.0,1.0,2.0,2.0,COc1cc(C)cc(-n2cccn2)c1,0.0,27.05
0.0,1.0,2.0,21.0,0.0,18.0,0.0,2.0,16,26,16,8,,1,,1,False,0.6153846153846154,0.0,0.0,0.16666666666666666,0.0,0.0,0.0,1.0,0.0,0.0,0.0,1.0,0.0,0.0,2.0,0.0,20.0,0.1,2.0,429,16,4.183728521424027,4.260320000000004,266.34,0.0,0.0,2.0,2.0,5.0,CC(=O)C=CC(Oc1ccccc1)c1ccc(C)cc1,0.0,26.3
0.0,0.5,2.0,25.0,0.0,16.0,0.0,4.0,22,29,22,2,1,,,4,False,0.7931034482758621,0.0,0.0,0.1875,1.0,0.0,0.0,1.0,0.0,1.0,0.0,1.0,0.0,0.0,6.0,3.0,22.0,0.2727272727272727,6.0,430,22,2.4324783310868976,2.1075999999999997,296.3300000000001,4.0,2.0,2.0,4.0,1.0,OCc1ccc2c(c1)NN1c3ncccc3NC=CC1CO2,0.0,69.65
0.0,0.6666666666666666,2.0,22.0,0.0,12.0,0.0,3.0,20,28,20,5,,2,,1,False,0.7142857142857143,0.0,0.0,0.3333333333333333,0.0,0.0,1.0,1.0,0.0,0.0,0.0,1.0,1.0,0.0,7.0,2.0,20.0,0.4,8.0,431,20,3.907190575034262,-0.1943800000000006,275.268,5.0,1.0,3.0,3.0,3.0,Cc1cnc(OC(=O)C2NCC2n2ccnc2O)nc1,0.0,102.16
0.0,1.0,3.0,20.0,0.0,13.0,0.0,3.0,22,34,25,6,,1,,2,False,0.6470588235294118,0.0,0.0,0.07692307692307693,1.0,0.0,0.0,1.0,0.0,1.0,0.0,1.0,0.0,0.0,4.0,0.0,18.0,0.2777777777777778,5.0,432,22,10.995911625468787,2.0181,238.25,4.0,0.0,1.0,3.0,2.0,CC(=O)c1cccc(-n2cnc3cncnc32)c1,0.0,60.67
0.0,0.6666666666666666,2.0,24.0,0.0,17.0,0.0,3.0,18,28,18,7,,1,,2,False,0.6428571428571429,0.0,0.0,0.29411764705882354,1.0,0.0,0.0,1.0,0.0,1.0,0.0,1.0,0.0,0.0,5.0,1.0,22.0,0.22727272727272727,5.0,433,18,3.4733576119398886,4.093200000000003,298.34200000000004,2.0,1.0,3.0,3.0,5.0,COCCC=C(c1cccc(O)c1)c1cc2c(o1)N=NCC2,0.0,67.32
0.0,0.2,1.0,24.0,4.0,17.0,0.0,4.0,21,29,21,4,,1,,3,False,0.7241379310344828,1.0,0.0,0.17647058823529413,1.0,0.0,0.0,1.0,1.0,1.0,0.0,1.0,0.0,0.0,3.0,0.0,21.0,0.19047619047619047,4.0,434,21,5.339823117224914,2.6062000000000003,281.286,1.0,4.0,2.0,5.0,1.0,CC1=CC2(c3ccc(F)cc3)C3=CN1C=C2C(=O)CC3=O,0.0,37.38
0.0,0.25,1.0,22.0,0.0,13.0,0.0,4.0,19,25,19,2,,,,4,False,0.76,0.0,0.0,0.46153846153846156,1.0,0.0,0.0,1.0,0.0,1.0,0.0,1.0,0.0,0.0,6.0,1.0,19.0,0.3157894736842105,6.0,435,19,3.8421045438486963,0.31561999999999996,259.265,3.0,3.0,3.0,4.0,0.0,Cc1cnc2c(c1)COC13N=CN=CC21OCC3O,0.0,76.30000000000001
0.0,0.75,3.0,26.0,0.0,18.0,0.0,4.0,19,30,21,5,,1,,3,False,0.6333333333333333,0.0,0.0,0.3333333333333333,1.0,0.0,0.0,1.0,0.0,1.0,0.0,1.0,0.0,0.0,4.0,0.0,23.0,0.21739130434782608,5.0,436,19,3.314548160736777,2.3992000000000004,309.36900000000014,3.0,1.0,2.0,4.0,2.0,CCN1CCc2ccc3cc(-n4cccn4)c(=O)oc3c2CC1,0.0,51.27
0.0,0.5,1.0,18.0,0.0,14.0,0.0,2.0,23,37,25,10,,,,2,False,0.6216216216216216,0.0,0.0,0.7142857142857143,1.0,0.0,0.0,1.0,0.0,1.0,0.0,1.0,0.0,0.0,3.0,0.0,17.0,0.17647058823529413,3.0,437,23,2.867331821482658,3.8389000000000033,237.343,1.0,1.0,2.0,2.0,7.0,CCCCCCCCN1CCOc2occc21,0.0,25.61
0.0,0.3333333333333333,1.0,21.0,2.0,15.0,0.0,3.0,20,30,21,6,,1,,2,False,0.6666666666666666,0.0,0.0,0.5333333333333333,1.0,0.0,0.0,1.0,1.0,1.0,0.0,1.0,0.0,0.0,4.0,1.0,19.0,0.21052631578947367,4.0,438,20,2.7398339746667264,1.0218999999999996,260.337,2.0,2.0,2.0,3.0,3.0,COC(=O)C1C2CC(CN2)CN1Cc1ccccc1,0.0,41.57
0.0,0.3333333333333333,1.0,23.0,0.0,14.0,0.0,3.0,18,27,19,5,,1,,2,False,0.6666666666666666,1.0,0.0,0.2857142857142857,0.0,0.0,0.0,1.0,0.0,0.0,0.0,1.0,0.0,1.0,4.0,2.0,21.0,0.3333333333333333,7.0,439,18,2.8711526124308513,-0.2225000000000001,289.26599999999996,3.0,2.0,3.0,3.0,1.0,O=C1N=C(c2cccc(F)c2)C2(CCNC2)C(=O)NC1=O,1.0,87.63
0.0,0.0,0.0,22.0,0.0,13.0,0.0,3.0,23,32,23,6,,,,3,False,0.71875,0.0,0.0,0.7692307692307693,1.0,0.0,0.0,0.0,0.0,1.0,0.0,1.0,0.0,0.0,7.0,1.0,20.0,0.35,7.0,440,23,3.050554350604812,0.86328,281.312,3.0,3.0,4.0,3.0,1.0,COC1NC=C(C#N)C2C3OC(C)OON3CCC12C,0.0,75.98
0.0,0.0,0.0,20.0,2.0,14.0,0.0,4.0,18,26,19,3,,,,4,False,0.6923076923076923,0.0,0.0,0.7857142857142857,1.0,0.0,1.0,0.0,1.0,1.0,0.0,1.0,1.0,1.0,3.0,1.0,17.0,0.17647058823529413,3.0,441,18,2.5068156830367445,1.4532999999999998,234.29499999999996,0.0,5.0,3.0,5.0,0.0,O=C1C2=CC3(CCOC3)C3CCCC(O)C13C2,2.0,46.53
0.0,0.5,1.0,15.0,0.0,11.0,0.0,2.0,15,22,16,4,,1,,1,False,0.6818181818181818,0.0,0.0,0.18181818181818182,0.0,0.0,0.0,1.0,0.0,0.0,0.0,1.0,0.0,0.0,2.0,2.0,14.0,0.21428571428571427,3.0,442,15,1.9448612078482153,1.1197000000000001,188.22999999999996,2.0,1.0,1.0,2.0,2.0,NC(=O)c1cccc(C2=CCCN2)c1,0.0,55.120000000000005
0.0,0.75,3.0,27.0,0.0,21.0,0.0,4.0,22,32,24,4,,2,,2,False,0.6875,0.0,0.0,0.3333333333333333,1.0,0.0,0.0,1.0,0.0,1.0,0.0,1.0,0.0,0.0,3.0,1.0,24.0,0.125,3.0,443,22,4.01159170140166,5.224200000000003,318.4200000000002,2.0,1.0,1.0,4.0,2.0,CC1(c2ccc3cc(-c4ccccn4)nc(O)c3c2)CCCCC1,0.0,46.010000000000005
0.0,1.0,2.0,21.0,0.0,14.0,0.0,2.0,22,35,23,10,,1,,1,False,0.6285714285714286,0.0,0.0,0.35714285714285715,0.0,0.0,0.0,1.0,0.0,0.0,0.0,1.0,0.0,0.0,5.0,2.0,20.0,0.3,6.0,444,22,2.910619375253243,1.5164799999999998,271.324,5.0,0.0,1.0,2.0,5.0,CCCc1c(O)ccc(C#N)c1-n1nncc1CNC,0.0,86.75999999999999
0.0,1.0,1.0,19.0,0.0,16.0,0.0,1.0,16,30,16,13,,,,1,False,0.5333333333333333,0.0,0.0,0.3125,0.0,0.0,0.0,1.0,0.0,0.0,0.0,1.0,0.0,0.0,3.0,0.0,19.0,0.15789473684210525,3.0,445,16,2.0620890436149226,3.4688000000000025,257.3329999999999,1.0,0.0,2.0,1.0,6.0,C=CCC(C)=Cc1ccc(C(=O)C(C)C(C)=O)cn1,0.0,47.03
0.0,0.3333333333333333,1.0,20.0,0.0,10.0,0.0,3.0,17,28,19,5,1,1,,2,False,0.6071428571428571,0.0,0.0,0.3,1.0,0.0,0.0,1.0,0.0,1.0,0.0,1.0,0.0,0.0,8.0,4.0,18.0,0.4444444444444444,8.0,446,17,3.1961142188131193,-0.7693000000000003,247.26200000000003,7.0,2.0,1.0,3.0,1.0,CC12N=CNN1CC(c1cc(O)c(N)nn1)=CN2,0.0,111.69
0.0,0.5,1.0,18.0,0.0,12.0,0.0,2.0,21,29,21,6,,1,,1,False,0.7241379310344828,0.0,0.0,0.4166666666666667,0.0,0.0,0.0,1.0,0.0,0.0,0.0,1.0,0.0,0.0,5.0,1.0,17.0,0.29411764705882354,5.0,447,21,2.5016960997547155,1.5322999999999998,237.255,1.0,1.0,4.0,2.0,3.0,CON1CCCC1OC(=O)c1ccccc1O,0.0,59.0
0.0,0.4,2.0,21.0,2.0,15.0,0.0,4.0,22,27,22,1,,1,,3,False,0.8148148148148148,0.0,0.0,0.4,2.0,0.0,1.0,1.0,1.0,1.0,0.0,1.0,1.0,0.0,3.0,0.0,18.0,0.16666666666666666,3.0,448,22,3.1863138220736045,2.1274999999999995,239.32200000000003,3.0,3.0,0.0,5.0,1.0,CN1C2CC1CN(c1nccc3ccccc13)C2,0.0,19.37
0.0,1.0,2.0,18.0,0.0,11.0,0.0,2.0,20,31,22,7,,1,,1,False,0.6451612903225806,0.0,0.0,0.18181818181818182,0.0,0.0,0.0,1.0,0.0,0.0,0.0,1.0,0.0,0.0,6.0,3.0,17.0,0.35294117647058826,6.0,449,20,2.5893026002652664,1.6291999999999998,230.275,6.0,0.0,0.0,2.0,4.0,CCNc1cc(Nc2ccccn2)nc(N)n1,0.0,88.75
0.0,1.0,1.0,14.0,0.0,10.0,0.0,1.0,21,32,22,9,,,,1,False,0.65625,1.0,0.0,0.2,0.0,0.0,0.0,1.0,0.0,0.0,0.0,1.0,0.0,0.0,2.0,1.0,14.0,0.2857142857142857,4.0,450,21,4.78643469262512,1.8854800000000003,193.17699999999996,1.0,0.0,2.0,1.0,2.0,CC(C(=O)O)c1ccc(F)c(C#N)c1,0.0,61.089999999999996
0.0,1.0,2.0,15.0,0.0,8.0,0.0,2.0,23,36,27,7,,1,,1,False,0.6388888888888888,0.0,0.0,0.0,0.0,0.0,0.0,1.0,0.0,0.0,0.0,1.0,0.0,0.0,5.0,2.0,14.0,0.42857142857142855,6.0,451,23,2.6282531334264636,0.5313999999999999,193.162,3.0,0.0,3.0,2.0,2.0,Oc1cccc(On2nncc2O)c1,0.0,80.4
0.0,1.0,1.0,11.0,0.0,9.0,0.0,1.0,19,25,19,5,,,,1,False,0.76,0.0,0.0,0.3333333333333333,0.0,0.0,0.0,1.0,0.0,0.0,0.0,1.0,0.0,0.0,2.0,1.0,11.0,0.18181818181818182,2.0,452,19,3.0387256030334804,2.127,151.20899999999995,1.0,0.0,1.0,1.0,3.0,CCNc1ccccc1OC,0.0,21.259999999999998
0.0,1.0,1.0,16.0,0.0,15.0,0.0,1.0,23,36,24,11,,,,1,False,0.6388888888888888,0.0,0.0,0.6,0.0,0.0,0.0,1.0,0.0,0.0,0.0,1.0,0.0,0.0,1.0,0.0,16.0,0.0625,1.0,453,23,2.547590825507899,4.769100000000004,220.356,0.0,0.0,1.0,1.0,7.0,CCCCCCOc1ccc(C(C)C)cc1,0.0,9.23
0.0,0.3333333333333333,1.0,22.0,0.0,17.0,0.0,3.0,22,29,22,4,,1,,2,False,0.7586206896551724,0.0,0.0,0.5294117647058824,0.0,0.0,0.0,1.0,0.0,0.0,0.0,1.0,0.0,1.0,3.0,2.0,20.0,0.15,3.0,454,22,3.11021083876066,3.3545000000000016,271.4079999999999,3.0,2.0,0.0,3.0,3.0,CCNc1ccc(N2C=C(C)CC23CCCNC3)cc1,1.0,27.299999999999997
0.0,0.3333333333333333,1.0,19.0,0.0,13.0,0.0,3.0,20,32,22,7,,,,3,False,0.625,0.0,0.0,0.07692307692307693,1.0,0.0,1.0,1.0,0.0,1.0,0.0,1.0,1.0,0.0,4.0,2.0,17.0,0.23529411764705882,4.0,455,20,3.0909151668882204,1.1018999999999997,226.23499999999996,2.0,2.0,2.0,3.0,1.0,C=Cc1cccc2c1NC1=CC(=O)C1(N)C2=O,0.0,72.19
0.0,0.6666666666666666,2.0,21.0,0.0,14.0,0.0,3.0,14,24,17,4,,2,,1,False,0.5833333333333334,0.0,0.0,0.42857142857142855,0.0,0.0,0.0,1.0,0.0,0.0,0.0,1.0,0.0,0.0,5.0,0.0,19.0,0.2631578947368421,5.0,456,14,4.341082251238871,2.737400000000001,255.32499999999996,5.0,1.0,0.0,3.0,3.0,c1cnc(N(c2ccncn2)C2CCCCC2)nc1,0.0,54.800000000000004
0.0,1.0,2.0,20.0,0.0,17.0,0.0,2.0,15,34,23,9,,1,,1,False,0.4411764705882353,0.0,0.0,0.11764705882352941,0.0,0.0,0.0,1.0,0.0,0.0,0.0,1.0,0.0,0.0,1.0,1.0,19.0,0.10526315789473684,2.0,457,15,3.3514527972374277,4.030800000000003,252.313,0.0,0.0,2.0,2.0,5.0,O=C(O)c1cccc(C=CCCc2ccccc2)c1,0.0,37.3
0.0,1.0,1.0,12.0,0.0,9.0,0.0,1.0,23,34,25,8,,,,1,False,0.6764705882352942,0.0,0.0,0.3333333333333333,0.0,0.0,0.0,1.0,0.0,0.0,0.0,1.0,0.0,0.0,3.0,0.0,12.0,0.25,3.0,458,23,2.419720873158028,1.7124,168.19199999999998,0.0,0.0,3.0,1.0,3.0,COc1cccc(OC)c1OC,0.0,27.69
0.0,0.6666666666666666,2.0,21.0,0.0,17.0,0.0,3.0,20,32,25,4,,2,,1,False,0.625,0.0,0.0,0.23529411764705882,0.0,0.0,0.0,1.0,0.0,0.0,0.0,1.0,0.0,0.0,2.0,0.0,19.0,0.10526315789473684,2.0,459,20,3.0991110184169406,3.5732000000000026,251.32899999999998,1.0,1.0,1.0,3.0,3.0,CC1(c2ccccc2)COC(Cc2ccccc2)=N1,0.0,21.59
0.0,0.3333333333333333,1.0,20.0,0.0,15.0,0.0,3.0,20,32,23,6,,,,3,False,0.625,0.0,0.0,0.3333333333333333,1.0,0.0,0.0,1.0,0.0,1.0,0.0,1.0,0.0,0.0,3.0,0.0,18.0,0.16666666666666666,3.0,460,20,2.0336180691005388,3.512900000000003,244.28999999999994,0.0,2.0,3.0,3.0,1.0,COc1cccc2c1C(C)=CC1=C(OCCC1)O2,0.0,27.69
0.0,1.0,1.0,10.0,0.0,7.0,0.0,1.0,21,28,22,5,,,,1,False,0.75,1.0,0.0,0.14285714285714285,0.0,0.0,0.0,1.0,0.0,0.0,0.0,1.0,0.0,0.0,2.0,1.0,10.0,0.3,3.0,461,21,8.987991708966517,1.5398999999999998,142.129,0.0,0.0,2.0,1.0,1.0,COc1ccc(F)cc1O,0.0,29.46
0.0,0.0,0.0,17.0,0.0,13.0,0.0,1.0,20,37,23,13,,,,1,False,0.5405405405405406,2.0,0.0,0.8461538461538461,0.0,0.0,0.0,0.0,0.0,0.0,0.0,1.0,0.0,0.0,2.0,1.0,17.0,0.23529411764705882,4.0,462,20,3.267589090205474,2.9505000000000017,248.31299999999993,0.0,1.0,2.0,1.0,5.0,COCCC(F)C(O)C1=C(C)CCCC(F)C1,0.0,29.46
0.0,1.0,4.0,23.0,0.0,16.0,0.0,4.0,22,30,23,3,,1,,3,False,0.7333333333333333,0.0,0.0,0.125,2.0,0.0,0.0,1.0,0.0,1.0,0.0,1.0,0.0,0.0,2.0,1.0,20.0,0.2,4.0,463,22,3.1977059114424327,3.4250200000000017,262.31600000000003,4.0,0.0,0.0,4.0,1.0,Cc1ccc2c(-c3nc4ccccc4n3C)n[nH]c2c1,0.0,46.5
0.0,1.0,3.0,22.0,0.0,17.0,0.0,3.0,18,27,19,5,,1,,2,False,0.6666666666666666,0.0,0.0,0.058823529411764705,1.0,0.0,0.0,1.0,0.0,1.0,0.0,1.0,0.0,0.0,3.0,0.0,20.0,0.15,3.0,464,18,3.580743623257665,3.8088000000000024,262.312,2.0,0.0,1.0,3.0,3.0,COc1ccccc1C=Cc1ccc2cncnc2c1,0.0,35.010000000000005
0.0,0.25,1.0,21.0,0.0,14.0,0.0,4.0,16,27,18,4,1,,,4,False,0.5925925925925926,0.0,0.0,0.6428571428571429,1.0,0.0,0.0,1.0,0.0,1.0,0.0,1.0,0.0,0.0,3.0,0.0,18.0,0.2222222222222222,4.0,465,16,4.767837817939249,2.6396000000000006,242.32599999999994,4.0,3.0,0.0,4.0,0.0,CC1=NC2C(=C1)n1cnnc1C1CCCCC21C,0.0,43.07
0.0,0.5,1.0,22.0,0.0,13.0,0.0,2.0,19,32,20,10,,1,,1,False,0.59375,0.0,0.0,0.23076923076923078,0.0,0.0,0.0,1.0,0.0,0.0,0.0,1.0,0.0,0.0,6.0,2.0,21.0,0.38095238095238093,8.0,466,19,6.017960593495596,0.1448999999999997,286.29499999999996,6.0,1.0,2.0,2.0,3.0,CCNc1ccc(C2=NC(=O)C(=NC(C)=O)C(N)=N2)cn1,0.0,122.16
0.0,0.0,0.0,26.0,2.0,17.0,0.0,3.0,15,32,18,11,,,,3,False,0.46875,0.0,0.0,0.8823529411764706,1.0,0.0,0.0,0.0,1.0,1.0,0.0,1.0,0.0,1.0,6.0,3.0,24.0,0.2916666666666667,7.0,467,15,2.361885366292622,-0.07019999999999871,339.4360000000001,3.0,3.0,4.0,3.0,2.0,COC1=NCC2CC(NC(C)=O)C(O)C1C21CNC(C)C(OC)C1,1.0,92.18
0.0,0.75,3.0,20.0,2.0,13.0,0.0,4.0,20,34,25,5,,,,4,False,0.5882352941176471,0.0,0.0,0.15384615384615385,1.0,0.0,0.0,1.0,1.0,1.0,0.0,1.0,0.0,0.0,3.0,0.0,17.0,0.23529411764705882,4.0,468,20,4.812901425189263,2.0493999999999994,222.25099999999995,4.0,1.0,0.0,4.0,0.0,c1cnc2c3cc(cc2c1)-c1nncn1CC3,0.0,43.6
0.0,0.0,0.0,16.0,0.0,9.0,0.0,1.0,20,31,20,10,,,,1,False,0.6451612903225806,0.0,0.0,0.8888888888888888,0.0,0.0,0.0,0.0,0.0,0.0,0.0,1.0,0.0,0.0,6.0,4.0,16.0,0.4375,7.0,469,20,3.9868333778000995,-2.107899999999998,234.25199999999998,2.0,1.0,5.0,1.0,4.0,COCC(=O)NC1C(ON)CCC(O)C1O,0.0,114.04
0.0,0.2,1.0,27.0,2.0,16.0,0.0,5.0,23,31,23,3,,,,5,False,0.7419354838709677,0.0,0.0,0.8125,1.0,0.0,0.0,1.0,1.0,1.0,0.0,1.0,0.0,1.0,6.0,5.0,23.0,0.30434782608695654,7.0,470,23,4.920726769713723,-0.8514999999999981,319.4090000000001,5.0,4.0,2.0,5.0,0.0,NC1COCC23CC1c1cn[nH]c1C2CC1(O)C(N)CNC1C3,1.0,122.21
0.0,0.3333333333333333,1.0,22.0,0.0,16.0,0.0,3.0,18,31,20,8,,2,,1,False,0.5806451612903226,1.0,0.0,0.4375,0.0,1.0,0.0,1.0,0.0,0.0,0.0,1.0,1.0,0.0,3.0,0.0,20.0,0.2,4.0,471,18,3.1030304321719275,3.321600000000002,276.30699999999996,0.0,2.0,3.0,3.0,4.0,CC1=C(C2CC2OC(C)F)OC(=O)C1c1ccccc1,0.0,35.53
0.0,0.4,2.0,26.0,0.0,18.0,0.0,5.0,12,25,15,4,1,1,,4,False,0.48,0.0,0.0,0.5,2.0,0.0,0.0,1.0,0.0,1.0,0.0,1.0,0.0,0.0,3.0,1.0,22.0,0.18181818181818182,4.0,472,12,2.9513531878146724,2.7772000000000006,294.40200000000004,4.0,3.0,0.0,5.0,1.0,Cn1nc2c3c(ccc2c1C1=C2CCCCN2CN1)CCC3,0.0,33.09
0.0,0.75,3.0,23.0,0.0,17.0,0.0,4.0,21,27,21,2,,1,,3,False,0.7777777777777778,0.0,0.0,0.23529411764705882,1.0,0.0,0.0,1.0,0.0,1.0,0.0,1.0,0.0,0.0,3.0,0.0,20.0,0.15,3.0,473,21,1.571608171995858,4.001200000000004,264.32800000000003,2.0,1.0,1.0,4.0,1.0,CC1c2cc3oc(-c4ccccc4)nc3cc2CN1C,0.0,29.270000000000003
0.0,0.6666666666666666,2.0,25.0,0.0,18.0,0.0,3.0,21,30,21,6,,2,,1,False,0.7,0.0,0.0,0.2222222222222222,0.0,0.0,0.0,1.0,0.0,0.0,0.0,1.0,0.0,0.0,5.0,1.0,23.0,0.21739130434782608,5.0,474,21,3.645039630538927,3.1198000000000023,310.353,2.0,1.0,3.0,3.0,5.0,Nc1ccccc1OCc1ccc(C(=O)C=C2CCCO2)nc1,0.0,74.44
0.0,0.25,1.0,21.0,0.0,14.0,0.0,4.0,23,28,23,1,,1,,3,False,0.8214285714285714,1.0,0.0,0.42857142857142855,1.0,0.0,0.0,1.0,0.0,1.0,0.0,1.0,0.0,0.0,3.0,0.0,18.0,0.2222222222222222,4.0,475,23,3.350334106131895,1.9427999999999999,244.26899999999995,2.0,3.0,1.0,4.0,1.0,Fc1cc2c(cc1C1=NCC=N1)C1COCC1C2,0.0,33.95
0.0,0.3333333333333333,1.0,22.0,0.0,16.0,0.0,3.0,22,31,23,5,,1,,2,False,0.7096774193548387,0.0,0.0,0.6875,1.0,0.0,0.0,1.0,0.0,1.0,0.0,1.0,0.0,0.0,4.0,1.0,20.0,0.2,4.0,476,22,2.996730598118819,2.5575200000000002,275.396,3.0,2.0,1.0,3.0,2.0,COC1CN(C2CCCCC2)c2nc(C)ccc2C1N,0.0,51.379999999999995
0.0,1.0,2.0,16.0,0.0,12.0,0.0,2.0,17,25,17,6,,,,2,False,0.68,0.0,0.0,0.3333333333333333,1.0,0.0,0.0,1.0,0.0,1.0,0.0,1.0,0.0,0.0,2.0,1.0,15.0,0.2,3.0,477,17,2.980622559679964,2.765500000000001,205.25699999999995,1.0,0.0,2.0,2.0,3.0,CCCn1ccc2ccc(O)c(OC)c21,0.0,34.39
0.0,1.0,1.0,14.0,0.0,12.0,0.0,1.0,19,28,19,8,,,,1,False,0.6785714285714286,0.0,0.0,0.25,0.0,0.0,0.0,1.0,0.0,0.0,0.0,1.0,0.0,0.0,2.0,1.0,14.0,0.14285714285714285,2.0,478,19,1.9898364587828437,2.44018,186.25799999999998,2.0,0.0,0.0,1.0,2.0,CC(C)=Cc1ccc(CN)c(C#N)c1,0.0,49.81
0.0,0.0,0.0,22.0,0.0,15.0,0.0,2.0,23,34,23,9,,1,,1,False,0.6764705882352942,0.0,0.0,0.8,0.0,0.0,0.0,0.0,0.0,0.0,0.0,1.0,0.0,0.0,4.0,1.0,21.0,0.2857142857142857,6.0,479,23,3.4452704557190827,1.2929999999999995,295.38300000000004,3.0,2.0,3.0,2.0,5.0,CC1CC(C(N)=O)=NN(C(=O)COCC2CCCCC2)C1,0.0,84.99000000000001
0.0,1.0,3.0,22.0,0.0,14.0,0.0,3.0,23,30,23,4,,1,,2,False,0.7666666666666667,0.0,0.0,0.07142857142857142,1.0,0.0,0.0,1.0,0.0,1.0,0.0,1.0,0.0,0.0,6.0,1.0,20.0,0.3,6.0,480,23,2.0057304131271287,1.8407999999999998,269.26,3.0,0.0,3.0,3.0,2.0,COc1ccc(-c2nc3ccc(N)nc3c(=O)o2)cc1,0.0,91.24
0.0,0.3333333333333333,1.0,20.0,0.0,15.0,0.0,3.0,23,30,23,4,,1,,2,False,0.7666666666666667,0.0,0.0,0.6,1.0,0.0,0.0,1.0,0.0,1.0,0.0,1.0,0.0,0.0,3.0,2.0,18.0,0.16666666666666666,3.0,481,23,2.9061060076266596,2.969400000000001,247.3379999999999,1.0,2.0,2.0,3.0,2.0,CCc1cc(O)c(C2CCCN2O)c2c1CCC2,0.0,43.7
0.0,0.3333333333333333,1.0,22.0,0.0,12.0,0.0,3.0,20,29,21,5,,1,,2,False,0.6896551724137931,1.0,0.0,0.5833333333333334,1.0,0.0,0.0,1.0,0.0,1.0,0.0,1.0,0.0,0.0,7.0,2.0,20.0,0.4,8.0,482,20,2.949975766115982,0.2702999999999999,280.307,6.0,2.0,1.0,3.0,1.0,CC1=NC2N(c3nc(N)cc(F)n3)CCCC2(N)CO1,0.0,102.65
0.0,0.0,0.0,23.0,4.0,17.0,0.0,3.0,21,32,21,8,,,,3,False,0.65625,0.0,0.0,0.7058823529411765,1.0,0.0,0.0,0.0,1.0,1.0,0.0,1.0,0.0,0.0,4.0,0.0,21.0,0.19047619047619047,4.0,483,21,2.643497635014823,2.685100000000001,291.391,1.0,3.0,3.0,3.0,4.0,CCOCC1OC2C3=CC(OC)CC2=NC(C)CC(C)=C31,0.0,40.05
0.0,0.0,0.0,8.0,0.0,5.0,0.0,1.0,22,28,24,3,,,,1,False,0.7857142857142857,0.0,0.0,0.6,0.0,0.0,0.0,0.0,0.0,0.0,0.0,1.0,0.0,0.0,3.0,2.0,8.0,0.375,3.0,484,22,3.821012665572035,0.14209999999999995,114.14800000000002,2.0,1.0,1.0,1.0,0.0,ON1C=CCCNC1,0.0,35.5
0.0,0.5,1.0,20.0,0.0,15.0,0.0,2.0,21,33,22,9,,1,,1,False,0.6363636363636364,1.0,0.0,0.4,0.0,0.0,0.0,1.0,0.0,0.0,0.0,1.0,0.0,0.0,3.0,0.0,19.0,0.21052631578947367,4.0,485,21,2.7485932843808665,2.0801,261.296,1.0,1.0,2.0,2.0,3.0,CC#CCN1CCC(OC(=O)c2ccccc2F)C1,0.0,29.54
0.0,0.6666666666666666,2.0,21.0,0.0,16.0,0.0,3.0,21,32,23,6,,,,3,False,0.65625,0.0,0.0,0.3125,1.0,0.0,0.0,1.0,0.0,1.0,0.0,1.0,0.0,0.0,2.0,2.0,19.0,0.15789473684210525,3.0,486,21,5.163875989666875,2.882220000000001,255.31699999999995,1.0,1.0,2.0,3.0,1.0,Cc1cc(C(=O)O)cc2c3c(ccc12)CNCCC3,0.0,49.33
0.0,0.0,0.0,1.0,0.0,2.0,0.0,0.0,18,25,21,4,,,,,False,0.72,0.0,0.0,1.0,0.0,0.0,0.0,0.0,0.0,0.0,0.0,0.0,0.0,0.0,0.0,0.0,2.0,0.0,0.0,487,18,2.5007877658324413,1.0262,30.07,0.0,0.0,0.0,0.0,0.0,CC,0.0,0.0
0.0,1.0,1.0,20.0,0.0,14.0,0.0,1.0,20,35,20,14,,,,1,False,0.5714285714285714,0.0,0.0,0.35714285714285715,0.0,0.0,0.0,1.0,0.0,0.0,0.0,1.0,0.0,0.0,5.0,2.0,20.0,0.3,6.0,488,20,3.7653788965383783,1.8573999999999997,278.308,2.0,0.0,4.0,1.0,6.0,CC(=O)OC(=O)CCCCC(=O)Nc1ccc(N)cc1,0.0,98.49
0.0,0.8,4.0,27.0,2.0,14.0,0.0,5.0,17,25,17,3,,1,,4,False,0.68,0.0,0.0,0.14285714285714285,2.0,0.0,0.0,1.0,1.0,1.0,0.0,1.0,0.0,0.0,7.0,2.0,23.0,0.391304347826087,9.0,489,17,2.8837802155348444,0.38751999999999953,306.289,8.0,1.0,1.0,5.0,1.0,C=C1Cc2c(C)nc(-c3nc4nc(n3)-c3[nH]c(=O)ncc3-4)n2N1,0.0,114.26999999999998
0.0,0.5,1.0,19.0,0.0,16.0,0.0,2.0,12,25,13,10,,1,,1,False,0.48,0.0,0.0,0.4375,0.0,1.0,0.0,1.0,0.0,0.0,0.0,1.0,1.0,0.0,2.0,0.0,18.0,0.1111111111111111,2.0,490,12,3.9443197045426133,3.553200000000002,244.33399999999995,0.0,1.0,2.0,2.0,5.0,COc1cccc(CC(C)C(=O)C(C)=C2CC2)c1,0.0,26.3
0.0,0.0,0.0,22.0,2.0,12.0,0.0,5.0,15,28,18,5,,,,5,False,0.5357142857142857,0.0,0.0,0.5833333333333334,1.0,1.0,0.0,0.0,1.0,1.0,0.0,1.0,1.0,1.0,6.0,0.0,18.0,0.3333333333333333,6.0,491,15,2.7112804670715613,1.0229000000000001,248.23799999999997,2.0,5.0,4.0,5.0,1.0,CCC1OON2C3=NC45CC4(OCC=C3)C5=C2O1,1.0,52.52000000000001
0.0,1.0,1.0,12.0,0.0,9.0,0.0,1.0,22,29,22,6,,,,1,False,0.7586206896551724,0.0,0.0,0.3333333333333333,0.0,0.0,0.0,1.0,0.0,0.0,0.0,1.0,0.0,0.0,3.0,1.0,12.0,0.25,3.0,492,22,2.935307423280771,1.7178199999999997,168.19199999999998,0.0,0.0,3.0,1.0,2.0,COc1cc(C)c(O)c(OC)c1,0.0,38.69
0.0,0.4,2.0,26.0,0.0,16.0,0.0,5.0,22,28,22,1,,2,,3,False,0.7857142857142857,0.0,0.0,0.25,2.0,1.0,1.0,1.0,0.0,1.0,0.0,1.0,1.0,0.0,6.0,0.0,22.0,0.2727272727272727,6.0,493,22,3.5272740039602555,2.4496,288.3140000000001,6.0,3.0,0.0,5.0,2.0,CC12C=C(c3ccncn3)N=NC1C=C2c1ncnc2c1C2,0.0,76.28
0.0,0.0,0.0,24.0,0.0,15.0,0.0,4.0,23,31,23,4,,,,4,False,0.7419354838709677,0.0,0.0,0.6666666666666666,1.0,0.0,0.0,0.0,0.0,1.0,0.0,1.0,0.0,0.0,5.0,2.0,21.0,0.2857142857142857,6.0,494,23,3.4964599257626436,0.36039999999999944,288.35099999999994,4.0,4.0,2.0,4.0,0.0,CC1=C2C=NN=C2C2(N)CCN3C(=O)CCCCC1(O)C32,0.0,91.28
0.0,1.0,2.0,22.0,0.0,20.0,0.0,2.0,18,29,18,9,,1,,1,False,0.6206896551724138,0.0,0.0,0.25,0.0,0.0,0.0,1.0,0.0,0.0,0.0,1.0,0.0,0.0,1.0,0.0,21.0,0.047619047619047616,1.0,495,18,3.354750316200377,5.014700000000004,278.395,0.0,0.0,1.0,2.0,5.0,CC(=O)C(=Cc1cccc(CC(C)C)c1)c1ccccc1,0.0,17.07
0.0,0.75,3.0,23.0,0.0,14.0,0.0,4.0,23,33,26,3,,1,,3,False,0.696969696969697,0.0,0.0,0.0,2.0,0.0,0.0,1.0,0.0,1.0,0.0,1.0,0.0,0.0,6.0,2.0,20.0,0.3,6.0,496,23,3.051053111911367,3.225600000000001,262.276,6.0,1.0,0.0,4.0,1.0,c1cnc2ccc(-c3ccc4c(c3)NNN=N4)nc2c1,0.0,74.56
0.0,0.6666666666666666,2.0,17.0,0.0,11.0,0.0,3.0,20,26,21,2,,,,3,False,0.7692307692307693,0.0,0.0,0.0,1.0,0.0,0.0,1.0,0.0,1.0,0.0,1.0,0.0,0.0,4.0,1.0,15.0,0.26666666666666666,4.0,497,20,3.3028261110647152,2.6563000000000008,201.18099999999998,1.0,1.0,3.0,3.0,0.0,Oc1cccc2c1C=Cc1oncc1O2,0.0,55.49000000000001
0.0,1.0,3.0,16.0,0.0,7.0,0.0,3.0,17,27,20,3,1,1,,2,False,0.6296296296296297,0.0,0.0,0.0,1.0,0.0,0.0,1.0,0.0,1.0,0.0,1.0,0.0,0.0,5.0,1.0,14.0,0.5,7.0,498,17,2.28796293187462,-0.06640000000000018,187.16600000000003,7.0,0.0,0.0,3.0,1.0,c1nc(-n2cnnc2)c2cn[nH]c2n1,0.0,85.17
0.0,1.0,3.0,22.0,0.0,15.0,0.0,3.0,17,28,20,5,,2,,1,False,0.6071428571428571,0.0,0.0,0.0,0.0,0.0,0.0,1.0,0.0,0.0,0.0,1.0,0.0,0.0,5.0,1.0,20.0,0.25,5.0,499,17,1.9821670639012654,3.036500000000002,265.272,3.0,0.0,2.0,3.0,3.0,Oc1ccc(Oc2cccc(-c3cncnc3)c2)cn1,0.0,68.13
0.0,0.0,0.0,26.0,0.0,22.0,0.0,3.0,22,28,22,3,,,,3,False,0.7857142857142857,0.0,0.0,0.8181818181818182,1.0,0.0,0.0,0.0,0.0,1.0,1.0,1.0,0.0,1.0,2.0,0.0,24.0,0.08333333333333333,2.0,500,22,3.045671002398312,5.699500000000007,331.5440000000001,1.0,3.0,1.0,3.0,2.0,CCCN1C=CCC2(CC=C3COCCCCCCCCC3C2)C1,1.0,12.47
0.0,0.3333333333333333,1.0,19.0,0.0,12.0,0.0,3.0,21,28,21,4,,1,,2,False,0.75,0.0,0.0,0.75,1.0,0.0,0.0,1.0,0.0,1.0,0.0,1.0,0.0,0.0,4.0,2.0,17.0,0.29411764705882354,5.0,501,21,3.3602735976073608,1.5257199999999997,238.28699999999998,2.0,2.0,3.0,3.0,2.0,Cc1ccnn1C1CC2CCC(OO)C2(O)C1,0.0,67.51
0.0,0.0,0.0,11.0,0.0,9.0,0.0,0.0,22,39,25,14,,,,,False,0.5641025641025641,0.0,0.0,0.8888888888888888,0.0,0.0,0.0,0.0,0.0,0.0,0.0,0.0,0.0,0.0,2.0,2.0,12.0,0.25,3.0,502,22,2.9765702942050036,0.8876,172.27200000000002,2.0,0.0,1.0,0.0,6.0,CCCC(CCN)CNC(C)=O,0.0,55.12
0.0,0.5,1.0,17.0,0.0,12.0,0.0,2.0,18,29,20,7,,1,,1,False,0.6206896551724138,0.0,0.0,0.5,0.0,0.0,0.0,1.0,0.0,0.0,0.0,1.0,0.0,0.0,4.0,2.0,16.0,0.25,4.0,503,18,1.8113683866823733,1.1126,223.27199999999996,1.0,1.0,3.0,2.0,3.0,CC1COC(c2cccc(C(N)CO)c2)O1,0.0,64.71000000000001
0.0,0.3333333333333333,1.0,20.0,0.0,15.0,0.0,3.0,23,31,23,5,,,,3,False,0.7419354838709677,0.0,0.0,0.5333333333333333,1.0,0.0,0.0,1.0,0.0,1.0,0.0,1.0,0.0,0.0,3.0,2.0,18.0,0.16666666666666666,3.0,504,23,3.4190803493715127,1.6867,244.33800000000002,2.0,2.0,1.0,3.0,4.0,OCCCCC12Cc3ccccc3CC1N=CN2,0.0,44.620000000000005
0.0,0.0,0.0,19.0,0.0,15.0,0.0,2.0,18,22,18,2,,,,2,False,0.8181818181818182,0.0,0.0,0.8666666666666667,1.0,0.0,0.0,0.0,0.0,1.0,1.0,1.0,0.0,0.0,3.0,2.0,18.0,0.16666666666666666,3.0,505,18,2.821889775800185,2.2523999999999997,253.386,1.0,2.0,2.0,2.0,0.0,CC1=CCC2CCCCC2NCCOCC(O)C1,0.0,41.489999999999995
0.0,0.0,0.0,17.0,0.0,11.0,0.0,2.0,12,19,12,5,,1,,1,False,0.631578947368421,0.0,0.0,0.9090909090909091,0.0,0.0,0.0,0.0,0.0,0.0,0.0,1.0,0.0,0.0,4.0,4.0,16.0,0.3125,5.0,506,12,3.633983421001205,-0.14199999999999896,227.30799999999996,3.0,2.0,2.0,2.0,3.0,CCC1C(NO)CNC1C1CCCNC1=O,0.0,73.39
0.0,0.6666666666666666,2.0,18.0,0.0,12.0,0.0,3.0,23,35,27,5,,1,,2,False,0.6571428571428571,0.0,0.0,0.4166666666666667,1.0,0.0,0.0,1.0,0.0,1.0,0.0,1.0,0.0,0.0,4.0,0.0,16.0,0.25,4.0,507,23,3.537468173109768,1.97282,218.25599999999994,2.0,1.0,2.0,3.0,1.0,Cc1nc2ccc(N3CCOCC3)cc2o1,0.0,38.5
0.0,1.0,1.0,12.0,0.0,10.0,0.0,1.0,22,31,23,7,,,,1,False,0.7096774193548387,0.0,0.0,0.1,0.0,0.0,0.0,1.0,0.0,0.0,0.0,1.0,0.0,0.0,2.0,0.0,12.0,0.16666666666666666,2.0,508,22,2.926889743482643,1.8728,162.188,0.0,0.0,2.0,1.0,2.0,COC(=O)C=Cc1ccccc1,0.0,26.3
0.0,0.6666666666666666,2.0,21.0,0.0,16.0,0.0,3.0,16,21,16,2,,2,,1,False,0.7619047619047619,0.0,0.0,0.1875,0.0,0.0,0.0,1.0,0.0,0.0,0.0,1.0,0.0,0.0,3.0,1.0,19.0,0.15789473684210525,3.0,509,16,2.656450246769217,3.540420000000002,252.317,2.0,1.0,1.0,3.0,2.0,CC1=CNCC(c2c(C)noc2-c2ccccc2)=C1,0.0,38.06
0.0,0.0,0.0,20.0,0.0,12.0,0.0,2.0,23,39,25,12,,1,,1,False,0.5897435897435898,0.0,0.0,0.9166666666666666,0.0,1.0,0.0,0.0,0.0,0.0,0.0,1.0,1.0,0.0,7.0,1.0,19.0,0.3684210526315789,7.0,510,23,2.5765779273200025,-1.0174999999999985,275.30100000000004,1.0,2.0,6.0,2.0,6.0,CCOCC(=O)OCC1OC1C1CN(C)C(O)CO1,0.0,80.76
0.0,0.6666666666666666,2.0,22.0,0.0,13.0,0.0,3.0,18,27,19,5,,1,,2,False,0.6666666666666666,0.0,0.0,0.23076923076923078,1.0,0.0,0.0,1.0,0.0,1.0,0.0,1.0,0.0,0.0,5.0,3.0,20.0,0.35,7.0,511,18,2.64083148246842,0.2705999999999996,274.28000000000003,4.0,1.0,3.0,3.0,2.0,COc1cccc(N2CNCc3[nH]c(=O)[nH]c(=O)c32)c1,0.0,90.22
0.0,0.0,0.0,25.0,0.0,20.0,0.0,3.0,15,27,17,7,,,,3,False,0.5555555555555556,0.0,0.0,0.9,1.0,0.0,0.0,0.0,0.0,1.0,1.0,1.0,0.0,1.0,3.0,1.0,23.0,0.13043478260869565,3.0,512,15,2.0506185358319766,3.934300000000003,321.50500000000005,1.0,3.0,2.0,3.0,2.0,COCC1CNCC2C(=C(C)CC3(CCCO3)C1)CCCC2C,1.0,30.49
0.0,0.0,0.0,22.0,0.0,11.0,0.0,3.0,14,26,15,7,1,,,3,False,0.5384615384615384,0.0,0.0,0.5454545454545454,1.0,0.0,0.0,0.0,0.0,1.0,0.0,1.0,0.0,0.0,8.0,3.0,20.0,0.45,9.0,513,14,2.9959246552964656,-1.8753999999999973,280.28799999999995,6.0,3.0,3.0,3.0,3.0,COCC1=NCC2C(=O)NC3=NCNC(OC)=C3N2N1,0.0,99.58
0.0,0.0,0.0,23.0,2.0,14.0,0.0,4.0,23,31,23,4,,,,4,False,0.7419354838709677,0.0,0.0,0.42857142857142855,1.0,0.0,0.0,0.0,1.0,1.0,0.0,1.0,0.0,1.0,6.0,2.0,20.0,0.3,6.0,514,23,3.9448984351099785,0.6792999999999998,271.324,5.0,5.0,1.0,5.0,2.0,CCNC1=CC=CC23CN4C=NNC14C(C)=C2N=CO3,2.0,61.25
0.0,0.75,3.0,24.0,0.0,16.0,0.0,4.0,21,31,23,4,,1,,3,False,0.6774193548387096,0.0,0.0,0.125,2.0,0.0,0.0,1.0,0.0,1.0,0.0,1.0,0.0,0.0,5.0,1.0,21.0,0.23809523809523808,5.0,515,21,2.303418007653312,2.4179000000000004,281.26700000000005,1.0,1.0,4.0,4.0,1.0,O=c1ccc2c(C3COc4ccc(O)nc43)cccc2o1,0.0,72.56
0.0,0.0,0.0,25.0,0.0,20.0,0.0,4.0,21,26,21,1,,,,4,False,0.8076923076923077,0.0,0.0,0.8,1.0,0.0,0.0,0.0,0.0,1.0,1.0,1.0,0.0,0.0,2.0,2.0,22.0,0.09090909090909091,2.0,516,21,2.660276333654173,3.8198000000000025,301.47400000000005,1.0,4.0,1.0,4.0,0.0,OC1CC2CC=CC3=C(CCCCC4CNCC4CC3)C2C1,0.0,32.26
0.0,1.0,2.0,20.0,0.0,15.0,0.0,2.0,12,21,12,7,,1,,1,False,0.5714285714285714,1.0,0.0,0.2,0.0,0.0,0.0,1.0,0.0,0.0,0.0,1.0,0.0,0.0,3.0,0.0,19.0,0.21052631578947367,4.0,517,12,1.3627658495295387,3.4219000000000017,262.28,0.0,0.0,3.0,2.0,5.0,COc1c(F)ccc(OCc2ccccc2)c1OC,0.0,27.69
0.0,1.0,1.0,19.0,0.0,14.0,0.0,1.0,22,36,22,12,1,1,,,False,0.6388888888888888,0.0,0.0,0.5,0.0,0.0,0.0,1.0,0.0,0.0,0.0,1.0,0.0,0.0,5.0,1.0,19.0,0.2631578947368421,5.0,518,22,4.197196085569663,1.2346999999999997,267.325,1.0,0.0,4.0,1.0,10.0,CCOC(=O)CNCCOCCOc1ccccc1,0.0,56.790000000000006
0.0,0.6,3.0,28.0,0.0,17.0,0.0,5.0,20,25,20,,,2,,3,False,0.8,0.0,0.0,0.35294117647058826,2.0,0.0,0.0,1.0,0.0,1.0,0.0,1.0,0.0,0.0,6.0,1.0,24.0,0.2916666666666667,7.0,519,20,4.077105579364022,2.0084,324.34,4.0,2.0,3.0,5.0,2.0,c1cnc(-c2cc(C34CCOCC3OCO4)cc3[nH]ncc23)cn1,0.0,82.14999999999999
0.0,0.6666666666666666,2.0,21.0,0.0,16.0,0.0,3.0,23,29,23,3,,1,,2,False,0.7931034482758621,0.0,0.0,0.125,1.0,0.0,0.0,1.0,0.0,1.0,0.0,1.0,0.0,0.0,2.0,0.0,19.0,0.15789473684210525,3.0,520,23,3.287490150002429,3.392500000000002,250.30099999999996,2.0,1.0,1.0,3.0,1.0,CC1=Nc2ccccc2CN1C(=O)c1ccccc1,0.0,32.67
0.0,0.0,0.0,17.0,2.0,9.0,0.0,2.0,23,38,26,10,,,,2,False,0.6052631578947368,0.0,0.0,0.5555555555555556,1.0,0.0,0.0,0.0,1.0,1.0,0.0,1.0,0.0,0.0,5.0,3.0,16.0,0.4375,7.0,521,23,3.8517448326208164,-1.2008999999999996,228.204,2.0,2.0,5.0,2.0,1.0,CC(=O)N1CC(C(=O)O)=C2CC(O)OC1N2,0.0,99.10000000000001
0.0,1.0,1.0,11.0,0.0,9.0,0.0,1.0,23,33,25,7,,,,1,False,0.696969696969697,0.0,0.0,0.3333333333333333,0.0,0.0,0.0,1.0,0.0,0.0,0.0,1.0,0.0,0.0,2.0,0.0,11.0,0.18181818181818182,2.0,522,23,2.6526159160574383,2.0122199999999997,152.19299999999998,0.0,0.0,2.0,1.0,2.0,COc1cc(C)cc(OC)c1,0.0,18.46
0.0,0.0,0.0,22.0,2.0,14.0,0.0,4.0,20,29,21,4,,1,,3,False,0.6896551724137931,0.0,0.0,0.5714285714285714,1.0,0.0,1.0,0.0,1.0,1.0,0.0,1.0,1.0,1.0,4.0,3.0,19.0,0.2631578947368421,5.0,523,20,3.19281531965064,0.6214000000000001,258.32499999999993,4.0,4.0,1.0,4.0,2.0,O=C1C=C(NC=C2CC34CC(C=NN3)CCC24)CN1,1.0,65.52
0.0,1.0,1.0,10.0,0.0,7.0,0.0,1.0,20,29,22,6,,,,1,False,0.6896551724137931,1.0,0.0,0.0,0.0,0.0,0.0,1.0,0.0,0.0,0.0,1.0,0.0,0.0,1.0,2.0,10.0,0.3,3.0,524,20,10.449079127551073,1.70907,139.129,1.0,0.0,1.0,1.0,1.0,N=C(O)c1cccc(F)c1,0.0,44.08
0.0,0.5,1.0,22.0,0.0,17.0,0.0,2.0,13,25,13,10,,1,,1,False,0.52,0.0,0.0,0.5882352941176471,0.0,0.0,0.0,1.0,0.0,0.0,0.0,1.0,0.0,0.0,3.0,1.0,21.0,0.19047619047619047,4.0,525,13,2.2670570215150403,2.668020000000001,291.39100000000013,1.0,1.0,3.0,2.0,6.0,COC(CO)CC(=O)N(c1ccccc1C)C1CCCC1,0.0,49.77
0.0,0.6666666666666666,2.0,25.0,0.0,18.0,0.0,3.0,13,25,15,7,,2,,1,False,0.52,0.0,0.0,0.3888888888888889,0.0,0.0,0.0,1.0,0.0,0.0,0.0,1.0,0.0,0.0,5.0,2.0,23.0,0.21739130434782608,5.0,526,13,1.6949017919122384,3.065800000000001,312.41700000000003,4.0,1.0,1.0,3.0,6.0,CCCNc1ccc(OC2CCN(c3ccccc3)CN2)cn1,0.0,49.42
0.0,0.0,0.0,18.0,0.0,13.0,0.0,2.0,18,29,18,9,,,,2,False,0.6206896551724138,0.0,0.0,0.6153846153846154,1.0,0.0,0.0,0.0,0.0,1.0,0.0,1.0,0.0,0.0,4.0,0.0,17.0,0.23529411764705882,4.0,527,18,2.8520876657902603,1.8134000000000001,238.28299999999996,0.0,2.0,4.0,2.0,3.0,COC1COC2OC(C)=C(C(=O)C=C(C)C)C12,0.0,44.760000000000005
0.0,0.0,0.0,21.0,2.0,13.0,0.0,5.0,22,28,22,1,,,,5,False,0.7857142857142857,0.0,0.0,1.0,1.0,0.0,1.0,0.0,1.0,1.0,0.0,1.0,1.0,0.0,4.0,2.0,17.0,0.23529411764705882,4.0,528,22,4.961524661650724,-0.07999999999999963,236.31499999999997,2.0,5.0,2.0,5.0,0.0,OC1CCCN2C3CC45NCCC(CO4)(C12)C35,0.0,44.730000000000004
0.0,0.5,1.0,16.0,0.0,11.0,0.0,2.0,16,30,20,8,,1,,1,False,0.5333333333333333,0.0,0.0,0.45454545454545453,0.0,0.0,0.0,1.0,0.0,0.0,0.0,1.0,0.0,0.0,4.0,1.0,15.0,0.26666666666666666,4.0,529,16,3.057880492786302,1.26562,205.26099999999997,3.0,1.0,1.0,2.0,3.0,COCc1ncc(C2=CCCN2)c(C)n1,0.0,47.04
0.0,1.0,1.0,14.0,0.0,10.0,0.0,1.0,21,32,22,9,,,,1,False,0.65625,0.0,0.0,0.3,0.0,0.0,0.0,1.0,0.0,0.0,0.0,1.0,0.0,0.0,4.0,1.0,14.0,0.2857142857142857,4.0,530,21,3.1993156898647332,1.5775,196.20199999999997,0.0,0.0,4.0,1.0,3.0,CCOC(=O)c1ccc(OC)cc1O,0.0,55.760000000000005
0.0,1.0,2.0,18.0,0.0,10.0,0.0,2.0,20,30,20,8,,,,2,False,0.6666666666666666,0.0,0.0,0.2,1.0,0.0,0.0,1.0,0.0,1.0,0.0,1.0,0.0,0.0,4.0,4.0,17.0,0.4117647058823529,7.0,531,20,2.073954321320362,-0.5591000000000004,237.21499999999997,3.0,0.0,4.0,2.0,3.0,O=C(NO)c1ccc2c(=O)n(CCO)[nH]c2c1,0.0,107.35000000000002
0.0,1.0,3.0,21.0,0.0,16.0,0.0,3.0,23,30,23,4,,1,,2,False,0.7666666666666667,1.0,0.0,0.125,1.0,0.0,0.0,1.0,0.0,1.0,0.0,1.0,0.0,0.0,1.0,0.0,19.0,0.15789473684210525,3.0,532,23,4.390827094079198,4.086620000000003,255.29200000000003,1.0,0.0,1.0,3.0,2.0,COc1cc(F)c(-n2ccc3ccccc32)cc1C,0.0,14.16
0.0,1.0,1.0,9.0,0.0,6.0,0.0,1.0,21,28,22,5,,,,1,False,0.75,0.0,0.0,0.16666666666666666,0.0,0.0,0.0,1.0,0.0,0.0,0.0,1.0,0.0,0.0,2.0,2.0,9.0,0.3333333333333333,3.0,533,21,3.862267163349088,0.545,124.143,2.0,0.0,1.0,1.0,2.0,C=Cc1cc(CO)n[nH]1,0.0,48.910000000000004
0.0,0.0,0.0,27.0,5.0,16.0,0.0,5.0,21,30,22,3,,,,5,False,0.7,0.0,0.0,0.375,1.0,0.0,0.0,0.0,1.0,1.0,1.0,1.0,0.0,0.0,7.0,1.0,23.0,0.30434782608695654,7.0,534,21,2.362070329523944,1.4411,310.361,6.0,5.0,1.0,5.0,0.0,CC1=C2NN3C4=C(C=NC3C1)C1(C)N(C=CCO2)C=CN1C=N4,0.0,55.699999999999996
0.0,0.0,0.0,19.0,0.0,13.0,0.0,2.0,15,29,17,9,1,1,,1,False,0.5172413793103449,0.0,0.0,0.6153846153846154,0.0,0.0,0.0,0.0,0.0,0.0,0.0,1.0,0.0,0.0,4.0,0.0,18.0,0.2777777777777778,5.0,535,15,3.9276843887290385,0.8297999999999999,251.28199999999995,1.0,2.0,4.0,2.0,1.0,COC(=O)C(=O)N1CCCC1C1=CCCCC1=O,0.0,63.68000000000001
0.0,0.0,0.0,20.0,4.0,13.0,0.0,3.0,23,29,24,2,,,,3,False,0.7931034482758621,0.0,0.0,0.5384615384615384,1.0,0.0,0.0,0.0,1.0,1.0,1.0,1.0,0.0,0.0,5.0,1.0,18.0,0.2777777777777778,5.0,536,23,1.8803466999360552,0.9085999999999996,246.31399999999994,4.0,3.0,1.0,3.0,0.0,CN1CCNC2CC3=CN=CN=C2OCC1=CC3,0.0,49.22
0.0,0.0,0.0,25.0,4.0,17.0,0.0,4.0,21,26,21,,1,1,,3,False,0.8461538461538461,0.0,0.0,0.8823529411764706,1.0,0.0,0.0,0.0,1.0,1.0,1.0,1.0,0.0,0.0,5.0,2.0,22.0,0.22727272727272727,5.0,537,21,11.549574654000747,1.6401999999999994,306.4540000000001,4.0,5.0,1.0,5.0,1.0,C1CCC2CCOCC3NCC(=C(NC1)N3N1CCCC1)C2,0.0,39.77
0.0,1.0,1.0,8.0,0.0,7.0,0.0,1.0,22,25,22,2,,,,1,False,0.88,0.0,0.0,0.14285714285714285,0.0,0.0,0.0,1.0,0.0,0.0,0.0,1.0,0.0,0.0,1.0,1.0,8.0,0.125,1.0,538,22,2.09939897251589,1.70062,108.13999999999999,0.0,0.0,1.0,1.0,0.0,Cc1ccccc1O,0.0,20.23
0.0,0.0,0.0,25.0,0.0,18.0,0.0,3.0,19,30,19,8,,,,3,False,0.6333333333333333,0.0,0.0,0.4444444444444444,1.0,0.0,0.0,0.0,0.0,1.0,0.0,1.0,0.0,1.0,5.0,0.0,23.0,0.21739130434782608,5.0,539,19,1.7154759699776745,2.377300000000001,314.385,2.0,3.0,3.0,3.0,4.0,CCN1C(=CCOC=O)C=C2C=CCCOC23C=C(C)C=NC13,1.0,51.129999999999995
0.0,0.6666666666666666,2.0,23.0,0.0,15.0,0.0,3.0,21,31,22,6,,1,,2,False,0.6774193548387096,0.0,0.0,0.2,1.0,0.0,0.0,1.0,0.0,1.0,0.0,1.0,0.0,0.0,6.0,3.0,21.0,0.2857142857142857,6.0,540,21,2.6964458522833117,1.7818999999999996,288.30300000000005,2.0,1.0,4.0,3.0,3.0,NCOc1ccc2c(c1)OC(c1cccc(O)c1N)CO2,0.0,99.96000000000001
0.0,0.0,0.0,24.0,2.0,15.0,0.0,4.0,17,31,20,7,,,,4,False,0.5483870967741935,0.0,0.0,0.7333333333333333,1.0,0.0,0.0,0.0,1.0,1.0,0.0,1.0,0.0,1.0,6.0,2.0,21.0,0.2857142857142857,6.0,541,17,2.0789067722335526,2.508300000000001,290.367,4.0,5.0,2.0,5.0,0.0,CC=C1OC2NC3=C(C)N=NC13NC1CCCCC1(C)O2,1.0,67.24
0.0,0.0,0.0,24.0,0.0,15.0,0.0,4.0,15,23,15,4,,1,,3,False,0.6521739130434783,0.0,0.0,0.4,1.0,0.0,0.0,0.0,0.0,1.0,0.0,1.0,0.0,0.0,6.0,1.0,21.0,0.2857142857142857,6.0,542,15,3.5436415145860365,0.9848000000000001,283.335,5.0,4.0,1.0,4.0,0.0,CC1=C(N)C(=C2OC3(C)N=CC4=C3C2N=CN=C4)CN1C,0.0,75.57
0.0,1.0,3.0,23.0,0.0,18.0,0.0,3.0,21,33,24,6,,2,,1,False,0.6363636363636364,0.0,0.0,0.1111111111111111,0.0,0.0,0.0,1.0,0.0,0.0,0.0,1.0,0.0,0.0,3.0,0.0,21.0,0.14285714285714285,3.0,543,21,2.7637626732240803,4.127620000000003,276.339,2.0,0.0,1.0,3.0,3.0,COc1ncnc(C)c1-c1cccc(-c2ccccc2)c1,0.0,35.010000000000005
0.0,0.16666666666666666,1.0,29.0,2.0,21.0,0.0,6.0,23,33,24,3,,,,6,False,0.696969696969697,0.0,0.0,0.47619047619047616,1.0,0.0,1.0,1.0,1.0,1.0,0.0,1.0,1.0,1.0,2.0,1.0,24.0,0.125,3.0,544,23,7.830428824801349,3.528800000000002,319.404,1.0,5.0,2.0,6.0,0.0,O=C1C2=CCC34CCC35CC(CC4=C2CN1O)Cc1ccccc15,2.0,40.540000000000006
0.0,0.75,3.0,24.0,0.0,17.0,0.0,4.0,18,30,24,2,,1,,3,False,0.6,0.0,0.0,0.23529411764705882,2.0,0.0,0.0,1.0,0.0,1.0,0.0,1.0,0.0,0.0,4.0,1.0,21.0,0.19047619047619047,4.0,545,18,11.352261070180102,2.6459200000000003,276.3430000000001,4.0,1.0,0.0,4.0,1.0,Cc1ccc2c(c1-c1ccnc3cncnc13)CNCC2,0.0,50.7
0.0,0.6666666666666666,2.0,20.0,0.0,13.0,0.0,3.0,15,24,17,4,,1,,2,False,0.625,0.0,0.0,0.23076923076923078,1.0,0.0,0.0,1.0,0.0,1.0,0.0,1.0,0.0,0.0,5.0,3.0,18.0,0.2777777777777778,5.0,546,15,3.3103859735868624,1.1084999999999996,242.282,4.0,1.0,1.0,3.0,2.0,OCc1ccc(-c2cnc3c(n2)CNCN3)cc1,0.0,70.07000000000001
0.0,1.0,1.0,17.0,0.0,12.0,0.0,1.0,14,26,14,11,,,,1,False,0.5384615384615384,0.0,0.0,0.5,0.0,0.0,0.0,1.0,0.0,0.0,0.0,1.0,0.0,0.0,5.0,2.0,17.0,0.29411764705882354,5.0,547,14,3.388589144977141,2.0018,241.287,1.0,0.0,4.0,1.0,8.0,CCOCC(COC)Nc1cccc(OO)c1,0.0,59.95
0.0,0.6666666666666666,2.0,21.0,0.0,16.0,0.0,3.0,19,26,19,4,,1,,2,False,0.7307692307692307,0.0,0.0,0.125,1.0,0.0,0.0,1.0,0.0,1.0,0.0,1.0,0.0,0.0,3.0,0.0,19.0,0.15789473684210525,3.0,548,19,2.623542440336138,3.0917200000000014,251.28500000000003,1.0,1.0,2.0,3.0,2.0,Cc1cc(CC=C2Oc3ccccc3C2=O)ccn1,0.0,39.19
0.0,0.6666666666666666,2.0,22.0,0.0,15.0,0.0,3.0,22,31,23,5,,1,,2,False,0.7096774193548387,0.0,0.0,0.2,1.0,0.0,0.0,1.0,0.0,1.0,0.0,1.0,0.0,0.0,4.0,1.0,20.0,0.25,5.0,549,22,3.0929816839944126,2.1684,270.288,2.0,1.0,3.0,3.0,3.0,COc1cccc(Oc2ccnc3c2CCNC3=O)c1,0.0,60.45
0.0,0.25,1.0,24.0,2.0,19.0,0.0,4.0,20,31,21,6,,,,4,False,0.6451612903225806,0.0,0.0,0.6842105263157895,1.0,0.0,0.0,1.0,1.0,1.0,0.0,1.0,0.0,0.0,2.0,1.0,21.0,0.09523809523809523,2.0,550,20,2.7787044076978304,3.664100000000002,284.447,2.0,3.0,0.0,4.0,2.0,CCc1cccc2c1C1(C)C3CCC1(CN2)CN(CC)C3,0.0,15.27
0.0,0.5,1.0,22.0,0.0,18.0,0.0,2.0,20,31,20,9,,1,,1,False,0.6451612903225806,0.0,0.0,0.6111111111111112,0.0,0.0,0.0,1.0,0.0,0.0,0.0,1.0,0.0,0.0,3.0,0.0,21.0,0.14285714285714285,3.0,551,20,2.3811458725044514,3.4630000000000027,289.419,1.0,1.0,2.0,2.0,8.0,COc1cccc(CCCC(=O)CCN2CCCCC2)c1,0.0,29.54
0.0,0.3333333333333333,1.0,23.0,0.0,18.0,0.0,3.0,21,30,22,4,1,2,,1,False,0.7,0.0,0.0,0.7222222222222222,0.0,0.0,0.0,1.0,0.0,0.0,0.0,1.0,0.0,0.0,3.0,0.0,21.0,0.14285714285714285,3.0,552,21,2.685971358640566,2.921000000000001,287.451,3.0,2.0,0.0,3.0,4.0,CC1(c2cccnc2)CCN(CCN2CCCCC2)CC1,0.0,19.370000000000005
0.0,0.0,0.0,23.0,2.0,12.0,0.0,4.0,21,30,22,4,,1,,3,False,0.7,0.0,0.0,0.5,1.0,0.0,0.0,0.0,1.0,1.0,0.0,1.0,0.0,0.0,8.0,2.0,20.0,0.4,8.0,553,21,3.384189662968964,-0.8929999999999993,277.28399999999993,5.0,4.0,3.0,4.0,1.0,CC1=NC2(O)C(N3C=CCN=C3N)C(=C1)C1OCON12,0.0,95.91000000000001
0.0,0.3333333333333333,1.0,22.0,0.0,15.0,0.0,3.0,23,30,23,4,,1,,2,False,0.7666666666666667,1.0,0.0,0.5333333333333333,0.0,0.0,0.0,1.0,0.0,0.0,0.0,1.0,0.0,1.0,3.0,1.0,20.0,0.25,5.0,554,23,3.5161716485788177,1.9046999999999998,278.327,2.0,2.0,2.0,3.0,2.0,COC1N(c2cccc(F)c2)C(=O)CC12CCNCC2,1.0,41.57
0.0,0.0,0.0,17.0,0.0,9.0,0.0,2.0,23,33,24,7,,1,,1,False,0.696969696969697,0.0,0.0,0.8888888888888888,0.0,0.0,0.0,0.0,0.0,0.0,0.0,1.0,0.0,0.0,7.0,2.0,16.0,0.4375,7.0,555,23,2.4422239246354023,-1.6433999999999989,232.236,2.0,2.0,5.0,2.0,4.0,COC1OCC(ON2C=NCC2)C1(O)CO,0.0,83.75
0.0,1.0,2.0,18.0,0.0,12.0,0.0,2.0,22,29,22,5,,1,,1,False,0.7586206896551724,1.0,0.0,0.16666666666666666,0.0,0.0,0.0,1.0,0.0,0.0,0.0,1.0,0.0,0.0,4.0,0.0,17.0,0.29411764705882354,5.0,556,22,2.9615486526600576,2.2032999999999996,234.23,2.0,0.0,2.0,2.0,4.0,COc1ccc(F)cc1OCc1ncccn1,0.0,44.24
0.0,0.3333333333333333,1.0,26.0,0.0,18.0,0.0,3.0,22,33,22,7,1,1,,2,False,0.696969696969697,0.0,0.0,0.6111111111111112,0.0,0.0,0.0,1.0,0.0,0.0,0.0,1.0,0.0,1.0,4.0,3.0,24.0,0.25,6.0,557,22,3.124779602837515,1.0673,333.4320000000001,3.0,2.0,3.0,3.0,5.0,CC1CN(CCOc2ccccc2)CCC2(CNC(=O)N2)C1CO,1.0,73.83
0.0,1.0,2.0,20.0,0.0,16.0,0.0,2.0,15,28,17,9,,1,,1,False,0.5357142857142857,1.0,0.0,0.1875,0.0,0.0,0.0,1.0,0.0,0.0,0.0,1.0,0.0,0.0,2.0,0.0,19.0,0.15789473684210525,3.0,558,15,2.75214362119438,3.325000000000002,258.29200000000003,0.0,0.0,2.0,2.0,4.0,COC(=O)C(Cc1ccccc1)c1ccccc1F,0.0,26.3
0.0,0.5,2.0,24.0,0.0,18.0,0.0,4.0,17,26,18,3,1,1,,3,False,0.6538461538461539,0.0,0.0,0.16666666666666666,1.0,0.0,0.0,1.0,0.0,1.0,0.0,1.0,0.0,0.0,3.0,0.0,21.0,0.14285714285714285,3.0,559,17,3.176249639279451,3.3603000000000023,275.355,3.0,2.0,0.0,4.0,2.0,CN1c2cccnc2N(Cc2ccccc2)C2=CC=CC21,0.0,19.370000000000005
0.0,1.0,1.0,17.0,0.0,11.0,0.0,1.0,23,39,25,13,,,,1,False,0.5897435897435898,0.0,0.0,0.2727272727272727,0.0,0.0,0.0,1.0,0.0,0.0,0.0,1.0,0.0,0.0,5.0,1.0,17.0,0.35294117647058826,6.0,560,23,2.524894667489855,0.9451999999999998,240.21099999999998,0.0,0.0,6.0,1.0,5.0,COC(=O)COc1ccc(OC)c(C(=O)O)c1,0.0,82.06
0.0,1.0,2.0,23.0,0.0,17.0,0.0,2.0,23,35,23,10,,1,,1,False,0.6571428571428571,3.0,0.0,0.17647058823529413,0.0,0.0,0.0,1.0,0.0,0.0,0.0,1.0,0.0,0.0,2.0,0.0,22.0,0.22727272727272727,5.0,561,23,3.078521437806646,4.299500000000003,308.299,0.0,0.0,2.0,2.0,5.0,COCC(=Cc1ccc(F)cc1OC)c1ccc(F)c(F)c1,0.0,18.46
0.0,0.6666666666666666,2.0,20.0,0.0,16.0,0.0,3.0,21,26,21,2,,1,,2,False,0.8076923076923077,0.0,0.0,0.125,1.0,0.0,0.0,1.0,0.0,1.0,0.0,1.0,0.0,0.0,2.0,1.0,18.0,0.1111111111111111,2.0,562,21,6.69828499204327,3.4091000000000014,238.286,0.0,1.0,2.0,3.0,2.0,Oc1ccc2c(c1)C=CC(Oc1ccccc1)C2,0.0,29.46
0.0,1.0,3.0,20.0,0.0,11.0,0.0,3.0,23,29,23,3,,1,,2,False,0.7931034482758621,1.0,0.0,0.0,1.0,0.0,0.0,1.0,0.0,1.0,0.0,1.0,0.0,0.0,5.0,2.0,18.0,0.3888888888888889,7.0,563,23,2.9979340654009405,1.8664999999999996,245.21699999999998,5.0,0.0,1.0,3.0,2.0,Nc1nc(Oc2ccccc2F)nc2[nH]ncc12,0.0,89.71
0.0,0.5,1.0,20.0,0.0,15.0,0.0,2.0,22,31,22,7,,1,,1,False,0.7096774193548387,0.0,0.0,0.5333333333333333,0.0,0.0,0.0,1.0,0.0,0.0,0.0,1.0,0.0,0.0,3.0,1.0,19.0,0.21052631578947367,4.0,564,22,2.287467321594818,1.9622,263.337,1.0,1.0,3.0,2.0,4.0,COC(Cc1ccc(O)cc1)C(=O)N1CCCCC1,0.0,49.77
0.0,0.3333333333333333,1.0,23.0,0.0,17.0,0.0,3.0,21,28,21,4,,2,,1,False,0.75,0.0,0.0,0.23529411764705882,0.0,0.0,0.0,1.0,0.0,0.0,0.0,1.0,0.0,0.0,3.0,0.0,21.0,0.19047619047619047,4.0,565,21,2.365052633716432,2.8484000000000016,283.327,1.0,2.0,3.0,3.0,3.0,COc1ccc(C(=O)N2CC=CC2)cc1C1C=COC=C1,0.0,38.769999999999996
0.0,0.5,1.0,21.0,0.0,15.0,0.0,2.0,18,28,18,8,,1,,1,False,0.6428571428571429,0.0,0.0,0.26666666666666666,0.0,0.0,0.0,1.0,0.0,0.0,0.0,1.0,0.0,0.0,4.0,3.0,20.0,0.25,5.0,566,18,3.6754547225305116,1.5164,274.32,2.0,1.0,3.0,2.0,4.0,COc1ccc(C2=CC(CO)=CNC2)cc1NC(C)=O,0.0,70.59
0.0,0.5,2.0,24.0,0.0,17.0,0.0,4.0,23,30,24,2,,1,,3,False,0.7666666666666667,0.0,0.0,0.29411764705882354,2.0,0.0,0.0,1.0,0.0,1.0,0.0,1.0,0.0,0.0,4.0,1.0,21.0,0.19047619047619047,4.0,567,23,2.4921718371987294,3.2044000000000015,278.359,4.0,2.0,0.0,4.0,1.0,CC1=NCc2ncccc2N1C1CCc2ccccc2N1,0.0,40.52
0.0,1.0,1.0,17.0,0.0,14.0,0.0,1.0,14,26,14,11,,,,1,False,0.5384615384615384,0.0,0.0,0.5,0.0,0.0,0.0,1.0,0.0,0.0,0.0,1.0,0.0,0.0,2.0,2.0,17.0,0.17647058823529413,3.0,568,14,2.7056650890552496,3.212570000000002,234.34300000000002,2.0,0.0,1.0,1.0,8.0,CCCCCNC(=N)CCOc1ccccc1,0.0,45.11
0.0,0.25,1.0,24.0,2.0,13.0,0.0,4.0,18,32,22,6,,1,,3,False,0.5625,0.0,0.0,0.38461538461538464,1.0,0.0,0.0,1.0,1.0,1.0,0.0,1.0,0.0,0.0,8.0,4.0,21.0,0.38095238095238093,8.0,569,18,2.5011936609683403,-0.831899999999999,285.31100000000004,7.0,3.0,1.0,4.0,1.0,OC1CNC2NC1N=C1N=C(Nc3ccccn3)N=CC12,0.0,106.28999999999999
0.0,0.8,4.0,19.0,2.0,14.0,0.0,4.0,20,25,20,1,,,,4,False,0.8,0.0,0.0,0.21428571428571427,1.0,0.0,0.0,1.0,1.0,1.0,0.0,1.0,0.0,0.0,2.0,0.0,16.0,0.125,2.0,570,20,3.9850687836996945,3.0691200000000007,209.24799999999993,1.0,1.0,1.0,5.0,0.0,Cc1nc2c(c3c4ccc(cc4)c13)OCC2,0.0,22.12
0.0,0.5,2.0,25.0,0.0,17.0,0.0,4.0,17,25,17,3,1,1,,3,False,0.72,0.0,0.0,0.17647058823529413,2.0,0.0,0.0,1.0,0.0,1.0,0.0,1.0,0.0,0.0,4.0,0.0,22.0,0.22727272727272727,5.0,571,17,2.4052570304917933,1.4032999999999995,291.31000000000006,3.0,2.0,2.0,4.0,2.0,O=CN1CC(=O)C2(c3ncc4ccccc4n3)C=CC=CC12,0.0,63.160000000000004
0.0,0.25,1.0,22.0,2.0,19.0,0.0,4.0,23,27,23,,,,,4,False,0.8518518518518519,0.0,0.0,0.6842105263157895,1.0,0.0,0.0,1.0,1.0,1.0,0.0,1.0,0.0,0.0,0.0,0.0,19.0,0.0,0.0,572,23,2.993009028661432,5.322900000000005,254.41699999999992,0.0,3.0,0.0,4.0,0.0,c1ccc2c(c1)CCC1CCC3CCCCC3C2C1,0.0,0.0
0.0,1.0,1.0,10.0,0.0,8.0,0.0,1.0,18,27,20,6,,,,1,False,0.6666666666666666,0.0,0.0,0.25,0.0,0.0,0.0,1.0,0.0,0.0,0.0,1.0,0.0,0.0,2.0,0.0,10.0,0.2,2.0,573,18,3.1234352587089833,1.7038,138.166,0.0,0.0,2.0,1.0,2.0,COc1cccc(OC)c1,0.0,18.46
0.0,1.0,3.0,21.0,0.0,14.0,0.0,3.0,18,29,20,6,,1,,2,False,0.6206896551724138,1.0,0.0,0.0,1.0,0.0,0.0,1.0,0.0,1.0,0.0,1.0,0.0,0.0,2.0,2.0,19.0,0.2631578947368421,5.0,574,18,10.61772157975042,2.954300000000001,255.252,3.0,0.0,1.0,3.0,2.0,O=C(Nc1cc2nc[nH]c2cc1F)c1ccccc1,0.0,57.78
0.0,0.2,1.0,26.0,2.0,18.0,0.0,5.0,19,30,22,3,,,,5,False,0.6333333333333333,0.0,0.0,0.16666666666666666,1.0,0.0,0.0,1.0,1.0,1.0,0.0,1.0,0.0,1.0,4.0,1.0,22.0,0.18181818181818182,4.0,575,19,1.9928140831614611,2.9945000000000013,289.338,3.0,4.0,1.0,5.0,0.0,C1=CC=C2CC(=C1)NC13Oc4ccccc4C=CN1N=CC23,1.0,36.86
0.0,0.6666666666666666,2.0,24.0,0.0,19.0,0.0,3.0,21,30,21,6,,1,,2,False,0.7,0.0,0.0,0.2631578947368421,1.0,0.0,0.0,1.0,0.0,1.0,0.0,1.0,0.0,0.0,3.0,2.0,22.0,0.13636363636363635,3.0,576,21,2.7672103894043607,4.116800000000002,294.398,2.0,1.0,1.0,3.0,3.0,COc1cccc(C(C)=Cc2ccc3c(c2)NC(C)NC3)c1,0.0,33.29
0.0,0.25,1.0,24.0,0.0,18.0,0.0,4.0,19,27,19,4,,,,4,False,0.7037037037037037,0.0,0.0,0.5,1.0,0.0,0.0,1.0,0.0,1.0,0.0,1.0,0.0,0.0,3.0,1.0,21.0,0.14285714285714285,3.0,577,19,3.4295752467544953,2.7375000000000007,283.371,1.0,3.0,2.0,4.0,2.0,CNCC1CC2C(=CC(=O)c3ccc4c(c32)CCCC4)O1,0.0,38.33
0.0,0.2,1.0,24.0,2.0,19.0,0.0,5.0,22,29,23,1,,,,5,False,0.7586206896551724,0.0,0.0,0.6842105263157895,2.0,0.0,0.0,1.0,1.0,1.0,0.0,1.0,0.0,1.0,0.0,1.0,20.0,0.05,1.0,578,22,4.563122120214025,4.905700000000004,267.4159999999999,1.0,4.0,0.0,5.0,0.0,C1=Cc2[nH]ccc2C2(C1)CC1CC(C2)C2CCCCC12,1.0,15.79
0.0,1.0,3.0,21.0,0.0,16.0,0.0,3.0,20,27,20,4,,1,,2,False,0.7407407407407407,1.0,0.0,0.125,1.0,0.0,0.0,1.0,0.0,1.0,0.0,1.0,0.0,0.0,1.0,0.0,19.0,0.15789473684210525,3.0,579,20,2.638233189693076,3.993000000000002,255.292,1.0,0.0,1.0,3.0,2.0,COc1cc2c(ccn2C)c(-c2ccccc2)c1F,0.0,14.16
0.0,0.5,2.0,21.0,0.0,15.0,0.0,4.0,19,29,21,4,,1,,3,False,0.6551724137931034,0.0,0.0,0.2,1.0,1.0,0.0,1.0,0.0,1.0,0.0,1.0,1.0,0.0,3.0,1.0,18.0,0.16666666666666666,3.0,580,19,2.3144889726800946,3.0252000000000017,238.28999999999996,2.0,2.0,1.0,4.0,1.0,CC1=C(N)c2ccc3c(c2N(c2ccco2)C1)C3,0.0,42.4
0.0,0.0,0.0,20.0,0.0,16.0,0.0,1.0,13,31,14,16,,,,1,False,0.41935483870967744,0.0,0.0,0.875,0.0,0.0,0.0,0.0,0.0,0.0,0.0,1.0,0.0,0.0,3.0,1.0,20.0,0.2,4.0,581,13,2.3815040561728296,2.8326000000000002,283.412,1.0,1.0,3.0,1.0,10.0,CCCCCCCC(C(=O)C1CCCO1)C(C)C(N)=O,0.0,69.39
0.0,0.6666666666666666,2.0,22.0,0.0,18.0,0.0,3.0,23,33,24,6,,1,,2,False,0.696969696969697,0.0,0.0,0.2222222222222222,1.0,0.0,0.0,1.0,0.0,1.0,0.0,1.0,0.0,0.0,2.0,1.0,20.0,0.1,2.0,582,23,3.4246774211762623,4.484500000000003,265.356,1.0,1.0,1.0,3.0,3.0,COc1ccccc1NC(C)=C1CCc2ccccc21,0.0,21.259999999999998
0.0,0.3333333333333333,1.0,17.0,0.0,11.0,0.0,3.0,23,33,25,5,,,,3,False,0.696969696969697,0.0,0.0,0.36363636363636365,1.0,0.0,0.0,1.0,0.0,1.0,0.0,1.0,0.0,0.0,2.0,2.0,15.0,0.26666666666666666,4.0,583,23,2.645196200035213,1.2065,203.245,3.0,2.0,1.0,3.0,1.0,CCN1c2ccccc2C2NC(=O)NC21,0.0,44.370000000000005
0.0,1.0,2.0,19.0,0.0,15.0,0.0,2.0,19,27,19,6,,1,,1,False,0.7037037037037037,1.0,0.0,0.2,0.0,0.0,0.0,1.0,0.0,0.0,0.0,1.0,0.0,0.0,2.0,1.0,18.0,0.16666666666666666,3.0,584,19,4.138875161589893,3.691700000000003,246.281,0.0,0.0,2.0,2.0,3.0,COc1ccc(C(C)c2ccccc2F)cc1O,0.0,29.46
0.0,0.2,1.0,26.0,2.0,20.0,0.0,5.0,20,25,20,,,,,5,False,0.8,0.0,0.0,0.65,1.0,0.0,0.0,1.0,1.0,1.0,0.0,1.0,0.0,1.0,2.0,1.0,22.0,0.09090909090909091,2.0,585,20,2.0841999969403213,3.567000000000002,294.442,2.0,4.0,0.0,5.0,0.0,c1ccc2c(c1)CCC13CCN=C4CNCCC(C4CC1)C23,1.0,24.39
0.0,1.0,4.0,19.0,2.0,10.0,0.0,4.0,18,29,21,4,,,,4,False,0.6206896551724138,0.0,0.0,0.0,1.0,0.0,0.0,1.0,1.0,1.0,0.0,1.0,0.0,0.0,6.0,1.0,16.0,0.375,6.0,586,18,2.787725298231796,1.2424,211.18399999999997,5.0,0.0,1.0,4.0,0.0,Nc1ncc2ccc3c(c2n1)-c1noc-3n1,0.0,90.72
0.0,1.0,3.0,19.0,0.0,13.0,0.0,3.0,20,26,21,1,1,2,,1,False,0.7692307692307693,0.0,0.0,0.0,0.0,0.0,0.0,1.0,0.0,0.0,0.0,1.0,0.0,0.0,3.0,0.0,17.0,0.23529411764705882,4.0,587,20,10.68936952314139,2.3293,222.25100000000006,4.0,0.0,0.0,3.0,2.0,c1ccc(-c2nnn(-c3ccccc3)n2)cc1,0.0,43.6
0.0,1.0,1.0,13.0,0.0,10.0,0.0,1.0,16,24,16,7,,,,1,False,0.6666666666666666,0.0,0.0,0.3,0.0,0.0,0.0,1.0,0.0,0.0,0.0,1.0,0.0,0.0,3.0,0.0,13.0,0.23076923076923078,3.0,588,16,2.155068501507181,1.8719,180.20299999999997,0.0,0.0,3.0,1.0,3.0,CCOC(=O)c1cccc(OC)c1,0.0,35.53
0.0,1.0,3.0,22.0,0.0,14.0,0.0,3.0,15,24,16,5,,1,,2,False,0.625,0.0,0.0,0.0,1.0,0.0,0.0,1.0,0.0,1.0,0.0,1.0,0.0,0.0,5.0,2.0,20.0,0.3,6.0,589,15,3.0911220614157173,1.9721999999999997,266.26,4.0,0.0,2.0,3.0,2.0,Nc1cc(-c2ncc3ccccc3n2)cc(C(=O)O)n1,0.0,101.99000000000001
0.0,1.0,2.0,15.0,0.0,13.0,0.0,2.0,21,29,23,4,,1,,1,False,0.7241379310344828,0.0,0.0,0.07692307692307693,0.0,0.0,0.0,1.0,0.0,0.0,0.0,1.0,0.0,0.0,1.0,0.0,14.0,0.07142857142857142,1.0,590,21,3.617839649089149,3.3622000000000014,184.238,0.0,0.0,1.0,2.0,2.0,COc1cccc(-c2ccccc2)c1,0.0,9.23
0.0,0.5,1.0,15.0,0.0,12.0,0.0,2.0,22,28,23,3,,1,,1,False,0.7857142857142857,0.0,0.0,0.3333333333333333,0.0,0.0,0.0,1.0,0.0,0.0,0.0,1.0,0.0,0.0,2.0,1.0,14.0,0.14285714285714285,2.0,591,22,2.3199426494865607,1.9452,189.25799999999995,1.0,1.0,1.0,2.0,2.0,OCc1ccccc1N1CC=CCC1,0.0,23.47
0.0,0.5,1.0,19.0,0.0,12.0,0.0,2.0,12,31,16,13,,1,,1,False,0.3870967741935484,1.0,0.0,0.5,0.0,0.0,1.0,1.0,0.0,0.0,0.0,1.0,1.0,0.0,2.0,3.0,18.0,0.3333333333333333,6.0,592,12,2.843751311166572,1.3947999999999996,254.26099999999997,2.0,1.0,3.0,2.0,5.0,O=C(O)C(NC(=O)C(F)C1CCC1)c1ccc[nH]1,0.0,82.19
0.0,1.0,2.0,21.0,0.0,14.0,0.0,2.0,23,34,23,9,,1,,1,False,0.6764705882352942,0.0,0.0,0.42857142857142855,0.0,0.0,0.0,1.0,0.0,0.0,0.0,1.0,0.0,0.0,6.0,2.0,20.0,0.3,6.0,593,23,3.3966247336891775,1.1780199999999998,277.32399999999996,3.0,0.0,3.0,2.0,7.0,COc1ccc(-c2oc(CCNCCO)nc2C)nc1,0.0,80.41
0.0,0.5,1.0,18.0,0.0,12.0,0.0,2.0,21,30,22,6,,1,,1,False,0.7,0.0,0.0,0.25,0.0,0.0,0.0,1.0,0.0,0.0,0.0,1.0,0.0,0.0,4.0,2.0,17.0,0.29411764705882354,5.0,594,21,2.88342451222839,-0.5872000000000006,232.239,2.0,1.0,3.0,2.0,3.0,O=C1NCC(NCc2ccccc2)C(=O)C1=O,0.0,75.27000000000001
0.0,0.6666666666666666,2.0,23.0,0.0,14.0,0.0,3.0,19,27,19,5,,1,,2,False,0.7037037037037037,0.0,0.0,0.35714285714285715,1.0,0.0,0.0,1.0,0.0,1.0,0.0,1.0,0.0,0.0,5.0,3.0,21.0,0.3333333333333333,7.0,595,19,3.328370444299299,0.41620000000000007,287.3230000000001,5.0,1.0,2.0,3.0,1.0,Nc1c(C(=O)N2CCCCC2N)cnc2[nH]ccc(=O)c12,0.0,118.1
0.0,1.0,2.0,23.0,0.0,18.0,0.0,2.0,21,34,21,11,,1,,1,False,0.6176470588235294,0.0,0.0,0.5,0.0,0.0,0.0,1.0,0.0,0.0,0.0,1.0,0.0,0.0,3.0,2.0,22.0,0.18181818181818182,4.0,596,21,2.691078815133971,4.198520000000003,300.45000000000005,4.0,0.0,0.0,2.0,8.0,CCCC(NCC)n1c(NCC)nc(-c2ccccc2)c1C,0.0,41.88
0.0,0.4,2.0,25.0,4.0,17.0,0.0,4.0,19,32,22,6,,1,,3,False,0.59375,0.0,0.0,0.23529411764705882,1.0,0.0,0.0,1.0,1.0,1.0,0.0,1.0,0.0,0.0,4.0,0.0,22.0,0.22727272727272727,5.0,597,19,4.516918908688535,2.6093,294.3100000000001,2.0,3.0,3.0,5.0,1.0,CC1OC(=O)C2=Nc3c(n1c(-c1ccccc1)cc3=O)CC2,0.0,60.66
0.0,1.0,3.0,22.0,0.0,15.0,0.0,3.0,23,31,23,4,1,2,,1,False,0.7741935483870968,0.0,0.0,0.2,0.0,0.0,0.0,1.0,0.0,0.0,0.0,1.0,0.0,0.0,3.0,1.0,20.0,0.25,5.0,598,23,3.0675401047245576,2.0365199999999986,268.32,4.0,0.0,1.0,3.0,4.0,Cc1cn(-c2c(-c3ccccc3)cnn2CCO)cn1,0.0,55.870000000000005
0.0,1.0,2.0,19.0,0.0,12.0,0.0,2.0,22,39,26,11,,1,,1,False,0.5641025641025641,1.0,0.0,0.08333333333333333,0.0,0.0,0.0,1.0,0.0,0.0,0.0,1.0,0.0,0.0,4.0,1.0,18.0,0.3333333333333333,6.0,599,22,2.7786564877381354,2.06668,245.213,3.0,0.0,2.0,2.0,3.0,COc1ccc(C(=O)F)c(-c2[nH]cnc2C#N)c1,0.0,78.77000000000001
0.0,0.6666666666666666,2.0,21.0,0.0,15.0,0.0,3.0,20,29,21,5,,1,,2,False,0.6896551724137931,0.0,0.0,0.13333333333333333,1.0,0.0,0.0,1.0,0.0,1.0,0.0,1.0,0.0,0.0,4.0,0.0,19.0,0.21052631578947367,4.0,600,20,2.3854745597850577,3.7433000000000023,251.289,3.0,1.0,1.0,3.0,2.0,C=C1CN=NN1c1ccc(C(C)=O)c2ccccc12,0.0,45.03
0.0,0.6,3.0,25.0,2.0,16.0,0.0,4.0,16,26,17,4,1,1,,3,False,0.6153846153846154,0.0,0.0,0.125,2.0,0.0,0.0,1.0,1.0,1.0,0.0,1.0,0.0,0.0,5.0,0.0,22.0,0.2727272727272727,6.0,601,16,2.914222409589946,0.26829999999999954,293.282,3.0,2.0,3.0,5.0,2.0,O=C(c1cc2c(=O)oc1=CCCC=2)c1nnc2ccccn12,0.0,77.47
0.0,0.5,1.0,21.0,0.0,18.0,0.0,2.0,19,28,19,7,,2,,,False,0.6785714285714286,0.0,0.0,0.4444444444444444,0.0,0.0,0.0,1.0,0.0,0.0,0.0,1.0,0.0,0.0,2.0,1.0,20.0,0.1,2.0,602,19,2.6668218655666145,4.152400000000003,271.40400000000005,1.0,1.0,1.0,2.0,6.0,CC1=CCC(OCCNC(C)=Cc2ccccc2)CC1,0.0,21.259999999999998
0.0,0.0,0.0,17.0,0.0,12.0,0.0,2.0,23,31,23,6,,1,,1,False,0.7419354838709677,0.0,0.0,0.8333333333333334,0.0,0.0,1.0,0.0,0.0,0.0,0.0,1.0,1.0,0.0,3.0,0.0,16.0,0.25,4.0,603,23,1.6301825534008814,2.149,224.30399999999992,2.0,2.0,2.0,2.0,6.0,O=C1CCN=CN1OCCCCC1CCC1,0.0,41.900000000000006
0.0,0.5,1.0,21.0,0.0,16.0,0.0,2.0,22,32,22,8,,1,,1,False,0.6875,0.0,0.0,0.4375,0.0,0.0,0.0,1.0,0.0,0.0,0.0,1.0,0.0,0.0,4.0,0.0,20.0,0.2,4.0,604,22,1.8716703591419492,3.3838000000000017,276.332,0.0,1.0,4.0,2.0,5.0,CCC(=O)OC(C1=CCCCO1)c1ccccc1OC,0.0,44.760000000000005
0.0,1.0,2.0,19.0,0.0,14.0,0.0,2.0,13,29,17,10,,1,,1,False,0.4482758620689655,1.0,0.0,0.21428571428571427,0.0,0.0,0.0,1.0,0.0,0.0,0.0,1.0,0.0,0.0,3.0,1.0,18.0,0.2222222222222222,4.0,605,13,2.2276698478729573,2.3009000000000004,246.28499999999997,2.0,0.0,1.0,2.0,5.0,NCCc1cc(F)ccc1OCc1ccccn1,0.0,48.14
0.0,0.25,1.0,23.0,0.0,16.0,0.0,4.0,23,32,25,3,,1,,3,False,0.71875,0.0,0.0,0.3125,1.0,0.0,0.0,1.0,0.0,1.0,0.0,1.0,0.0,0.0,3.0,1.0,20.0,0.2,4.0,606,23,2.4845760672315245,1.4990999999999999,269.29999999999995,1.0,3.0,3.0,4.0,1.0,O=C1NC=C(c2ccccc2)C23COCC12C=CCO3,0.0,47.56
0.0,0.5,1.0,21.0,0.0,14.0,0.0,2.0,21,36,23,11,,1,,1,False,0.5833333333333334,0.0,0.0,0.5,0.0,0.0,0.0,1.0,0.0,0.0,0.0,1.0,0.0,0.0,5.0,2.0,20.0,0.3,6.0,607,21,3.834728528400699,1.0593999999999997,279.34000000000003,3.0,1.0,3.0,2.0,5.0,COc1coc(CC(=O)NC(C)N2CNCC=C2C)c1,0.0,66.74
0.0,0.5,1.0,19.0,0.0,16.0,0.0,2.0,22,33,23,8,,1,,1,False,0.6666666666666666,0.0,0.0,0.3125,0.0,0.0,0.0,1.0,0.0,0.0,0.0,1.0,0.0,0.0,2.0,0.0,18.0,0.1111111111111111,2.0,608,22,1.5380727636105784,3.562800000000002,241.33399999999997,1.0,1.0,1.0,2.0,5.0,CC=CCCc1ccc(OC)c(C2=NCC=C2)c1,0.0,21.59
0.0,1.0,1.0,10.0,0.0,8.0,0.0,1.0,23,28,23,4,,,,1,False,0.8214285714285714,0.0,0.0,0.25,0.0,0.0,0.0,1.0,0.0,0.0,0.0,1.0,0.0,0.0,2.0,0.0,10.0,0.2,2.0,609,23,2.2510052884868874,1.7038,138.166,0.0,0.0,2.0,1.0,2.0,COc1ccc(OC)cc1,0.0,18.46
0.0,0.5,1.0,21.0,0.0,15.0,0.0,2.0,19,30,19,9,,,,2,False,0.6333333333333333,0.0,0.0,0.3333333333333333,1.0,0.0,0.0,1.0,0.0,1.0,0.0,1.0,0.0,0.0,4.0,1.0,20.0,0.25,5.0,610,19,2.0069223296654735,2.613600000000001,276.28799999999995,0.0,1.0,5.0,2.0,3.0,COc1c(C(=O)O)ccc2c1C(=O)C=C(C)CC2OC,0.0,72.83
0.0,1.0,3.0,21.0,0.0,16.0,0.0,3.0,16,23,16,4,,1,,2,False,0.6956521739130435,0.0,0.0,0.1875,1.0,0.0,0.0,1.0,0.0,1.0,0.0,1.0,0.0,0.0,3.0,0.0,19.0,0.15789473684210525,3.0,611,16,2.901787526623974,4.005500000000002,254.28499999999997,0.0,0.0,3.0,3.0,3.0,CCCc1oc2cocc2c(=O)c1-c1ccccc1,0.0,43.35
0.0,0.6666666666666666,2.0,25.0,0.0,21.0,0.0,3.0,19,27,21,3,,,,3,False,0.7037037037037037,0.0,0.0,0.42857142857142855,1.0,0.0,0.0,1.0,0.0,1.0,1.0,1.0,0.0,0.0,2.0,1.0,23.0,0.08695652173913043,2.0,612,19,1.8228174529803958,5.514900000000004,310.43700000000007,0.0,1.0,2.0,3.0,0.0,Oc1ccc2c3c(ccc2c1)COCCC=CCCCCCC3,0.0,29.46
0.0,0.5,1.0,19.0,0.0,16.0,0.0,2.0,21,31,22,7,,1,,1,False,0.6774193548387096,0.0,0.0,0.375,0.0,0.0,0.0,1.0,0.0,0.0,0.0,1.0,0.0,0.0,2.0,1.0,18.0,0.1111111111111111,2.0,613,21,2.3563009427207993,4.162100000000002,243.34999999999997,1.0,1.0,1.0,2.0,3.0,CC=C1CC(C)=CC(Nc2cccc(OC)c2)C1,0.0,21.259999999999998
0.0,1.0,2.0,19.0,0.0,12.0,0.0,2.0,18,30,19,9,,1,,1,False,0.6,0.0,0.0,0.25,0.0,0.0,1.0,1.0,0.0,0.0,0.0,1.0,1.0,0.0,5.0,1.0,18.0,0.3333333333333333,6.0,614,18,2.9344128611946894,-0.46239999999999964,249.222,1.0,0.0,5.0,2.0,4.0,COC(Cn1c(=O)c(=O)c1=O)c1ccccc1O,0.0,85.60000000000001
0.0,1.0,1.0,13.0,0.0,10.0,0.0,1.0,14,23,14,8,,,,1,False,0.6086956521739131,0.0,0.0,0.3,0.0,0.0,0.0,1.0,0.0,0.0,0.0,1.0,0.0,0.0,3.0,1.0,13.0,0.23076923076923078,3.0,615,14,2.578690927125488,2.704300000000001,180.203,0.0,0.0,3.0,1.0,4.0,CCC(O)=CCC(=O)c1ccco1,0.0,50.44
0.0,0.6666666666666666,2.0,20.0,0.0,13.0,0.0,3.0,18,32,25,3,1,2,,1,False,0.5625,0.0,0.0,0.15384615384615385,0.0,0.0,0.0,1.0,0.0,0.0,0.0,1.0,0.0,0.0,4.0,0.0,18.0,0.2777777777777778,5.0,616,18,3.660323165564362,1.9753999999999994,240.26599999999996,4.0,1.0,1.0,3.0,2.0,CC1=C(c2ccccc2)C(n2cnnn2)=COC1,0.0,52.83
0.0,0.6666666666666666,2.0,23.0,0.0,17.0,0.0,3.0,22,31,22,6,,1,,2,False,0.7096774193548387,0.0,0.0,0.35294117647058826,1.0,0.0,0.0,1.0,0.0,1.0,0.0,1.0,0.0,0.0,4.0,2.0,21.0,0.19047619047619047,4.0,617,22,2.862272693549209,2.556940000000001,284.3589999999999,2.0,1.0,2.0,3.0,4.0,Cc1cc2cc(C3=CNCC3)c(OCCO)cc2c(C)n1,0.0,54.379999999999995
0.0,0.16666666666666666,1.0,27.0,2.0,16.0,0.0,6.0,23,31,24,1,,,,6,False,0.7419354838709677,0.0,0.0,0.25,1.0,0.0,0.0,1.0,1.0,1.0,0.0,1.0,0.0,0.0,5.0,2.0,22.0,0.2727272727272727,6.0,618,23,2.0390993901317898,0.485,288.3140000000001,6.0,5.0,0.0,6.0,0.0,C1=C2C3=C(CCNC2N=N1)C1N=c2[nH]ccc2=C2N=C3C=C21,0.0,77.26
0.0,0.25,1.0,18.0,0.0,9.0,0.0,4.0,21,27,22,1,,,,4,False,0.7777777777777778,0.0,0.0,0.4444444444444444,1.0,0.0,0.0,1.0,0.0,1.0,0.0,1.0,0.0,0.0,5.0,1.0,15.0,0.4,6.0,619,21,2.2285466866034502,0.3887,202.221,6.0,3.0,0.0,4.0,0.0,C1=NCc2c3c(nn21)C1CC=NN1CN3,0.0,57.81
0.0,0.75,3.0,23.0,0.0,17.0,0.0,4.0,21,36,26,6,,1,,3,False,0.5833333333333334,0.0,0.0,0.058823529411764705,1.0,0.0,0.0,1.0,0.0,1.0,0.0,1.0,0.0,0.0,3.0,1.0,20.0,0.15,3.0,620,21,3.844572620887636,4.015400000000003,264.28000000000003,0.0,1.0,3.0,4.0,1.0,Oc1ccc2c3c(ccc2c1)OC(c1ccccc1)O3,0.0,38.69
0.0,1.0,1.0,15.0,0.0,11.0,0.0,1.0,23,33,23,9,,,,1,False,0.696969696969697,0.0,0.0,0.18181818181818182,0.0,0.0,0.0,1.0,0.0,0.0,0.0,1.0,0.0,0.0,3.0,2.0,15.0,0.26666666666666666,4.0,621,23,8.239208223476151,0.43740000000000007,206.24499999999995,2.0,0.0,2.0,1.0,4.0,NN(Cc1ccccc1)C(=O)C=CCO,0.0,66.56
0.0,0.0,0.0,18.0,6.0,12.0,0.0,4.0,18,28,20,4,,,,4,False,0.6428571428571429,0.0,0.0,0.5833333333333334,1.0,0.0,0.0,0.0,1.0,1.0,0.0,1.0,0.0,0.0,3.0,0.0,15.0,0.2,3.0,622,18,5.334352458347651,0.5231999999999999,203.24099999999996,1.0,5.0,2.0,5.0,1.0,O=CC1=CC2=CC3CC4C1OCC4N3C2,0.0,29.54
0.0,0.0,0.0,14.0,0.0,12.0,0.0,1.0,21,32,22,9,,,,1,False,0.65625,0.0,0.0,0.5,0.0,0.0,0.0,0.0,0.0,0.0,0.0,1.0,0.0,0.0,2.0,0.0,14.0,0.14285714285714285,2.0,623,21,3.9601586132184843,2.3531000000000004,193.29,1.0,1.0,1.0,1.0,4.0,CC=CC1C=C(COC)C=CN1CC,0.0,12.47
0.0,1.0,2.0,21.0,0.0,16.0,0.0,2.0,17,31,19,10,,1,,1,False,0.5483870967741935,0.0,0.0,0.1875,0.0,0.0,0.0,1.0,0.0,0.0,0.0,1.0,0.0,0.0,4.0,1.0,20.0,0.2,4.0,624,17,2.7173366371268277,3.4215000000000018,270.332,2.0,0.0,2.0,2.0,4.0,CNc1cccc(N(C)c2ccccc2)c1OC(C)=O,0.0,41.57
0.0,1.0,1.0,17.0,0.0,12.0,0.0,1.0,22,37,23,13,,,,1,False,0.5945945945945946,0.0,0.0,0.5833333333333334,0.0,0.0,0.0,1.0,0.0,0.0,0.0,1.0,0.0,0.0,5.0,0.0,17.0,0.29411764705882354,5.0,625,22,2.7697868051114494,2.4523,238.28699999999998,2.0,0.0,3.0,1.0,8.0,CCCCC(COC=O)C(C)=Cc1ncon1,0.0,65.22
0.0,0.5,1.0,15.0,0.0,9.0,0.0,2.0,17,22,17,3,,1,,1,False,0.7727272727272727,0.0,0.0,0.6666666666666666,0.0,0.0,0.0,1.0,0.0,0.0,0.0,1.0,0.0,0.0,4.0,0.0,14.0,0.35714285714285715,5.0,626,17,2.881230403089293,0.8353999999999997,194.23799999999997,4.0,1.0,1.0,2.0,3.0,Cn1nnc(COC2CC=CCC2)n1,0.0,52.83
0.0,1.0,1.0,14.0,0.0,10.0,0.0,1.0,23,32,23,8,,,,1,False,0.71875,0.0,0.0,0.5,0.0,0.0,0.0,1.0,0.0,0.0,0.0,1.0,0.0,0.0,3.0,1.0,14.0,0.2857142857142857,4.0,627,23,2.00430316189521,1.1788,193.24999999999997,3.0,0.0,1.0,1.0,4.0,CCCc1nccnc1C(=O)NCC,0.0,54.88
0.0,0.25,1.0,24.0,4.0,19.0,0.0,4.0,20,25,20,1,,1,,3,False,0.8,0.0,0.0,0.21052631578947367,1.0,0.0,0.0,1.0,1.0,1.0,0.0,1.0,0.0,0.0,2.0,0.0,21.0,0.09523809523809523,2.0,628,20,2.3395652212205325,4.1578000000000035,275.351,1.0,3.0,1.0,4.0,2.0,C1=CC=C2C=CC=C3C(=C1)CC(Oc1ccccn1)CC23,0.0,22.12
0.0,1.0,2.0,18.0,0.0,15.0,0.0,2.0,20,27,20,5,,1,,1,False,0.7407407407407407,0.0,0.0,0.06666666666666667,0.0,0.0,0.0,1.0,0.0,0.0,0.0,1.0,0.0,0.0,2.0,2.0,17.0,0.11764705882352941,2.0,629,20,3.9954629626741265,3.604300000000002,225.29100000000003,1.0,0.0,1.0,2.0,3.0,CNc1ccc(C=Cc2cccc(O)c2)cc1,0.0,32.26
0.0,1.0,2.0,19.0,0.0,14.0,0.0,2.0,19,39,25,12,,1,,1,False,0.48717948717948717,1.0,0.0,0.21428571428571427,0.0,0.0,0.0,1.0,0.0,0.0,0.0,1.0,0.0,0.0,2.0,0.0,18.0,0.2222222222222222,4.0,630,19,3.1623613542727296,2.508420000000001,247.26899999999995,1.0,0.0,2.0,2.0,2.0,COc1cccc(-c2cc(=O)c(C)c(F)n2C)c1,0.0,31.23
0.0,0.4,2.0,26.0,0.0,19.0,0.0,5.0,23,33,25,3,,1,,4,False,0.696969696969697,0.0,0.0,0.21052631578947367,2.0,1.0,0.0,1.0,0.0,1.0,0.0,1.0,1.0,0.0,3.0,0.0,22.0,0.13636363636363635,3.0,631,23,2.180925654480256,3.874400000000003,288.35,2.0,3.0,1.0,5.0,2.0,C1=CC(CN2CN=Cc3cc4c(cc32)O4)Cc2ccccc21,0.0,28.13
0.0,0.5,2.0,21.0,0.0,12.0,0.0,4.0,15,21,15,2,,,,4,False,0.7142857142857143,0.0,0.0,0.08333333333333333,1.0,0.0,0.0,1.0,0.0,1.0,0.0,1.0,0.0,0.0,5.0,1.0,18.0,0.3333333333333333,6.0,632,15,3.4966493683845563,1.2449000000000001,240.22199999999998,4.0,2.0,2.0,4.0,0.0,Nc1ncc2cccc3c2c1C1ON=CN1C3=O,0.0,80.81
0.0,0.3333333333333333,1.0,22.0,0.0,18.0,0.0,3.0,23,32,24,5,,1,,2,False,0.71875,1.0,0.0,0.5555555555555556,1.0,0.0,0.0,1.0,0.0,1.0,0.0,1.0,0.0,0.0,1.0,1.0,20.0,0.1,2.0,633,23,3.210135875780312,4.412900000000003,274.37899999999996,0.0,2.0,1.0,3.0,2.0,CCC1=C(c2cc(F)cc3c2CC(O)CC3)CCCC1,0.0,20.23
0.0,0.3333333333333333,1.0,15.0,0.0,8.0,0.0,3.0,22,28,23,2,,,,3,False,0.7857142857142857,0.0,0.0,0.375,1.0,0.0,0.0,1.0,0.0,1.0,0.0,1.0,0.0,0.0,4.0,2.0,13.0,0.38461538461538464,5.0,634,22,2.1500286087357914,0.17049999999999993,180.16299999999995,2.0,2.0,3.0,3.0,0.0,OC1c2[nH]ncc2C=C2OCOC21,0.0,67.37
0.0,0.0,0.0,20.0,0.0,11.0,0.0,3.0,20,34,23,8,,,,3,False,0.5882352941176471,4.0,0.0,0.8181818181818182,1.0,0.0,0.0,0.0,0.0,1.0,0.0,1.0,0.0,1.0,3.0,2.0,18.0,0.3888888888888889,7.0,635,20,4.132062655471034,1.4281000000000001,267.2219999999999,1.0,3.0,2.0,3.0,0.0,OC1C(F)(F)CC2=C(CCN2)C12CC(F)(F)CO2,1.0,41.489999999999995
0.0,0.0,0.0,28.0,5.0,20.0,0.0,5.0,17,29,18,6,,,,5,False,0.5862068965517241,0.0,0.0,0.85,1.0,0.0,0.0,0.0,1.0,1.0,0.0,1.0,0.0,1.0,4.0,2.0,24.0,0.16666666666666666,4.0,636,17,1.8589940592030236,3.2296700000000014,329.48800000000006,3.0,5.0,1.0,5.0,3.0,CCNCC1=C2CC3C4N2CCC3(CC1)OC41CCCCCC1=N,1.0,48.35
0.0,1.0,4.0,22.0,0.0,13.0,0.0,4.0,21,28,21,3,,,,4,False,0.75,0.0,0.0,0.15384615384615385,1.0,0.0,0.0,1.0,0.0,1.0,0.0,1.0,0.0,0.0,4.0,2.0,19.0,0.3157894736842105,6.0,637,21,2.87343625252884,1.8884199999999998,252.281,6.0,0.0,0.0,4.0,0.0,Cc1nc2[nH]c(N)nc2c2cc3ncn(C)c3cc12,0.0,85.41
0.0,0.0,0.0,24.0,0.0,17.0,0.0,3.0,13,19,13,3,,,,3,False,0.6842105263157895,0.0,0.0,0.8823529411764706,1.0,0.0,0.0,0.0,0.0,1.0,1.0,1.0,0.0,1.0,4.0,1.0,22.0,0.22727272727272727,5.0,638,13,2.807053275686004,3.2535000000000025,308.42199999999997,2.0,3.0,3.0,3.0,0.0,CC1=NC2CCCCC23C(O)CCCCCCCOC(=O)N13,1.0,62.13000000000001
0.0,0.0,0.0,14.0,0.0,9.0,0.0,1.0,14,29,18,10,,1,,,False,0.4827586206896552,0.0,0.0,0.7777777777777778,0.0,0.0,0.0,0.0,0.0,0.0,0.0,1.0,0.0,0.0,4.0,2.0,14.0,0.35714285714285715,5.0,639,14,2.244818803055267,-0.26719999999999966,199.25400000000002,3.0,1.0,2.0,1.0,4.0,COCCC1CNC(NC=O)=NC1C,0.0,62.72
0.0,0.5,2.0,27.0,0.0,17.0,0.0,4.0,23,32,24,4,,2,,2,False,0.71875,2.0,0.0,0.35294117647058826,1.0,0.0,0.0,1.0,0.0,1.0,0.0,1.0,0.0,0.0,5.0,1.0,24.0,0.2916666666666667,7.0,640,23,2.391603889318843,2.3970000000000002,332.35400000000004,4.0,2.0,1.0,4.0,3.0,FC(F)(c1cccc(N2CCNCC2)n1)N1COc2ccccc21,0.0,40.629999999999995
0.0,0.0,0.0,15.0,0.0,9.0,0.0,1.0,19,30,19,10,,,,1,False,0.6333333333333333,0.0,0.0,0.6666666666666666,0.0,0.0,0.0,0.0,0.0,0.0,0.0,1.0,0.0,0.0,4.0,1.0,15.0,0.4,6.0,641,19,3.7625805508084715,-0.4084000000000003,214.22099999999998,2.0,1.0,4.0,1.0,6.0,CCCCN1C(=O)CC(ONC=O)C1=O,0.0,75.71000000000001
0.0,1.0,3.0,19.0,0.0,12.0,0.0,3.0,17,24,18,3,,1,,2,False,0.7083333333333334,1.0,0.0,0.0,1.0,0.0,0.0,1.0,0.0,1.0,0.0,1.0,0.0,0.0,3.0,1.0,17.0,0.29411764705882354,5.0,642,17,2.9430712207126555,2.413100000000001,228.23000000000002,4.0,0.0,0.0,3.0,1.0,Nc1ccc2cnc(-c3cccn3F)nc2c1,0.0,56.73
0.0,0.0,0.0,19.0,0.0,15.0,0.0,1.0,17,32,17,14,,,,1,False,0.53125,0.0,0.0,0.7333333333333333,0.0,0.0,0.0,0.0,0.0,0.0,0.0,1.0,0.0,0.0,3.0,1.0,19.0,0.21052631578947367,4.0,643,17,2.431648616869634,2.0670000000000006,267.3689999999999,1.0,1.0,3.0,1.0,9.0,CC(=O)C1=C(C)CN(CCCCCCCCO)C1=O,0.0,57.61000000000001
0.0,0.5,1.0,17.0,0.0,11.0,0.0,2.0,20,30,21,7,,,,2,False,0.6666666666666666,0.0,0.0,0.2727272727272727,1.0,0.0,0.0,1.0,0.0,1.0,0.0,1.0,0.0,0.0,5.0,1.0,16.0,0.3125,5.0,644,20,3.3975083523012195,0.6156999999999999,221.212,1.0,1.0,4.0,2.0,1.0,COC(=O)C1C(=O)c2ccccc2CN1O,0.0,66.84
0.0,0.6666666666666666,2.0,24.0,0.0,16.0,0.0,3.0,21,29,21,5,,1,,2,False,0.7241379310344828,0.0,0.0,0.4375,1.0,0.0,0.0,1.0,0.0,1.0,0.0,1.0,0.0,0.0,5.0,1.0,22.0,0.2727272727272727,6.0,645,21,3.5439632234979737,1.9190199999999993,301.34599999999995,3.0,1.0,3.0,3.0,2.0,CCc1ccc(-n2c(C)nc3c(c2=O)CCCCO3)c(O)n1,0.0,77.24000000000001
0.0,0.0,0.0,25.0,0.0,14.0,0.0,5.0,17,26,19,2,,,,5,False,0.6538461538461539,0.0,0.0,0.5,1.0,0.0,0.0,0.0,0.0,1.0,0.0,1.0,0.0,1.0,7.0,4.0,21.0,0.3333333333333333,7.0,646,17,9.500950679677521,-0.8940999999999986,286.33900000000006,6.0,5.0,1.0,5.0,0.0,C1=CN2C3=COCC=C3NC23NC2N=CCC2NCC3N1,1.0,72.95
0.0,1.0,1.0,8.0,0.0,5.0,0.0,1.0,21,26,21,3,1,,,1,False,0.8461538461538461,0.0,0.0,0.2,0.0,0.0,0.0,1.0,0.0,0.0,0.0,1.0,0.0,0.0,2.0,0.0,8.0,0.375,3.0,647,21,2.9731576453585333,0.29177999999999993,107.116,3.0,0.0,0.0,1.0,0.0,Cn1cc(C#N)cn1,0.0,41.61
0.0,1.0,1.0,15.0,0.0,11.0,0.0,1.0,21,33,22,10,,,,1,False,0.6363636363636364,1.0,0.0,0.36363636363636365,0.0,0.0,0.0,1.0,0.0,0.0,0.0,1.0,0.0,0.0,2.0,1.0,15.0,0.26666666666666666,4.0,648,21,2.979149248916565,2.1035000000000004,211.23599999999993,1.0,0.0,2.0,1.0,5.0,CCCCOc1cccc(C(N)=O)c1F,0.0,52.32
0.0,0.0,0.0,24.0,6.0,19.0,0.0,5.0,22,28,22,1,,,,5,False,0.7857142857142857,0.0,0.0,0.8947368421052632,1.0,0.0,0.0,0.0,1.0,1.0,0.0,1.0,0.0,1.0,1.0,1.0,20.0,0.05,1.0,649,22,2.991245126148878,4.454200000000004,272.43199999999996,0.0,5.0,1.0,5.0,0.0,OC12CC=CCC3C1CCCC14CCCC1(C2)C3CC4,1.0,20.23
0.0,0.6666666666666666,2.0,24.0,0.0,18.0,0.0,3.0,20,31,21,7,,2,,1,False,0.6451612903225806,0.0,0.0,0.3888888888888889,0.0,0.0,0.0,1.0,0.0,0.0,0.0,1.0,0.0,0.0,3.0,1.0,22.0,0.18181818181818182,4.0,650,20,2.6781011246607913,2.910900000000002,298.3860000000001,2.0,1.0,2.0,3.0,5.0,CC(=O)Cn1cc(N2CCCC2c2ccccc2)cc1CO,0.0,45.47
0.0,1.0,2.0,20.0,0.0,11.0,0.0,2.0,20,35,22,10,1,2,,,False,0.5714285714285714,3.0,0.0,0.2727272727272727,0.0,0.0,0.0,1.0,0.0,0.0,0.0,1.0,0.0,0.0,3.0,2.0,19.0,0.42105263157894735,8.0,651,20,3.11765659733546,2.3154999999999997,271.24600000000004,5.0,0.0,0.0,2.0,3.0,CC=Cc1[nH]c(CC(F)(F)F)nc1-n1ccnc1N,0.0,72.52
0.0,0.5,1.0,15.0,0.0,9.0,0.0,2.0,20,27,20,5,,,,2,False,0.7407407407407407,4.0,0.0,0.3333333333333333,1.0,0.0,0.0,1.0,0.0,1.0,0.0,1.0,0.0,0.0,1.0,1.0,14.0,0.35714285714285715,5.0,652,20,3.581779811019574,2.812500000000001,205.154,1.0,1.0,0.0,2.0,0.0,Fc1cc(C(F)(F)F)cc2c1NCC2,0.0,12.03
0.0,1.0,2.0,18.0,0.0,16.0,0.0,2.0,23,32,24,6,,1,,1,False,0.71875,0.0,0.0,0.25,0.0,0.0,0.0,1.0,0.0,0.0,0.0,1.0,0.0,0.0,1.0,0.0,17.0,0.058823529411764705,1.0,653,23,3.3654335191003777,4.0069000000000035,226.31900000000002,0.0,0.0,1.0,2.0,5.0,COC(CCc1ccccc1)c1ccccc1,0.0,9.23
0.0,0.3333333333333333,1.0,19.0,0.0,15.0,0.0,3.0,22,29,23,3,,1,,2,False,0.7586206896551724,0.0,0.0,0.6,1.0,0.0,0.0,1.0,0.0,1.0,0.0,1.0,0.0,0.0,2.0,1.0,17.0,0.11764705882352941,2.0,654,22,2.5082218302050783,2.1809399999999997,231.33899999999997,1.0,2.0,1.0,3.0,1.0,Cc1ccc(C23CCNCC2COC3)c(C)c1,0.0,21.259999999999998
0.0,0.5,1.0,13.0,0.0,4.0,0.0,2.0,23,36,26,6,2,,,2,False,0.6388888888888888,0.0,0.0,0.0,1.0,0.0,0.0,1.0,0.0,1.0,0.0,1.0,0.0,0.0,6.0,1.0,12.0,0.6666666666666666,8.0,655,23,3.4938487897133426,-0.7144300000000001,167.084,5.0,1.0,3.0,2.0,0.0,N=C1C(=O)N=Nc2nc(=O)on21,0.0,113.66999999999999
0.0,1.0,1.0,18.0,0.0,14.0,0.0,1.0,16,29,16,12,,,,1,False,0.5517241379310345,0.0,0.0,0.42857142857142855,0.0,0.0,0.0,1.0,0.0,0.0,0.0,1.0,0.0,0.0,4.0,1.0,18.0,0.2222222222222222,4.0,656,16,2.995945739549423,1.9939999999999998,251.326,1.0,0.0,3.0,1.0,9.0,C=CC(CN)OCCOc1ccc(OCC)cc1,0.0,53.71000000000001
0.0,0.5,1.0,15.0,0.0,13.0,0.0,2.0,15,30,19,9,,,,2,False,0.5,0.0,0.0,0.5384615384615384,1.0,0.0,0.0,1.0,0.0,1.0,0.0,1.0,0.0,0.0,1.0,1.0,14.0,0.07142857142857142,1.0,657,15,2.2981661837483522,2.4571000000000005,189.30199999999994,1.0,1.0,0.0,2.0,3.0,CCc1cc2c(cc1CNC)CCC2,0.0,12.03
0.0,0.0,0.0,17.0,0.0,13.0,0.0,1.0,21,37,23,13,,,,1,False,0.5675675675675675,0.0,0.0,1.0,0.0,0.0,0.0,0.0,0.0,0.0,0.0,1.0,0.0,0.0,4.0,2.0,17.0,0.23529411764705882,4.0,658,21,3.5417868118059164,1.0181999999999998,245.36299999999997,1.0,1.0,3.0,1.0,4.0,COC1C(O)CC(CN)C(C)(OC)C1C(C)C,0.0,64.71000000000001
0.0,1.0,1.0,20.0,0.0,17.0,0.0,1.0,16,33,17,15,,,,1,False,0.48484848484848486,0.0,0.0,0.47058823529411764,0.0,0.0,0.0,1.0,0.0,0.0,0.0,1.0,0.0,0.0,3.0,1.0,20.0,0.15,3.0,659,16,3.352723969173139,3.4087200000000024,275.392,1.0,0.0,2.0,1.0,8.0,CCC(C)=CC(=O)CCNCc1ccc(C)c(OC)c1,0.0,38.33
0.0,0.3333333333333333,1.0,19.0,0.0,12.0,0.0,3.0,18,25,18,3,1,1,,2,False,0.76,1.0,0.0,0.3333333333333333,1.0,0.0,0.0,1.0,0.0,1.0,0.0,1.0,0.0,0.0,4.0,1.0,17.0,0.29411764705882354,5.0,660,18,1.9473830301025088,0.7775999999999996,232.262,4.0,2.0,0.0,3.0,2.0,NC1CN(Cc2ccc(F)cc2)C2=NC=NC21,0.0,53.98
0.0,0.6666666666666666,2.0,23.0,0.0,18.0,0.0,3.0,23,34,25,6,,2,,1,False,0.6764705882352942,1.0,0.0,0.2222222222222222,0.0,0.0,0.0,1.0,0.0,0.0,0.0,1.0,0.0,0.0,2.0,2.0,21.0,0.14285714285714285,3.0,661,23,3.2899541071160017,4.253300000000003,283.346,1.0,1.0,1.0,3.0,3.0,CCC1=CC(c2cccc(F)c2O)NC1c1ccccc1,0.0,32.26
0.0,1.0,1.0,13.0,0.0,10.0,0.0,1.0,22,30,22,7,,,,1,False,0.7333333333333333,0.0,0.0,0.4,0.0,0.0,0.0,1.0,0.0,0.0,0.0,1.0,0.0,0.0,3.0,2.0,13.0,0.23076923076923078,3.0,662,22,2.2654961441293526,1.8106,181.23499999999999,1.0,0.0,2.0,1.0,3.0,CCC(N)c1ccc(OC)c(O)c1,0.0,55.480000000000004
0.0,1.0,2.0,13.0,0.0,7.0,0.0,2.0,22,26,22,2,,1,,1,False,0.8461538461538461,0.0,0.0,0.14285714285714285,0.0,0.0,0.0,1.0,0.0,0.0,0.0,1.0,0.0,0.0,4.0,0.0,12.0,0.4166666666666667,5.0,663,22,2.140747775301335,0.9076,165.152,3.0,0.0,2.0,2.0,3.0,c1cn(COc2ccoc2)nn1,0.0,53.08
0.0,1.0,1.0,8.0,0.0,4.0,0.0,1.0,18,27,20,5,1,,,1,False,0.6666666666666666,1.0,0.0,0.25,0.0,0.0,0.0,1.0,0.0,0.0,0.0,1.0,0.0,0.0,2.0,1.0,8.0,0.5,4.0,664,18,3.172223668759007,0.5063199999999999,115.11100000000002,3.0,0.0,0.0,1.0,0.0,Cc1cnc(N)n1F,0.0,43.839999999999996
0.0,0.6666666666666666,2.0,23.0,0.0,15.0,0.0,3.0,21,30,21,6,,1,,2,False,0.7,0.0,0.0,0.3333333333333333,1.0,0.0,0.0,1.0,0.0,1.0,0.0,1.0,0.0,0.0,6.0,1.0,21.0,0.2857142857142857,6.0,665,21,3.5255680389181907,1.1010999999999997,283.33500000000004,5.0,1.0,1.0,3.0,4.0,CN1CC(O)N=C1CCN=Cc1cccc2ncncc12,0.0,73.97
0.0,1.0,2.0,20.0,0.0,16.0,0.0,2.0,23,34,23,8,1,1,,1,False,0.7058823529411765,0.0,0.0,0.4375,0.0,0.0,0.0,1.0,0.0,0.0,0.0,1.0,0.0,0.0,2.0,0.0,19.0,0.15789473684210525,3.0,666,23,3.616907948631611,3.158520000000002,258.36499999999995,2.0,0.0,1.0,2.0,5.0,CCc1nn(OC)c(C)c1C(C)Cc1ccccc1,0.0,27.05
0.0,0.0,0.0,22.0,0.0,12.0,0.0,3.0,22,33,22,8,,1,,2,False,0.6666666666666666,0.0,0.0,0.6666666666666666,1.0,1.0,0.0,0.0,0.0,1.0,0.0,1.0,1.0,0.0,6.0,2.0,20.0,0.4,8.0,667,22,3.438464592446792,-1.2823999999999973,280.284,4.0,3.0,4.0,3.0,2.0,COCC1CC2C(=O)C2C(=O)N1C(=O)NC1=NCCN1,0.0,100.10000000000001
0.0,1.0,2.0,21.0,0.0,14.0,0.0,2.0,14,28,16,10,,1,,1,False,0.5,0.0,0.0,0.14285714285714285,0.0,0.0,0.0,1.0,0.0,0.0,0.0,1.0,0.0,0.0,5.0,2.0,20.0,0.3,6.0,668,14,3.213499140624112,1.5758999999999999,269.308,5.0,0.0,1.0,2.0,6.0,CN=C(CNc1nccc(NC=O)n1)c1ccccc1,0.0,79.27
0.0,0.3333333333333333,1.0,22.0,0.0,15.0,0.0,3.0,21,31,22,6,,1,,2,False,0.6774193548387096,0.0,0.0,0.26666666666666666,1.0,0.0,0.0,1.0,0.0,1.0,0.0,1.0,0.0,0.0,4.0,2.0,20.0,0.25,5.0,669,21,4.479007681658722,2.482500000000001,268.32000000000005,4.0,2.0,1.0,3.0,3.0,CC=CC1=NC=C(C(=O)C2=Cc3cn[nH]c3NC2)CC1,0.0,70.14
0.0,0.2,1.0,25.0,4.0,14.0,0.0,5.0,23,30,24,1,,,,5,False,0.7666666666666667,0.0,0.0,0.14285714285714285,1.0,0.0,0.0,1.0,1.0,1.0,0.0,1.0,0.0,0.0,6.0,3.0,21.0,0.3333333333333333,7.0,670,23,2.511586840360989,1.2023999999999997,277.291,7.0,4.0,0.0,5.0,0.0,C1=CC2=C(NCN=C2)C2=C3CC(=NC1=N2)Nc1[nH]ncc13,0.0,89.82000000000001
0.0,0.0,0.0,9.0,0.0,7.0,0.0,1.0,14,23,16,6,,,,1,False,0.6086956521739131,0.0,0.0,0.5714285714285714,0.0,0.0,0.0,0.0,0.0,0.0,0.0,1.0,0.0,0.0,2.0,0.0,9.0,0.2222222222222222,2.0,671,14,2.027746264334174,1.2697,126.15499999999997,0.0,1.0,2.0,1.0,1.0,CCC1=C(C)C(=O)OC1,0.0,26.3
0.0,0.0,0.0,22.0,0.0,14.0,0.0,1.0,16,35,16,18,,,,1,False,0.45714285714285713,0.0,0.0,0.8571428571428571,0.0,0.0,1.0,0.0,0.0,0.0,0.0,1.0,1.0,0.0,6.0,4.0,22.0,0.36363636363636365,8.0,672,16,2.9304432220349144,0.37859999999999894,319.354,1.0,1.0,7.0,1.0,12.0,NC(=O)C(COO)OCCCCC(CC1CCC1O)C(=O)O,0.0,139.31
0.0,0.25,1.0,22.0,2.0,12.0,0.0,4.0,20,26,20,2,,,,4,False,0.7692307692307693,0.0,0.0,0.3333333333333333,1.0,0.0,0.0,1.0,1.0,1.0,0.0,1.0,0.0,0.0,7.0,2.0,19.0,0.3684210526315789,7.0,673,20,3.840928955090648,-0.4975000000000003,257.253,5.0,3.0,2.0,4.0,0.0,NC1C2=CN=CN=C1c1ncnc3c1C2(O)CCO3,0.0,105.98
0.0,1.0,2.0,18.0,0.0,13.0,0.0,2.0,20,30,21,7,,1,,1,False,0.6666666666666666,1.0,0.0,0.3076923076923077,0.0,0.0,0.0,1.0,0.0,0.0,0.0,1.0,0.0,0.0,3.0,0.0,17.0,0.23529411764705882,4.0,674,20,8.604399275518793,3.4145600000000016,235.25799999999998,1.0,0.0,2.0,2.0,2.0,COc1c(C)cc(F)c(C)c1-c1cnc(C)o1,0.0,35.260000000000005
0.0,0.5,2.0,23.0,0.0,18.0,0.0,4.0,20,28,21,3,,2,,2,False,0.7142857142857143,0.0,0.0,0.3333333333333333,1.0,1.0,0.0,1.0,0.0,1.0,0.0,1.0,1.0,0.0,2.0,0.0,20.0,0.1,2.0,675,20,3.237828341796238,4.1696000000000035,265.356,1.0,2.0,1.0,4.0,4.0,c1ccc(N2CCc3c(OCC4CC4)cccc32)cc1,0.0,12.47
0.0,0.5,1.0,20.0,0.0,14.0,0.0,2.0,21,30,21,7,,1,,1,False,0.7,0.0,0.0,0.21428571428571427,0.0,0.0,0.0,1.0,0.0,0.0,0.0,1.0,0.0,0.0,4.0,3.0,19.0,0.2631578947368421,5.0,676,21,2.467419767831595,1.7382,260.29299999999995,2.0,1.0,3.0,2.0,3.0,CNC1=C(C(=O)Nc2ccccc2O)COC(C)=C1,0.0,70.59
0.0,0.6666666666666666,2.0,25.0,0.0,19.0,0.0,3.0,20,30,21,6,,2,,1,False,0.6666666666666666,0.0,0.0,0.3684210526315789,0.0,0.0,0.0,1.0,0.0,0.0,0.0,1.0,0.0,0.0,4.0,0.0,23.0,0.17391304347826086,4.0,677,20,2.5591053394030583,2.9899000000000013,312.41299999999995,2.0,1.0,2.0,3.0,5.0,COc1cccc(N(C)C2COCCN2Cc2ccccc2)c1,0.0,24.940000000000005
0.0,0.3333333333333333,1.0,23.0,0.0,16.0,0.0,3.0,16,23,16,4,,2,,1,False,0.6956521739130435,0.0,0.0,0.5625,0.0,0.0,0.0,1.0,0.0,0.0,0.0,1.0,0.0,0.0,5.0,1.0,21.0,0.23809523809523808,5.0,678,16,2.6971342227458135,2.4002000000000008,290.363,2.0,2.0,3.0,3.0,3.0,CC1CCOC(N2CCCC2COc2ccc(O)cc2)=N1,0.0,54.290000000000006
0.0,0.75,3.0,26.0,0.0,19.0,0.0,4.0,23,34,26,4,,2,,2,False,0.6764705882352942,0.0,0.0,0.05263157894736842,1.0,0.0,0.0,1.0,0.0,1.0,0.0,1.0,0.0,0.0,4.0,2.0,23.0,0.17391304347826086,4.0,679,23,3.092230425184038,3.218200000000002,300.365,4.0,1.0,0.0,4.0,2.0,Nc1ncccc1C1=CNCc2nc(-c3ccccc3)ccc21,0.0,63.83
0.0,1.0,3.0,19.0,0.0,14.0,0.0,3.0,15,29,17,8,1,,,3,False,0.5172413793103449,0.0,0.0,0.35714285714285715,1.0,0.0,0.0,1.0,0.0,1.0,0.0,1.0,0.0,0.0,2.0,1.0,17.0,0.17647058823529413,3.0,680,15,3.0648792458753222,3.4457200000000014,227.31099999999998,3.0,0.0,0.0,3.0,4.0,CCCCNc1nc2cccc3cc(C)n1c32,0.0,29.330000000000002
0.0,0.5,1.0,12.0,0.0,8.0,0.0,2.0,23,32,25,5,,,,2,False,0.71875,2.0,0.0,0.125,1.0,0.0,1.0,1.0,0.0,1.0,0.0,1.0,1.0,0.0,1.0,0.0,11.0,0.2727272727272727,3.0,681,23,2.7955811930829286,1.7036,154.11499999999998,0.0,1.0,1.0,2.0,0.0,O=C1Cc2c1ccc(F)c2F,0.0,17.07
0.0,0.5,1.0,11.0,0.0,7.0,0.0,2.0,21,30,24,4,,,,2,False,0.7,1.0,0.0,0.14285714285714285,1.0,0.0,0.0,1.0,0.0,1.0,0.0,1.0,0.0,0.0,2.0,1.0,10.0,0.3,3.0,682,21,1.7396661506072664,1.2227000000000001,139.129,1.0,1.0,1.0,2.0,0.0,Fc1ccc2c(c1)ONC2,0.0,21.259999999999998
0.0,0.0,0.0,20.0,0.0,11.0,0.0,4.0,19,30,22,4,,,,4,False,0.6333333333333333,0.0,0.0,0.7272727272727273,1.0,0.0,0.0,0.0,0.0,1.0,0.0,1.0,0.0,0.0,6.0,3.0,17.0,0.35294117647058826,6.0,683,19,8.463864514498603,0.4383999999999998,232.29100000000005,6.0,4.0,0.0,4.0,0.0,NC1C2CCCCC2=CC23NN=CC12N=NN3,0.0,87.16
0.0,0.5,1.0,17.0,0.0,12.0,0.0,2.0,18,26,19,5,,1,,1,False,0.6923076923076923,0.0,0.0,0.3333333333333333,0.0,0.0,0.0,1.0,0.0,0.0,0.0,1.0,0.0,0.0,3.0,2.0,16.0,0.25,4.0,684,18,2.4832711665757414,1.4767,217.27199999999993,3.0,1.0,1.0,2.0,2.0,NC(=O)C1=C(c2ccnc(N)c2)CCCC1,0.0,82.0
0.0,1.0,3.0,21.0,0.0,17.0,0.0,3.0,22,30,23,4,,1,,2,False,0.7333333333333333,0.0,0.0,0.058823529411764705,1.0,0.0,0.0,1.0,0.0,1.0,0.0,1.0,0.0,0.0,2.0,0.0,19.0,0.10526315789473684,2.0,685,22,1.8839283551161161,4.329900000000002,246.31300000000002,2.0,0.0,0.0,3.0,2.0,CC=Cc1cc(-c2cncnc2)c2ccccc2c1,0.0,25.78
0.0,0.5,1.0,16.0,0.0,12.0,0.0,2.0,19,29,20,7,,,,2,False,0.6551724137931034,0.0,0.0,0.5,1.0,0.0,0.0,1.0,0.0,1.0,0.0,1.0,0.0,0.0,3.0,2.0,15.0,0.2,3.0,686,19,1.8524765009952566,1.0918999999999999,207.27299999999997,1.0,1.0,2.0,2.0,4.0,CCNC1Cc2ccc(OCO)cc2C1,0.0,41.489999999999995
0.0,1.0,1.0,15.0,0.0,11.0,0.0,1.0,21,31,21,9,,,,1,False,0.6774193548387096,0.0,0.0,0.36363636363636365,0.0,0.0,0.0,1.0,0.0,0.0,0.0,1.0,0.0,0.0,4.0,0.0,15.0,0.26666666666666666,4.0,687,21,2.9188310178961236,1.6371,210.22899999999998,0.0,0.0,4.0,1.0,5.0,COc1ccc(OCCOC(C)=O)cc1,0.0,44.760000000000005
0.0,0.5,1.0,20.0,0.0,15.0,0.0,2.0,22,31,22,7,,1,,1,False,0.7096774193548387,0.0,0.0,0.3333333333333333,0.0,0.0,0.0,1.0,0.0,0.0,0.0,1.0,0.0,0.0,3.0,1.0,19.0,0.21052631578947367,4.0,688,22,3.2857956530002017,1.7564000000000002,259.305,1.0,1.0,3.0,2.0,2.0,CC=C1CC(O)CCN1C(=O)C(=O)c1ccccc1,0.0,57.61
0.0,1.0,2.0,19.0,0.0,14.0,0.0,2.0,21,31,22,7,,1,,1,False,0.6774193548387096,0.0,0.0,0.2857142857142857,0.0,0.0,0.0,1.0,0.0,0.0,0.0,1.0,0.0,0.0,4.0,0.0,18.0,0.2222222222222222,4.0,689,21,1.903854262676155,2.3809000000000005,244.29400000000004,2.0,0.0,2.0,2.0,6.0,COCC(OCc1ccccc1)c1cnccn1,0.0,44.24
0.0,0.6666666666666666,2.0,22.0,0.0,15.0,0.0,3.0,23,30,23,4,,1,,2,False,0.7666666666666667,0.0,0.0,0.3333333333333333,1.0,0.0,0.0,1.0,0.0,1.0,0.0,1.0,0.0,0.0,5.0,2.0,20.0,0.25,5.0,690,23,2.627344088874975,2.4554,270.33600000000007,4.0,1.0,1.0,3.0,4.0,COc1cc2c(c(CNc3ccncn3)c1)NCCC2,0.0,59.07
0.0,0.0,0.0,25.0,2.0,14.0,0.0,5.0,19,30,21,4,,,,5,False,0.6333333333333333,0.0,0.0,0.6428571428571429,1.0,0.0,0.0,0.0,1.0,1.0,0.0,1.0,0.0,1.0,5.0,3.0,21.0,0.3333333333333333,7.0,691,19,6.518870102401904,-0.30029999999999957,287.32300000000004,5.0,6.0,2.0,6.0,0.0,CC12C=NC(=O)NC13COC(=N2)C1=C3NC2(CCNC2)C1,2.0,87.11
0.0,0.5,1.0,17.0,0.0,14.0,0.0,2.0,16,24,16,6,,,,2,False,0.6666666666666666,0.0,0.0,0.2857142857142857,1.0,0.0,0.0,1.0,0.0,1.0,0.0,1.0,0.0,0.0,2.0,0.0,16.0,0.125,2.0,692,16,3.9388371326592435,3.038100000000002,214.264,0.0,1.0,2.0,2.0,1.0,CC1=C(C(C)C)C(=O)c2ccccc2C1=O,0.0,34.14
0.0,1.0,2.0,22.0,0.0,15.0,0.0,2.0,3,17,4,10,1,1,,1,False,0.17647058823529413,0.0,0.0,0.2,0.0,0.0,0.0,1.0,0.0,0.0,0.0,1.0,0.0,0.0,6.0,3.0,21.0,0.2857142857142857,6.0,693,3,2.4458119890081416,2.58922,286.33500000000004,4.0,0.0,2.0,2.0,6.0,CONc1cc(NCC=Cc2cccc(O)c2)nc(C)n1,0.0,79.3
0.0,0.0,0.0,25.0,0.0,18.0,0.0,2.0,18,34,19,13,,1,,1,False,0.5294117647058824,0.0,0.0,0.6111111111111112,0.0,0.0,0.0,0.0,0.0,0.0,0.0,1.0,0.0,0.0,5.0,3.0,24.0,0.25,6.0,694,18,3.5778903451270514,1.4571999999999998,337.41600000000005,1.0,2.0,5.0,2.0,8.0,O=C(O)C1=CC(C=CCO)=C(CCCCN2CCOC(O)C2)CC1,0.0,90.23
0.0,0.3333333333333333,1.0,26.0,0.0,21.0,0.0,3.0,17,23,17,3,,,,3,False,0.7391304347826086,1.0,0.0,0.42857142857142855,1.0,0.0,0.0,1.0,0.0,1.0,1.0,1.0,0.0,0.0,2.0,2.0,24.0,0.125,3.0,695,17,4.364807393490144,5.094600000000005,328.42700000000013,0.0,2.0,2.0,3.0,0.0,OC1=CCCCc2ccc(F)cc2C=CC2CC(O)CC2=CCC1,0.0,40.46
0.0,0.6666666666666666,2.0,21.0,0.0,13.0,0.0,3.0,21,26,21,2,,2,,1,False,0.8076923076923077,0.0,0.0,0.38461538461538464,0.0,0.0,0.0,1.0,0.0,0.0,0.0,1.0,0.0,0.0,6.0,0.0,19.0,0.3157894736842105,6.0,696,21,4.184656309559178,1.6166999999999998,257.29699999999997,5.0,1.0,1.0,3.0,3.0,COc1ccnnc1C1CCCN1c1ccncn1,0.0,64.03
0.0,1.0,3.0,17.0,0.0,10.0,0.0,3.0,20,31,23,5,,,,3,False,0.6451612903225806,0.0,0.0,0.0,1.0,0.0,0.0,1.0,0.0,1.0,0.0,1.0,0.0,0.0,4.0,2.0,15.0,0.3333333333333333,5.0,697,20,3.0209163173069644,1.0469,199.217,5.0,0.0,0.0,3.0,0.0,Nc1nccc2c1nc1c(N)cccn12,0.0,82.22999999999999
0.0,1.0,4.0,23.0,2.0,11.0,0.0,4.0,20,31,23,4,,1,,3,False,0.6451612903225806,0.0,0.0,0.0,1.0,0.0,0.0,1.0,1.0,1.0,0.0,1.0,0.0,0.0,6.0,1.0,20.0,0.45,9.0,698,20,2.874412623789285,0.7048999999999997,269.224,7.0,0.0,2.0,4.0,3.0,O=Cc1nnc(Oc2c3cnn4ccccn2nc34)[nH]1,0.0,102.47
0.0,1.0,2.0,22.0,0.0,14.0,0.0,2.0,21,35,22,11,,1,,1,False,0.6,0.0,0.0,0.2857142857142857,0.0,0.0,0.0,1.0,0.0,0.0,0.0,1.0,0.0,0.0,5.0,1.0,21.0,0.3333333333333333,7.0,699,21,2.718745305303058,1.3831999999999998,288.3070000000001,4.0,0.0,3.0,2.0,5.0,CC=CCCC(C(=O)n1ccnc1)n1cnc(O)cc1=O,0.0,90.00999999999999
0.0,0.3333333333333333,1.0,16.0,0.0,8.0,0.0,3.0,21,25,21,1,,,,3,False,0.84,0.0,0.0,0.25,1.0,0.0,0.0,1.0,0.0,1.0,0.0,1.0,0.0,0.0,5.0,4.0,14.0,0.42857142857142855,6.0,700,21,1.4702806015666907,-0.39310000000000067,191.19400000000002,5.0,2.0,1.0,3.0,0.0,O=c1c2c([nH]c3c1CNN3)NCN=C2,0.0,81.31
0.0,0.6666666666666666,2.0,22.0,0.0,16.0,0.0,3.0,22,28,22,3,,2,,1,False,0.7857142857142857,0.0,0.0,0.4375,0.0,0.0,0.0,1.0,0.0,0.0,0.0,1.0,0.0,0.0,3.0,0.0,20.0,0.2,4.0,701,22,2.3208578484167997,2.825400000000001,271.364,3.0,1.0,1.0,3.0,3.0,COc1ccc(-c2cncn2C2CCN(C)CC2)cc1,0.0,30.29
0.0,0.2,1.0,22.0,6.0,16.0,0.0,4.0,21,28,22,2,,,,4,False,0.75,0.0,0.0,0.25,1.0,0.0,0.0,1.0,1.0,1.0,1.0,1.0,0.0,0.0,3.0,0.0,19.0,0.15789473684210525,3.0,702,21,2.9210565327140205,3.0812000000000017,249.31699999999998,3.0,4.0,0.0,5.0,0.0,CC1=NCN2C3=CCC=Cc4nc2c1cc4CC=C3,0.0,28.490000000000002
0.0,1.0,4.0,22.0,0.0,17.0,0.0,4.0,21,31,23,4,,,,4,False,0.6774193548387096,0.0,0.0,0.058823529411764705,1.0,0.0,0.0,1.0,0.0,1.0,0.0,1.0,0.0,0.0,1.0,0.0,19.0,0.10526315789473684,2.0,703,21,3.119348757246833,4.254300000000002,247.29700000000003,1.0,0.0,1.0,4.0,1.0,COc1ccc2c(c1)c1ccccc1n1cccc21,0.0,13.64
0.0,0.3333333333333333,1.0,23.0,0.0,17.0,0.0,3.0,16,26,17,5,1,2,,1,False,0.6153846153846154,0.0,0.0,0.17647058823529413,1.0,0.0,0.0,1.0,0.0,1.0,0.0,1.0,0.0,0.0,4.0,1.0,21.0,0.19047619047619047,4.0,704,16,3.6720210240436235,2.644400000000001,279.343,3.0,2.0,1.0,3.0,4.0,CN=C(COc1ccccn1)C1=CNC2=CC=CC=CC21,0.0,46.510000000000005
0.0,0.5,1.0,21.0,0.0,15.0,0.0,2.0,16,26,16,8,,1,,1,False,0.6153846153846154,0.0,0.0,0.4,0.0,0.0,0.0,1.0,0.0,0.0,0.0,1.0,0.0,0.0,5.0,2.0,20.0,0.25,5.0,705,16,2.8643051749008612,2.5540000000000003,274.368,4.0,1.0,1.0,2.0,4.0,CCNc1cccc(OC)c1N1C(C)=NC(N)=CC1C,0.0,62.879999999999995
0.0,0.5,1.0,19.0,0.0,11.0,0.0,2.0,18,30,19,9,,1,,1,False,0.6,0.0,0.0,0.5454545454545454,0.0,0.0,0.0,1.0,0.0,0.0,0.0,1.0,0.0,0.0,6.0,1.0,18.0,0.3888888888888889,7.0,706,18,3.2648265186369634,0.24271999999999988,254.24199999999996,2.0,1.0,5.0,2.0,1.0,Cc1cncn1C(=O)OC(=O)C1OCCC1(C)O,0.0,90.65
0.0,1.0,3.0,21.0,0.0,15.0,0.0,3.0,18,33,21,9,,,,3,False,0.5454545454545454,0.0,0.0,0.2,1.0,0.0,0.0,1.0,0.0,1.0,0.0,1.0,0.0,0.0,3.0,0.0,19.0,0.21052631578947367,4.0,707,18,3.110356790323573,3.1666200000000018,254.28899999999996,2.0,0.0,2.0,3.0,1.0,COc1c2ccccc2c(C)c2ncn(C(C)=O)c12,0.0,44.120000000000005
0.0,0.6666666666666666,2.0,18.0,0.0,9.0,0.0,3.0,22,27,22,2,,1,,2,False,0.8148148148148148,0.0,0.0,0.4444444444444444,1.0,0.0,0.0,1.0,0.0,1.0,0.0,1.0,0.0,0.0,6.0,3.0,16.0,0.4375,7.0,708,22,2.3284800838784014,-1.102000000000001,221.22,5.0,1.0,2.0,3.0,1.0,NC1COCC1(O)c1cc2cn[nH]c2nn1,0.0,109.94
0.0,0.0,0.0,16.0,0.0,12.0,0.0,2.0,22,33,24,7,,1,,1,False,0.6666666666666666,0.0,0.0,0.9166666666666666,0.0,0.0,1.0,0.0,0.0,0.0,0.0,1.0,1.0,0.0,3.0,0.0,15.0,0.2,3.0,709,22,2.6098254398884695,1.6089000000000002,211.30499999999995,1.0,2.0,2.0,2.0,3.0,COC1(C(C)N2CCCCC2)CCC1=O,0.0,29.54
0.0,0.5,1.0,24.0,0.0,17.0,0.0,2.0,19,35,20,13,,1,,1,False,0.5428571428571428,0.0,0.0,0.7647058823529411,0.0,0.0,0.0,1.0,0.0,0.0,0.0,1.0,0.0,0.0,5.0,1.0,23.0,0.2608695652173913,6.0,710,19,2.284778323201747,2.3086,323.43699999999995,3.0,1.0,3.0,2.0,9.0,COCCCCC(C)(NCC(=O)N1CCCCC1)c1ccon1,0.0,67.6
0.0,1.0,3.0,22.0,0.0,15.0,0.0,3.0,23,33,24,6,,1,,2,False,0.696969696969697,0.0,0.0,0.2,1.0,0.0,0.0,1.0,0.0,1.0,0.0,1.0,0.0,0.0,4.0,0.0,20.0,0.25,5.0,711,23,3.03748605328777,2.8278000000000008,269.30400000000003,3.0,0.0,2.0,3.0,4.0,CCOc1ccc(OC)cc1-n1nnc2ccccc21,0.0,49.17
0.0,0.3333333333333333,1.0,24.0,0.0,17.0,0.0,3.0,20,30,20,7,,1,,2,False,0.6666666666666666,0.0,0.0,0.35294117647058826,1.0,0.0,0.0,1.0,0.0,1.0,0.0,1.0,0.0,0.0,5.0,0.0,22.0,0.22727272727272727,5.0,712,20,2.395629924825621,2.0870800000000003,296.3260000000001,2.0,2.0,3.0,3.0,4.0,COC1Cc2cc(C3=C(C=O)CCN=C3)cc(OC#N)c2C1,0.0,71.68
0.0,0.6666666666666666,2.0,22.0,0.0,15.0,0.0,3.0,22,31,22,6,,,,3,False,0.7096774193548387,1.0,0.0,0.13333333333333333,1.0,0.0,0.0,1.0,0.0,1.0,0.0,1.0,0.0,0.0,4.0,0.0,20.0,0.25,5.0,713,22,2.30047668430301,2.673300000000001,271.247,1.0,1.0,3.0,3.0,2.0,CCOC1=CC(=O)c2c(cc3cccnc3c2F)C1=O,0.0,56.26
0.0,0.6666666666666666,2.0,26.0,0.0,21.0,0.0,3.0,22,39,26,10,,2,,1,False,0.5641025641025641,0.0,0.0,0.2857142857142857,0.0,0.0,0.0,1.0,0.0,0.0,0.0,1.0,0.0,0.0,3.0,1.0,24.0,0.125,3.0,714,22,2.7996612036312785,4.231200000000004,321.4200000000001,1.0,1.0,2.0,3.0,4.0,CCN1CCC(c2cccc(C(C)=O)c2)=C(c2cccc(O)c2)C1,0.0,40.540000000000006
0.0,0.6666666666666666,2.0,21.0,0.0,15.0,0.0,3.0,22,31,23,5,,,,3,False,0.7096774193548387,0.0,0.0,0.26666666666666666,1.0,0.0,0.0,1.0,0.0,1.0,0.0,1.0,0.0,0.0,4.0,1.0,19.0,0.21052631578947367,4.0,715,22,3.963279172393835,2.9951200000000013,257.289,1.0,1.0,3.0,3.0,1.0,COc1ccc2c(c1)CCc1cnc(C)c(O)c1O2,0.0,51.58
0.0,0.5,1.0,23.0,0.0,16.0,0.0,2.0,13,24,13,9,,1,,1,False,0.5416666666666666,0.0,0.0,0.5625,0.0,0.0,0.0,1.0,0.0,0.0,0.0,1.0,0.0,0.0,6.0,3.0,22.0,0.2727272727272727,6.0,716,13,3.6260491028913497,0.6338999999999999,310.346,0.0,1.0,6.0,2.0,5.0,O=C(CCOc1ccccc1)OC1CCC(O)C(O)CC1O,0.0,96.22000000000001
0.0,0.0,0.0,12.0,0.0,10.0,0.0,0.0,16,28,16,12,,,,,False,0.5714285714285714,0.0,0.0,0.4,0.0,0.0,0.0,0.0,0.0,0.0,0.0,0.0,0.0,0.0,3.0,1.0,13.0,0.23076923076923078,3.0,717,16,2.7756448806717615,1.9427,182.219,0.0,0.0,3.0,0.0,4.0,CC=CCC(=O)C(=O)C(O)=C(C)C,0.0,54.370000000000005
0.0,1.0,2.0,20.0,0.0,12.0,0.0,2.0,23,33,23,8,,1,,1,False,0.696969696969697,0.0,0.0,0.25,0.0,0.0,0.0,1.0,0.0,0.0,0.0,1.0,0.0,0.0,6.0,2.0,19.0,0.3684210526315789,7.0,718,23,2.2803776621923983,0.7397999999999996,261.28499999999997,5.0,0.0,2.0,2.0,5.0,CNc1ccc(-c2ncnn2OC)cc1N=CCO,0.0,84.56
0.0,1.0,1.0,22.0,0.0,19.0,0.0,1.0,9,28,9,17,1,,,1,False,0.35714285714285715,0.0,0.0,0.42105263157894735,0.0,0.0,0.0,1.0,0.0,0.0,0.0,1.0,0.0,0.0,2.0,0.0,22.0,0.13636363636363635,3.0,719,9,2.7930976987031064,4.748200000000004,299.46200000000005,3.0,0.0,0.0,1.0,10.0,C=CCCCCC=CC(C)=CCN(C)c1ncn(C)c1C=C,0.0,21.060000000000002
0.0,0.0,0.0,16.0,0.0,8.0,0.0,3.0,21,26,21,1,1,,,3,False,0.8461538461538461,0.0,0.0,0.625,1.0,0.0,0.0,0.0,0.0,1.0,0.0,1.0,0.0,0.0,5.0,3.0,14.0,0.42857142857142855,6.0,720,21,1.9630709754054723,-2.0333999999999977,195.226,5.0,3.0,1.0,3.0,0.0,O=C1C=C2NCNN2C2CNCCN12,0.0,59.64000000000001
0.0,1.0,3.0,21.0,0.0,11.0,0.0,3.0,17,29,18,7,1,1,,2,False,0.5862068965517241,0.0,0.0,0.36363636363636365,1.0,0.0,0.0,1.0,0.0,1.0,0.0,1.0,0.0,0.0,5.0,4.0,19.0,0.42105263157894735,8.0,721,17,2.832722915562247,0.48612,261.289,7.0,0.0,1.0,3.0,6.0,Cc1n[nH]c2n[nH]c(CNCCOc3cn[nH]c3)c12,0.0,107.30000000000001
0.0,0.6666666666666666,2.0,24.0,0.0,19.0,0.0,3.0,19,28,20,5,,2,,1,False,0.6785714285714286,0.0,0.0,0.42105263157894735,0.0,0.0,0.0,1.0,0.0,0.0,0.0,1.0,0.0,0.0,3.0,0.0,22.0,0.13636363636363635,3.0,722,19,3.084036701635181,3.8312000000000026,296.414,2.0,1.0,1.0,3.0,6.0,c1ccc(CCOCc2cccc(N3CCCCC3)n2)cc1,0.0,25.36
0.0,0.2857142857142857,2.0,23.0,4.0,16.0,0.0,5.0,14,32,19,8,,,,5,False,0.4375,0.0,0.0,0.375,1.0,0.0,1.0,1.0,1.0,1.0,0.0,1.0,1.0,0.0,3.0,1.0,19.0,0.15789473684210525,3.0,723,14,2.902435985772171,2.820000000000001,250.301,2.0,5.0,1.0,7.0,1.0,CCc1ccc2c(c1)C1C3c4ncnc(O)c4C1C23,0.0,46.010000000000005
0.0,1.0,3.0,21.0,0.0,16.0,0.0,3.0,17,29,23,3,,2,,1,False,0.5862068965517241,1.0,0.0,0.0625,0.0,0.0,0.0,1.0,0.0,0.0,0.0,1.0,0.0,0.0,2.0,0.0,19.0,0.15789473684210525,3.0,724,17,2.393021503567744,4.456120000000003,253.27599999999998,1.0,0.0,1.0,3.0,2.0,Cc1oc(-c2ccccc2F)nc1-c1ccccc1,0.0,26.03
0.0,0.0,0.0,24.0,0.0,18.0,0.0,3.0,21,33,25,5,,,,3,False,0.6363636363636364,0.0,0.0,0.7777777777777778,1.0,0.0,0.0,0.0,0.0,1.0,1.0,1.0,0.0,1.0,4.0,2.0,22.0,0.18181818181818182,4.0,725,21,2.706731827119182,2.7234,305.4660000000002,3.0,3.0,1.0,3.0,0.0,NC1C=CCCOCC23CCCN2NC=CC3CCCCC1,1.0,50.52
0.0,0.25,1.0,26.0,0.0,17.0,0.0,4.0,16,29,19,6,,1,,3,False,0.5517241379310345,0.0,0.0,0.5294117647058824,1.0,0.0,0.0,1.0,0.0,1.0,0.0,1.0,0.0,1.0,6.0,1.0,23.0,0.2608695652173913,6.0,726,16,1.6956180618662058,1.8115999999999999,314.38900000000007,4.0,3.0,2.0,4.0,2.0,CCc1cc(N2CCC3(CCN4N=CC=CC4=N3)C(O)C2)co1,1.0,64.57
0.0,0.25,1.0,24.0,0.0,14.0,0.0,4.0,20,26,20,2,,1,,3,False,0.7692307692307693,0.0,0.0,0.35714285714285715,2.0,0.0,0.0,1.0,0.0,1.0,0.0,1.0,0.0,0.0,5.0,2.0,21.0,0.3333333333333333,7.0,727,20,2.8598318122035398,-0.03730000000000028,285.3070000000001,5.0,3.0,2.0,4.0,0.0,O=C1CC2CN=C(N3CC(=O)Nc4ccccc43)N2CN1,0.0,77.04
0.0,0.25,1.0,27.0,4.0,18.0,0.0,4.0,22,31,23,3,1,,,4,False,0.7096774193548387,0.0,0.0,0.6111111111111112,1.0,0.0,0.0,1.0,1.0,1.0,1.0,1.0,0.0,0.0,5.0,1.0,24.0,0.25,6.0,728,22,3.9919545323758387,4.055600000000004,328.416,4.0,3.0,2.0,4.0,1.0,OCc1nn2c3c1C=CC1=C(COCCCCCCCC1)C2N=N3,0.0,72.0
0.0,0.0,0.0,11.0,0.0,7.0,0.0,2.0,19,29,22,5,,1,,1,False,0.6551724137931034,0.0,0.0,1.0,0.0,1.0,0.0,0.0,0.0,0.0,0.0,1.0,1.0,0.0,3.0,0.0,10.0,0.3,3.0,729,19,3.519813160884311,0.4094,143.18599999999998,1.0,2.0,2.0,2.0,1.0,CC1CN(C2CO2)C(C)O1,0.0,25.0
0.0,0.0,0.0,26.0,0.0,12.0,0.0,4.0,20,29,21,4,,,,4,False,0.6896551724137931,0.0,0.0,0.5,1.0,0.0,0.0,0.0,0.0,1.0,1.0,1.0,0.0,0.0,10.0,2.0,23.0,0.4782608695652174,11.0,730,20,2.15499052837593,-1.0133999999999979,317.3130000000001,9.0,4.0,2.0,4.0,1.0,CC1=CNC2OCCN=C2NC2N=NN(C=O)N3N=CN=C1C23,0.0,118.64
0.0,0.0,0.0,21.0,0.0,11.0,0.0,3.0,19,28,19,6,,,,3,False,0.6785714285714286,0.0,0.0,0.9090909090909091,1.0,0.0,0.0,0.0,0.0,1.0,0.0,1.0,0.0,0.0,7.0,3.0,19.0,0.42105263157894735,8.0,731,19,11.699322011505444,-2.311399999999996,271.32099999999997,5.0,3.0,3.0,3.0,1.0,CN1C(=O)CC2N3C(CNCCN3O)N(C)C21CO,0.0,82.52000000000001
0.0,0.6666666666666666,2.0,21.0,0.0,16.0,0.0,3.0,23,31,23,5,,1,,2,False,0.7419354838709677,0.0,0.0,0.0625,1.0,0.0,1.0,1.0,0.0,1.0,0.0,1.0,1.0,0.0,2.0,2.0,19.0,0.15789473684210525,3.0,732,23,4.021635795880142,3.313320000000001,250.30100000000002,2.0,1.0,1.0,3.0,2.0,Cc1cc(C(=O)Nc2ccccc2)c(N)c2c1C=C2,0.0,55.120000000000005
0.0,0.0,0.0,19.0,2.0,13.0,0.0,3.0,20,27,20,4,,1,,2,False,0.7407407407407407,0.0,0.0,0.6153846153846154,1.0,0.0,0.0,0.0,1.0,1.0,0.0,1.0,0.0,0.0,4.0,0.0,17.0,0.23529411764705882,4.0,733,20,3.2998285269528065,1.3639,236.26699999999994,0.0,3.0,4.0,3.0,0.0,CC(C)=C1C=C2C3(C)COCC2(CO3)OC1=O,0.0,44.760000000000005
0.0,1.0,2.0,21.0,0.0,15.0,0.0,2.0,19,29,19,8,,1,,1,False,0.6551724137931034,0.0,0.0,0.13333333333333333,0.0,0.0,0.0,1.0,0.0,0.0,0.0,1.0,0.0,0.0,5.0,1.0,20.0,0.25,5.0,734,19,2.714956546640455,2.8925800000000006,267.288,3.0,0.0,2.0,2.0,4.0,CC(OC(=O)c1ccccc1)c1cccc(NC#N)n1,0.0,75.00999999999999
0.0,0.5,1.0,13.0,0.0,10.0,0.0,2.0,20,25,20,3,,,,2,False,0.8,0.0,0.0,0.3,1.0,0.0,0.0,1.0,0.0,1.0,0.0,1.0,0.0,0.0,1.0,0.0,12.0,0.16666666666666666,2.0,735,20,3.5027748364368905,1.5956000000000001,161.204,1.0,1.0,1.0,2.0,0.0,CC(=O)N1CCc2ccccc21,0.0,20.310000000000002
0.0,0.5,1.0,17.0,0.0,10.0,0.0,2.0,23,32,23,7,,,,2,False,0.71875,0.0,0.0,0.3,1.0,0.0,0.0,1.0,0.0,1.0,0.0,1.0,0.0,0.0,6.0,3.0,16.0,0.375,6.0,736,23,4.231074496702323,1.5054699999999996,221.21599999999995,3.0,1.0,3.0,2.0,4.0,N=NCCNc1ccc2c(c1O)COC2=O,0.0,94.77000000000001
0.0,1.0,1.0,13.0,0.0,9.0,0.0,1.0,12,20,12,7,,,,1,False,0.6,2.0,0.0,0.3333333333333333,0.0,0.0,0.0,1.0,0.0,0.0,0.0,1.0,0.0,0.0,2.0,0.0,13.0,0.3076923076923077,4.0,737,12,2.4794810298930514,2.3721000000000005,188.17299999999997,0.0,0.0,2.0,1.0,3.0,CCOc1cc(F)cc(OC)c1F,0.0,18.46
0.0,0.6666666666666666,2.0,20.0,0.0,12.0,0.0,3.0,21,26,21,2,,2,,1,False,0.8076923076923077,1.0,0.0,0.3333333333333333,0.0,0.0,0.0,1.0,0.0,0.0,0.0,1.0,0.0,0.0,5.0,0.0,18.0,0.3333333333333333,6.0,738,21,2.34311573307345,2.0433999999999997,250.22899999999998,2.0,1.0,3.0,3.0,3.0,Fc1cc(OC2CCOC2)ccc1-c1nnco1,0.0,57.38
0.0,0.6666666666666666,2.0,22.0,0.0,12.0,0.0,3.0,20,28,20,5,,2,,1,False,0.7142857142857143,0.0,0.0,0.3333333333333333,0.0,0.0,0.0,1.0,0.0,0.0,0.0,1.0,0.0,0.0,5.0,2.0,20.0,0.4,8.0,739,20,2.696008922622179,0.6119399999999998,274.284,6.0,1.0,2.0,3.0,3.0,COc1c(C)nc(-c2nn[nH]c2C)n1C1=CCC(=O)N1,0.0,97.72
0.0,1.0,2.0,15.0,0.0,13.0,0.0,2.0,14,30,20,8,,1,,1,False,0.4666666666666667,0.0,0.0,0.0,0.0,0.0,0.0,1.0,0.0,0.0,0.0,1.0,0.0,0.0,1.0,0.0,14.0,0.07142857142857142,1.0,740,14,2.3723863773205403,2.917600000000001,182.222,0.0,0.0,1.0,2.0,2.0,O=C(c1ccccc1)c1ccccc1,0.0,17.07
0.0,0.6666666666666666,2.0,20.0,0.0,15.0,0.0,3.0,18,31,22,6,,1,,2,False,0.5806451612903226,0.0,0.0,0.13333333333333333,1.0,0.0,0.0,1.0,0.0,1.0,0.0,1.0,0.0,0.0,3.0,1.0,18.0,0.16666666666666666,3.0,741,18,3.322445479579189,3.4776000000000016,238.29,2.0,1.0,1.0,3.0,1.0,CC1=C(O)N(c2cccc3ccccc23)CN=C1,0.0,35.83
0.0,0.2,1.0,25.0,0.0,17.0,0.0,5.0,23,33,25,2,1,1,,4,False,0.696969696969697,0.0,0.0,0.6470588235294118,1.0,1.0,0.0,1.0,0.0,1.0,0.0,1.0,1.0,0.0,3.0,0.0,21.0,0.19047619047619047,4.0,742,23,2.264338696683973,2.5786000000000007,283.37500000000006,3.0,4.0,1.0,5.0,1.0,C1=C2CC2C2CCCc3cc(C4=NCCO4)nn3CC2C1,0.0,39.410000000000004
0.0,0.5,2.0,24.0,0.0,16.0,0.0,4.0,23,29,23,2,,,,4,False,0.7931034482758621,1.0,0.0,0.1875,1.0,0.0,0.0,1.0,0.0,1.0,0.0,1.0,0.0,0.0,3.0,0.0,21.0,0.23809523809523808,5.0,743,23,9.319139455480833,2.3802000000000003,281.29,3.0,2.0,1.0,4.0,0.0,O=C1CCN2Cc3cc(F)ccc3-c3cccnc3C2=N1,0.0,45.56
0.0,0.3333333333333333,1.0,24.0,2.0,19.0,0.0,3.0,18,27,18,6,,1,,2,False,0.6666666666666666,0.0,0.0,0.5789473684210527,1.0,0.0,0.0,1.0,1.0,1.0,0.0,1.0,0.0,0.0,3.0,2.0,22.0,0.13636363636363635,3.0,744,18,3.0805771226182475,2.4540000000000006,299.414,1.0,2.0,2.0,3.0,3.0,CC#CCNC1C2CC(O)CC(CCC1c1ccccc1)O2,0.0,41.489999999999995
0.0,0.6666666666666666,2.0,20.0,0.0,15.0,0.0,3.0,21,30,22,5,,,,3,False,0.7,0.0,0.0,0.2,1.0,0.0,0.0,1.0,0.0,1.0,0.0,1.0,0.0,0.0,3.0,1.0,18.0,0.16666666666666666,3.0,745,21,2.0390006897097623,3.349700000000002,242.27399999999997,0.0,1.0,3.0,3.0,1.0,COc1cc2c(c3cccc(O)c13)C(C)=CCO2,0.0,38.69
0.0,0.0,0.0,16.0,0.0,13.0,0.0,1.0,13,24,13,10,,,,1,False,0.5416666666666666,0.0,0.0,0.8461538461538461,0.0,0.0,0.0,0.0,0.0,0.0,0.0,1.0,0.0,0.0,3.0,2.0,16.0,0.1875,3.0,746,13,3.2703705376610164,2.415000000000001,227.34799999999996,1.0,1.0,2.0,1.0,6.0,CCC1=C(NCCC(C)CC)CC(O)CO1,0.0,41.489999999999995
0.0,0.5,1.0,21.0,0.0,15.0,0.0,2.0,21,31,21,8,,1,,1,False,0.6774193548387096,0.0,0.0,0.4,0.0,0.0,0.0,1.0,0.0,0.0,0.0,1.0,0.0,0.0,5.0,3.0,20.0,0.25,5.0,747,21,2.419100498601765,1.1875999999999995,275.35200000000003,3.0,1.0,2.0,2.0,6.0,COCC(O)C(NC1=C(C)C=NCN1)c1ccccc1,0.0,65.88
0.0,0.25,1.0,23.0,0.0,16.0,0.0,4.0,18,28,20,4,,,,4,False,0.6428571428571429,0.0,0.0,0.625,1.0,0.0,0.0,1.0,0.0,1.0,0.0,1.0,0.0,0.0,4.0,2.0,20.0,0.2,4.0,748,18,2.850740146986533,1.3398999999999992,274.36400000000003,2.0,3.0,2.0,4.0,0.0,CC12CCNC1C(O)C1Oc3ccccc3CN1CC2,0.0,44.73
0.0,0.0,0.0,14.0,0.0,9.0,0.0,1.0,20,29,20,8,,,,1,False,0.6896551724137931,0.0,0.0,0.6666666666666666,0.0,0.0,0.0,0.0,0.0,0.0,0.0,1.0,0.0,0.0,4.0,1.0,14.0,0.35714285714285715,5.0,749,20,2.761901302919616,-0.41350000000000015,200.23799999999997,2.0,1.0,3.0,1.0,4.0,CCN1C(OC)C=CC(=O)N1CCO,0.0,53.010000000000005
0.0,0.5,2.0,24.0,0.0,14.0,0.0,4.0,17,29,18,7,,,,4,False,0.5862068965517241,0.0,0.0,0.21428571428571427,1.0,0.0,0.0,1.0,0.0,1.0,0.0,1.0,0.0,0.0,6.0,3.0,21.0,0.3333333333333333,7.0,750,17,1.8898366507600606,1.1999799999999998,280.29099999999994,6.0,2.0,1.0,4.0,2.0,COc1cccc2[nH]c3c(c12)C1=NN=C(NCC#N)C1N3,0.0,97.59
0.0,0.6666666666666666,2.0,19.0,0.0,14.0,0.0,3.0,22,29,22,3,1,1,,2,False,0.7931034482758621,0.0,0.0,0.35714285714285715,1.0,0.0,0.0,1.0,0.0,1.0,0.0,1.0,0.0,0.0,2.0,1.0,17.0,0.17647058823529413,3.0,751,22,3.7294182936513463,1.9519,228.29500000000002,2.0,1.0,1.0,3.0,2.0,CCc1cc2n(n1)C(c1ccccc1)C(O)C2,0.0,38.05
0.0,0.6666666666666666,2.0,21.0,0.0,13.0,0.0,3.0,13,19,13,3,,1,,2,False,0.6842105263157895,1.0,0.0,0.3076923076923077,1.0,0.0,0.0,1.0,0.0,1.0,0.0,1.0,0.0,0.0,4.0,3.0,19.0,0.3157894736842105,6.0,752,13,3.3388112491587107,1.2404999999999997,262.2879999999999,4.0,1.0,1.0,3.0,2.0,Oc1ccccc1-c1cnn2c1CNCC(CF)N2,0.0,62.11000000000001
0.0,0.75,3.0,25.0,0.0,19.0,0.0,4.0,23,29,23,2,,1,,3,False,0.7931034482758621,0.0,0.0,0.2631578947368421,2.0,0.0,0.0,1.0,0.0,1.0,0.0,1.0,0.0,0.0,3.0,0.0,22.0,0.13636363636363635,3.0,753,23,3.368803941816988,3.8137000000000025,290.36600000000004,2.0,1.0,1.0,4.0,3.0,c1ccc2c(c1)CCC(COc1ncnc3ccccc13)C2,0.0,35.010000000000005
0.0,0.6666666666666666,2.0,23.0,0.0,18.0,0.0,3.0,21,27,21,3,,2,,1,False,0.7777777777777778,0.0,0.0,0.4444444444444444,0.0,0.0,0.0,1.0,0.0,0.0,0.0,1.0,0.0,0.0,3.0,1.0,21.0,0.14285714285714285,3.0,754,21,2.547862573440446,4.6231000000000035,281.40299999999996,3.0,1.0,0.0,3.0,4.0,CCNc1ncc(C2CCCCC2)nc1-c1ccccc1,0.0,37.81
0.0,0.6666666666666666,2.0,18.0,0.0,13.0,0.0,3.0,22,26,22,1,,1,,2,False,0.8461538461538461,0.0,0.0,0.3076923076923077,1.0,0.0,0.0,1.0,0.0,1.0,0.0,1.0,0.0,0.0,3.0,1.0,16.0,0.1875,3.0,755,22,3.3289549708064747,2.5406000000000004,214.26799999999994,2.0,1.0,1.0,3.0,1.0,Oc1cccc2cncc(N3CCCC3)c12,0.0,36.36000000000001
0.0,0.0,0.0,22.0,0.0,15.0,0.0,3.0,21,31,21,7,,1,,2,False,0.6774193548387096,0.0,0.0,0.8,1.0,0.0,1.0,0.0,0.0,1.0,0.0,1.0,1.0,0.0,4.0,2.0,20.0,0.25,5.0,756,21,4.08002156204731,0.6436999999999999,280.36800000000005,2.0,3.0,3.0,3.0,4.0,CCNCC1=C(C23CCC2(O)N(C)C(=O)C3)COCC1,0.0,61.8
0.0,0.0,0.0,16.0,0.0,11.0,0.0,1.0,21,32,21,10,,,,1,False,0.65625,0.0,0.0,0.9090909090909091,0.0,0.0,0.0,0.0,0.0,0.0,0.0,1.0,0.0,0.0,4.0,3.0,16.0,0.3125,5.0,757,21,3.081880985411772,-0.13609999999999883,229.32399999999996,3.0,1.0,2.0,1.0,7.0,NCCCCNC1CCCN(CC(=O)O)C1,0.0,78.59
0.0,0.0,0.0,15.0,0.0,11.0,0.0,1.0,16,28,17,10,,,,1,False,0.5714285714285714,0.0,0.0,0.8181818181818182,0.0,0.0,0.0,0.0,0.0,0.0,0.0,1.0,0.0,0.0,4.0,4.0,15.0,0.26666666666666666,4.0,758,16,2.0808657298902875,0.6047000000000016,212.341,4.0,1.0,0.0,1.0,6.0,CCCCCCC1=C(CN)NCNC1N,0.0,76.1
0.0,0.3333333333333333,1.0,18.0,0.0,12.0,0.0,3.0,22,29,22,3,1,1,,2,False,0.7931034482758621,0.0,0.0,0.5,1.0,0.0,0.0,1.0,0.0,1.0,0.0,1.0,0.0,0.0,3.0,0.0,16.0,0.25,4.0,759,22,3.097661206327608,1.9509,218.25599999999997,2.0,2.0,2.0,3.0,1.0,CC1(C)C(=O)n2nccc2C1C1=CCCO1,0.0,44.120000000000005
0.0,0.3333333333333333,1.0,20.0,0.0,13.0,0.0,3.0,23,29,23,2,1,1,,2,False,0.8275862068965517,0.0,0.0,0.6153846153846154,1.0,0.0,0.0,1.0,0.0,1.0,0.0,1.0,0.0,0.0,4.0,0.0,18.0,0.2777777777777778,5.0,760,23,2.9843309779190097,1.0853199999999998,246.31399999999996,4.0,2.0,1.0,3.0,1.0,Cc1nn(C)c2c1COC(C1=NCCN=CC1)C2,0.0,51.769999999999996
0.0,0.5,1.0,19.0,0.0,15.0,0.0,2.0,12,24,13,8,1,1,,1,False,0.5,0.0,0.0,0.6,0.0,0.0,0.0,1.0,0.0,0.0,0.0,1.0,0.0,0.0,2.0,3.0,18.0,0.16666666666666666,3.0,761,12,2.5555725421084157,1.5892000000000002,246.35399999999996,2.0,1.0,1.0,2.0,3.0,C#Cc1cc(CC2CC(O)CCC2N)c(CC)[nH]1,0.0,62.04
0.0,0.5,2.0,25.0,0.0,17.0,0.0,4.0,13,27,16,7,,1,,3,False,0.48148148148148145,0.0,0.0,0.17647058823529413,1.0,0.0,0.0,1.0,0.0,1.0,0.0,1.0,0.0,0.0,3.0,1.0,22.0,0.22727272727272727,5.0,762,13,2.245663352814468,3.141300000000002,293.326,3.0,2.0,2.0,4.0,2.0,O=C(O)n1cc(CC2=CN3c4ccccc4C=CC3C2)cn1,0.0,58.36
0.0,0.6666666666666666,2.0,22.0,0.0,17.0,0.0,3.0,21,28,21,4,,1,,2,False,0.75,0.0,0.0,0.23529411764705882,1.0,0.0,0.0,1.0,0.0,1.0,0.0,1.0,0.0,0.0,2.0,1.0,20.0,0.15,3.0,763,21,3.9001445319485253,2.925200000000001,267.328,1.0,1.0,2.0,3.0,2.0,CN1C=C(c2cc(CO)c3ccccc3c2)CCC1=O,0.0,40.54
0.0,0.6666666666666666,2.0,22.0,0.0,15.0,0.0,3.0,22,31,24,4,,2,,1,False,0.7096774193548387,0.0,0.0,0.3333333333333333,0.0,0.0,0.0,1.0,0.0,0.0,0.0,1.0,0.0,0.0,5.0,1.0,20.0,0.25,5.0,764,22,1.9790081797860848,3.2161000000000017,272.304,2.0,1.0,3.0,3.0,3.0,Oc1ccc(C2CCCCO2)c(Oc2cccnn2)c1,0.0,64.47
0.0,0.0,0.0,19.0,0.0,13.0,0.0,1.0,21,36,21,14,,,,1,False,0.5833333333333334,0.0,0.0,1.0,0.0,0.0,0.0,0.0,0.0,0.0,0.0,1.0,0.0,0.0,6.0,3.0,19.0,0.3157894736842105,6.0,765,21,3.366439789477221,0.7892000000000003,277.361,1.0,1.0,5.0,1.0,10.0,CNC(CCCCCOC)C(O)C1OCCC1OO,0.0,80.18
0.0,0.3333333333333333,1.0,24.0,0.0,15.0,0.0,3.0,18,28,19,6,,2,,1,False,0.6428571428571429,0.0,0.0,0.6,0.0,0.0,0.0,1.0,0.0,0.0,0.0,1.0,0.0,0.0,7.0,2.0,22.0,0.3181818181818182,7.0,766,18,2.9969230061165835,1.8930999999999998,304.398,6.0,2.0,1.0,3.0,5.0,CCOc1ccc(NN2CCNCC2C)c(N2CCN=N2)c1,0.0,64.49000000000001
0.0,0.3333333333333333,1.0,23.0,0.0,16.0,0.0,3.0,18,29,19,7,,1,,2,False,0.6206896551724138,0.0,0.0,0.4375,1.0,0.0,0.0,1.0,0.0,1.0,0.0,1.0,0.0,0.0,5.0,1.0,21.0,0.23809523809523808,5.0,767,18,2.9014238057123647,1.5488000000000002,286.379,4.0,2.0,1.0,3.0,5.0,CC1=NCCN1COc1ccc2c(c1)N(CCN)CC=C2,0.0,54.09
0.0,0.6666666666666666,2.0,21.0,0.0,16.0,0.0,3.0,21,26,21,2,,1,,2,False,0.8076923076923077,0.0,0.0,0.1875,1.0,0.0,0.0,1.0,0.0,1.0,0.0,1.0,0.0,0.0,3.0,1.0,19.0,0.15789473684210525,3.0,768,21,2.255748958111196,3.110000000000001,252.317,2.0,1.0,1.0,3.0,2.0,COc1cccc(C2=NCCc3ccccc3N2)c1,0.0,33.62
0.0,0.25,1.0,24.0,0.0,18.0,0.0,4.0,16,25,17,4,,1,,3,False,0.64,0.0,0.0,0.3888888888888889,1.0,0.0,0.0,1.0,0.0,1.0,0.0,1.0,0.0,0.0,2.0,1.0,21.0,0.14285714285714285,3.0,769,16,2.3158138777487416,2.9349000000000007,281.35499999999996,1.0,3.0,2.0,4.0,2.0,COc1cccc(C2=CC=CC34CCCC23CNC4=O)c1,0.0,38.33
0.0,0.5,1.0,21.0,0.0,17.0,0.0,2.0,23,34,23,9,,1,,1,False,0.6764705882352942,0.0,0.0,0.5294117647058824,0.0,0.0,0.0,1.0,0.0,0.0,0.0,1.0,0.0,0.0,3.0,3.0,20.0,0.15,3.0,770,23,2.892546113365089,2.7201000000000013,274.4079999999999,2.0,1.0,1.0,2.0,7.0,CC=CCNc1cccc(CCNC2CCCC2O)c1,0.0,44.29
0.0,1.0,1.0,21.0,0.0,18.0,0.0,1.0,18,33,18,14,,1,,,False,0.5454545454545454,0.0,0.0,0.6111111111111112,0.0,0.0,0.0,1.0,0.0,0.0,0.0,1.0,0.0,0.0,3.0,2.0,21.0,0.14285714285714285,3.0,771,18,2.0376726976264803,4.263200000000003,289.46700000000004,3.0,0.0,0.0,1.0,10.0,CC(=CCCCNCCCCC(C)C)c1ccc(N)nc1,0.0,50.94
0.0,0.3333333333333333,1.0,22.0,0.0,16.0,0.0,3.0,21,28,21,4,,1,,2,False,0.75,0.0,0.0,0.3125,1.0,0.0,0.0,1.0,0.0,1.0,0.0,1.0,0.0,0.0,3.0,2.0,20.0,0.2,4.0,772,21,3.4838740795405037,1.6765999999999994,269.348,3.0,2.0,1.0,3.0,1.0,CC1=CC2C(=O)NC(N)C(c3ccccc3)N2C(C)=C1,0.0,58.36000000000001
0.0,1.0,1.0,16.0,0.0,16.0,0.0,1.0,16,27,16,10,,,,1,False,0.5925925925925926,0.0,0.0,0.375,0.0,0.0,0.0,1.0,0.0,0.0,0.0,1.0,0.0,0.0,0.0,0.0,16.0,0.0,0.0,773,16,2.299493385674046,5.008600000000004,214.35199999999995,0.0,0.0,0.0,1.0,4.0,CCC(C)=Cc1cccc(CC=C(C)C)c1,0.0,0.0
0.0,0.6666666666666666,2.0,25.0,0.0,18.0,0.0,3.0,13,27,16,8,,2,,1,False,0.48148148148148145,2.0,0.0,0.4444444444444444,0.0,0.0,0.0,1.0,0.0,0.0,0.0,1.0,0.0,0.0,3.0,0.0,23.0,0.21739130434782608,5.0,774,13,1.9411412825480108,4.673000000000004,318.36700000000013,2.0,1.0,1.0,3.0,4.0,COc1ccccc1C(F)(F)c1cncc(C2CCCCC2)n1,0.0,35.010000000000005
0.0,1.0,1.0,9.0,0.0,7.0,0.0,1.0,14,22,16,5,,,,1,False,0.6363636363636364,0.0,0.0,0.14285714285714285,0.0,0.0,0.0,1.0,0.0,0.0,0.0,1.0,0.0,0.0,2.0,1.0,9.0,0.2222222222222222,2.0,775,14,3.0940446911967605,1.4008,124.13899999999997,0.0,0.0,2.0,1.0,1.0,COc1ccc(O)cc1,0.0,29.46
0.0,1.0,3.0,24.0,0.0,14.0,0.0,3.0,19,30,20,7,,1,,2,False,0.6333333333333333,0.0,0.0,0.14285714285714285,1.0,0.0,0.0,1.0,0.0,1.0,0.0,1.0,0.0,0.0,8.0,2.0,22.0,0.36363636363636365,8.0,776,19,2.86093470977838,0.5461999999999997,295.3059999999999,7.0,0.0,1.0,3.0,4.0,CNc1nc2ncccc2nc1C(=O)c1cc(CN)ncn1,0.0,119.57000000000001
0.0,1.0,1.0,16.0,0.0,13.0,0.0,1.0,22,33,22,10,,,,1,False,0.6666666666666666,0.0,0.0,0.46153846153846156,0.0,0.0,0.0,1.0,0.0,0.0,0.0,1.0,0.0,0.0,2.0,1.0,16.0,0.1875,3.0,777,22,3.1208787340493656,2.8349200000000003,221.29999999999998,1.0,0.0,2.0,1.0,3.0,COC(C)(C)c1cc(C)cc(NC(C)=O)c1,0.0,38.33
0.0,0.0,0.0,17.0,0.0,11.0,0.0,2.0,10,31,16,12,1,1,,1,False,0.3225806451612903,0.0,0.0,0.7272727272727273,0.0,0.0,0.0,0.0,0.0,0.0,0.0,1.0,0.0,0.0,4.0,2.0,16.0,0.3125,5.0,778,10,2.404951389109807,-0.3419999999999992,225.29199999999997,3.0,2.0,2.0,2.0,5.0,CCOCC(C1=CCCN1)N1CNC(=O)C1,0.0,53.6
0.0,1.0,1.0,16.0,0.0,15.0,0.0,1.0,18,29,18,10,,,,1,False,0.6206896551724138,0.0,0.0,0.4666666666666667,0.0,0.0,0.0,1.0,0.0,0.0,0.0,1.0,0.0,0.0,1.0,1.0,16.0,0.0625,1.0,779,18,2.6892164229410076,3.565100000000003,217.35600000000002,1.0,0.0,0.0,1.0,7.0,CC(C)=CCNCCCCc1ccccc1,0.0,12.03
0.0,0.0,0.0,24.0,2.0,20.0,0.0,3.0,12,24,13,8,,1,,2,False,0.5,0.0,0.0,0.8,1.0,0.0,0.0,0.0,1.0,1.0,0.0,1.0,0.0,0.0,2.0,0.0,22.0,0.09090909090909091,2.0,780,12,2.355149218929217,5.106000000000005,304.47400000000005,0.0,3.0,2.0,3.0,4.0,COCCC1CCC2CCCC1C2(C)C1=C(C)C=C(C)CO1,0.0,18.46
0.0,0.5,2.0,24.0,0.0,16.0,0.0,4.0,21,31,23,4,,1,,3,False,0.6774193548387096,0.0,0.0,0.4375,2.0,0.0,0.0,1.0,0.0,1.0,0.0,1.0,0.0,0.0,4.0,1.0,21.0,0.23809523809523808,5.0,781,21,2.0304990008467825,2.0917,284.36299999999994,4.0,2.0,1.0,4.0,2.0,CC1COc2ccc(CN3CCn4cccc4C3)nc2N1,0.0,42.32
0.0,1.0,1.0,11.0,0.0,7.0,0.0,1.0,10,23,13,9,,,,1,False,0.43478260869565216,0.0,0.0,0.2857142857142857,0.0,0.0,0.0,1.0,0.0,0.0,0.0,1.0,0.0,0.0,3.0,1.0,11.0,0.36363636363636365,4.0,782,10,3.7967431896925143,1.29482,156.13699999999997,0.0,0.0,4.0,1.0,2.0,COc1cc(C(=O)O)oc1C,0.0,59.67
0.0,0.16666666666666666,1.0,26.0,4.0,17.0,0.0,4.0,20,30,21,5,,,,4,False,0.6666666666666666,0.0,0.0,0.5294117647058824,1.0,0.0,0.0,1.0,1.0,1.0,1.0,1.0,0.0,0.0,5.0,4.0,23.0,0.2608695652173913,6.0,783,20,2.6140171409731843,1.06142,313.40500000000003,5.0,5.0,1.0,6.0,0.0,Cc1n[nH]c2c1C=C1C=CC3CNCCC1C(N)C(C)(O)C3=N2,0.0,99.32000000000001
0.0,0.2,1.0,24.0,0.0,14.0,0.0,5.0,23,28,23,,,1,,4,False,0.8214285714285714,0.0,0.0,0.35714285714285715,1.0,0.0,1.0,1.0,0.0,1.0,0.0,1.0,1.0,1.0,6.0,1.0,20.0,0.3,6.0,784,23,2.5918573816447386,2.1052999999999997,267.29200000000003,5.0,4.0,1.0,5.0,1.0,C1=C(c2ccoc2)C2(CCNC2)N2C3=NN=NC3=C2C1,1.0,65.49000000000001
0.0,0.3333333333333333,1.0,18.0,0.0,15.0,0.0,3.0,21,25,21,1,,1,,2,False,0.84,0.0,0.0,0.4666666666666667,1.0,0.0,0.0,1.0,0.0,1.0,0.0,1.0,0.0,0.0,1.0,0.0,16.0,0.0625,1.0,785,21,3.951611613043634,3.3728000000000016,213.32399999999996,1.0,2.0,0.0,3.0,2.0,c1ccc(CC2=C3CCCCN3CC2)cc1,0.0,3.24
0.0,0.5,1.0,22.0,0.0,16.0,0.0,2.0,22,34,22,10,,1,,1,False,0.6470588235294118,0.0,0.0,0.625,0.0,0.0,0.0,1.0,0.0,0.0,0.0,1.0,0.0,0.0,5.0,2.0,21.0,0.23809523809523808,5.0,786,22,3.7169404091539757,1.7916999999999996,294.395,2.0,1.0,3.0,2.0,7.0,CCNOCC1(OC)CCC(N)(OC)C1c1ccccc1,0.0,65.74
0.0,0.5,1.0,19.0,0.0,14.0,0.0,2.0,23,33,23,7,1,1,,1,False,0.7272727272727273,0.0,0.0,0.5714285714285714,0.0,0.0,0.0,1.0,0.0,0.0,0.0,1.0,0.0,0.0,4.0,3.0,18.0,0.2222222222222222,4.0,787,23,9.810644833306577,0.7186999999999997,250.342,2.0,1.0,2.0,2.0,5.0,NC1CN(CCCCc2cccc(O)c2)CC1O,0.0,69.72
0.0,0.0,0.0,7.0,0.0,6.0,0.0,1.0,22,25,22,1,1,,,1,False,0.88,0.0,0.0,1.0,0.0,0.0,0.0,0.0,0.0,0.0,0.0,1.0,0.0,0.0,1.0,1.0,7.0,0.14285714285714285,1.0,788,22,3.4621500444784905,1.3114,100.161,0.0,1.0,1.0,1.0,0.0,OC1CCCCC1,0.0,20.23
0.0,1.0,4.0,24.0,0.0,16.0,0.0,4.0,17,25,19,2,,2,,2,False,0.68,0.0,0.0,0.0,1.0,0.0,0.0,1.0,0.0,1.0,0.0,1.0,0.0,0.0,4.0,1.0,21.0,0.23809523809523808,5.0,789,17,2.8716809629378384,3.081900000000001,273.299,5.0,0.0,0.0,4.0,2.0,c1cc(-c2nccc(-c3ccnc4[nH]ccc34)n2)ccn1,0.0,67.35
0.0,0.5,1.0,23.0,0.0,18.0,0.0,2.0,11,23,11,10,,1,,1,False,0.4782608695652174,0.0,0.0,0.6111111111111112,0.0,0.0,0.0,1.0,0.0,0.0,0.0,1.0,0.0,0.0,4.0,1.0,22.0,0.18181818181818182,4.0,790,11,5.140727370623598,3.2638000000000016,301.434,3.0,1.0,1.0,2.0,7.0,CCCC1CCNC(C(CC=C(C)C=O)c2cnccn2)C1,0.0,54.88
0.0,0.0,0.0,11.0,0.0,6.0,0.0,0.0,17,29,17,11,1,,,,False,0.6206896551724138,3.0,0.0,0.8333333333333334,0.0,0.0,0.0,0.0,0.0,0.0,0.0,0.0,0.0,0.0,3.0,1.0,12.0,0.5,6.0,791,17,2.2611562444445377,1.8055,185.145,1.0,0.0,2.0,0.0,4.0,CC(CCOCC(F)(F)F)=NO,0.0,41.82
0.0,0.6666666666666666,2.0,20.0,0.0,12.0,0.0,3.0,18,25,18,4,,1,,2,False,0.72,0.0,0.0,0.4166666666666667,1.0,0.0,0.0,1.0,0.0,1.0,0.0,1.0,0.0,0.0,3.0,3.0,18.0,0.3333333333333333,6.0,792,18,2.6535384448916757,0.5011999999999994,245.28599999999997,5.0,1.0,1.0,3.0,4.0,O=CNCC1(c2cc[nH]c2)CCCc2n[nH]nc21,0.0,86.46
0.0,0.3333333333333333,1.0,22.0,0.0,15.0,0.0,3.0,23,35,24,8,,,,3,False,0.6571428571428571,1.0,0.0,0.4666666666666667,1.0,0.0,0.0,1.0,0.0,1.0,0.0,1.0,0.0,0.0,4.0,0.0,20.0,0.25,5.0,793,23,3.7861504535128145,2.955700000000001,277.29499999999996,1.0,2.0,3.0,3.0,2.0,COc1cc2c(c3c1CCC(OC)C3F)C(=O)C(C)=N2,0.0,47.89
0.0,1.0,2.0,19.0,0.0,14.0,0.0,2.0,16,34,20,12,,,,2,False,0.47058823529411764,0.0,0.0,0.14285714285714285,1.0,0.0,0.0,1.0,0.0,1.0,0.0,1.0,0.0,0.0,3.0,2.0,18.0,0.2222222222222222,4.0,794,16,2.88906292532942,2.649720000000001,242.278,2.0,0.0,2.0,2.0,2.0,CC(=O)NC=Nc1cc2c(O)cccc2cc1C,0.0,61.69
0.0,1.0,3.0,23.0,0.0,16.0,0.0,3.0,18,27,18,6,,1,,2,False,0.6666666666666666,0.0,0.0,0.1875,1.0,0.0,0.0,1.0,0.0,1.0,0.0,1.0,0.0,0.0,4.0,2.0,21.0,0.23809523809523808,5.0,795,18,2.548869273033511,2.4554,280.331,4.0,0.0,1.0,3.0,5.0,Nc1cc(CC(CC=O)c2cc3ccccc3[nH]2)ncn1,0.0,84.66000000000001
0.0,0.5,1.0,18.0,0.0,11.0,0.0,2.0,20,27,20,5,,1,,1,False,0.7407407407407407,0.0,0.0,0.7272727272727273,0.0,0.0,0.0,1.0,0.0,0.0,0.0,1.0,0.0,0.0,6.0,1.0,17.0,0.35294117647058826,6.0,796,20,3.1173073920281587,0.3691999999999998,238.29099999999997,4.0,1.0,2.0,2.0,3.0,CCc1cnc(N2CCOCC2(O)CC)nn1,0.0,71.37
0.0,1.0,3.0,20.0,0.0,9.0,0.0,3.0,18,25,18,4,,1,,2,False,0.72,0.0,0.0,0.1111111111111111,1.0,0.0,0.0,1.0,0.0,1.0,0.0,1.0,0.0,0.0,7.0,3.0,18.0,0.5,9.0,797,18,3.5936548584690784,0.04449999999999965,247.21800000000005,7.0,0.0,2.0,3.0,2.0,COc1cc(N)c2c(nnn2O)c1-c1nnc[nH]1,0.0,127.76000000000002
0.0,0.6666666666666666,2.0,22.0,0.0,15.0,0.0,3.0,21,30,21,6,,1,,2,False,0.7,0.0,0.0,0.06666666666666667,1.0,0.0,1.0,1.0,0.0,1.0,0.0,1.0,1.0,0.0,4.0,2.0,20.0,0.25,5.0,798,21,3.094620520106386,3.021700000000001,268.272,2.0,1.0,3.0,3.0,3.0,CC(=O)Nc1nc2c(cc1Oc1ccccc1O)C=C2,0.0,71.45
0.0,0.6666666666666666,2.0,25.0,0.0,19.0,0.0,3.0,19,32,20,9,,,,3,False,0.59375,0.0,0.0,0.2631578947368421,1.0,0.0,0.0,1.0,0.0,1.0,0.0,1.0,0.0,0.0,4.0,1.0,23.0,0.17391304347826086,4.0,799,19,3.2713815107364708,2.991200000000002,309.36500000000007,1.0,1.0,3.0,3.0,4.0,CCOC(=O)CNc1cccc2c1CCc1ccccc1C2=O,0.0,55.4
0.0,1.0,3.0,24.0,0.0,18.0,0.0,3.0,15,26,16,7,,1,,2,False,0.5769230769230769,1.0,0.0,0.16666666666666666,1.0,0.0,0.0,1.0,0.0,1.0,0.0,1.0,0.0,0.0,3.0,0.0,22.0,0.18181818181818182,4.0,800,15,2.359112475931173,3.981900000000003,297.32900000000006,1.0,0.0,2.0,3.0,4.0,COc1ccc(F)c2cc(Cc3ccccn3)cc(OC)c12,0.0,31.35
0.0,0.25,1.0,25.0,0.0,19.0,0.0,4.0,17,24,18,2,,1,,3,False,0.7083333333333334,0.0,0.0,0.631578947368421,1.0,0.0,0.0,1.0,0.0,1.0,0.0,1.0,0.0,0.0,2.0,2.0,22.0,0.13636363636363635,3.0,801,17,2.698523926862901,2.852100000000001,298.4300000000001,2.0,3.0,1.0,4.0,1.0,O=C1NCCCCC1c1cccc2c1CCNC1CCCC21,0.0,41.13
0.0,0.0,0.0,24.0,3.0,17.0,0.0,5.0,14,21,15,1,,,,5,False,0.6666666666666666,0.0,0.0,0.7647058823529411,1.0,0.0,0.0,0.0,1.0,1.0,0.0,1.0,0.0,1.0,3.0,0.0,20.0,0.15,3.0,802,14,1.2139882441903933,3.0109000000000012,270.376,2.0,5.0,1.0,5.0,0.0,C1=CC2OCC3C4=NCCC35CC2(C=N1)CCC5CC4,2.0,33.95
0.0,0.6666666666666666,2.0,19.0,0.0,11.0,0.0,3.0,20,28,21,3,1,1,,2,False,0.7142857142857143,0.0,0.0,0.09090909090909091,1.0,0.0,0.0,1.0,0.0,1.0,0.0,1.0,0.0,0.0,4.0,1.0,17.0,0.35294117647058826,6.0,803,20,2.194023357619538,0.21509999999999962,228.21100000000004,4.0,1.0,2.0,3.0,1.0,O=C1NCc2nnc(-c3ccccc3)n2C1=O,0.0,76.88
0.0,1.0,1.0,19.0,0.0,12.0,0.0,1.0,22,36,22,13,,,,1,False,0.6111111111111112,1.0,0.0,0.16666666666666666,0.0,0.0,0.0,1.0,0.0,0.0,0.0,1.0,0.0,0.0,5.0,2.0,19.0,0.3684210526315789,7.0,804,22,3.6779515260659577,1.3375,270.212,0.0,0.0,6.0,1.0,6.0,C=CCOCC(=O)Oc1cc(O)cc(C(=O)O)c1F,0.0,93.06000000000002
0.0,0.0,0.0,25.0,2.0,16.0,0.0,3.0,21,31,22,6,,,,3,False,0.6774193548387096,0.0,0.0,0.6875,1.0,0.0,0.0,0.0,1.0,1.0,1.0,1.0,0.0,0.0,7.0,3.0,23.0,0.30434782608695654,7.0,805,21,2.9340761884668227,0.5624000000000005,319.40900000000005,5.0,3.0,2.0,3.0,1.0,CN=C1C=CC2=CN=NC2CNC2CCCC(CN)(OC2)C1O,0.0,104.59
0.0,0.25,1.0,21.0,0.0,15.0,0.0,4.0,23,28,23,1,,,,4,False,0.8214285714285714,0.0,0.0,0.26666666666666666,1.0,0.0,0.0,1.0,0.0,1.0,0.0,1.0,0.0,0.0,3.0,0.0,18.0,0.16666666666666666,3.0,806,23,1.8259734813562527,3.9231000000000025,235.29000000000002,3.0,3.0,0.0,4.0,0.0,CC1=C2CC3=CC=NC3c3ccccc3C2N=N1,0.0,37.08
0.0,1.0,2.0,19.0,0.0,15.0,0.0,2.0,21,31,22,7,,1,,1,False,0.6774193548387096,0.0,0.0,0.13333333333333333,0.0,0.0,0.0,1.0,0.0,0.0,0.0,1.0,0.0,0.0,3.0,1.0,18.0,0.16666666666666666,3.0,807,21,2.848530862300347,3.178980000000002,238.29000000000002,2.0,0.0,1.0,2.0,4.0,COc1ccc(NCc2ccccc2)c(C#N)c1,0.0,45.05
0.0,0.25,1.0,25.0,0.0,17.0,0.0,4.0,22,36,25,7,,,,4,False,0.6111111111111112,0.0,0.0,0.47058823529411764,1.0,0.0,0.0,1.0,0.0,1.0,0.0,1.0,0.0,1.0,4.0,2.0,22.0,0.22727272727272727,5.0,808,22,4.196728849376385,2.3662,300.3580000000002,2.0,3.0,3.0,4.0,2.0,O=C(O)CC1COCC12Nc1ccccc1C1=CCCCN12,1.0,61.800000000000004
0.0,1.0,4.0,23.0,0.0,16.0,0.0,4.0,23,30,23,3,,,,4,False,0.7666666666666667,0.0,0.0,0.125,1.0,0.0,0.0,1.0,0.0,1.0,0.0,1.0,0.0,0.0,3.0,2.0,20.0,0.2,4.0,809,23,2.691909060298647,3.5867400000000016,263.3,3.0,0.0,1.0,4.0,0.0,Cc1cc2c(nc(C)c3cnc4ccc(O)cc4c32)[nH]1,0.0,61.800000000000004
0.0,0.5,1.0,22.0,0.0,15.0,0.0,2.0,6,21,8,11,,1,,1,False,0.2857142857142857,0.0,0.0,0.6666666666666666,0.0,0.0,0.0,1.0,0.0,0.0,0.0,1.0,0.0,0.0,6.0,2.0,21.0,0.2857142857142857,6.0,810,6,2.91388392508926,0.9068999999999998,296.3670000000001,2.0,1.0,4.0,2.0,6.0,COCC1(OC)CCN(Cc2ncc(CO)cc2O)CC1,0.0,75.05000000000001
0.0,0.0,0.0,26.0,2.0,21.0,0.0,3.0,22,31,22,6,,,,3,False,0.7096774193548387,0.0,0.0,0.7619047619047619,1.0,0.0,0.0,0.0,1.0,1.0,1.0,1.0,0.0,0.0,2.0,2.0,24.0,0.125,3.0,811,22,2.138150060261152,4.106100000000003,330.5160000000001,2.0,3.0,1.0,3.0,2.0,CC1=CC2=CCCCC3(CC(NC(C)C)CCCC1)C(=O)NCC23,0.0,41.13
0.0,0.5,1.0,23.0,0.0,16.0,0.0,2.0,9,23,9,11,1,1,,1,False,0.43478260869565216,0.0,0.0,0.75,0.0,0.0,0.0,1.0,0.0,0.0,0.0,1.0,0.0,0.0,5.0,3.0,22.0,0.2727272727272727,6.0,812,9,2.9623387889939155,1.1975,311.4260000000001,3.0,1.0,3.0,2.0,10.0,COC1CCCCC1COc1ccn(NCCNCCO)c1,0.0,67.68
0.0,0.5,1.0,17.0,0.0,12.0,0.0,2.0,19,27,20,5,,1,,1,False,0.7037037037037037,0.0,0.0,0.25,0.0,0.0,0.0,1.0,0.0,0.0,0.0,1.0,0.0,0.0,4.0,0.0,16.0,0.25,4.0,813,19,1.7325200461258687,1.904,217.272,3.0,1.0,1.0,2.0,3.0,COc1cccc(N(C)N2C=CC=NC2)c1,0.0,28.07
0.0,0.3333333333333333,1.0,24.0,0.0,17.0,0.0,3.0,23,32,24,5,,,,3,False,0.71875,1.0,0.0,0.35294117647058826,1.0,0.0,0.0,1.0,0.0,1.0,1.0,1.0,0.0,0.0,2.0,2.0,22.0,0.22727272727272727,5.0,814,23,3.0342814323581226,4.286400000000003,302.34900000000005,2.0,2.0,2.0,3.0,0.0,CC1=CC(O)=CCCCCN2C(=O)Nc3cccc(F)c3C12,0.0,52.57
0.0,0.75,3.0,22.0,0.0,13.0,0.0,4.0,20,25,20,1,,1,,3,False,0.8,0.0,0.0,0.15384615384615385,1.0,0.0,0.0,1.0,0.0,1.0,0.0,1.0,0.0,0.0,5.0,2.0,19.0,0.3157894736842105,6.0,815,20,3.2898079055796527,1.8390999999999997,252.281,6.0,1.0,0.0,4.0,1.0,CN1CNc2cc3nc[nH]c3c(-c3cnccn3)c21,0.0,69.73
0.0,1.0,1.0,14.0,0.0,10.0,0.0,1.0,19,31,20,10,,,,1,False,0.6129032258064516,0.0,0.0,0.5,0.0,0.0,0.0,1.0,0.0,0.0,0.0,1.0,0.0,0.0,3.0,2.0,14.0,0.2857142857142857,4.0,816,19,2.703048905211774,1.3417999999999999,196.24999999999997,2.0,0.0,2.0,1.0,6.0,COCCCC=Cc1cnc(CO)[nH]1,0.0,58.14
0.0,0.0,0.0,17.0,0.0,11.0,0.0,1.0,20,33,20,11,1,,,1,False,0.6363636363636364,0.0,0.0,0.9090909090909091,0.0,0.0,0.0,0.0,0.0,0.0,0.0,1.0,0.0,0.0,5.0,1.0,17.0,0.35294117647058826,6.0,817,20,3.977590702544193,-0.42999999999999744,246.307,2.0,1.0,4.0,1.0,5.0,CCOCC(=O)N1CCC(OC)C(OC)C1N,0.0,74.02
0.0,1.0,2.0,17.0,0.0,13.0,0.0,2.0,23,29,23,4,,1,,1,False,0.7931034482758621,0.0,0.0,0.15384615384615385,0.0,0.0,0.0,1.0,0.0,0.0,0.0,1.0,0.0,0.0,3.0,0.0,16.0,0.1875,3.0,818,23,3.636579060932478,2.7658000000000005,215.25199999999998,1.0,0.0,2.0,2.0,3.0,COc1ccc(-c2ccccn2)cc1OC,0.0,31.35
0.0,0.5,1.0,19.0,0.0,12.0,0.0,2.0,23,31,23,6,,1,,1,False,0.7419354838709677,0.0,0.0,0.3333333333333333,0.0,0.0,0.0,1.0,0.0,0.0,0.0,1.0,0.0,0.0,5.0,2.0,18.0,0.3333333333333333,6.0,819,23,2.7375286112648087,0.7856000000000001,248.28599999999994,4.0,1.0,2.0,2.0,2.0,COc1ccc(C(=O)N2CCCC(N)=N2)c(N)c1,0.0,93.94
0.0,0.5,1.0,16.0,0.0,13.0,0.0,2.0,21,29,21,6,,1,,1,False,0.7241379310344828,0.0,0.0,0.6153846153846154,0.0,1.0,0.0,1.0,0.0,0.0,0.0,1.0,1.0,0.0,2.0,1.0,15.0,0.13333333333333333,2.0,820,21,3.241251651679538,3.326900000000002,205.30099999999993,1.0,1.0,1.0,2.0,4.0,CC(C)CC(c1cccnc1O)C1CC1,0.0,33.120000000000005
0.0,0.3333333333333333,1.0,19.0,0.0,12.0,0.0,3.0,18,31,22,6,,1,,2,False,0.5806451612903226,0.0,0.0,0.4166666666666667,1.0,0.0,0.0,1.0,0.0,1.0,0.0,1.0,0.0,0.0,4.0,4.0,17.0,0.29411764705882354,5.0,821,18,2.396303000264209,0.6145699999999998,233.27099999999996,3.0,2.0,2.0,3.0,1.0,N=C1NCC(O)c2cccc(C3CCON3)c21,0.0,77.37
0.0,1.0,1.0,15.0,0.0,12.0,0.0,1.0,18,30,19,10,,,,1,False,0.6,1.0,0.0,0.3333333333333333,0.0,0.0,0.0,1.0,0.0,0.0,0.0,1.0,0.0,0.0,2.0,1.0,15.0,0.2,3.0,822,18,2.7604196105278045,2.7498000000000005,210.248,0.0,0.0,2.0,1.0,3.0,COc1cc(CO)c(F)cc1C=C(C)C,0.0,29.46
0.0,0.6666666666666666,2.0,20.0,0.0,15.0,0.0,3.0,16,28,19,6,,1,,2,False,0.5714285714285714,0.0,0.0,0.13333333333333333,1.0,0.0,0.0,1.0,0.0,1.0,0.0,1.0,0.0,0.0,2.0,1.0,18.0,0.16666666666666666,3.0,823,16,3.023738724925178,2.5501000000000005,239.27400000000003,1.0,1.0,2.0,3.0,2.0,O=C(NC1COc2ccccc21)c1ccccc1,0.0,38.33
0.0,1.0,1.0,13.0,0.0,9.0,0.0,1.0,17,27,18,8,,,,1,False,0.6296296296296297,0.0,0.0,0.1111111111111111,0.0,0.0,0.0,1.0,0.0,0.0,0.0,1.0,0.0,0.0,3.0,1.0,13.0,0.3076923076923077,4.0,824,17,2.550178896758466,1.0421799999999999,177.15899999999996,1.0,0.0,3.0,1.0,3.0,N#CC(Oc1ccccc1)C(=O)O,0.0,70.32
0.0,0.0,0.0,24.0,2.0,14.0,0.0,4.0,21,29,21,4,,,,4,False,0.7241379310344828,0.0,0.0,0.5,1.0,0.0,0.0,0.0,1.0,1.0,0.0,1.0,0.0,0.0,6.0,3.0,21.0,0.3333333333333333,7.0,825,21,4.592024515715872,-0.21739999999999843,287.32300000000004,5.0,4.0,2.0,4.0,1.0,CC(=O)NC12CCOC1CC1=CNC3=NCNC=C2C1=N3,0.0,87.11
0.0,0.0,0.0,17.0,0.0,11.0,0.0,2.0,17,28,19,6,1,1,,1,False,0.6071428571428571,0.0,0.0,0.7272727272727273,0.0,0.0,0.0,0.0,0.0,0.0,0.0,1.0,0.0,0.0,4.0,1.0,16.0,0.3125,5.0,826,17,2.7623945319388308,-0.04229999999999978,225.29199999999994,3.0,2.0,2.0,2.0,3.0,CCN1CCNC(ON2CC=CCC2=O)C1,0.0,44.81
0.0,0.0,0.0,17.0,0.0,14.0,0.0,3.0,17,24,20,1,,1,,2,False,0.7083333333333334,0.0,0.0,0.8571428571428571,1.0,0.0,0.0,0.0,0.0,1.0,0.0,1.0,0.0,0.0,1.0,1.0,15.0,0.06666666666666667,1.0,827,17,4.709804957771216,3.614200000000003,205.34499999999997,1.0,3.0,0.0,3.0,1.0,C1CNC2=C(C1)CCCC2C1CCCC1,0.0,12.03
0.0,0.6666666666666666,2.0,17.0,0.0,10.0,0.0,3.0,20,23,20,,,1,,2,False,0.8695652173913043,0.0,0.0,0.2,1.0,0.0,0.0,1.0,0.0,1.0,0.0,1.0,0.0,0.0,4.0,0.0,15.0,0.3333333333333333,5.0,828,20,3.4046202014753755,1.0384999999999995,203.20099999999994,3.0,1.0,2.0,3.0,1.0,c1cc2c(c(-n3nccn3)c1)OCCO2,0.0,49.17
0.0,0.5,2.0,22.0,0.0,13.0,0.0,4.0,17,22,17,1,,1,,3,False,0.7727272727272727,0.0,0.0,0.3076923076923077,1.0,0.0,0.0,1.0,0.0,1.0,0.0,1.0,0.0,0.0,4.0,1.0,19.0,0.3157894736842105,6.0,829,17,2.108478876428675,0.8131999999999993,255.28100000000003,5.0,2.0,1.0,4.0,1.0,O=c1ncc2c([nH]1)N1CC(n3ccnc3)CC1C=C2,0.0,66.81
0.0,0.25,1.0,23.0,2.0,17.0,0.0,3.0,18,29,18,8,,,,3,False,0.6206896551724138,0.0,0.0,0.5294117647058824,1.0,0.0,0.0,1.0,1.0,1.0,0.0,1.0,0.0,0.0,4.0,1.0,21.0,0.19047619047619047,4.0,830,18,3.0263374929358684,3.4445000000000023,290.35900000000004,0.0,3.0,4.0,4.0,4.0,CCOC1CC2=C(CC)COC1c1cc(O)cc(OC)c12,0.0,47.92
0.0,0.6666666666666666,2.0,22.0,0.0,16.0,0.0,3.0,22,31,23,5,,1,,2,False,0.7096774193548387,0.0,0.0,0.25,1.0,0.0,0.0,1.0,0.0,1.0,0.0,1.0,0.0,0.0,4.0,0.0,20.0,0.2,4.0,831,22,3.3435621820728536,2.858600000000001,269.29999999999995,1.0,1.0,3.0,3.0,2.0,COc1cc(-c2ccccn2)cc2c1COC(C)C2=O,0.0,48.42
0.0,1.0,3.0,22.0,0.0,16.0,0.0,3.0,16,32,24,5,,2,,1,False,0.5,0.0,0.0,0.125,0.0,0.0,0.0,1.0,0.0,0.0,0.0,1.0,0.0,0.0,3.0,0.0,20.0,0.2,4.0,832,16,3.07467630025222,3.080700000000001,265.31600000000003,3.0,0.0,1.0,3.0,4.0,COCc1ncnn1-c1cccc(-c2ccccc2)c1,0.0,39.940000000000005
0.0,0.5,2.0,25.0,0.0,20.0,0.0,4.0,20,32,22,6,,2,,2,False,0.625,0.0,0.0,0.4,1.0,1.0,0.0,1.0,0.0,1.0,0.0,1.0,1.0,0.0,2.0,0.0,22.0,0.09090909090909091,2.0,833,20,3.122984788715547,4.154100000000003,293.4100000000001,1.0,2.0,1.0,4.0,5.0,CCc1ccc(CC2CCCN2Oc2ccccc2)c2c1C2,0.0,12.47
0.0,1.0,3.0,23.0,0.0,20.0,0.0,3.0,20,26,20,3,,2,,1,False,0.7692307692307693,0.0,0.0,0.05,0.0,0.0,0.0,1.0,0.0,0.0,0.0,1.0,0.0,0.0,1.0,0.0,21.0,0.047619047619047616,1.0,834,20,3.146055593251784,5.060600000000004,271.363,1.0,0.0,0.0,3.0,3.0,CC(=C(c1ccccc1)c1ccccc1)c1cccnc1,0.0,12.89
0.0,0.6666666666666666,2.0,23.0,0.0,16.0,0.0,3.0,18,31,24,4,,,,3,False,0.5806451612903226,0.0,0.0,0.3125,1.0,0.0,0.0,1.0,0.0,1.0,1.0,1.0,0.0,0.0,4.0,0.0,21.0,0.23809523809523808,5.0,835,18,2.0268551709260576,2.4889,283.33099999999996,3.0,1.0,2.0,3.0,1.0,O=Cc1cccc2c1CC=CCCCOCc1ncnn1-2,0.0,57.01
0.0,0.5,1.0,16.0,0.0,12.0,0.0,2.0,19,26,19,4,1,1,,1,False,0.7692307692307693,0.0,0.0,0.75,0.0,0.0,0.0,1.0,0.0,0.0,0.0,1.0,0.0,0.0,2.0,0.0,15.0,0.2,3.0,836,19,2.404350940135325,2.06752,207.32099999999997,3.0,1.0,0.0,2.0,4.0,Cc1cn(CCCN2CCCCC2)cn1,0.0,21.060000000000002
0.0,0.3333333333333333,1.0,21.0,0.0,14.0,0.0,3.0,21,29,22,4,,2,,1,False,0.7241379310344828,0.0,0.0,0.7857142857142857,0.0,0.0,0.0,1.0,0.0,0.0,0.0,1.0,0.0,0.0,4.0,1.0,19.0,0.2631578947368421,5.0,837,21,3.1460974979623577,1.1685200000000004,263.38899999999995,5.0,2.0,0.0,3.0,3.0,CCn1nc(C2CCCN2N2CCNCC2)cc1C,0.0,36.330000000000005
0.0,0.0,0.0,12.0,0.0,8.0,0.0,2.0,22,29,24,3,,,,2,False,0.7586206896551724,0.0,0.0,0.375,1.0,0.0,0.0,0.0,0.0,1.0,0.0,1.0,0.0,0.0,3.0,0.0,11.0,0.2727272727272727,3.0,838,22,3.153311305635375,1.2329999999999999,151.16500000000002,1.0,2.0,2.0,2.0,0.0,CC1=CC2=NCCOC2=CO1,0.0,30.82
0.0,0.5,2.0,22.0,0.0,11.0,0.0,4.0,16,24,17,3,,1,,3,False,0.6666666666666666,0.0,0.0,0.45454545454545453,1.0,0.0,0.0,1.0,0.0,1.0,0.0,1.0,0.0,0.0,6.0,1.0,19.0,0.42105263157894735,8.0,839,16,2.950683090089312,0.07997999999999955,257.257,7.0,2.0,1.0,4.0,1.0,N#Cc1nc2n(n1)C(N1CCCOC1)c1[nH]ncc1-2,0.0,95.64999999999999
0.0,0.0,0.0,12.0,0.0,8.0,0.0,1.0,18,29,19,8,1,,,1,False,0.6206896551724138,0.0,0.0,0.5,0.0,0.0,0.0,0.0,0.0,0.0,0.0,1.0,0.0,0.0,3.0,1.0,12.0,0.3333333333333333,4.0,840,18,2.949836140892044,-0.005800000000000249,169.17999999999998,1.0,1.0,3.0,1.0,1.0,CC=C1C(=O)NCC1OC(C)=O,0.0,55.4
0.0,1.0,2.0,18.0,0.0,16.0,0.0,2.0,23,34,25,7,,1,,1,False,0.6764705882352942,1.0,0.0,0.125,0.0,0.0,0.0,1.0,0.0,0.0,0.0,1.0,0.0,0.0,0.0,0.0,17.0,0.058823529411764705,1.0,841,23,2.900721458315334,4.667400000000002,226.29399999999998,0.0,0.0,0.0,2.0,2.0,CC(C)=C(c1ccccc1)c1ccccc1F,0.0,0.0
0.0,1.0,2.0,20.0,0.0,17.0,0.0,2.0,18,29,19,8,,1,,1,False,0.6206896551724138,0.0,0.0,0.29411764705882354,0.0,0.0,0.0,1.0,0.0,0.0,0.0,1.0,0.0,0.0,2.0,2.0,19.0,0.10526315789473684,2.0,842,18,3.3511390541084465,2.908800000000001,254.37700000000004,2.0,0.0,0.0,2.0,7.0,NC(CNCCCc1ccccc1)c1ccccc1,0.0,38.05
0.0,0.25,1.0,23.0,2.0,15.0,0.0,4.0,22,30,22,4,,,,4,False,0.7333333333333333,0.0,0.0,0.5333333333333333,1.0,0.0,0.0,1.0,1.0,1.0,0.0,1.0,0.0,1.0,4.0,2.0,20.0,0.25,5.0,843,22,3.2930412423964133,1.256699999999999,270.33599999999996,4.0,3.0,1.0,4.0,1.0,CC(=O)NC1C2CCC3=NCCC31c1cccnc1N2,1.0,66.38
0.0,1.0,1.0,12.0,0.0,8.0,0.0,1.0,17,24,17,6,,,,1,False,0.7083333333333334,2.0,0.0,0.25,0.0,0.0,0.0,1.0,0.0,0.0,0.0,1.0,0.0,0.0,2.0,0.0,12.0,0.3333333333333333,4.0,844,17,3.2663526614539538,1.982,174.14599999999996,0.0,0.0,2.0,1.0,2.0,COc1ccc(OC)c(F)c1F,0.0,18.46
0.0,0.3333333333333333,1.0,18.0,0.0,14.0,0.0,3.0,15,19,15,1,,1,,2,False,0.7894736842105263,1.0,0.0,0.5714285714285714,1.0,0.0,0.0,1.0,0.0,1.0,0.0,1.0,0.0,0.0,1.0,0.0,16.0,0.125,2.0,845,15,2.740923241344047,3.520900000000002,219.30299999999994,1.0,2.0,0.0,3.0,1.0,Fc1cccc2c1CCN2C1CCCCC1,0.0,3.24
0.0,1.0,1.0,16.0,0.0,13.0,0.0,1.0,19,36,22,12,1,1,,,False,0.5277777777777778,0.0,0.0,0.3076923076923077,0.0,0.0,0.0,1.0,0.0,0.0,0.0,1.0,0.0,0.0,2.0,2.0,16.0,0.1875,3.0,846,19,3.0386939874981787,2.1982999999999997,218.3,2.0,0.0,1.0,1.0,4.0,CCC=C(CNC(C)=O)c1cccc(N)c1,0.0,55.120000000000005
0.0,1.0,2.0,17.0,0.0,14.0,0.0,2.0,20,26,20,4,,1,,1,False,0.7692307692307693,0.0,0.0,0.14285714285714285,0.0,0.0,0.0,1.0,0.0,0.0,0.0,1.0,0.0,0.0,2.0,1.0,16.0,0.125,2.0,847,20,2.8793395646905546,2.7769000000000013,214.264,0.0,0.0,2.0,2.0,3.0,COc1cccc(C(O)c2ccccc2)c1,0.0,29.46
0.0,0.5,2.0,21.0,2.0,13.0,0.0,4.0,16,24,17,3,,,,4,False,0.6666666666666666,1.0,0.0,0.23076923076923078,1.0,0.0,0.0,1.0,1.0,1.0,0.0,1.0,0.0,0.0,3.0,1.0,18.0,0.2777777777777778,5.0,848,16,2.747228900507602,2.28942,242.25700000000006,4.0,2.0,0.0,4.0,0.0,Cc1ccc(F)c2c1CC1=CC2Nc2nncn21,0.0,42.74
0.0,0.5,1.0,24.0,0.0,20.0,0.0,2.0,10,23,10,11,,1,,1,False,0.43478260869565216,0.0,0.0,0.45,0.0,0.0,0.0,1.0,0.0,0.0,0.0,1.0,0.0,0.0,2.0,1.0,23.0,0.13043478260869565,3.0,849,10,2.2942233244896046,3.110100000000002,311.42500000000007,1.0,1.0,2.0,2.0,5.0,CC#CC1C(Cc2ccccc2)=C(C(=O)NCC)CCC1OC,0.0,38.33
0.0,1.0,2.0,17.0,0.0,12.0,0.0,2.0,20,27,20,5,,1,,1,False,0.7407407407407407,1.0,0.0,0.25,0.0,0.0,0.0,1.0,0.0,0.0,0.0,1.0,0.0,0.0,2.0,0.0,16.0,0.25,4.0,850,20,4.1526644850671355,2.6249000000000002,220.247,2.0,0.0,1.0,2.0,3.0,CCOc1ccc(F)c(-c2cn(C)cn2)c1,0.0,27.05
0.0,0.5,1.0,18.0,0.0,13.0,0.0,2.0,12,28,16,10,,1,,1,False,0.42857142857142855,0.0,0.0,0.6153846153846154,0.0,0.0,0.0,1.0,0.0,0.0,0.0,1.0,0.0,0.0,3.0,1.0,17.0,0.23529411764705882,4.0,851,12,3.7604500105140883,1.5527,235.33099999999996,3.0,1.0,1.0,2.0,5.0,C=C1COCCC1n1ccc(CCNCC)n1,0.0,39.08
0.0,0.0,0.0,20.0,0.0,13.0,0.0,3.0,21,29,21,5,,,,3,False,0.7241379310344828,0.0,0.0,0.5384615384615384,1.0,0.0,0.0,0.0,0.0,1.0,0.0,1.0,0.0,0.0,4.0,1.0,18.0,0.2777777777777778,5.0,852,21,3.345572170653643,1.2684,249.26599999999996,1.0,3.0,4.0,3.0,1.0,CC12CC=C3C(=O)C=COC(C(C(=O)O)CC1)N32,0.0,66.84
0.0,1.0,1.0,14.0,0.0,7.0,0.0,1.0,20,31,20,9,1,,,1,False,0.6774193548387096,0.0,0.0,0.14285714285714285,0.0,0.0,0.0,1.0,0.0,0.0,0.0,1.0,0.0,0.0,5.0,3.0,14.0,0.5,7.0,853,20,9.293702235021083,-0.003630000000000022,197.15,3.0,0.0,4.0,1.0,2.0,CC(=O)OC(=O)c1[nH]ncc1C(=N)O,0.0,116.13000000000001
0.0,1.0,1.0,12.0,0.0,11.0,0.0,1.0,23,30,23,6,,,,1,False,0.7666666666666667,0.0,0.0,0.45454545454545453,0.0,0.0,0.0,1.0,0.0,0.0,0.0,1.0,0.0,0.0,1.0,1.0,12.0,0.08333333333333333,1.0,854,23,1.8300917933673888,3.2887000000000013,163.264,1.0,0.0,0.0,1.0,5.0,CCCCCNc1ccccc1,0.0,12.03
0.0,0.25,1.0,25.0,2.0,17.0,0.0,4.0,21,30,21,5,,,,4,False,0.7,0.0,0.0,0.5294117647058824,1.0,0.0,0.0,1.0,1.0,1.0,0.0,1.0,0.0,1.0,5.0,1.0,22.0,0.22727272727272727,5.0,855,21,1.9169629983885634,2.1866000000000003,299.3739999999999,3.0,3.0,2.0,4.0,4.0,COCCNc1cccc2c1C1CC3COCC23N=CC=N1,1.0,55.209999999999994
0.0,1.0,3.0,22.0,0.0,15.0,0.0,3.0,22,28,22,3,,2,,1,False,0.7857142857142857,0.0,0.0,0.06666666666666667,0.0,0.0,0.0,1.0,0.0,0.0,0.0,1.0,0.0,0.0,4.0,2.0,20.0,0.25,5.0,856,22,2.1008070275215256,2.2812,266.304,4.0,0.0,1.0,3.0,3.0,Nc1nnc(-c2ccccc2)n1Cc1cccc(O)c1,0.0,76.96
0.0,1.0,2.0,18.0,0.0,14.0,0.0,2.0,18,31,21,8,,1,,1,False,0.5806451612903226,0.0,0.0,0.14285714285714285,0.0,0.0,0.0,1.0,0.0,0.0,0.0,1.0,0.0,0.0,3.0,1.0,17.0,0.17647058823529413,3.0,857,18,3.05968424518554,2.979800000000002,230.26300000000003,0.0,0.0,3.0,2.0,4.0,COc1ccc(OCc2ccccc2)c(O)c1,0.0,38.69
0.0,0.0,0.0,23.0,0.0,15.0,0.0,4.0,22,29,22,3,,1,,3,False,0.7586206896551724,0.0,0.0,0.8666666666666667,2.0,0.0,0.0,0.0,0.0,1.0,0.0,1.0,0.0,0.0,5.0,2.0,20.0,0.25,5.0,858,22,11.139697421232857,1.1659999999999997,281.35200000000003,1.0,4.0,4.0,4.0,1.0,CC12OCON1CCC2C1=C2CCCC(O)C2C(O)C1,0.0,62.16000000000001
0.0,1.0,1.0,10.0,0.0,8.0,0.0,1.0,18,25,19,5,,,,1,False,0.72,1.0,0.0,0.25,0.0,0.0,0.0,1.0,0.0,0.0,0.0,1.0,0.0,0.0,1.0,0.0,10.0,0.2,2.0,859,18,2.9274644588554284,2.2244,140.15699999999998,0.0,0.0,1.0,1.0,2.0,CCOc1cccc(F)c1,0.0,9.23
0.0,0.6666666666666666,2.0,19.0,2.0,9.0,0.0,3.0,10,21,11,7,,,,3,False,0.47619047619047616,0.0,0.0,0.1111111111111111,1.0,0.0,0.0,1.0,1.0,1.0,0.0,1.0,0.0,0.0,5.0,2.0,17.0,0.47058823529411764,8.0,860,10,3.162850895427677,-0.3026,232.203,6.0,1.0,2.0,3.0,1.0,CNC(N)=Nc1nn2nc3oc2c1C=CC3=O,0.0,110.81
0.0,0.2,1.0,25.0,4.0,14.0,0.0,5.0,17,24,17,2,,,,5,False,0.7083333333333334,0.0,0.0,0.6428571428571429,1.0,0.0,0.0,1.0,1.0,1.0,0.0,1.0,0.0,1.0,6.0,1.0,21.0,0.3333333333333333,7.0,861,17,2.4465204553782116,1.30342,290.32300000000004,4.0,4.0,3.0,5.0,0.0,CC1=NN2CN(c3[nH]c(C)cc31)C13OCOC1CCC2O3,1.0,62.32000000000001
0.0,1.0,1.0,17.0,0.0,12.0,0.0,1.0,22,34,22,11,,,,1,False,0.6470588235294118,2.0,0.0,0.5,0.0,0.0,0.0,1.0,0.0,0.0,0.0,1.0,0.0,0.0,3.0,0.0,17.0,0.29411764705882354,5.0,862,22,2.9910579260893564,3.1593000000000018,246.253,0.0,0.0,3.0,1.0,5.0,CCOc1c(F)c(OC)cc(F)c1OC(C)C,0.0,27.69
0.0,0.5,1.0,17.0,2.0,12.0,0.0,2.0,18,35,22,11,,,,2,False,0.5142857142857142,0.0,0.0,0.3333333333333333,1.0,0.0,0.0,1.0,1.0,1.0,0.0,1.0,0.0,0.0,4.0,0.0,16.0,0.25,4.0,863,18,3.761614484928206,1.4793,220.22399999999996,0.0,1.0,4.0,2.0,3.0,CCOC1C(=O)c2cccc(c2OC)C1=O,0.0,52.6
0.0,0.2,1.0,28.0,0.0,21.0,0.0,5.0,20,38,25,8,,,,5,False,0.5263157894736842,0.0,0.0,0.5238095238095238,1.0,0.0,0.0,1.0,0.0,1.0,0.0,1.0,0.0,1.0,3.0,1.0,24.0,0.125,3.0,864,20,2.826736934912845,2.790800000000001,322.4520000000001,2.0,4.0,1.0,5.0,1.0,CC1=CC=CN2CC3CC(CN)c4ccccc4C34COCC4C12,1.0,38.489999999999995
0.0,0.5,1.0,20.0,0.0,13.0,0.0,2.0,21,32,22,8,,1,,1,False,0.65625,0.0,0.0,0.46153846153846156,0.0,0.0,0.0,1.0,0.0,0.0,0.0,1.0,0.0,0.0,5.0,2.0,19.0,0.3157894736842105,6.0,865,21,3.3037883589028745,2.042,268.26499999999993,0.0,1.0,6.0,2.0,5.0,O=C(O)c1ccc(OCC2CCOCC2)c(OO)c1,0.0,85.22000000000001
0.0,1.0,1.0,9.0,0.0,7.0,0.0,1.0,22,34,26,7,,,,1,False,0.6470588235294118,1.0,0.0,0.14285714285714285,0.0,0.0,0.0,1.0,0.0,0.0,0.0,1.0,0.0,0.0,1.0,1.0,9.0,0.2222222222222222,2.0,866,22,1.9110655163573738,1.8673999999999997,125.14599999999999,1.0,0.0,0.0,1.0,1.0,CNc1cccc(F)c1,0.0,12.03
0.0,0.5,1.0,18.0,0.0,16.0,0.0,2.0,23,33,25,6,,1,,1,False,0.696969696969697,0.0,0.0,0.5,0.0,0.0,0.0,1.0,0.0,0.0,0.0,1.0,0.0,0.0,1.0,0.0,17.0,0.058823529411764705,1.0,867,23,2.673386424956876,4.2238200000000035,230.35099999999994,0.0,1.0,1.0,2.0,2.0,CC=CC1CC(c2cccc(C)c2)CCCO1,0.0,9.23
0.0,0.0,0.0,22.0,4.0,13.0,0.0,5.0,21,30,22,3,,,,5,False,0.7,0.0,0.0,0.7692307692307693,1.0,0.0,0.0,0.0,1.0,1.0,0.0,1.0,0.0,1.0,4.0,0.0,18.0,0.2777777777777778,5.0,868,21,3.816258015157196,0.2611999999999999,249.26599999999993,1.0,6.0,4.0,6.0,0.0,CC1OC23CC4C=CC2(O1)C1C4COCN1C3=O,1.0,48.0
0.0,1.0,4.0,23.0,0.0,13.0,0.0,4.0,15,23,16,3,,,,4,False,0.6521739130434783,0.0,0.0,0.0,1.0,0.0,0.0,1.0,0.0,1.0,0.0,1.0,0.0,0.0,7.0,0.0,20.0,0.35,7.0,869,15,2.8707136894398557,1.2375999999999998,267.20000000000005,3.0,0.0,4.0,4.0,0.0,O=c1ooc(=O)c2c1ncc1cc3ncccc3nc12,0.0,99.09
0.0,0.0,0.0,27.0,2.0,20.0,0.0,4.0,19,28,19,5,,,,4,False,0.6785714285714286,0.0,0.0,0.95,1.0,0.0,0.0,0.0,1.0,1.0,1.0,1.0,0.0,0.0,3.0,1.0,24.0,0.16666666666666666,4.0,870,19,2.416491418133419,3.0050000000000017,335.48800000000017,1.0,4.0,3.0,4.0,1.0,CC(=O)NC1CC2CCCC3CCC2C(C1C)C1COCC1OC3,0.0,47.56
0.0,0.0,0.0,0.0,0.0,1.0,0.0,0.0,22,28,25,3,,,,,False,0.7857142857142857,0.0,0.0,1.0,0.0,0.0,0.0,0.0,0.0,0.0,0.0,0.0,0.0,0.0,0.0,0.0,1.0,0.0,0.0,871,22,2.5487044523197806,0.6361,16.043,0.0,0.0,0.0,0.0,0.0,C,0.0,0.0
0.0,1.0,2.0,16.0,0.0,9.0,0.0,2.0,19,31,21,8,,,,2,False,0.6129032258064516,1.0,0.0,0.1111111111111111,1.0,0.0,0.0,1.0,0.0,1.0,0.0,1.0,0.0,0.0,3.0,3.0,15.0,0.4,6.0,872,19,3.0975135157111726,0.6328,209.17999999999998,3.0,0.0,2.0,2.0,2.0,O=C(CO)Nc1cc2[nH]cnc2cc1F,0.0,78.01
0.0,0.5,1.0,15.0,0.0,11.0,0.0,2.0,16,25,18,5,,1,,1,False,0.64,0.0,0.0,0.45454545454545453,0.0,0.0,0.0,1.0,0.0,0.0,0.0,1.0,0.0,0.0,3.0,1.0,14.0,0.21428571428571427,3.0,873,16,2.3412802338580008,1.8776,192.26199999999994,2.0,1.0,1.0,2.0,2.0,COc1ccc(N)cc1N1CCCC1,0.0,38.49
0.0,0.5,2.0,23.0,0.0,12.0,0.0,4.0,19,27,19,4,,1,,3,False,0.7037037037037037,0.0,0.0,0.25,1.0,0.0,0.0,1.0,0.0,1.0,0.0,1.0,0.0,0.0,7.0,4.0,20.0,0.4,8.0,874,19,2.404320908111203,-1.3433999999999997,273.252,5.0,2.0,3.0,4.0,3.0,OCC(C1=C(O)C2N=c3[nH]ccc3=C2N1)c1ncno1,0.0,119.56
0.0,1.0,1.0,19.0,0.0,16.0,0.0,1.0,18,32,18,13,,,,1,False,0.5625,0.0,0.0,0.625,0.0,0.0,0.0,1.0,0.0,0.0,0.0,1.0,0.0,0.0,3.0,0.0,19.0,0.15789473684210525,3.0,875,18,2.176906615709329,4.2691000000000034,260.381,2.0,0.0,1.0,1.0,9.0,CCCCC(CC#N)CCCOc1cccnc1C,0.0,45.91
0.0,0.6666666666666666,2.0,19.0,0.0,16.0,0.0,3.0,17,25,19,3,,1,,2,False,0.68,0.0,0.0,0.125,1.0,0.0,0.0,1.0,0.0,1.0,0.0,1.0,0.0,0.0,1.0,1.0,17.0,0.058823529411764705,1.0,876,17,3.661958497661432,3.9323000000000023,221.303,1.0,1.0,0.0,3.0,1.0,CC1C=C(c2ccccc2)c2ccccc2N1,0.0,12.03
0.0,0.0,0.0,22.0,4.0,13.0,0.0,3.0,19,29,19,7,,,,3,False,0.6551724137931034,0.0,0.0,0.3076923076923077,1.0,0.0,0.0,0.0,1.0,1.0,0.0,1.0,0.0,0.0,6.0,2.0,20.0,0.35,7.0,877,19,3.3489806981572845,0.6992,272.264,4.0,3.0,3.0,3.0,1.0,CC1=C(O)N2C=CC(=O)NC3=CN=C2C3C1(C)N=C=O,0.0,94.36000000000001
0.0,0.5,1.0,19.0,0.0,16.0,0.0,2.0,14,22,14,6,,1,,1,False,0.6363636363636364,0.0,0.0,0.3125,0.0,0.0,0.0,1.0,0.0,0.0,0.0,1.0,0.0,0.0,1.0,1.0,18.0,0.1111111111111111,2.0,878,14,4.142869873677924,3.3148000000000017,241.33399999999997,1.0,1.0,1.0,2.0,3.0,CC1=CC(NC(=O)C=Cc2ccccc2)CCC1,0.0,29.1
0.0,0.6666666666666666,2.0,18.0,0.0,10.0,0.0,3.0,17,27,20,4,,2,,1,False,0.6296296296296297,0.0,0.0,0.4,0.0,0.0,0.0,1.0,0.0,0.0,0.0,1.0,0.0,0.0,5.0,1.0,16.0,0.375,6.0,879,17,3.0937080261691206,0.8543999999999998,220.23199999999994,4.0,1.0,2.0,3.0,3.0,c1cc(-c2nc[nH]c2CN2CCOC2)on1,0.0,67.18
0.0,1.0,1.0,20.0,0.0,14.0,0.0,1.0,19,36,20,15,,,,1,False,0.5277777777777778,0.0,0.0,0.2857142857142857,0.0,0.0,0.0,1.0,0.0,0.0,0.0,1.0,0.0,0.0,5.0,1.0,20.0,0.3,6.0,880,19,2.7061319907767105,1.7616,279.292,1.0,0.0,5.0,1.0,5.0,CC=CCOc1ccc(OC)c(NC(=O)C(=O)OC)c1,0.0,73.86
0.0,0.5,1.0,19.0,0.0,12.0,0.0,2.0,20,29,20,7,,1,,1,False,0.6896551724137931,0.0,0.0,0.5,0.0,0.0,0.0,1.0,0.0,0.0,0.0,1.0,0.0,0.0,5.0,1.0,18.0,0.3333333333333333,6.0,881,20,3.286544914080972,0.9527999999999998,252.27,2.0,1.0,4.0,2.0,4.0,CCOC1COC(C)=C(C(N)=O)C1c1cnoc1,0.0,87.58
0.0,0.5,2.0,21.0,0.0,16.0,0.0,4.0,16,24,17,2,1,,,4,False,0.6666666666666666,0.0,0.0,0.125,1.0,0.0,0.0,1.0,0.0,1.0,0.0,1.0,0.0,0.0,2.0,2.0,18.0,0.1111111111111111,2.0,882,16,2.0255352950941177,3.0683000000000007,235.286,1.0,2.0,1.0,4.0,0.0,OC1c2ccccc2C=C2c3ccccc3NC21,0.0,32.26
0.0,1.0,3.0,19.0,0.0,11.0,0.0,3.0,18,26,19,4,,1,,2,False,0.6923076923076923,0.0,0.0,0.18181818181818182,1.0,0.0,0.0,1.0,0.0,1.0,0.0,1.0,0.0,0.0,4.0,2.0,17.0,0.35294117647058826,6.0,883,18,7.19973374421046,1.2665,228.25900000000004,6.0,0.0,0.0,3.0,4.0,c1cc(NCCn2cnc3[nH]ccc32)ncn1,0.0,71.42
0.0,0.0,0.0,18.0,0.0,11.0,0.0,2.0,17,25,17,6,,1,,1,False,0.68,0.0,0.0,0.6363636363636364,0.0,0.0,0.0,0.0,0.0,0.0,0.0,1.0,0.0,0.0,5.0,1.0,17.0,0.35294117647058826,6.0,884,17,1.7783017518843267,-0.24110000000000031,239.27499999999995,3.0,2.0,3.0,2.0,3.0,CCN1C=NC(=O)C(=CON2CCC(O)C2)C1,0.0,65.37
0.0,1.0,1.0,13.0,0.0,11.0,0.0,1.0,12,26,15,10,,,,1,False,0.46153846153846156,0.0,0.0,0.45454545454545453,0.0,0.0,0.0,1.0,0.0,0.0,0.0,1.0,0.0,0.0,2.0,0.0,13.0,0.15384615384615385,2.0,885,12,2.989744249702995,2.5414000000000003,179.26299999999995,1.0,0.0,1.0,1.0,4.0,CCCOc1cccc(N(C)C)c1,0.0,12.47
0.0,0.75,3.0,26.0,0.0,17.0,0.0,4.0,22,33,24,5,,2,,2,False,0.6666666666666666,1.0,0.0,0.11764705882352941,1.0,0.0,0.0,1.0,0.0,1.0,0.0,1.0,0.0,0.0,4.0,0.0,23.0,0.2608695652173913,6.0,886,22,3.0462391321742084,3.128300000000001,309.3,3.0,1.0,2.0,4.0,2.0,CN1Cc2c(ccc(-c3nc(-c4ccccn4)co3)c2F)C1=O,0.0,59.230000000000004
0.0,0.6666666666666666,2.0,19.0,0.0,15.0,0.0,3.0,21,27,21,3,,,,3,False,0.7777777777777778,0.0,0.0,0.2,1.0,0.0,0.0,1.0,0.0,1.0,0.0,1.0,0.0,0.0,2.0,0.0,17.0,0.11764705882352941,2.0,887,21,2.9224773110169417,3.5630200000000016,226.27499999999998,0.0,1.0,2.0,3.0,1.0,COc1ccc(C)c2c1OCc1ccccc1-2,0.0,18.46
0.0,0.0,0.0,18.0,0.0,11.0,0.0,3.0,15,19,15,1,,1,,2,False,0.7894736842105263,0.0,0.0,0.9090909090909091,1.0,0.0,0.0,0.0,0.0,1.0,0.0,1.0,0.0,0.0,5.0,1.0,16.0,0.3125,5.0,888,15,3.157716383986145,-0.30189999999999917,224.3079999999999,4.0,3.0,1.0,3.0,1.0,CN1CCC2N=CNC21N1CCCOCC1,0.0,40.099999999999994
0.0,0.5,1.0,16.0,0.0,12.0,0.0,2.0,19,32,23,7,,1,,1,False,0.59375,0.0,0.0,0.5,0.0,0.0,0.0,1.0,0.0,0.0,0.0,1.0,0.0,0.0,3.0,3.0,15.0,0.2,3.0,889,19,10.437122349294684,1.3391999999999995,206.28900000000002,2.0,1.0,1.0,2.0,2.0,NC1CCCC(Nc2ccccc2)C1O,0.0,58.28
0.0,0.6666666666666666,2.0,21.0,0.0,11.0,0.0,3.0,18,29,20,6,,1,,2,False,0.6206896551724138,0.0,0.0,0.09090909090909091,1.0,0.0,0.0,1.0,0.0,1.0,0.0,1.0,0.0,0.0,6.0,3.0,19.0,0.42105263157894735,8.0,890,18,3.8783468257217413,0.5160000000000002,258.241,6.0,1.0,2.0,3.0,2.0,O=C(NO)c1cc(N2C=NC=NC2)c2nc[nH]c2c1,0.0,105.97
0.0,0.6666666666666666,2.0,23.0,0.0,14.0,0.0,3.0,23,32,23,6,,1,,2,False,0.71875,0.0,0.0,0.2857142857142857,1.0,0.0,0.0,1.0,0.0,1.0,0.0,1.0,0.0,0.0,6.0,1.0,21.0,0.3333333333333333,7.0,891,23,4.025524842640588,1.1415,289.291,3.0,1.0,4.0,3.0,4.0,COc1ccc(-n2nc(C=O)c3c2OCNC3)c(OC)c1,0.0,74.61000000000001
0.0,1.0,2.0,16.0,0.0,11.0,0.0,2.0,23,29,23,4,,1,,1,False,0.7931034482758621,1.0,0.0,0.18181818181818182,0.0,0.0,0.0,1.0,0.0,0.0,0.0,1.0,0.0,0.0,2.0,1.0,15.0,0.26666666666666666,4.0,892,23,3.2492368823107505,2.4147000000000007,206.22,2.0,0.0,1.0,2.0,2.0,CCn1cnc(O)c1-c1ccccc1F,0.0,38.05
0.0,0.0,0.0,22.0,2.0,13.0,0.0,4.0,19,31,21,6,,,,4,False,0.6129032258064516,0.0,0.0,0.8461538461538461,1.0,0.0,0.0,0.0,1.0,1.0,0.0,1.0,0.0,0.0,6.0,2.0,19.0,0.3157894736842105,6.0,893,19,2.649063795072944,-0.016600000000000115,268.313,2.0,4.0,4.0,4.0,0.0,CC1=CCCC2C3OC4(O)COC(C)N4N(C3O)C12,0.0,65.4
0.0,0.25,1.0,23.0,3.0,17.0,0.0,4.0,18,27,19,4,,,,4,False,0.6666666666666666,0.0,0.0,0.47058823529411764,1.0,0.0,0.0,1.0,1.0,1.0,1.0,1.0,0.0,0.0,2.0,0.0,20.0,0.15,3.0,894,18,3.644025741328077,2.853900000000001,267.32800000000003,1.0,3.0,2.0,4.0,0.0,CC12CC3C=NC(=O)CC(C1=O)c1ccccc1C2C3,0.0,46.5
0.0,1.0,1.0,14.0,0.0,10.0,0.0,1.0,20,28,20,7,,1,,,False,0.7142857142857143,0.0,0.0,0.5,0.0,0.0,0.0,1.0,0.0,0.0,0.0,1.0,0.0,0.0,4.0,1.0,14.0,0.2857142857142857,4.0,895,20,4.654516097082425,1.3605999999999998,193.25000000000003,3.0,0.0,1.0,1.0,5.0,CCC(=O)CCCc1nccc(N)n1,0.0,68.87
0.0,0.2,1.0,24.0,2.0,14.0,0.0,4.0,20,33,25,3,1,,,4,False,0.6060606060606061,0.0,0.0,0.21428571428571427,1.0,0.0,0.0,1.0,1.0,1.0,1.0,1.0,0.0,1.0,6.0,1.0,21.0,0.3333333333333333,7.0,896,20,2.6602924641050745,1.74097,284.27500000000003,4.0,4.0,3.0,5.0,0.0,N=C1CC23Cc4ncccc4OOC2=NN1C=CC=CO3,1.0,80.03
0.0,0.75,3.0,26.0,0.0,19.0,0.0,4.0,20,30,21,5,,1,,3,False,0.6666666666666666,0.0,0.0,0.5263157894736842,1.0,0.0,0.0,1.0,0.0,1.0,0.0,1.0,0.0,0.0,2.0,1.0,23.0,0.17391304347826086,4.0,897,20,3.0924116111644344,4.612300000000004,310.44500000000005,4.0,1.0,0.0,4.0,4.0,CCCCC1CCCCN(c2cccc3nc4cc[nH]n4c23)C1,0.0,36.33
0.0,0.5,1.0,25.0,0.0,20.0,0.0,2.0,7,24,7,15,,1,,1,False,0.2916666666666667,0.0,0.0,0.8,0.0,1.0,0.0,1.0,0.0,0.0,0.0,1.0,1.0,0.0,4.0,2.0,24.0,0.16666666666666666,4.0,898,7,2.082187606669991,4.472600000000003,332.53600000000006,4.0,1.0,0.0,2.0,13.0,CCCCCCCCCCCNC1CC1c1cc(C(C)N)ncn1,0.0,63.83
0.0,1.0,2.0,22.0,0.0,17.0,0.0,2.0,15,26,15,9,,1,,1,False,0.5769230769230769,0.0,0.0,0.23529411764705882,0.0,0.0,0.0,1.0,0.0,0.0,0.0,1.0,0.0,0.0,4.0,1.0,21.0,0.19047619047619047,4.0,899,15,2.9827727942622966,2.7882000000000007,284.359,2.0,0.0,2.0,2.0,7.0,COCCOc1ccccc1C=NC(N)c1ccccc1,0.0,56.84
0.0,0.75,3.0,24.0,0.0,19.0,0.0,4.0,21,31,22,5,,1,,3,False,0.6774193548387096,0.0,0.0,0.21052631578947367,2.0,1.0,0.0,1.0,0.0,1.0,0.0,1.0,1.0,0.0,2.0,1.0,21.0,0.09523809523809523,2.0,900,21,7.540769700891239,3.9155000000000024,274.367,2.0,1.0,0.0,4.0,4.0,CCNCc1cc2c(c(-c3cnc4ccccc4c3)c1)C2,0.0,24.92
0.0,0.5,1.0,20.0,0.0,14.0,0.0,2.0,22,32,22,8,,1,,1,False,0.6875,0.0,0.0,0.35714285714285715,0.0,0.0,0.0,1.0,0.0,0.0,0.0,1.0,0.0,0.0,4.0,1.0,19.0,0.2631578947368421,5.0,901,22,3.032678829224312,0.790899999999999,261.277,1.0,1.0,4.0,2.0,5.0,CC(=O)C(=O)COC1CC(=O)NC1c1ccccc1,0.0,72.47
0.0,0.3333333333333333,1.0,22.0,0.0,13.0,0.0,3.0,19,27,19,5,,,,3,False,0.7037037037037037,0.0,0.0,0.6153846153846154,1.0,0.0,0.0,1.0,0.0,1.0,0.0,1.0,0.0,1.0,7.0,4.0,20.0,0.35,7.0,902,19,3.491026555110561,1.2780999999999998,281.31199999999995,3.0,2.0,4.0,3.0,2.0,CCNc1nc(O)c2c(c1O)OC1(CCOCC1)CN2,1.0,95.87000000000002
0.0,0.6666666666666666,2.0,21.0,0.0,12.0,0.0,3.0,21,29,23,3,,2,1,,False,0.7241379310344828,0.0,0.0,0.25,0.0,0.0,0.0,1.0,0.0,0.0,0.0,1.0,0.0,0.0,6.0,1.0,19.0,0.3684210526315789,7.0,903,21,3.2765211675499795,1.38012,255.285,7.0,1.0,0.0,3.0,3.0,Cc1nnn(Nc2cncc(C3=CC=CCC3)n2)n1,0.0,81.41000000000001
0.0,0.3333333333333333,1.0,19.0,0.0,16.0,0.0,3.0,19,29,21,5,,1,,2,False,0.6551724137931034,0.0,0.0,0.5,1.0,0.0,0.0,1.0,0.0,1.0,0.0,1.0,0.0,0.0,1.0,0.0,17.0,0.058823529411764705,1.0,904,19,3.98670717253676,3.6456000000000026,227.351,1.0,2.0,0.0,3.0,3.0,CCCN1CC2CC=CC2C1c1ccccc1,0.0,3.24
0.0,0.5,1.0,15.0,0.0,12.0,0.0,2.0,20,29,22,5,,1,,1,False,0.6896551724137931,0.0,0.0,0.25,0.0,0.0,0.0,1.0,0.0,0.0,0.0,1.0,0.0,0.0,2.0,0.0,14.0,0.14285714285714285,2.0,905,20,3.275724647230229,2.7891000000000012,188.22599999999994,0.0,1.0,2.0,2.0,3.0,O=COc1ccc(C2=CCCC2)cc1,0.0,26.3
0.0,1.0,1.0,12.0,0.0,9.0,0.0,1.0,19,31,21,9,,,,1,False,0.6129032258064516,0.0,0.0,0.5555555555555556,0.0,0.0,0.0,1.0,0.0,0.0,0.0,1.0,0.0,0.0,3.0,2.0,12.0,0.25,3.0,906,19,2.8807828572537906,2.4080200000000005,169.22399999999996,1.0,0.0,2.0,1.0,4.0,CCCC(NO)c1ccoc1C,0.0,45.4
0.0,1.0,1.0,9.0,0.0,7.0,0.0,1.0,16,22,17,4,,,,1,False,0.7272727272727273,0.0,0.0,0.14285714285714285,0.0,0.0,0.0,1.0,0.0,0.0,0.0,1.0,0.0,0.0,2.0,1.0,9.0,0.2222222222222222,2.0,907,16,2.5560147911577147,1.4008,124.13899999999997,0.0,0.0,2.0,1.0,1.0,COc1ccccc1O,0.0,29.46
0.0,0.2,1.0,26.0,0.0,18.0,0.0,5.0,18,26,18,3,,,,5,False,0.6923076923076923,0.0,0.0,0.7222222222222222,1.0,0.0,1.0,1.0,0.0,1.0,0.0,1.0,1.0,0.0,4.0,1.0,22.0,0.18181818181818182,4.0,908,18,3.2148880986826502,2.4373000000000005,298.3859999999999,2.0,4.0,2.0,5.0,1.0,O=C1c2cncnc2C2CCCC3C4CCC4C(CO)C1C23,0.0,63.08
0.0,0.6666666666666666,2.0,23.0,0.0,16.0,0.0,3.0,21,30,21,6,,1,,2,False,0.7,0.0,0.0,0.3125,1.0,0.0,0.0,1.0,0.0,1.0,0.0,1.0,0.0,0.0,4.0,2.0,21.0,0.23809523809523808,5.0,909,21,2.88835728343531,1.9497999999999998,285.34700000000004,3.0,1.0,2.0,3.0,4.0,CC(=O)NCCN1CNCc2c(-c3ccccc3)coc21,0.0,57.510000000000005
0.0,0.0,0.0,25.0,2.0,18.0,0.0,4.0,22,33,23,6,,,,4,False,0.6666666666666666,0.0,0.0,0.4444444444444444,1.0,0.0,0.0,0.0,1.0,1.0,0.0,1.0,0.0,0.0,4.0,0.0,22.0,0.18181818181818182,4.0,910,22,2.7856466457460174,2.0572,296.36999999999995,2.0,4.0,2.0,4.0,3.0,COCC12C=CC=CC1C1=C3CC(=NCCN32)CC=C1C=O,0.0,41.9
0.0,1.0,1.0,15.0,0.0,11.0,0.0,1.0,21,31,21,9,,,,1,False,0.6774193548387096,1.0,0.0,0.18181818181818182,0.0,0.0,0.0,1.0,0.0,0.0,0.0,1.0,0.0,0.0,3.0,2.0,15.0,0.26666666666666666,4.0,911,21,2.9268937769777477,1.4956,208.23599999999993,2.0,0.0,1.0,1.0,3.0,CC(=CC(=O)c1ccc(N)c(F)c1)CN,0.0,69.11
0.0,0.0,0.0,22.0,0.0,16.0,0.0,4.0,22,28,22,2,,,,4,False,0.7857142857142857,0.0,0.0,0.8125,1.0,0.0,0.0,0.0,0.0,1.0,0.0,1.0,0.0,1.0,2.0,1.0,19.0,0.15789473684210525,3.0,912,22,2.6550903156487773,2.2150999999999996,260.381,2.0,4.0,1.0,4.0,0.0,NC1CCN2C(=O)CCC34CC=CCC1C23CCC4,1.0,46.33
0.0,0.5,1.0,22.0,0.0,17.0,0.0,2.0,12,25,12,11,,,,2,False,0.48,0.0,0.0,0.47058823529411764,1.0,0.0,0.0,1.0,0.0,1.0,0.0,1.0,0.0,0.0,4.0,1.0,21.0,0.19047619047619047,4.0,913,12,4.144799922384017,2.4724000000000004,287.40700000000004,3.0,1.0,1.0,2.0,7.0,CCC(=O)CN(C)CCN(C)c1cccc2c1NCC=C2,0.0,35.580000000000005
0.0,1.0,2.0,20.0,0.0,16.0,0.0,2.0,19,30,20,8,,1,,1,False,0.6333333333333333,0.0,0.0,0.1875,0.0,0.0,0.0,1.0,0.0,0.0,0.0,1.0,0.0,0.0,3.0,0.0,19.0,0.15789473684210525,3.0,914,19,2.7948052993513373,3.081800000000002,252.31700000000004,2.0,0.0,1.0,2.0,5.0,CCC(=O)C=C(Cc1cccnn1)c1ccccc1,0.0,42.85
0.0,1.0,1.0,15.0,0.0,11.0,0.0,1.0,18,30,19,10,,,,1,False,0.6,0.0,0.0,0.45454545454545453,0.0,0.0,0.0,1.0,0.0,0.0,0.0,1.0,0.0,0.0,4.0,1.0,15.0,0.26666666666666666,4.0,915,18,3.881266866342582,2.1441999999999997,211.26099999999997,1.0,0.0,3.0,1.0,5.0,CCNc1cc(OC)c(OC)cc1OC,0.0,39.72
0.0,0.5,1.0,19.0,0.0,14.0,0.0,2.0,19,28,19,7,,1,,1,False,0.6785714285714286,0.0,0.0,0.35714285714285715,0.0,0.0,0.0,1.0,0.0,0.0,0.0,1.0,0.0,0.0,4.0,0.0,18.0,0.2222222222222222,4.0,916,19,10.659859746174613,2.2063999999999995,248.27799999999996,0.0,1.0,4.0,2.0,4.0,CCc1cc(OC)c(C2=COCC2=O)c(OC)c1,0.0,44.760000000000005
0.0,0.3333333333333333,1.0,22.0,0.0,17.0,0.0,3.0,21,32,23,6,,1,,2,False,0.65625,0.0,0.0,0.6470588235294118,1.0,0.0,0.0,1.0,0.0,1.0,0.0,1.0,0.0,0.0,3.0,2.0,20.0,0.15,3.0,917,21,3.109611844754486,2.5733000000000006,273.42400000000004,3.0,2.0,0.0,3.0,3.0,CCN1CCc2cc(C3CCNCC3)c(NC)cc2C1,0.0,27.299999999999997
0.0,0.6666666666666666,2.0,22.0,0.0,16.0,0.0,3.0,21,28,21,3,1,2,,1,False,0.7857142857142857,0.0,0.0,0.4375,0.0,0.0,0.0,1.0,0.0,0.0,0.0,1.0,0.0,0.0,3.0,1.0,20.0,0.2,4.0,918,21,3.2744993569608396,3.681000000000002,271.3639999999999,3.0,1.0,1.0,3.0,4.0,CCNc1cccc(-c2cn(C3CCCCO3)cn2)c1,0.0,39.08
0.0,0.25,1.0,23.0,0.0,15.0,0.0,4.0,22,29,22,2,1,2,,2,False,0.7931034482758621,0.0,0.0,0.7333333333333333,1.0,0.0,1.0,1.0,0.0,1.0,0.0,1.0,1.0,0.0,5.0,1.0,20.0,0.25,5.0,919,22,1.9730661484157452,2.0193,275.352,3.0,3.0,2.0,4.0,3.0,OCC1C2CCC2(C2=NCCCCC2)N1c1ncco1,0.0,61.86000000000001
0.0,0.5,2.0,22.0,2.0,17.0,0.0,4.0,17,28,19,5,,1,,3,False,0.6071428571428571,0.0,0.0,0.17647058823529413,2.0,0.0,1.0,1.0,1.0,1.0,0.0,1.0,1.0,0.0,2.0,1.0,19.0,0.10526315789473684,2.0,920,17,3.022717267905581,3.9131000000000027,249.313,1.0,2.0,1.0,4.0,2.0,COc1cc2c(cc1C1=C(C)c3cccc1c3)NC2,0.0,21.259999999999998
0.0,1.0,2.0,17.0,0.0,12.0,0.0,2.0,22,30,23,5,,1,,1,False,0.7333333333333333,1.0,0.0,0.08333333333333333,0.0,0.0,0.0,1.0,0.0,0.0,0.0,1.0,0.0,0.0,3.0,1.0,16.0,0.25,4.0,921,22,2.488103923794105,3.0547000000000013,218.231,2.0,0.0,1.0,2.0,3.0,CNc1cccc(Oc2ccc(F)cc2)n1,0.0,34.15
0.0,0.6666666666666666,2.0,24.0,0.0,16.0,0.0,3.0,18,32,23,6,,1,,2,False,0.5625,0.0,0.0,0.5625,1.0,0.0,0.0,1.0,0.0,1.0,0.0,1.0,0.0,0.0,5.0,1.0,22.0,0.2727272727272727,6.0,922,18,1.5839300574612425,2.109,301.394,5.0,1.0,1.0,3.0,4.0,COCc1cnc(Cn2cnc3c2CCCCCC3)c(N)n1,0.0,78.85
0.0,1.0,3.0,20.0,0.0,10.0,0.0,3.0,17,26,18,5,,1,,2,False,0.6538461538461539,0.0,0.0,0.2,1.0,0.0,0.0,1.0,0.0,1.0,0.0,1.0,0.0,0.0,6.0,1.0,18.0,0.4444444444444444,8.0,923,17,3.1891346976032926,0.1723,246.23,6.0,0.0,2.0,3.0,2.0,CCn1nnc(-n2c(=O)oc3cc(N)ccc32)n1,0.0,104.75999999999999
0.0,0.6666666666666666,2.0,21.0,0.0,14.0,0.0,3.0,22,30,23,4,,1,,2,False,0.7333333333333333,0.0,0.0,0.14285714285714285,1.0,0.0,0.0,1.0,0.0,1.0,0.0,1.0,0.0,0.0,5.0,1.0,19.0,0.2631578947368421,5.0,924,22,2.643255605879784,2.1893800000000003,253.26100000000002,3.0,1.0,2.0,3.0,1.0,N#Cc1cc(N2CCOc3ncccc32)ccc1O,0.0,69.38000000000001
0.0,1.0,3.0,21.0,0.0,16.0,0.0,3.0,17,26,18,5,,1,,2,False,0.6538461538461539,0.0,0.0,0.0625,1.0,0.0,0.0,1.0,0.0,1.0,0.0,1.0,0.0,0.0,2.0,2.0,19.0,0.15789473684210525,3.0,925,17,2.7780291600852416,3.5244000000000018,250.30100000000002,2.0,0.0,1.0,3.0,3.0,Oc1cc2cn[nH]c2cc1CC=Cc1ccccc1,0.0,48.910000000000004
0.0,0.75,3.0,25.0,0.0,19.0,0.0,4.0,18,24,18,2,,1,,3,False,0.75,0.0,0.0,0.10526315789473684,1.0,0.0,0.0,1.0,0.0,1.0,0.0,1.0,0.0,0.0,3.0,2.0,22.0,0.13636363636363635,3.0,926,18,2.2441388971768723,4.286200000000002,287.36600000000004,3.0,1.0,0.0,4.0,3.0,c1ccc(NCc2cccc3c2CNc2cccnc2-3)cc1,0.0,36.95
0.0,1.0,3.0,18.0,0.0,12.0,0.0,3.0,22,27,22,2,,,,3,False,0.8148148148148148,0.0,0.0,0.0,1.0,0.0,0.0,1.0,0.0,1.0,0.0,1.0,0.0,0.0,3.0,2.0,16.0,0.25,4.0,927,22,3.380933003816213,1.7818999999999998,212.20799999999997,2.0,0.0,2.0,3.0,0.0,O=c1[nH]ncc2c1ccc1c(O)cccc12,0.0,65.98
0.0,0.5,2.0,20.0,2.0,11.0,0.0,4.0,21,27,21,2,,,,4,False,0.7777777777777778,0.0,0.0,0.09090909090909091,1.0,0.0,0.0,1.0,1.0,1.0,0.0,1.0,0.0,0.0,4.0,1.0,17.0,0.35294117647058826,6.0,928,21,1.822528537531151,0.7572199999999999,225.211,5.0,2.0,1.0,4.0,0.0,Cc1nn2c3c(nc2[nH]1)C1=CC=NC(=C3)C1=O,0.0,75.41
0.0,0.0,0.0,18.0,0.0,14.0,0.0,2.0,22,31,23,6,,1,,1,False,0.7096774193548387,0.0,0.0,0.7142857142857143,0.0,0.0,0.0,0.0,0.0,0.0,0.0,1.0,0.0,0.0,3.0,0.0,17.0,0.17647058823529413,3.0,929,22,1.988000413420426,3.0109000000000012,234.34299999999996,2.0,2.0,1.0,2.0,2.0,COC1CC(C)=C(C2=NCCC(C)=N2)C(C)C1,0.0,33.95
0.0,0.0,0.0,16.0,0.0,13.0,0.0,0.0,13,31,14,17,,,,,False,0.41935483870967744,0.0,0.0,0.7692307692307693,0.0,0.0,0.0,0.0,0.0,0.0,0.0,0.0,0.0,0.0,3.0,2.0,17.0,0.23529411764705882,4.0,930,13,1.9208475087791854,1.8211,242.36299999999994,2.0,0.0,2.0,0.0,9.0,CCC(C)=CC(=O)NCCCNCOC(C)C,0.0,50.36
0.0,0.5,1.0,21.0,0.0,13.0,0.0,2.0,19,30,19,9,,1,,1,False,0.6333333333333333,0.0,0.0,0.3076923076923077,0.0,0.0,0.0,1.0,0.0,0.0,0.0,1.0,0.0,0.0,6.0,1.0,20.0,0.35,7.0,931,19,3.042532248991993,0.43239999999999995,274.28,4.0,1.0,3.0,2.0,4.0,CC(=O)C(=O)c1cn(C2=C(C=O)N=CC(C)(C)N2)cn1,0.0,93.42
0.0,0.5,1.0,18.0,0.0,13.0,0.0,2.0,21,29,21,6,,1,,1,False,0.7241379310344828,0.0,0.0,0.46153846153846156,0.0,0.0,0.0,1.0,0.0,0.0,0.0,1.0,0.0,0.0,4.0,3.0,17.0,0.23529411764705882,4.0,932,21,3.1423244225750833,0.5545200000000001,233.315,3.0,1.0,1.0,2.0,4.0,Cc1cccc(CCCN)c1C1=NC(O)CN1,0.0,70.64
0.0,1.0,2.0,20.0,0.0,13.0,0.0,2.0,22,34,23,9,,1,,1,False,0.6470588235294118,0.0,0.0,0.3076923076923077,0.0,0.0,0.0,1.0,0.0,0.0,0.0,1.0,0.0,0.0,6.0,3.0,19.0,0.3157894736842105,6.0,933,22,3.892524987340399,1.8485,264.281,2.0,0.0,4.0,2.0,5.0,COc1ccc(NCC(C)O)c(-c2conc2O)c1,0.0,87.75
0.0,1.0,2.0,20.0,0.0,15.0,0.0,2.0,21,30,21,7,,1,,1,False,0.7,0.0,0.0,0.06666666666666667,0.0,0.0,0.0,1.0,0.0,0.0,0.0,1.0,0.0,0.0,3.0,2.0,19.0,0.21052631578947367,4.0,934,21,3.4035924471112597,1.5088,255.27299999999997,1.0,0.0,3.0,2.0,4.0,NC(=O)c1cccc(C(=O)c2ccc(CO)cc2)c1,0.0,80.39
0.0,1.0,2.0,14.0,0.0,7.0,0.0,2.0,23,33,26,5,,1,,1,False,0.696969696969697,0.0,0.0,0.0,0.0,0.0,0.0,1.0,0.0,0.0,0.0,1.0,0.0,0.0,5.0,2.0,13.0,0.46153846153846156,6.0,935,23,2.2577513253302777,0.5742,177.16700000000003,5.0,0.0,1.0,2.0,2.0,Nc1ccc(Oc2cn[nH]c2)nn1,0.0,89.71
0.0,0.0,0.0,24.0,2.0,17.0,0.0,3.0,20,30,21,5,1,,,3,False,0.6666666666666666,0.0,0.0,0.35294117647058826,1.0,0.0,0.0,0.0,1.0,1.0,1.0,1.0,0.0,0.0,4.0,3.0,22.0,0.22727272727272727,5.0,936,20,3.0094516746046636,2.0639699999999994,296.374,4.0,3.0,1.0,3.0,0.0,C=C1CC=CC(C)C(=N)NC2=CCC3=C(C=NCN3)C1C2=O,0.0,77.34
0.0,1.0,3.0,20.0,0.0,14.0,0.0,3.0,22,29,22,4,,1,,2,False,0.7586206896551724,0.0,0.0,0.21428571428571427,1.0,0.0,0.0,1.0,0.0,1.0,0.0,1.0,0.0,0.0,3.0,1.0,18.0,0.2222222222222222,4.0,937,22,5.452377197115067,3.1454000000000004,242.27800000000002,2.0,0.0,2.0,3.0,4.0,CCOc1coc(Cc2ccc3nc[nH]c3c2)c1,0.0,51.050000000000004
0.0,0.6666666666666666,2.0,23.0,0.0,17.0,0.0,3.0,19,29,20,6,,1,,2,False,0.6551724137931034,0.0,0.0,0.17647058823529413,1.0,0.0,0.0,1.0,0.0,1.0,0.0,1.0,0.0,0.0,3.0,0.0,21.0,0.19047619047619047,4.0,938,19,2.369293199036202,2.5714000000000006,281.311,1.0,1.0,3.0,3.0,3.0,O=C1CCc2ccccc2N1C(=O)COc1ccccc1,0.0,46.61
0.0,0.6666666666666666,2.0,23.0,0.0,16.0,0.0,3.0,19,27,20,4,,1,,2,False,0.7037037037037037,0.0,0.0,0.3125,1.0,0.0,0.0,1.0,0.0,1.0,1.0,1.0,0.0,0.0,4.0,1.0,21.0,0.23809523809523808,5.0,939,19,2.476163717488309,2.12268,283.331,3.0,1.0,2.0,3.0,1.0,N#CC1CN(c2ccc(O)cc2)CCn2cccc2CO1,0.0,61.42
0.0,0.125,1.0,24.0,2.0,16.0,0.0,5.0,22,33,24,4,,1,,4,False,0.6666666666666666,0.0,0.0,0.5,1.0,0.0,1.0,1.0,1.0,1.0,0.0,1.0,1.0,1.0,3.0,1.0,20.0,0.2,4.0,940,22,3.022124255674194,0.9721,268.3159999999999,2.0,7.0,2.0,8.0,1.0,O=C1N(c2ccccc2)CC23CC1(C2=O)C31CCNC1,1.0,49.410000000000004
0.0,1.0,4.0,20.0,2.0,15.0,0.0,3.0,20,31,21,7,,,,3,False,0.6451612903225806,1.0,0.0,0.26666666666666666,1.0,0.0,0.0,1.0,1.0,1.0,0.0,1.0,0.0,0.0,2.0,0.0,18.0,0.16666666666666666,3.0,941,20,2.6235762810366143,4.143800000000002,243.28099999999998,1.0,0.0,1.0,4.0,4.0,CCCCOc1ccc2c3ccc(cc3F)c2n1,0.0,22.12
0.0,1.0,3.0,22.0,0.0,17.0,0.0,3.0,20,29,21,5,,1,,2,False,0.6896551724137931,0.0,0.0,0.17647058823529413,1.0,0.0,0.0,1.0,0.0,1.0,0.0,1.0,0.0,0.0,3.0,1.0,20.0,0.15,3.0,942,20,2.3017367832081983,4.118700000000002,263.344,3.0,0.0,0.0,3.0,4.0,CCCNc1ccc2cc(-c3ccccc3)ncc2n1,0.0,37.81
0.0,0.5,1.0,14.0,0.0,8.0,0.0,2.0,21,25,21,2,,1,,1,False,0.84,0.0,0.0,0.5,0.0,0.0,0.0,1.0,0.0,0.0,0.0,1.0,0.0,0.0,3.0,1.0,13.0,0.38461538461538464,5.0,943,21,7.497980266505927,-0.11790000000000012,181.19499999999996,3.0,1.0,2.0,2.0,1.0,O=C(c1c[nH]cn1)N1CCOCC1,0.0,58.22
0.0,1.0,1.0,11.0,0.0,10.0,0.0,1.0,21,31,23,7,,,,1,False,0.6774193548387096,1.0,0.0,0.2,0.0,0.0,0.0,1.0,0.0,0.0,0.0,1.0,0.0,0.0,0.0,0.0,11.0,0.09090909090909091,1.0,944,21,1.9827162232863087,3.2489000000000017,150.19599999999997,0.0,0.0,0.0,1.0,1.0,CC(C)=Cc1ccccc1F,0.0,0.0
0.0,1.0,2.0,16.0,0.0,14.0,0.0,2.0,21,26,21,3,,1,,1,False,0.8076923076923077,0.0,0.0,0.14285714285714285,0.0,0.0,0.0,1.0,0.0,0.0,0.0,1.0,0.0,0.0,1.0,1.0,15.0,0.06666666666666667,1.0,945,21,3.807265055010712,3.859700000000002,197.28099999999998,1.0,0.0,0.0,2.0,3.0,CC(Nc1ccccc1)c1ccccc1,0.0,12.03
0.0,0.16666666666666666,1.0,25.0,4.0,18.0,0.0,5.0,21,28,22,1,,,,5,False,0.75,0.0,0.0,0.4444444444444444,1.0,0.0,0.0,1.0,1.0,1.0,0.0,1.0,0.0,0.0,3.0,1.0,21.0,0.14285714285714285,3.0,946,21,3.127381154666204,3.132500000000002,277.371,3.0,5.0,0.0,6.0,0.0,C1=CC2C3=CNC=NC3CC3CC(C1)c1ccncc1C32,0.0,37.28
0.0,0.0,0.0,7.0,0.0,5.0,0.0,1.0,21,28,23,4,,,,1,False,0.75,0.0,0.0,1.0,0.0,0.0,0.0,0.0,0.0,0.0,0.0,1.0,0.0,0.0,2.0,1.0,7.0,0.2857142857142857,2.0,947,21,3.934942522066433,0.030399999999999927,101.14899999999999,1.0,1.0,1.0,1.0,0.0,CN1CCCC1O,0.0,23.47
0.0,0.5,1.0,14.0,0.0,9.0,0.0,2.0,23,29,24,2,1,1,,1,False,0.7931034482758621,0.0,0.0,0.3333333333333333,0.0,0.0,0.0,1.0,0.0,0.0,0.0,1.0,0.0,0.0,4.0,0.0,13.0,0.3076923076923077,4.0,948,23,2.4951849109357798,0.44479999999999986,178.19099999999992,2.0,1.0,2.0,2.0,1.0,O=C1CN(c2ccccn2)CCO1,0.0,42.43000000000001
0.0,0.6666666666666666,2.0,25.0,0.0,19.0,0.0,3.0,23,39,26,10,,1,,2,False,0.5897435897435898,0.0,0.0,0.47368421052631576,1.0,0.0,0.0,1.0,0.0,1.0,0.0,1.0,0.0,0.0,4.0,1.0,23.0,0.17391304347826086,4.0,949,23,2.731897402888771,4.542400000000003,311.42900000000014,3.0,1.0,1.0,3.0,6.0,CCCCC1(CNc2ncnc3ccccc23)COC=C(C)C1,0.0,47.040000000000006
0.0,0.5,1.0,22.0,0.0,15.0,0.0,2.0,22,37,23,12,,1,,1,False,0.5945945945945946,0.0,0.0,0.6,0.0,0.0,0.0,1.0,0.0,0.0,0.0,1.0,0.0,0.0,6.0,1.0,21.0,0.2857142857142857,6.0,950,22,2.4290821205023874,2.511000000000001,298.33500000000004,0.0,1.0,6.0,2.0,7.0,COc1cc(OCCOC(C)=C2CCC(O)C2)c(OC)o1,0.0,70.29
0.0,0.5,1.0,20.0,0.0,16.0,0.0,2.0,18,27,18,7,,1,,1,False,0.6666666666666666,0.0,0.0,0.5,0.0,0.0,0.0,1.0,0.0,0.0,0.0,1.0,0.0,0.0,3.0,1.0,19.0,0.15789473684210525,3.0,951,18,3.980803691578,3.2900000000000023,261.3649999999999,1.0,1.0,2.0,2.0,5.0,COc1cccc(C=CCCN2CCCCC2)c1O,0.0,32.7
0.0,0.6666666666666666,2.0,24.0,0.0,17.0,0.0,3.0,12,21,12,6,,1,,2,False,0.5714285714285714,1.0,0.0,0.11764705882352941,1.0,0.0,0.0,1.0,0.0,1.0,0.0,1.0,0.0,0.0,4.0,1.0,22.0,0.22727272727272727,5.0,952,12,2.185739367758715,3.0243,299.30100000000004,1.0,1.0,3.0,3.0,3.0,COc1cccc2c1OCC(c1cccc(C(=O)F)c1)=C2N,0.0,61.55
0.0,0.0,0.0,20.0,0.0,15.0,0.0,2.0,18,32,20,10,,1,,1,False,0.5625,0.0,0.0,0.5333333333333333,0.0,0.0,0.0,0.0,0.0,0.0,0.0,1.0,0.0,0.0,4.0,1.0,19.0,0.21052631578947367,4.0,953,18,2.6131304006644767,1.9614999999999998,260.337,2.0,2.0,2.0,2.0,3.0,CC(=O)CC(C)=C1CCNC1C1=C(C)CC(=O)C=N1,0.0,58.53
0.0,0.5,2.0,24.0,0.0,13.0,0.0,4.0,17,30,19,7,,1,,3,False,0.5666666666666667,0.0,0.0,0.3076923076923077,2.0,1.0,0.0,1.0,0.0,1.0,0.0,1.0,1.0,0.0,7.0,2.0,21.0,0.38095238095238093,8.0,954,17,3.187320837313136,1.06672,285.263,5.0,2.0,3.0,4.0,3.0,Cc1nc2ccccc2nc1OC12NN=NC1C2C(=O)O,0.0,109.06000000000002
0.0,0.25,1.0,24.0,0.0,15.0,0.0,4.0,20,29,21,4,,1,,3,False,0.6896551724137931,0.0,0.0,0.2,1.0,0.0,0.0,1.0,0.0,1.0,0.0,1.0,0.0,0.0,6.0,2.0,21.0,0.2857142857142857,6.0,955,20,3.722457562317088,0.21519999999999984,280.287,4.0,3.0,2.0,4.0,2.0,O=C1C(CO)=CC2C1=NC1=C2NCN=C1c1ccccn1,0.0,86.94
0.0,0.75,3.0,25.0,0.0,18.0,0.0,4.0,22,32,24,4,,1,,3,False,0.6875,0.0,0.0,0.1111111111111111,1.0,0.0,0.0,1.0,0.0,1.0,0.0,1.0,0.0,0.0,4.0,1.0,22.0,0.18181818181818182,4.0,956,22,3.0005521136733524,3.639420000000003,290.322,2.0,1.0,2.0,4.0,1.0,Cc1cccc2c1-c1ccc(O)cc1C(c1ccncn1)O2,0.0,55.24000000000001
0.0,0.3333333333333333,1.0,20.0,0.0,13.0,0.0,3.0,20,26,20,3,,1,,2,False,0.7692307692307693,1.0,0.0,0.23076923076923078,1.0,0.0,0.0,1.0,0.0,1.0,0.0,1.0,0.0,0.0,3.0,1.0,18.0,0.2777777777777778,5.0,957,20,3.313108793142312,1.2873999999999999,246.24099999999999,2.0,2.0,2.0,3.0,2.0,O=C1NCC2=NC=CC2C1Oc1ccccc1F,0.0,50.69
0.0,0.75,3.0,22.0,0.0,15.0,0.0,4.0,21,26,21,1,,1,,3,False,0.8076923076923077,0.0,0.0,0.06666666666666667,2.0,0.0,0.0,1.0,0.0,1.0,0.0,1.0,0.0,0.0,2.0,2.0,19.0,0.21052631578947367,4.0,958,21,2.317981937302309,3.2032000000000007,249.27300000000002,3.0,1.0,1.0,4.0,1.0,O=C1CC(c2c[nH]c3ccccc23)=Nc2cc[nH]c21,0.0,61.01
0.0,1.0,2.0,20.0,0.0,15.0,0.0,2.0,22,33,23,8,,1,,1,False,0.6666666666666666,0.0,0.0,0.26666666666666666,0.0,0.0,0.0,1.0,0.0,0.0,0.0,1.0,0.0,0.0,4.0,1.0,19.0,0.21052631578947367,4.0,959,22,2.5759992850478017,2.4747000000000003,258.32099999999997,2.0,0.0,2.0,2.0,5.0,COc1ccc(O)cc1N(C)CCc1cccnc1,0.0,45.59
0.0,0.0,0.0,1.0,0.0,2.0,0.0,0.0,19,22,21,1,,,,,False,0.8636363636363636,0.0,0.0,1.0,0.0,0.0,0.0,0.0,0.0,0.0,0.0,0.0,0.0,0.0,0.0,0.0,2.0,0.0,0.0,960,19,3.4240804594803835,1.0262,30.07,0.0,0.0,0.0,0.0,0.0,CC,0.0,0.0
0.0,0.0,0.0,26.0,0.0,16.0,0.0,4.0,15,24,15,5,,2,,2,False,0.625,0.0,0.0,0.5625,1.0,1.0,0.0,0.0,0.0,1.0,0.0,1.0,1.0,0.0,5.0,1.0,23.0,0.30434782608695654,7.0,961,15,2.816919983522516,1.1771,313.36100000000005,5.0,4.0,2.0,4.0,2.0,CC1CC1C(=O)N1CCCC(N)(C2=NC(=O)C3=CN=NC3=C2)C1,0.0,100.47999999999999
0.0,0.5,2.0,23.0,0.0,16.0,0.0,4.0,22,28,22,1,1,1,,3,False,0.8214285714285714,0.0,0.0,0.3125,1.0,0.0,0.0,1.0,0.0,1.0,0.0,1.0,0.0,0.0,3.0,2.0,20.0,0.2,4.0,962,22,3.131688777503329,2.1218,267.332,3.0,2.0,1.0,4.0,1.0,OC1c2ccccc2C=C2NCCC(n3cccn3)C21,0.0,50.08
0.0,1.0,1.0,15.0,0.0,10.0,0.0,1.0,19,33,21,11,,,,1,False,0.5757575757575758,1.0,0.0,0.3,0.0,0.0,0.0,1.0,0.0,0.0,0.0,1.0,0.0,0.0,3.0,1.0,15.0,0.3333333333333333,5.0,963,19,2.8699734274185413,1.5946,213.20799999999997,1.0,0.0,3.0,1.0,4.0,COc1ccc(ONC(C)=O)cc1CF,0.0,47.56
0.0,0.6666666666666666,2.0,21.0,0.0,15.0,0.0,3.0,23,33,24,6,,1,,2,False,0.696969696969697,0.0,0.0,0.4666666666666667,1.0,0.0,0.0,1.0,0.0,1.0,0.0,1.0,0.0,0.0,3.0,1.0,19.0,0.21052631578947367,4.0,964,23,2.5496101318088655,2.8809200000000006,260.33700000000005,2.0,1.0,2.0,3.0,4.0,COCC1CCCN1Oc1cc(C)cc2[nH]ccc12,0.0,37.49
0.0,0.25,1.0,27.0,2.0,18.0,0.0,4.0,19,28,19,5,,1,,3,False,0.6785714285714286,0.0,0.0,0.2777777777777778,1.0,0.0,0.0,1.0,1.0,1.0,0.0,1.0,0.0,1.0,5.0,3.0,24.0,0.25,6.0,965,19,2.590825582012595,0.49099999999999994,323.35200000000003,3.0,3.0,3.0,4.0,2.0,CC1=CCNC2(N1)C(=O)C1=CNC(=O)C2C1C(=O)c1ccccc1,1.0,87.29999999999998
0.0,1.0,2.0,20.0,0.0,14.0,0.0,2.0,21,33,22,9,,1,,1,False,0.6363636363636364,0.0,0.0,0.14285714285714285,0.0,0.0,0.0,1.0,0.0,0.0,0.0,1.0,0.0,0.0,5.0,2.0,19.0,0.2631578947368421,5.0,966,21,3.0610491395163533,1.7882999999999998,257.293,3.0,0.0,2.0,2.0,5.0,NC=CC(CO)c1nonc1C=Cc1ccccc1,0.0,85.17
0.0,0.6666666666666666,2.0,25.0,0.0,15.0,0.0,3.0,19,28,19,6,,2,,1,False,0.6785714285714286,0.0,0.0,0.5333333333333333,0.0,0.0,0.0,1.0,0.0,0.0,0.0,1.0,0.0,0.0,7.0,3.0,23.0,0.34782608695652173,8.0,967,19,3.067991346129932,0.1256000000000002,317.3970000000001,7.0,1.0,1.0,3.0,5.0,CCc1[nH]cnc1-c1nc(N)cc(N2CCN(CCO)CC2)n1,0.0,107.19
0.0,0.0,0.0,21.0,2.0,14.0,0.0,3.0,22,32,23,6,,1,,2,False,0.6875,0.0,0.0,0.6428571428571429,1.0,0.0,0.0,0.0,1.0,1.0,0.0,1.0,0.0,0.0,5.0,1.0,19.0,0.2631578947368421,5.0,968,22,3.1708973140773042,1.408,262.30899999999997,2.0,3.0,3.0,3.0,4.0,O=C1C2=NC=NC1(CCC1=C(CO)OCC1)CCC2,0.0,71.25
0.0,0.0,0.0,1.0,0.0,2.0,0.0,0.0,23,24,23,1,,,,,False,0.9583333333333334,0.0,0.0,1.0,0.0,0.0,0.0,0.0,0.0,0.0,0.0,0.0,0.0,0.0,0.0,0.0,2.0,0.0,0.0,969,23,1.873473783760871,1.0262,30.07,0.0,0.0,0.0,0.0,0.0,CC,0.0,0.0
0.0,0.0,0.0,13.0,0.0,8.0,0.0,1.0,23,35,24,9,1,,,1,False,0.6571428571428571,0.0,0.0,0.75,0.0,0.0,0.0,0.0,0.0,0.0,0.0,1.0,0.0,0.0,5.0,2.0,13.0,0.38461538461538464,5.0,970,23,2.6486523916174765,-0.8800199999999987,181.24299999999997,5.0,1.0,0.0,1.0,4.0,N#CN1CCC(=NCNCCN)C1,0.0,77.44
0.0,0.25,1.0,27.0,0.0,18.0,0.0,4.0,23,34,24,6,,1,,3,False,0.6764705882352942,0.0,0.0,0.4444444444444444,1.0,0.0,0.0,1.0,0.0,1.0,0.0,1.0,0.0,1.0,6.0,1.0,24.0,0.25,6.0,971,23,3.3201498264900833,2.5870000000000006,323.4000000000001,5.0,3.0,1.0,4.0,5.0,COCCNc1ccc(C2=CC=NC34N=CN=C3CCCC24)cn1,1.0,71.22999999999999
0.0,0.6666666666666666,2.0,23.0,0.0,14.0,0.0,3.0,22,31,22,6,,1,,2,False,0.7096774193548387,0.0,0.0,0.42857142857142855,1.0,0.0,0.0,1.0,0.0,1.0,0.0,1.0,0.0,0.0,4.0,2.0,21.0,0.3333333333333333,7.0,972,22,3.696833637005186,-0.7372999999999987,290.323,4.0,1.0,3.0,3.0,3.0,Cn1c(=O)n(C(CO)N2CCNC(=O)C2)c2ccccc21,0.0,79.5
0.0,0.6666666666666666,2.0,23.0,0.0,17.0,0.0,3.0,23,33,24,6,,1,,2,False,0.696969696969697,0.0,0.0,0.23529411764705882,1.0,0.0,0.0,1.0,0.0,1.0,0.0,1.0,0.0,0.0,3.0,2.0,21.0,0.19047619047619047,4.0,973,23,3.567558166212733,1.8585999999999996,283.327,1.0,1.0,3.0,3.0,3.0,O=C1C(c2ccccc2O)c2ccccc2CN1CCO,0.0,60.769999999999996
0.0,0.6666666666666666,2.0,21.0,0.0,13.0,0.0,3.0,12,19,13,3,,2,,1,False,0.631578947368421,1.0,0.0,0.38461538461538464,0.0,0.0,0.0,1.0,0.0,0.0,0.0,1.0,0.0,0.0,4.0,0.0,19.0,0.3157894736842105,6.0,974,12,2.9054911965733026,1.3608199999999997,262.28799999999995,4.0,1.0,1.0,3.0,2.0,Cc1cc(F)cc(-c2ncnn2N2CCOCC2)c1,0.0,43.18000000000001
0.0,0.6666666666666666,2.0,25.0,0.0,20.0,0.0,3.0,23,33,24,6,,2,,1,False,0.696969696969697,0.0,0.0,0.35,0.0,0.0,0.0,1.0,0.0,0.0,0.0,1.0,0.0,0.0,3.0,1.0,23.0,0.13043478260869565,3.0,975,23,3.0043382558199703,3.715500000000003,308.42499999999995,2.0,1.0,1.0,3.0,5.0,Oc1cccc(C(=NCCN2CCCCC2)c2ccccc2)c1,0.0,35.830000000000005
0.0,0.4,2.0,25.0,2.0,17.0,0.0,5.0,20,25,20,,,,,5,False,0.8,0.0,0.0,0.17647058823529413,1.0,0.0,0.0,1.0,1.0,1.0,0.0,1.0,0.0,0.0,3.0,2.0,21.0,0.19047619047619047,4.0,976,20,2.6761514377778073,2.855600000000001,274.327,4.0,3.0,0.0,5.0,0.0,C1=CN=C2NC(=C1)CC1c3[nH]c4ccccc4c3C=NC21,0.0,52.54
0.0,0.3333333333333333,1.0,25.0,0.0,22.0,0.0,3.0,21,26,22,1,,1,,2,False,0.8076923076923077,0.0,0.0,0.6363636363636364,1.0,0.0,0.0,1.0,0.0,1.0,1.0,1.0,0.0,0.0,1.0,0.0,23.0,0.043478260869565216,1.0,977,21,5.050271694752332,6.3913000000000055,312.497,0.0,2.0,1.0,3.0,1.0,c1ccc(C2=C3CCCCCCCCOCC3CCCC2)cc1,0.0,9.23
0.0,0.4,2.0,26.0,3.0,16.0,0.0,5.0,19,28,21,2,,1,,4,False,0.6785714285714286,0.0,0.0,0.25,1.0,0.0,0.0,1.0,1.0,1.0,0.0,1.0,0.0,0.0,6.0,1.0,22.0,0.2727272727272727,6.0,978,19,1.8558749029642825,0.9132,291.314,5.0,3.0,1.0,5.0,1.0,c1cnc2c(c1)C1=NC3OC(CNC1)C(c1ccncn1)=C23,0.0,72.29
0.0,0.5,2.0,23.0,0.0,13.0,0.0,4.0,14,23,16,3,,1,,3,False,0.6086956521739131,0.0,0.0,0.3076923076923077,1.0,0.0,0.0,1.0,0.0,1.0,0.0,1.0,0.0,0.0,6.0,1.0,20.0,0.35,7.0,979,14,3.574050194440596,0.5105,270.296,6.0,2.0,1.0,4.0,1.0,CN1Cn2nc(-c3ccccc3)nc2OC2N=CNC21,0.0,67.57000000000001
0.0,0.0,0.0,21.0,4.0,13.0,0.0,4.0,17,27,20,3,,,,4,False,0.6296296296296297,0.0,0.0,0.6923076923076923,1.0,0.0,0.0,0.0,1.0,1.0,1.0,1.0,0.0,1.0,5.0,2.0,18.0,0.2777777777777778,5.0,980,17,3.661617535099664,0.458,245.32999999999996,5.0,4.0,0.0,4.0,0.0,C1=CN=C2CNN3CC4=NCCC3(C2)CC(C1)N4,1.0,52.02
0.0,0.2,1.0,27.0,0.0,15.0,0.0,5.0,23,28,23,,,1,,4,False,0.8214285714285714,0.0,0.0,0.4666666666666667,1.0,0.0,0.0,1.0,0.0,1.0,0.0,1.0,0.0,0.0,8.0,1.0,23.0,0.34782608695652173,8.0,981,23,2.70544523891996,0.5692999999999995,312.3330000000001,6.0,4.0,2.0,5.0,1.0,C1=CC2N3C=NC=NC3COC2(c2cnon2)C2=C1NCCC2,0.0,88.14
0.0,0.5,2.0,26.0,0.0,21.0,0.0,4.0,16,24,17,3,,1,,3,False,0.6666666666666666,0.0,0.0,0.42857142857142855,1.0,0.0,0.0,1.0,0.0,1.0,0.0,1.0,0.0,1.0,2.0,1.0,23.0,0.08695652173913043,2.0,982,16,2.5371139024536213,4.692020000000004,306.45300000000003,2.0,2.0,0.0,4.0,2.0,Cc1ccc(CN2CCCC23CCCNc2ccccc23)cc1,1.0,15.27
0.0,0.5,1.0,13.0,0.0,9.0,0.0,2.0,20,27,22,3,,1,,1,False,0.7407407407407407,0.0,0.0,0.3333333333333333,0.0,0.0,0.0,1.0,0.0,0.0,0.0,1.0,0.0,0.0,3.0,0.0,12.0,0.25,3.0,983,20,2.6212625582765705,2.18222,161.208,3.0,1.0,0.0,2.0,1.0,Cc1ccccc1N1CCN=N1,0.0,27.96
0.0,0.0,0.0,24.0,0.0,16.0,0.0,3.0,20,29,22,3,1,,,3,False,0.6896551724137931,0.0,0.0,0.625,1.0,0.0,0.0,0.0,0.0,1.0,1.0,1.0,0.0,0.0,5.0,2.0,22.0,0.2727272727272727,6.0,984,20,2.5880904459074685,1.2515999999999998,305.37800000000004,3.0,3.0,3.0,3.0,0.0,O=C1NC2=C(C=CCCCCCCOOC2)C2NCCN=C12,0.0,71.95
0.0,1.0,1.0,15.0,0.0,12.0,0.0,1.0,21,37,24,12,,,,1,False,0.5675675675675675,1.0,0.0,0.4166666666666667,0.0,0.0,0.0,1.0,0.0,0.0,0.0,1.0,0.0,0.0,2.0,1.0,15.0,0.2,3.0,985,21,2.341978074455319,2.8331000000000013,210.248,0.0,0.0,2.0,1.0,5.0,CCCC(=O)CCc1cccc(O)c1F,0.0,37.3
0.0,0.3333333333333333,1.0,19.0,0.0,13.0,0.0,3.0,17,28,20,5,,1,,2,False,0.6071428571428571,0.0,0.0,0.46153846153846156,1.0,0.0,0.0,1.0,0.0,1.0,0.0,1.0,0.0,0.0,4.0,2.0,17.0,0.23529411764705882,4.0,986,17,2.5828010320460297,1.0746799999999999,229.28299999999993,3.0,2.0,1.0,3.0,1.0,N#Cc1cc2c(cc1C1CNNC1)CCCO2,0.0,57.08
0.0,0.0,0.0,20.0,0.0,14.0,0.0,1.0,8,31,15,15,,1,,,False,0.25806451612903225,0.0,0.0,0.6428571428571429,0.0,0.0,0.0,0.0,0.0,0.0,0.0,1.0,0.0,0.0,5.0,2.0,20.0,0.3,6.0,987,8,2.5683990625305397,0.6551000000000002,280.37200000000007,4.0,1.0,2.0,1.0,9.0,CC=CNCN1C(CC(C)=O)=NC(=O)C1CNCCC,0.0,73.8
0.0,0.0,0.0,19.0,2.0,11.0,0.0,3.0,20,31,20,8,,,,3,False,0.6451612903225806,0.0,0.0,0.8181818181818182,1.0,0.0,1.0,0.0,1.0,1.0,0.0,1.0,1.0,1.0,5.0,1.0,17.0,0.35294117647058826,6.0,988,20,3.666675000490652,0.5567,238.243,2.0,4.0,4.0,4.0,3.0,CC(=O)OC1CC2C(=O)CC23CC1C3NN=O,1.0,84.83000000000001
0.0,0.5,1.0,20.0,0.0,15.0,0.0,2.0,21,30,21,7,,1,,1,False,0.7,1.0,0.0,0.6,0.0,0.0,0.0,1.0,0.0,0.0,0.0,1.0,0.0,0.0,3.0,2.0,19.0,0.21052631578947367,4.0,989,21,2.525224673953549,2.0644000000000005,266.3599999999999,2.0,1.0,1.0,2.0,5.0,CCCc1cccc(F)c1C1NCCCN1CCO,0.0,35.5
0.0,1.0,1.0,13.0,0.0,9.0,0.0,1.0,23,31,23,7,,,,1,False,0.7419354838709677,0.0,0.0,0.3333333333333333,0.0,0.0,0.0,1.0,0.0,0.0,0.0,1.0,0.0,0.0,4.0,2.0,13.0,0.3076923076923077,4.0,990,23,3.1574432600376094,0.6485000000000001,183.20699999999997,1.0,0.0,3.0,1.0,4.0,COc1c(N)cccc1OCCO,0.0,64.71000000000001
0.0,0.2,1.0,24.0,3.0,14.0,0.0,5.0,23,30,23,2,,,,5,False,0.7666666666666667,0.0,0.0,0.21428571428571427,1.0,0.0,0.0,1.0,1.0,1.0,0.0,1.0,0.0,0.0,6.0,2.0,20.0,0.3,6.0,991,23,3.5525406659951857,0.9941,268.276,4.0,4.0,2.0,5.0,0.0,CN1C=C2c3ncccc3C34NC=CC3N2C(O)=C1O4,0.0,60.860000000000014
0.0,0.5,1.0,19.0,0.0,14.0,0.0,2.0,22,34,24,8,,1,,1,False,0.6470588235294118,0.0,0.0,0.2857142857142857,0.0,0.0,0.0,1.0,0.0,0.0,0.0,1.0,0.0,0.0,3.0,1.0,18.0,0.2222222222222222,4.0,992,22,4.967884365227379,1.4294,245.278,1.0,1.0,3.0,2.0,3.0,CCN1CC(=O)C(C(=O)O)=C(c2ccccc2)C1,0.0,57.61
0.0,1.0,1.0,16.0,0.0,14.0,0.0,1.0,23,38,25,12,,,,1,False,0.6052631578947368,1.0,0.0,0.42857142857142855,0.0,0.0,0.0,1.0,0.0,0.0,0.0,1.0,0.0,0.0,1.0,1.0,16.0,0.125,2.0,993,23,3.1297786356758586,3.9115000000000038,222.30299999999997,0.0,0.0,1.0,1.0,5.0,CCCCC(C)=Cc1ccc(CO)cc1F,0.0,20.23
0.0,0.5,1.0,15.0,0.0,10.0,0.0,2.0,22,30,23,4,1,1,,1,False,0.7333333333333333,0.0,0.0,0.7,0.0,0.0,0.0,1.0,0.0,0.0,0.0,1.0,0.0,0.0,3.0,1.0,14.0,0.2857142857142857,4.0,994,22,5.35024000361277,1.2047200000000002,195.26599999999993,3.0,1.0,1.0,2.0,1.0,Cc1nn(C)c(N)c1C1CCCOC1,0.0,53.07000000000001
0.0,0.5,1.0,18.0,0.0,14.0,0.0,2.0,18,26,19,5,,1,,1,False,0.6923076923076923,2.0,0.0,0.2857142857142857,0.0,0.0,0.0,1.0,0.0,0.0,0.0,1.0,0.0,0.0,1.0,0.0,17.0,0.17647058823529413,3.0,995,18,3.196663391172862,4.411500000000003,236.26099999999994,0.0,1.0,1.0,2.0,3.0,FC(F)Oc1ccccc1C1=CCCCC=C1,0.0,9.23
0.0,0.0,0.0,20.0,0.0,17.0,0.0,2.0,23,29,24,3,,,,2,False,0.7931034482758621,0.0,0.0,0.6470588235294118,1.0,0.0,0.0,0.0,0.0,1.0,1.0,1.0,0.0,0.0,2.0,0.0,19.0,0.10526315789473684,2.0,996,23,3.5404061846163493,4.737600000000005,262.3929999999999,0.0,2.0,2.0,2.0,0.0,CC1=CC2=C(CC1)COOCC(C)CCCCC=C2,0.0,18.46
0.0,1.0,1.0,11.0,0.0,5.0,0.0,1.0,23,30,23,6,,,,1,False,0.7666666666666667,0.0,0.0,0.4,0.0,0.0,0.0,1.0,0.0,0.0,0.0,1.0,0.0,0.0,5.0,4.0,11.0,0.5454545454545454,6.0,997,23,2.980934983980665,-0.4181000000000005,159.145,3.0,0.0,3.0,1.0,4.0,OCCOc1c[nH]nc1NO,0.0,90.4
0.0,0.75,3.0,26.0,0.0,18.0,0.0,4.0,19,31,22,5,,2,,2,False,0.6129032258064516,0.0,0.0,0.1111111111111111,1.0,0.0,0.0,1.0,0.0,1.0,0.0,1.0,0.0,0.0,5.0,1.0,23.0,0.21739130434782608,5.0,998,19,2.478656882329155,3.3713000000000015,304.35300000000007,4.0,1.0,1.0,4.0,3.0,Nc1ccc(Oc2cccc(N3Cc4cccnc4C3)c2)cn1,0.0,64.27000000000001
0.0,1.0,2.0,18.0,0.0,14.0,0.0,2.0,21,28,21,5,,1,,1,False,0.75,0.0,0.0,0.0,0.0,0.0,0.0,1.0,0.0,0.0,0.0,1.0,0.0,0.0,2.0,1.0,17.0,0.17647058823529413,3.0,999,21,3.3000903721906143,2.508000000000001,225.24699999999999,1.0,0.0,2.0,2.0,3.0,O=C(Nc1ccccc1)C(=O)c1ccccc1,0.0,46.17
0.0,0.5,1.0,18.0,0.0,14.0,0.0,2.0,21,28,21,5,,1,,1,False,0.75,0.0,0.0,0.5,0.0,0.0,0.0,1.0,0.0,0.0,0.0,1.0,0.0,0.0,3.0,0.0,17.0,0.17647058823529413,3.0,1000,21,2.9826001582117287,2.6782000000000004,234.29499999999993,0.0,1.0,3.0,2.0,3.0,CCc1cccc(C2CCC(=O)CO2)c1OC,0.0,35.53
0.0,0.3333333333333333,1.0,23.0,0.0,14.0,0.0,3.0,10,28,14,11,,1,,2,False,0.35714285714285715,0.0,0.0,0.42857142857142855,1.0,0.0,0.0,1.0,0.0,1.0,0.0,1.0,0.0,0.0,6.0,2.0,21.0,0.3333333333333333,7.0,1001,10,10.847337575319733,0.3631999999999998,289.29100000000005,3.0,2.0,4.0,3.0,3.0,CC1=CC(=O)CC(C(=O)NCc2noc3c2NCC3)C1=O,0.0,101.30000000000001
0.0,0.5,1.0,18.0,0.0,12.0,0.0,2.0,14,24,14,8,,,,2,False,0.5833333333333334,0.0,0.0,0.16666666666666666,1.0,0.0,0.0,1.0,0.0,1.0,0.0,1.0,0.0,0.0,5.0,1.0,17.0,0.29411764705882354,5.0,1002,14,2.857925344978994,1.0615999999999999,234.207,0.0,1.0,5.0,2.0,3.0,CC(=O)C=CC(=O)c1cccc2c1OC(O)O2,0.0,72.83000000000001
0.0,0.25,1.0,23.0,0.0,15.0,0.0,4.0,23,29,23,2,,1,,3,False,0.7931034482758621,0.0,0.0,0.5333333333333333,1.0,1.0,0.0,1.0,0.0,1.0,0.0,1.0,1.0,0.0,3.0,0.0,20.0,0.25,5.0,1003,23,2.92375679372854,1.6050999999999995,270.33599999999996,4.0,3.0,1.0,4.0,1.0,CN1CC=CN(C23Cc4nnccc4CCC2C3)C1=O,0.0,49.330000000000005
0.0,0.75,3.0,23.0,0.0,13.0,0.0,4.0,14,27,20,3,,1,,3,False,0.5185185185185185,0.0,0.0,0.0,1.0,0.0,0.0,1.0,0.0,1.0,0.0,1.0,0.0,0.0,6.0,1.0,20.0,0.35,7.0,1004,14,7.9706429625841615,1.3453,264.24800000000005,6.0,1.0,1.0,4.0,2.0,O=C1c2nc(Nc3cccnc3)ccc2-n2cnnc21,0.0,85.59
0.0,0.3333333333333333,1.0,16.0,0.0,10.0,0.0,3.0,23,30,24,3,,,,3,False,0.7666666666666667,0.0,0.0,0.3,1.0,0.0,0.0,1.0,0.0,1.0,0.0,1.0,0.0,0.0,3.0,2.0,14.0,0.2857142857142857,4.0,1005,23,3.104226580925139,0.11259999999999992,191.186,1.0,2.0,3.0,3.0,0.0,O=C1CC2Oc3ccccc3C2(O)N1,0.0,58.56
0.0,0.3333333333333333,1.0,20.0,0.0,11.0,0.0,3.0,18,25,18,4,,1,,2,False,0.72,0.0,0.0,0.6363636363636364,1.0,0.0,0.0,1.0,0.0,1.0,0.0,1.0,0.0,0.0,7.0,0.0,18.0,0.3888888888888889,7.0,1006,18,3.896015549114805,0.7101999999999998,251.24199999999996,3.0,2.0,4.0,3.0,3.0,O=C(OCc1nnco1)C1CCC2OCN=C2C1,0.0,86.81
0.0,0.0,0.0,26.0,0.0,18.0,0.0,4.0,23,31,23,4,,2,,2,False,0.7419354838709677,0.0,0.0,0.8888888888888888,1.0,1.0,0.0,0.0,0.0,1.0,0.0,1.0,1.0,0.0,4.0,2.0,23.0,0.21739130434782608,5.0,1007,23,7.462336801953494,2.6495700000000006,319.4490000000001,3.0,4.0,2.0,4.0,4.0,N=CN1CCC(C2CC2)C2(NC3CCCC(=O)O3)CCCCC12,0.0,65.42
0.0,0.5,1.0,21.0,0.0,13.0,0.0,2.0,22,33,22,9,,1,,1,False,0.6666666666666666,0.0,0.0,0.07692307692307693,0.0,0.0,0.0,1.0,0.0,0.0,0.0,1.0,0.0,0.0,4.0,2.0,20.0,0.35,7.0,1008,22,2.6451822436555097,0.6315999999999999,273.248,3.0,1.0,4.0,2.0,3.0,CC=CN1C(=O)C(=O)N=C1C(=O)Nc1ccc(O)cc1,0.0,99.07000000000001
0.0,0.6666666666666666,2.0,25.0,0.0,19.0,0.0,3.0,15,25,15,7,,1,,2,False,0.6,0.0,0.0,0.2631578947368421,1.0,0.0,0.0,1.0,0.0,1.0,0.0,1.0,0.0,0.0,4.0,3.0,23.0,0.17391304347826086,4.0,1009,15,3.3558377555785084,3.3466000000000014,310.397,2.0,1.0,2.0,3.0,5.0,CCNCC1=C(c2cccc(OC)c2)CNc2cc(O)ccc21,0.0,53.519999999999996
0.0,0.0,0.0,11.0,0.0,10.0,0.0,0.0,23,36,24,12,,,,,False,0.6388888888888888,0.0,0.0,1.0,0.0,0.0,0.0,0.0,0.0,0.0,0.0,0.0,0.0,0.0,2.0,1.0,12.0,0.16666666666666666,2.0,1010,23,3.1089649977904186,2.319,173.29999999999995,1.0,0.0,1.0,0.0,7.0,CCCCCC(C)OC(C)CN,0.0,35.25
0.0,1.0,1.0,9.0,0.0,7.0,0.0,1.0,20,24,20,3,,,,1,False,0.8333333333333334,0.0,0.0,0.14285714285714285,0.0,0.0,0.0,1.0,0.0,0.0,0.0,1.0,0.0,0.0,2.0,1.0,9.0,0.2222222222222222,2.0,1011,20,2.4660650591679434,1.4008,124.13899999999997,0.0,0.0,2.0,1.0,1.0,COc1ccc(O)cc1,0.0,29.46
0.0,0.2,1.0,25.0,2.0,17.0,0.0,5.0,20,31,22,3,1,1,,4,False,0.6451612903225806,0.0,0.0,0.5882352941176471,1.0,0.0,1.0,1.0,1.0,1.0,0.0,1.0,1.0,1.0,4.0,0.0,21.0,0.19047619047619047,4.0,1012,20,3.8627770090313978,1.6241999999999994,283.375,3.0,4.0,1.0,5.0,1.0,CC1CN2CC34COC=NC3C12CN(c1ccccc1)C4,1.0,28.07
0.0,0.5,1.0,21.0,0.0,17.0,0.0,2.0,11,26,13,11,,1,,1,False,0.4230769230769231,0.0,0.0,0.47058823529411764,0.0,0.0,0.0,1.0,0.0,0.0,0.0,1.0,0.0,0.0,3.0,0.0,20.0,0.15,3.0,1013,11,3.2835746743110623,3.5408000000000026,271.40799999999996,3.0,1.0,0.0,2.0,6.0,CC=CCN1CCN=C1N(CCCC)c1ccccc1,0.0,18.84
0.0,1.0,2.0,19.0,0.0,13.0,0.0,2.0,21,33,23,8,,1,,1,False,0.6363636363636364,0.0,0.0,0.23076923076923078,0.0,0.0,0.0,1.0,0.0,0.0,0.0,1.0,0.0,0.0,5.0,0.0,18.0,0.2777777777777778,5.0,1014,21,3.953601279290138,2.1694000000000004,246.266,2.0,0.0,3.0,2.0,4.0,COc1cc(-c2ccc(OC)c(OC)c2)cnn1,0.0,53.47
0.0,1.0,1.0,9.0,0.0,7.0,0.0,1.0,14,18,14,3,,,,1,False,0.7777777777777778,0.0,0.0,0.14285714285714285,0.0,0.0,0.0,1.0,0.0,0.0,0.0,1.0,0.0,0.0,2.0,1.0,9.0,0.2222222222222222,2.0,1015,14,2.7840252141876003,1.4007999999999998,124.13899999999997,0.0,0.0,2.0,1.0,1.0,COc1cccc(O)c1,0.0,29.46
0.0,0.0,0.0,19.0,3.0,11.0,0.0,4.0,21,26,21,1,,,,4,False,0.8076923076923077,0.0,0.0,0.45454545454545453,1.0,0.0,0.0,0.0,1.0,1.0,0.0,1.0,0.0,0.0,5.0,1.0,16.0,0.3125,5.0,1016,21,3.124280912367501,-0.21170000000000022,217.228,3.0,4.0,2.0,4.0,0.0,NC1=CC23COCC4C=C1C(O4)C2=NC=N3,0.0,69.2
0.0,0.0,0.0,19.0,5.0,10.0,0.0,4.0,22,33,25,3,1,,,4,False,0.6666666666666666,0.0,0.0,0.8,1.0,0.0,0.0,0.0,1.0,1.0,1.0,1.0,0.0,0.0,6.0,0.0,16.0,0.375,6.0,1017,22,3.120981186589096,0.9095,221.264,5.0,5.0,1.0,5.0,0.0,C1=C2C3CC4CCCN(C1)CN2N=NN3O4,0.0,43.67
0.0,0.3333333333333333,1.0,22.0,0.0,16.0,0.0,3.0,21,30,22,5,,1,,2,False,0.7,0.0,0.0,0.5,1.0,0.0,0.0,1.0,0.0,1.0,0.0,1.0,0.0,0.0,4.0,1.0,20.0,0.2,4.0,1018,21,2.7017015168550267,1.8227999999999995,274.364,2.0,2.0,2.0,3.0,3.0,COC1CC(CN)=C(N2CCOC2)Cc2ccccc21,0.0,47.72
0.0,1.0,2.0,21.0,0.0,17.0,0.0,2.0,21,35,23,10,,1,,1,False,0.6,1.0,0.0,0.29411764705882354,0.0,0.0,0.0,1.0,0.0,0.0,0.0,1.0,0.0,0.0,2.0,0.0,20.0,0.15,3.0,1019,21,3.0610754042117225,3.9821000000000035,274.335,0.0,0.0,2.0,2.0,6.0,COc1ccc(COC(C)Cc2ccccc2)c(F)c1,0.0,18.46
0.0,0.6666666666666666,2.0,23.0,0.0,13.0,0.0,3.0,17,29,18,8,,1,,2,False,0.5862068965517241,0.0,0.0,0.3076923076923077,1.0,0.0,0.0,1.0,0.0,1.0,0.0,1.0,0.0,0.0,7.0,4.0,21.0,0.38095238095238093,8.0,1020,17,2.6501435384086505,-0.3444000000000001,291.263,3.0,1.0,5.0,3.0,3.0,O=C(NCc1cccc2c1CC(O)C2O)c1noc(O)n1,0.0,128.71
0.0,1.0,2.0,21.0,0.0,17.0,0.0,2.0,22,32,22,8,,1,,1,False,0.6875,0.0,0.0,0.29411764705882354,0.0,0.0,0.0,1.0,0.0,0.0,0.0,1.0,0.0,0.0,3.0,0.0,20.0,0.15,3.0,1021,22,4.093666390282364,4.366920000000004,272.344,0.0,0.0,3.0,2.0,5.0,CCc1cc(Oc2ccccc2OC)c(C)cc1OC,0.0,27.69
0.0,0.25,1.0,25.0,0.0,19.0,0.0,4.0,20,25,20,1,,1,,3,False,0.8,0.0,0.0,0.47368421052631576,2.0,0.0,0.0,1.0,0.0,1.0,0.0,1.0,0.0,0.0,3.0,1.0,22.0,0.13636363636363635,3.0,1022,20,1.398995254356986,2.9423000000000012,295.43,3.0,3.0,0.0,4.0,1.0,NC1CC=C(N2C=CC3CCCCN3C2)c2ccccc2C1,0.0,32.5
0.0,0.6666666666666666,2.0,24.0,0.0,17.0,0.0,3.0,23,32,23,5,1,2,,1,False,0.75,0.0,0.0,0.4117647058823529,0.0,0.0,0.0,1.0,0.0,0.0,0.0,1.0,0.0,0.0,4.0,2.0,22.0,0.22727272727272727,5.0,1023,23,2.1803903063242345,1.9871399999999992,297.406,5.0,1.0,0.0,3.0,4.0,Cc1nn(C2=NCCCN2)c(C)c1CNCc1ccccc1,0.0,54.24
0.0,0.25,1.0,26.0,0.0,18.0,0.0,4.0,10,19,10,5,,1,,3,False,0.5263157894736842,0.0,0.0,0.5,1.0,0.0,0.0,1.0,0.0,1.0,0.0,1.0,0.0,0.0,5.0,3.0,23.0,0.21739130434782608,5.0,1024,10,2.1526620955019635,1.8215999999999997,312.417,4.0,3.0,1.0,4.0,3.0,CCOc1cccc(C2=NCNC3=C2C2C(NCC2(C)C)N3)c1,0.0,57.68
0.0,0.75,3.0,21.0,0.0,13.0,0.0,4.0,22,28,22,2,,,,4,False,0.7857142857142857,0.0,0.0,0.15384615384615385,1.0,0.0,0.0,1.0,0.0,1.0,0.0,1.0,0.0,0.0,3.0,2.0,18.0,0.2777777777777778,5.0,1025,22,2.8486026970992597,2.4589999999999996,241.24999999999997,3.0,1.0,2.0,4.0,1.0,COc1cc2cc[nH]c2c2c1COc1cn[nH]c1-2,0.0,62.93
0.0,0.3333333333333333,1.0,20.0,0.0,17.0,0.0,3.0,22,27,22,2,,1,,2,False,0.8148148148148148,0.0,0.0,0.35294117647058826,1.0,0.0,0.0,1.0,0.0,1.0,0.0,1.0,0.0,0.0,1.0,0.0,18.0,0.05555555555555555,1.0,1026,22,10.843431356313543,3.8816000000000024,238.33,0.0,2.0,1.0,3.0,2.0,O=CC1=CC=CC2CCCC(c3ccccc3)C12,0.0,17.07
0.0,1.0,2.0,20.0,0.0,17.0,0.0,2.0,10,19,10,7,,1,,1,False,0.5263157894736842,0.0,0.0,0.11764705882352941,0.0,0.0,0.0,1.0,0.0,0.0,0.0,1.0,0.0,0.0,1.0,1.0,19.0,0.10526315789473684,2.0,1027,10,2.916335125858657,2.3970000000000002,249.31299999999996,1.0,0.0,1.0,2.0,3.0,O=C(Cc1ccccc1)NCC#Cc1ccccc1,0.0,29.1
0.0,0.3333333333333333,1.0,22.0,0.0,13.0,0.0,3.0,18,30,19,8,,,,3,False,0.6,0.0,0.0,0.6923076923076923,1.0,0.0,0.0,1.0,0.0,1.0,0.0,1.0,0.0,1.0,6.0,1.0,20.0,0.35,7.0,1028,18,2.3251946075393195,1.0676999999999999,280.328,4.0,2.0,3.0,3.0,2.0,CC1=Nc2c(cnn2C(C)C)N(C)C12OCC(CO)O2,1.0,72.11000000000001
0.0,0.4,2.0,26.0,0.0,15.0,0.0,5.0,20,28,21,2,,,,5,False,0.7142857142857143,1.0,0.0,0.13333333333333333,1.0,0.0,0.0,1.0,0.0,1.0,0.0,1.0,0.0,0.0,6.0,2.0,22.0,0.3181818181818182,7.0,1029,20,2.1695496032849806,3.1510000000000016,294.293,6.0,3.0,0.0,5.0,0.0,FC1c2ccccc2Cc2c1cc1c3c2N=CNN3NN=N1,0.0,64.38
0.0,1.0,1.0,13.0,0.0,10.0,0.0,1.0,20,32,22,9,,,,1,False,0.625,0.0,0.0,0.1,0.0,0.0,0.0,1.0,0.0,0.0,0.0,1.0,0.0,0.0,3.0,0.0,13.0,0.23076923076923078,3.0,1030,20,1.8759314506643554,1.9954999999999998,178.18699999999998,0.0,0.0,3.0,1.0,3.0,C=COc1ccc(C(=O)OC)cc1,0.0,35.53
0.0,0.25,1.0,25.0,0.0,21.0,0.0,4.0,22,28,22,2,,,,4,False,0.7857142857142857,0.0,0.0,0.3333333333333333,1.0,0.0,0.0,1.0,0.0,1.0,0.0,1.0,0.0,0.0,1.0,0.0,22.0,0.045454545454545456,1.0,1031,22,2.7578319610715747,5.034700000000005,290.406,0.0,3.0,1.0,4.0,0.0,CC1=C2C=CC=CC3CCOC3C2=CC(C)c2ccccc21,0.0,9.23
0.0,0.3333333333333333,1.0,22.0,0.0,18.0,0.0,3.0,21,29,23,3,,,,3,False,0.7241379310344828,1.0,0.0,0.6666666666666666,1.0,0.0,0.0,1.0,0.0,1.0,1.0,1.0,0.0,0.0,1.0,0.0,20.0,0.1,2.0,1032,21,3.527214350014039,4.336400000000004,276.395,0.0,2.0,1.0,3.0,0.0,FC1CCCc2ccccc2CCCC2COCC2C1,0.0,9.23
0.0,1.0,2.0,21.0,0.0,12.0,0.0,2.0,23,34,23,9,,1,,1,False,0.6764705882352942,3.0,0.0,0.16666666666666666,0.0,0.0,0.0,1.0,0.0,0.0,0.0,1.0,0.0,0.0,5.0,0.0,20.0,0.4,8.0,1033,23,1.9856626867120952,2.9647000000000014,287.193,1.0,0.0,4.0,2.0,5.0,O=Cc1onc(OCc2ccccc2)c1OC(F)(F)F,0.0,61.56
0.0,1.0,2.0,11.0,0.0,6.0,0.0,2.0,22,27,23,2,,,,2,False,0.8148148148148148,0.0,0.0,0.0,1.0,0.0,0.0,1.0,0.0,1.0,0.0,1.0,0.0,0.0,2.0,1.0,10.0,0.4,4.0,1034,22,3.1964897456996235,0.02260000000000001,135.12599999999998,3.0,0.0,1.0,2.0,0.0,O=c1[nH]ccc2nccn12,0.0,50.16
0.0,0.5,1.0,11.0,0.0,7.0,0.0,2.0,20,31,24,5,,,,2,False,0.6451612903225806,0.0,0.0,0.14285714285714285,1.0,0.0,0.0,1.0,0.0,1.0,0.0,1.0,0.0,0.0,3.0,1.0,10.0,0.3,3.0,1035,20,2.990895385082214,1.1209,138.12199999999999,0.0,1.0,3.0,2.0,0.0,Oc1cccc2c1OCO2,0.0,38.69
0.0,0.5,2.0,23.0,0.0,14.0,0.0,4.0,23,28,23,1,,,,4,False,0.8214285714285714,0.0,0.0,0.2857142857142857,1.0,0.0,0.0,1.0,0.0,1.0,0.0,1.0,0.0,0.0,6.0,2.0,20.0,0.3,6.0,1036,23,2.290265320990325,1.2859,266.30800000000005,6.0,2.0,0.0,4.0,0.0,Nc1ccc2c3c(nnc2n1)CCCC1=C3C=NNC1,0.0,89.08
0.0,1.0,2.0,23.0,0.0,18.0,0.0,2.0,18,32,19,11,,1,,1,False,0.5625,0.0,0.0,0.16666666666666666,0.0,0.0,0.0,1.0,0.0,0.0,0.0,1.0,0.0,0.0,4.0,0.0,22.0,0.18181818181818182,4.0,1037,18,2.3173722915372794,3.956100000000003,298.338,0.0,0.0,4.0,2.0,5.0,CC=Cc1cc(OC)ccc1C(=O)Oc1ccc(OC)cc1,0.0,44.760000000000005
0.0,0.25,1.0,23.0,2.0,13.0,0.0,4.0,19,29,20,5,,,,4,False,0.6551724137931034,0.0,0.0,0.46153846153846156,1.0,0.0,1.0,1.0,1.0,1.0,0.0,1.0,1.0,0.0,6.0,2.0,20.0,0.35,7.0,1038,19,3.4591074600231906,1.637,272.312,6.0,3.0,1.0,4.0,1.0,CCN1CC2c3c(ccc4c3C(=O)N4)NC(N=N1)N2C,0.0,72.33
0.0,1.0,3.0,18.0,0.0,11.0,0.0,3.0,20,28,21,4,,,,3,False,0.7142857142857143,0.0,0.0,0.09090909090909091,1.0,0.0,0.0,1.0,0.0,1.0,0.0,1.0,0.0,0.0,4.0,2.0,16.0,0.3125,5.0,1039,20,3.8121876036950897,1.8253,215.21200000000002,3.0,0.0,2.0,3.0,1.0,COc1ccc2nc(O)c3cn[nH]c3c2c1,0.0,71.03
0.0,0.6666666666666666,2.0,20.0,0.0,12.0,0.0,3.0,23,29,23,3,,1,,2,False,0.7931034482758621,0.0,0.0,0.08333333333333333,1.0,0.0,0.0,1.0,0.0,1.0,0.0,1.0,0.0,0.0,5.0,2.0,18.0,0.3333333333333333,6.0,1040,23,1.8853451716245426,1.1245,243.22199999999998,3.0,1.0,3.0,3.0,1.0,Nc1cccc2nc(C3NC(=O)OC3=O)ccc12,0.0,94.31
0.0,0.6666666666666666,2.0,24.0,0.0,19.0,0.0,3.0,23,34,24,7,,1,,2,False,0.6764705882352942,0.0,0.0,0.3157894736842105,1.0,0.0,0.0,1.0,0.0,1.0,0.0,1.0,0.0,0.0,3.0,1.0,22.0,0.13636363636363635,3.0,1041,23,2.90328474012355,3.7439000000000027,293.41400000000004,3.0,1.0,0.0,3.0,5.0,CCNCCc1cc(N2CC=CC(C)=N2)cc2ccccc12,0.0,27.63
0.0,0.6666666666666666,2.0,21.0,0.0,15.0,0.0,3.0,20,32,22,6,1,1,,2,False,0.625,0.0,0.0,0.3333333333333333,1.0,0.0,0.0,1.0,0.0,1.0,0.0,1.0,0.0,0.0,3.0,0.0,19.0,0.21052631578947367,4.0,1042,20,4.030527616971037,2.7075000000000005,256.30499999999995,2.0,1.0,2.0,3.0,3.0,CCn1nc(-c2ccc3c(c2)OCCC3)cc1C=O,0.0,44.120000000000005
0.0,0.5,1.0,17.0,0.0,10.0,0.0,2.0,23,31,23,6,,1,,1,False,0.7419354838709677,0.0,0.0,0.6,0.0,0.0,0.0,1.0,0.0,0.0,0.0,1.0,0.0,0.0,6.0,0.0,16.0,0.375,6.0,1043,23,3.077525924188596,1.0827,223.232,3.0,1.0,3.0,2.0,3.0,CC(=O)OC(C)(C1=NCCC1)c1ncno1,0.0,77.58
0.0,0.0,0.0,23.0,0.0,17.0,0.0,3.0,20,29,20,6,,,,3,False,0.6896551724137931,0.0,0.0,0.8823529411764706,1.0,0.0,0.0,0.0,0.0,1.0,0.0,1.0,0.0,0.0,4.0,3.0,21.0,0.19047619047619047,4.0,1044,20,2.9705694113679177,1.6348999999999998,293.455,3.0,3.0,1.0,3.0,5.0,CCNCCNC1CCC2C(CNC3CCCC=CC32)O1,0.0,45.31999999999999
0.0,1.0,2.0,22.0,0.0,18.0,0.0,2.0,18,29,18,9,,1,,1,False,0.6206896551724138,0.0,0.0,0.3333333333333333,0.0,0.0,0.0,1.0,0.0,0.0,0.0,1.0,0.0,0.0,3.0,1.0,21.0,0.14285714285714285,3.0,1045,18,3.6345356587925424,3.733500000000003,285.387,1.0,0.0,2.0,2.0,7.0,COCC(NC(C)c1ccc(OC)cc1)c1ccccc1,0.0,30.49
0.0,0.25,1.0,22.0,0.0,16.0,0.0,4.0,20,29,21,4,,,,4,False,0.6896551724137931,0.0,0.0,0.625,1.0,0.0,0.0,1.0,0.0,1.0,0.0,1.0,0.0,0.0,2.0,1.0,19.0,0.15789473684210525,3.0,1046,20,3.141712384212041,2.956800000000001,259.34899999999993,1.0,3.0,2.0,4.0,2.0,COCC1=Cc2[nH]ccc2C2C1CCC1OCCC12,0.0,34.25
0.0,0.25,1.0,20.0,4.0,14.0,0.0,4.0,23,31,25,2,,,,4,False,0.7419354838709677,0.0,0.0,0.2857142857142857,1.0,0.0,0.0,1.0,1.0,1.0,0.0,1.0,0.0,0.0,3.0,0.0,17.0,0.17647058823529413,3.0,1047,23,3.9963140715559025,2.3258,223.27899999999994,3.0,3.0,0.0,4.0,0.0,C1=NC2C3=Cc4ncccc4C=C(C1)N2CC3,0.0,28.490000000000002
0.0,0.0,0.0,14.0,0.0,9.0,0.0,2.0,16,24,17,5,,,,2,False,0.6666666666666666,0.0,0.0,0.4444444444444444,1.0,0.0,0.0,0.0,0.0,1.0,0.0,1.0,0.0,0.0,3.0,1.0,13.0,0.3076923076923077,4.0,1048,16,2.155699573480242,0.2535000000000001,178.191,2.0,2.0,2.0,2.0,0.0,CC1=CC2C(=N1)C(=O)NC(=O)C2C,0.0,58.53
0.0,0.5,1.0,21.0,0.0,14.0,0.0,2.0,21,34,22,10,,1,,1,False,0.6176470588235294,2.0,0.0,0.5,0.0,0.0,0.0,1.0,0.0,0.0,0.0,1.0,0.0,0.0,4.0,1.0,20.0,0.3,6.0,1049,21,2.747885852037824,2.4552000000000005,285.28999999999996,1.0,1.0,3.0,2.0,4.0,COCC1N(c2ccc(O)c(C(C)=O)c2)CCC1(F)F,0.0,49.77
0.0,0.6666666666666666,2.0,22.0,0.0,17.0,0.0,3.0,23,31,24,4,,2,,1,False,0.7419354838709677,0.0,0.0,0.23529411764705882,0.0,0.0,0.0,1.0,0.0,0.0,0.0,1.0,0.0,0.0,3.0,0.0,20.0,0.15,3.0,1050,23,1.9355819654847146,3.2704200000000023,266.344,2.0,1.0,1.0,3.0,3.0,COc1ccc(C2=NCCN2c2ccccc2C)cc1,0.0,24.83
0.0,0.2,1.0,24.0,2.0,16.0,0.0,5.0,21,30,23,2,,,,5,False,0.7,0.0,0.0,0.375,1.0,0.0,0.0,1.0,1.0,1.0,1.0,1.0,0.0,1.0,4.0,0.0,20.0,0.2,4.0,1051,21,1.8237110887327583,2.5809000000000006,266.29999999999995,2.0,4.0,2.0,5.0,0.0,C1=C2C3=NOC24C(=NOC4C1)CCCc1ccccc13,1.0,43.18000000000001
0.0,0.5,1.0,14.0,0.0,8.0,0.0,2.0,18,25,19,4,,,,2,False,0.72,0.0,0.0,0.25,1.0,0.0,0.0,1.0,0.0,1.0,0.0,1.0,0.0,0.0,5.0,1.0,13.0,0.38461538461538464,5.0,1052,18,3.5065193506313364,1.0611,184.14699999999996,0.0,1.0,5.0,2.0,1.0,COc1ccc2c(c1O)OOCO2,0.0,57.150000000000006
0.0,0.0,0.0,17.0,0.0,13.0,0.0,2.0,14,21,14,5,,1,,1,False,0.6666666666666666,0.0,0.0,1.0,0.0,0.0,0.0,0.0,0.0,0.0,0.0,1.0,0.0,0.0,3.0,1.0,16.0,0.1875,3.0,1053,14,4.684767237065823,1.9975,227.34799999999993,1.0,2.0,2.0,2.0,3.0,CCC1(CO)CCCC1(C)N1CCCOC1,0.0,32.7
0.0,1.0,2.0,23.0,0.0,15.0,0.0,2.0,22,34,22,10,,1,,1,False,0.6470588235294118,0.0,0.0,0.2,0.0,0.0,0.0,1.0,0.0,0.0,0.0,1.0,0.0,0.0,5.0,3.0,22.0,0.3181818181818182,7.0,1054,22,3.4027342978311808,1.4431199999999997,299.33400000000006,5.0,0.0,2.0,2.0,6.0,C=NC(=O)c1cc(NCCNc2ccc(C)cc2)[nH]c(=O)n1,0.0,99.24
0.0,1.0,3.0,21.0,0.0,12.0,0.0,3.0,21,31,22,6,,,,3,False,0.6774193548387096,1.0,0.0,0.08333333333333333,1.0,0.0,0.0,1.0,0.0,1.0,0.0,1.0,0.0,0.0,5.0,1.0,19.0,0.3684210526315789,7.0,1055,21,3.3899423513874365,1.71872,258.212,4.0,0.0,2.0,3.0,1.0,Cc1nc2cnc(F)nc2c2nc(C(=O)O)ccc12,0.0,88.86
0.0,1.0,1.0,19.0,0.0,15.0,0.0,1.0,17,31,17,13,,,,1,False,0.5483870967741935,1.0,0.0,0.3333333333333333,0.0,0.0,0.0,1.0,0.0,0.0,0.0,1.0,0.0,0.0,3.0,1.0,19.0,0.21052631578947367,4.0,1056,17,2.5257709948420053,2.5234000000000005,263.312,1.0,0.0,2.0,1.0,7.0,CCNCCC(=CC(=O)c1cccc(F)c1)C(C)=O,0.0,46.17
0.0,1.0,1.0,12.0,0.0,11.0,0.0,1.0,19,30,21,8,,,,1,False,0.6333333333333333,0.0,0.0,0.45454545454545453,0.0,0.0,0.0,1.0,0.0,0.0,0.0,1.0,0.0,0.0,1.0,1.0,12.0,0.08333333333333333,1.0,1057,19,2.157275615260981,2.2287,163.264,1.0,0.0,0.0,1.0,5.0,CCNCCCc1ccccc1,0.0,12.03
0.0,0.6666666666666666,2.0,23.0,0.0,16.0,0.0,3.0,21,27,21,3,,2,,1,False,0.7777777777777778,0.0,0.0,0.375,0.0,0.0,0.0,1.0,0.0,0.0,0.0,1.0,0.0,0.0,4.0,2.0,21.0,0.23809523809523808,5.0,1058,21,2.8149965567190223,1.5192999999999999,286.3309999999999,2.0,1.0,3.0,3.0,3.0,O=c1nc(-c2cccc(CC3OCCCC3O)c2)cc[nH]1,0.0,75.21000000000001
0.0,0.5,1.0,19.0,0.0,13.0,0.0,2.0,15,32,22,8,,1,,1,False,0.46875,0.0,0.0,0.46153846153846156,0.0,0.0,0.0,1.0,0.0,0.0,0.0,1.0,0.0,0.0,4.0,3.0,18.0,0.2777777777777778,5.0,1059,15,3.054312582124377,0.5785000000000002,250.29799999999994,2.0,1.0,3.0,2.0,4.0,O=C(CO)Nc1cccc(N2CCCC2CO)c1,0.0,72.8
0.0,0.6666666666666666,2.0,20.0,0.0,18.0,0.0,3.0,17,22,17,2,,1,,2,False,0.7727272727272727,0.0,0.0,0.2222222222222222,1.0,0.0,0.0,1.0,0.0,1.0,0.0,1.0,0.0,0.0,0.0,0.0,18.0,0.0,0.0,1060,17,2.7514537232944365,4.735800000000004,234.34199999999996,0.0,1.0,0.0,3.0,2.0,C(=Cc1ccc2c(c1)CCCC2)c1ccccc1,0.0,0.0
0.0,1.0,1.0,14.0,0.0,10.0,0.0,1.0,13,22,13,8,,,,1,False,0.5909090909090909,1.0,0.0,0.4,0.0,0.0,0.0,1.0,0.0,0.0,0.0,1.0,0.0,0.0,3.0,1.0,14.0,0.2857142857142857,4.0,1061,13,3.6259173308006822,1.8926,199.22499999999997,1.0,0.0,2.0,1.0,5.0,COCCNc1cc(OC)ccc1F,0.0,30.49
0.0,0.6666666666666666,2.0,20.0,0.0,11.0,0.0,3.0,22,35,25,7,,,,3,False,0.6285714285714286,0.0,0.0,0.2727272727272727,1.0,0.0,0.0,1.0,0.0,1.0,0.0,1.0,0.0,0.0,5.0,2.0,18.0,0.3888888888888889,7.0,1062,22,2.578999931670221,-1.3881999999999992,248.24199999999996,4.0,1.0,3.0,3.0,1.0,COn1ncc2c1C(O)=c1c(cnn1C)=C(O)C2,0.0,85.33
0.0,0.5,2.0,26.0,0.0,20.0,0.0,4.0,20,28,20,4,,2,,2,False,0.7142857142857143,0.0,0.0,0.4,1.0,0.0,0.0,1.0,0.0,1.0,0.0,1.0,0.0,0.0,3.0,0.0,23.0,0.13043478260869565,3.0,1063,20,2.7295598912774657,4.757800000000004,310.39300000000003,0.0,2.0,3.0,4.0,3.0,CC(C)=CC1CC2C(COC2c2ccc(-c3ccccc3)o2)O1,0.0,31.6
0.0,0.5,1.0,22.0,0.0,15.0,0.0,2.0,14,24,14,8,,2,,,False,0.5833333333333334,3.0,0.0,0.6,0.0,0.0,0.0,1.0,0.0,0.0,0.0,1.0,0.0,0.0,3.0,1.0,21.0,0.2857142857142857,6.0,1064,14,3.387775981726381,3.4981000000000027,303.3239999999999,1.0,1.0,2.0,2.0,5.0,Oc1cccc(C(OCCN2CCCCC2)C(F)(F)F)c1,0.0,32.7
0.0,0.6666666666666666,2.0,23.0,0.0,13.0,0.0,3.0,20,27,20,4,,2,,1,False,0.7407407407407407,0.0,0.0,0.3076923076923077,0.0,0.0,0.0,1.0,0.0,0.0,0.0,1.0,0.0,0.0,6.0,3.0,21.0,0.38095238095238093,8.0,1065,20,2.120118166675508,0.22319999999999945,288.311,6.0,1.0,2.0,3.0,3.0,Nc1cc(Nn2cccc2N2CCCC(O)C2=O)ncn1,0.0,109.30000000000001
0.0,1.0,1.0,14.0,0.0,10.0,0.0,1.0,6,16,6,9,,,,1,False,0.375,0.0,0.0,0.5,0.0,0.0,0.0,1.0,0.0,0.0,0.0,1.0,0.0,0.0,3.0,1.0,14.0,0.2857142857142857,4.0,1066,6,2.9255424902000766,1.9469,198.218,0.0,0.0,4.0,1.0,6.0,CCOCCCc1cc(C(=O)O)co1,0.0,59.67
0.0,0.0,0.0,23.0,0.0,14.0,0.0,3.0,18,29,18,8,,,,3,False,0.6206896551724138,2.0,0.0,0.5714285714285714,1.0,0.0,0.0,0.0,0.0,1.0,0.0,1.0,0.0,0.0,5.0,2.0,21.0,0.3333333333333333,7.0,1067,18,4.1332808769733385,2.1732000000000005,297.305,3.0,3.0,2.0,3.0,4.0,CCC1=CC2=NC=CC2C(OO)C2NC(CC(F)F)=NC12,0.0,66.21000000000001
0.0,0.2,1.0,21.0,5.0,11.0,0.0,5.0,21,28,21,2,,,,5,False,0.75,0.0,0.0,0.45454545454545453,1.0,0.0,0.0,1.0,1.0,1.0,0.0,1.0,0.0,0.0,6.0,1.0,17.0,0.35294117647058826,6.0,1068,21,3.2815069551878033,0.02250000000000002,230.227,4.0,4.0,2.0,5.0,0.0,CC12CN3C4=NC=C(c5cnoc5N41)C3C2O,0.0,65.10000000000001
0.0,1.0,1.0,10.0,0.0,8.0,0.0,1.0,18,33,23,9,,,,1,False,0.5454545454545454,1.0,0.0,0.25,0.0,0.0,0.0,1.0,0.0,0.0,0.0,1.0,0.0,0.0,1.0,0.0,10.0,0.2,2.0,1069,18,3.850779771413146,2.1427199999999997,140.157,0.0,0.0,1.0,1.0,1.0,COc1ccc(C)c(F)c1,0.0,9.23
0.0,0.0,0.0,26.0,0.0,16.0,0.0,5.0,12,21,13,3,,,,5,False,0.5714285714285714,0.0,0.0,0.6875,1.0,0.0,0.0,0.0,0.0,1.0,0.0,1.0,0.0,1.0,6.0,2.0,22.0,0.2727272727272727,6.0,1070,12,3.0865606856943515,1.7010999999999998,299.378,5.0,5.0,1.0,5.0,1.0,OCC1CN=C2CCC34NN=NC3=C3CCCCC3=CC4N21,1.0,72.58
0.0,0.5,1.0,15.0,0.0,10.0,0.0,2.0,16,24,17,5,,,,2,False,0.6666666666666666,0.0,0.0,0.3,1.0,0.0,0.0,1.0,0.0,1.0,0.0,1.0,0.0,0.0,4.0,1.0,14.0,0.2857142857142857,4.0,1071,16,2.5857189967503276,0.6311999999999998,194.18599999999998,0.0,1.0,4.0,2.0,1.0,COc1ccc2c(c1)OCC(O)C2=O,0.0,55.76
0.0,0.5,1.0,19.0,0.0,14.0,0.0,2.0,19,28,20,6,,2,,,False,0.6785714285714286,1.0,0.0,0.35714285714285715,0.0,0.0,0.0,1.0,0.0,0.0,0.0,1.0,0.0,0.0,3.0,0.0,18.0,0.2222222222222222,4.0,1072,19,3.8619783153915193,2.3980000000000006,248.301,2.0,1.0,1.0,2.0,3.0,CCN1C=C(C(C)=O)CN(c2cccc(F)c2)C1,0.0,23.550000000000004
0.0,1.0,2.0,22.0,0.0,16.0,0.0,2.0,14,27,14,11,,,,2,False,0.5185185185185185,3.0,0.0,0.375,1.0,0.0,0.0,1.0,0.0,1.0,0.0,1.0,0.0,0.0,2.0,1.0,21.0,0.23809523809523808,5.0,1073,14,2.687740149431651,4.685000000000004,298.304,0.0,0.0,2.0,2.0,3.0,COc1cc(CC(C)(C)C(F)(F)F)c2cc(O)ccc2c1,0.0,29.46
0.0,0.5,2.0,24.0,0.0,16.0,0.0,4.0,19,25,19,2,,1,,3,False,0.76,0.0,0.0,0.25,2.0,0.0,0.0,1.0,0.0,1.0,0.0,1.0,0.0,0.0,5.0,0.0,21.0,0.23809523809523808,5.0,1074,19,3.5009512991650586,3.2117200000000015,282.2990000000001,2.0,2.0,3.0,4.0,1.0,CC1=COc2c(C)noc2C1c1cnc2c(c1)C=CCO2,0.0,57.38000000000001
0.0,1.0,2.0,17.0,0.0,14.0,0.0,2.0,20,32,23,7,,1,,1,False,0.625,0.0,0.0,0.14285714285714285,0.0,0.0,0.0,1.0,0.0,0.0,0.0,1.0,0.0,0.0,2.0,1.0,16.0,0.125,2.0,1075,20,2.6168620060986396,3.013700000000001,214.26399999999998,0.0,0.0,2.0,2.0,4.0,OCCc1ccccc1Oc1ccccc1,0.0,29.46
0.0,0.5,1.0,17.0,0.0,12.0,0.0,2.0,18,27,19,5,1,1,,1,False,0.6666666666666666,0.0,0.0,0.5,0.0,0.0,0.0,1.0,0.0,0.0,0.0,1.0,0.0,0.0,4.0,0.0,16.0,0.25,4.0,1076,18,3.0854376526235243,1.1156799999999998,216.28799999999998,4.0,1.0,0.0,2.0,2.0,CCN1CCN(c2ccncc2)C(C#N)C1,0.0,43.16
0.0,0.75,3.0,25.0,0.0,20.0,0.0,4.0,18,27,20,3,,2,,2,False,0.6666666666666666,1.0,0.0,0.1,1.0,0.0,0.0,1.0,0.0,1.0,0.0,1.0,0.0,0.0,1.0,1.0,22.0,0.09090909090909091,2.0,1077,18,3.439859640092592,4.220800000000002,289.35300000000007,1.0,1.0,0.0,4.0,2.0,Fc1cccc(C2(c3ccccc3)NCc3ccccc32)c1,0.0,12.03
0.0,0.5,1.0,19.0,0.0,13.0,0.0,2.0,23,32,23,7,,1,,1,False,0.71875,0.0,0.0,0.6923076923076923,0.0,0.0,0.0,1.0,0.0,0.0,0.0,1.0,0.0,0.0,5.0,1.0,18.0,0.2777777777777778,5.0,1078,23,9.610655330149896,2.4032400000000007,252.314,2.0,1.0,3.0,2.0,3.0,COOC1(C)CCCC1c1nc(C)nc(C)c1O,0.0,64.47
0.0,0.5,2.0,27.0,4.0,22.0,0.0,4.0,14,26,14,8,,1,,3,False,0.5384615384615384,0.0,0.0,0.2727272727272727,1.0,0.0,0.0,1.0,1.0,1.0,0.0,1.0,0.0,0.0,2.0,1.0,24.0,0.08333333333333333,2.0,1079,14,2.5202335278044976,5.222300000000004,317.432,1.0,2.0,1.0,4.0,6.0,COC1=C2C(C)=Cc3c1ccc(NCC(C)Cc1ccccc1)c32,0.0,21.259999999999998
0.0,0.75,3.0,27.0,0.0,18.0,0.0,4.0,23,35,26,5,,3,,1,False,0.6571428571428571,0.0,0.0,0.16666666666666666,0.0,0.0,0.0,1.0,0.0,0.0,0.0,1.0,0.0,0.0,5.0,3.0,24.0,0.25,6.0,1080,23,3.330117006557334,2.6764,322.36800000000005,4.0,1.0,2.0,4.0,4.0,Oc1cn(Cc2ccccc2)c(C2NC=CC(c3ccco3)N2)n1,0.0,75.25
0.0,0.5,1.0,21.0,0.0,13.0,0.0,2.0,15,33,18,13,,1,,1,False,0.45454545454545453,0.0,0.0,0.5384615384615384,0.0,0.0,1.0,1.0,0.0,0.0,0.0,1.0,1.0,0.0,6.0,4.0,20.0,0.35,7.0,1081,15,3.1294738094496855,1.4017999999999997,282.296,2.0,1.0,5.0,2.0,7.0,O=C(O)c1cncc(OCC(CC2CCC2)NO)c1O,0.0,111.91000000000001
0.0,1.0,2.0,19.0,0.0,14.0,0.0,2.0,23,32,23,7,,1,,1,False,0.71875,0.0,0.0,0.14285714285714285,0.0,0.0,0.0,1.0,0.0,0.0,0.0,1.0,0.0,0.0,3.0,1.0,18.0,0.2222222222222222,4.0,1082,23,2.6626341666924853,2.395200000000001,243.262,1.0,0.0,3.0,2.0,4.0,CC(=O)NCc1cocc1-c1cccc(C=O)c1,0.0,59.31
0.0,1.0,3.0,20.0,0.0,15.0,0.0,3.0,18,28,22,3,,1,,2,False,0.6428571428571429,0.0,0.0,0.06666666666666667,1.0,0.0,0.0,1.0,0.0,1.0,0.0,1.0,0.0,0.0,3.0,1.0,18.0,0.16666666666666666,3.0,1083,18,2.6769835397088,3.681820000000002,235.29000000000002,3.0,0.0,0.0,3.0,2.0,Cc1cccc(Nc2ccc3ncncc3c2)c1,0.0,37.81
0.0,0.6666666666666666,2.0,24.0,0.0,18.0,0.0,3.0,15,26,17,6,,2,,1,False,0.5769230769230769,0.0,0.0,0.2222222222222222,0.0,0.0,0.0,1.0,0.0,0.0,0.0,1.0,0.0,0.0,2.0,0.0,22.0,0.18181818181818182,4.0,1084,15,2.6254805405486987,2.3420999999999994,294.3540000000001,2.0,1.0,2.0,3.0,3.0,O=CN1CCN(C(=O)c2ccccc2)C(c2ccccc2)C1,0.0,40.620000000000005
0.0,0.0,0.0,15.0,0.0,10.0,0.0,2.0,23,30,24,3,1,,,2,False,0.7666666666666667,0.0,0.0,1.0,1.0,0.0,0.0,0.0,0.0,1.0,0.0,1.0,0.0,0.0,4.0,1.0,14.0,0.2857142857142857,4.0,1085,23,3.3414300382857953,0.6125999999999996,199.29799999999997,3.0,2.0,1.0,2.0,0.0,CN1CCCCOC2(C)CCNCN12,0.0,27.740000000000002
0.0,0.5,1.0,20.0,0.0,16.0,0.0,2.0,16,25,16,7,,1,,1,False,0.64,0.0,0.0,0.3125,0.0,0.0,0.0,1.0,0.0,0.0,0.0,1.0,0.0,0.0,3.0,2.0,19.0,0.15789473684210525,3.0,1086,16,3.5699625918834874,3.443500000000002,256.34900000000005,2.0,1.0,1.0,2.0,5.0,CC(O)=CCCCc1cccc(C2=CCNC=N2)c1,0.0,44.62
0.0,1.0,2.0,19.0,0.0,15.0,0.0,2.0,18,26,18,6,,1,,1,False,0.6923076923076923,0.0,0.0,0.2,0.0,0.0,0.0,1.0,0.0,0.0,0.0,1.0,0.0,0.0,3.0,1.0,18.0,0.16666666666666666,3.0,1087,18,2.869088850113634,3.4125000000000023,243.30599999999998,1.0,0.0,2.0,2.0,4.0,CNc1cc(OC)ccc1-c1cccc(OC)c1,0.0,30.49
0.0,0.6666666666666666,2.0,25.0,0.0,15.0,0.0,3.0,23,35,24,8,,1,,2,False,0.6571428571428571,1.0,0.0,0.13333333333333333,1.0,0.0,0.0,1.0,0.0,1.0,0.0,1.0,0.0,0.0,6.0,4.0,23.0,0.34782608695652173,8.0,1088,23,2.7227786959304168,2.2270999999999996,318.30800000000005,4.0,1.0,3.0,3.0,4.0,COc1cccc(C2Nc3cccc(NO)c3N(C=O)N2)c1F,0.0,85.86
0.0,0.5,2.0,23.0,2.0,14.0,0.0,4.0,21,35,23,8,,,,4,False,0.6,0.0,0.0,0.2857142857142857,1.0,0.0,0.0,1.0,1.0,1.0,0.0,1.0,0.0,0.0,4.0,4.0,20.0,0.3,6.0,1089,21,3.510478344792611,1.0320999999999998,270.292,4.0,2.0,2.0,4.0,3.0,CCCNc1c2cc(c3c(=O)[nH][nH]c13)C1=C2NCC1=O,0.0,89.78
0.0,0.6666666666666666,2.0,25.0,0.0,18.0,0.0,3.0,22,30,22,5,,2,,1,False,0.7333333333333333,0.0,0.0,0.2777777777777778,0.0,0.0,0.0,1.0,0.0,0.0,0.0,1.0,0.0,0.0,5.0,2.0,23.0,0.21739130434782608,5.0,1090,22,2.93196335292463,2.0018,312.369,2.0,1.0,3.0,3.0,4.0,COc1cccc(C(=O)c2cccc(N3CCC(O)CN3)c2)c1,0.0,61.8
0.0,0.5,1.0,20.0,0.0,15.0,0.0,2.0,22,33,23,8,,1,,1,False,0.6666666666666666,0.0,0.0,0.5333333333333333,0.0,0.0,0.0,1.0,0.0,0.0,0.0,1.0,0.0,0.0,4.0,1.0,19.0,0.21052631578947367,4.0,1091,22,3.116824294618013,1.6864000000000001,263.337,1.0,1.0,3.0,2.0,5.0,O=C(CN1CCC(CCO)CC1)Oc1ccccc1,0.0,49.77000000000001
0.0,0.6666666666666666,2.0,21.0,0.0,15.0,0.0,3.0,16,22,16,3,,2,,1,False,0.7272727272727273,0.0,0.0,0.26666666666666666,0.0,0.0,0.0,1.0,0.0,0.0,0.0,1.0,0.0,0.0,2.0,1.0,19.0,0.21052631578947367,4.0,1092,16,1.4832849414789153,2.9423200000000014,256.30499999999995,2.0,1.0,2.0,3.0,3.0,Cc1[nH]ccc1-c1ccccc1CN1CCOC1=O,0.0,45.33
0.0,0.6666666666666666,2.0,22.0,0.0,16.0,0.0,3.0,14,25,17,5,,2,,1,False,0.56,1.0,0.0,0.0625,0.0,0.0,0.0,1.0,0.0,0.0,0.0,1.0,0.0,0.0,3.0,1.0,20.0,0.2,4.0,1093,14,3.1056946324305184,3.7683000000000026,268.291,2.0,1.0,1.0,3.0,2.0,Oc1cc(F)ccc1N1C=C(c2ccccc2)CC=N1,0.0,35.83
0.0,0.5,2.0,25.0,0.0,17.0,0.0,4.0,23,36,25,6,1,1,,3,False,0.6388888888888888,0.0,0.0,0.35294117647058826,1.0,0.0,0.0,1.0,0.0,1.0,0.0,1.0,0.0,0.0,5.0,2.0,22.0,0.22727272727272727,5.0,1094,23,3.3922330907619473,1.2693999999999996,297.35800000000006,3.0,2.0,2.0,4.0,3.0,NCCC12CN(c3ccccn3)CC1(O)c1ccccc1O2,0.0,71.61
0.0,0.0,0.0,18.0,0.0,11.0,0.0,1.0,19,31,20,10,,1,,,False,0.6129032258064516,0.0,0.0,0.6363636363636364,0.0,0.0,0.0,0.0,0.0,0.0,0.0,1.0,0.0,0.0,5.0,2.0,18.0,0.3888888888888889,7.0,1095,19,3.550481102220931,-0.6361999999999992,257.28999999999996,3.0,1.0,4.0,1.0,6.0,COCC(=O)NCCON1CNC(=O)C(C)=C1C,0.0,79.9
0.0,0.16666666666666666,1.0,24.0,2.0,13.0,0.0,5.0,22,31,24,2,,,,5,False,0.7096774193548387,0.0,0.0,0.5384615384615384,1.0,0.0,0.0,1.0,1.0,1.0,0.0,1.0,0.0,1.0,6.0,1.0,20.0,0.35,7.0,1096,22,1.6695861988353062,0.7975999999999994,270.29600000000005,6.0,5.0,1.0,6.0,0.0,C1=NN2COCC23C(=C1)C1=Nc2nn[nH]c2CC3CC1,1.0,78.75999999999999
0.0,1.0,2.0,18.0,0.0,13.0,0.0,2.0,22,31,23,6,,1,,1,False,0.7096774193548387,2.0,0.0,0.15384615384615385,0.0,0.0,0.0,1.0,0.0,0.0,0.0,1.0,0.0,0.0,2.0,0.0,17.0,0.23529411764705882,4.0,1097,22,2.7696268075021493,3.6948000000000016,235.23299999999998,1.0,0.0,1.0,2.0,3.0,COc1cc(-c2ccccc2)nc(C(F)F)c1,0.0,22.12
0.0,0.6666666666666666,2.0,23.0,2.0,13.0,0.0,3.0,19,29,19,7,,1,,2,False,0.6551724137931034,0.0,0.0,0.3076923076923077,1.0,0.0,0.0,1.0,1.0,1.0,0.0,1.0,0.0,0.0,8.0,2.0,21.0,0.38095238095238093,8.0,1098,19,3.4816464776170237,1.1220999999999999,286.295,6.0,1.0,2.0,3.0,5.0,COc1ccnnc1NCCC1=C(C)c2nc(O)nc1n2,0.0,105.94000000000001
0.0,1.0,3.0,23.0,0.0,16.0,0.0,3.0,22,34,24,7,,1,,2,False,0.6470588235294118,0.0,0.0,0.125,1.0,0.0,0.0,1.0,0.0,1.0,0.0,1.0,0.0,0.0,5.0,1.0,21.0,0.23809523809523808,5.0,1099,22,3.5670501799532914,3.444720000000001,282.29900000000004,2.0,0.0,3.0,3.0,3.0,COc1cc2cc(O)c(Oc3cccnc3)cc2nc1C,0.0,64.47
0.0,0.5,1.0,17.0,0.0,12.0,0.0,2.0,21,32,22,8,,,,2,False,0.65625,0.0,0.0,0.4166666666666667,1.0,0.0,0.0,1.0,0.0,1.0,0.0,1.0,0.0,0.0,4.0,2.0,16.0,0.25,4.0,1100,21,3.2768579230532096,0.5641,221.25599999999997,1.0,1.0,3.0,2.0,1.0,COC(=O)c1ccc2c(c1)CC(O)C2(C)N,0.0,72.55
0.0,1.0,1.0,12.0,0.0,9.0,0.0,1.0,23,32,24,7,,,,1,False,0.71875,0.0,0.0,0.2222222222222222,0.0,0.0,0.0,1.0,0.0,0.0,0.0,1.0,0.0,0.0,3.0,0.0,12.0,0.25,3.0,1101,23,2.583738298969,1.5754799999999998,163.176,1.0,0.0,2.0,1.0,2.0,COc1cccc(OC)c1C#N,0.0,42.25
0.0,0.6666666666666666,2.0,26.0,2.0,20.0,0.0,3.0,22,27,22,2,,1,,2,False,0.8148148148148148,0.0,0.0,0.5,1.0,0.0,0.0,1.0,1.0,1.0,1.0,1.0,0.0,0.0,3.0,0.0,24.0,0.16666666666666666,4.0,1102,22,2.4889170331072514,4.089520000000003,326.44000000000005,2.0,1.0,2.0,3.0,1.0,Cc1c(-c2ccccc2)nn2c(=O)c1CCCCCCCCOC2,0.0,44.120000000000005
0.0,1.0,2.0,23.0,0.0,14.0,0.0,2.0,22,34,22,10,,1,,1,False,0.6470588235294118,3.0,0.0,0.14285714285714285,0.0,0.0,0.0,1.0,0.0,0.0,0.0,1.0,0.0,0.0,4.0,2.0,22.0,0.36363636363636365,8.0,1103,22,2.714782317152201,3.1858000000000013,312.24699999999996,2.0,0.0,3.0,2.0,4.0,O=C(O)c1cc(O)cc(N(CC(F)(F)F)c2ccccc2)n1,0.0,73.66
0.0,1.0,3.0,20.0,0.0,14.0,0.0,3.0,22,29,23,3,,2,,1,False,0.7586206896551724,0.0,0.0,0.14285714285714285,0.0,0.0,0.0,1.0,0.0,0.0,0.0,1.0,0.0,0.0,3.0,0.0,18.0,0.2222222222222222,4.0,1104,22,11.298327515946276,3.144140000000001,239.278,3.0,0.0,1.0,3.0,2.0,Cc1nc(-c2ccoc2C)n(-c2ccccc2)n1,0.0,43.85
0.0,1.0,2.0,24.0,0.0,18.0,0.0,2.0,18,31,18,11,,1,,1,False,0.5806451612903226,0.0,0.0,0.3333333333333333,0.0,0.0,0.0,1.0,0.0,0.0,0.0,1.0,0.0,0.0,5.0,1.0,23.0,0.21739130434782608,5.0,1105,18,2.738887920417254,3.3461000000000016,314.38500000000005,2.0,0.0,3.0,2.0,8.0,CCCc1cc(OC)cc(NCC(=O)c2cccc(OC)c2)n1,0.0,60.45
0.0,0.0,0.0,19.0,0.0,13.0,0.0,2.0,22,32,22,8,,,,2,False,0.6875,0.0,0.0,0.6923076923076923,1.0,0.0,0.0,0.0,0.0,1.0,0.0,1.0,0.0,0.0,5.0,1.0,18.0,0.2777777777777778,5.0,1106,22,5.47891915385212,0.9047000000000002,251.32999999999996,3.0,2.0,2.0,2.0,5.0,CCOCCCC1C=CCC2C(=O)C(N)=NN2C1,0.0,67.92
0.0,0.2,1.0,26.0,3.0,13.0,0.0,5.0,10,22,12,5,,,,5,False,0.45454545454545453,0.0,0.0,0.6923076923076923,1.0,0.0,0.0,1.0,1.0,1.0,0.0,1.0,0.0,0.0,8.0,6.0,22.0,0.4090909090909091,9.0,1107,10,2.1412453797111417,-3.0658999999999974,305.34200000000004,7.0,4.0,2.0,5.0,1.0,O=c1nc2cc3n1NC(N3)C13NCNCC1(CNC3CO)C2,0.0,115.27000000000001
0.0,0.6666666666666666,2.0,24.0,0.0,16.0,0.0,3.0,19,27,19,5,,2,,1,False,0.7037037037037037,0.0,0.0,0.25,0.0,0.0,0.0,1.0,0.0,0.0,0.0,1.0,0.0,0.0,4.0,2.0,22.0,0.2727272727272727,6.0,1108,19,2.6505270213074574,2.4989999999999997,299.33,3.0,1.0,3.0,3.0,4.0,O=C(O)Cc1cccc(-n2cccn2)c1N1CCCC=C1O,0.0,78.59
0.0,1.0,1.0,12.0,0.0,9.0,0.0,1.0,18,27,19,7,,,,1,False,0.6666666666666666,0.0,0.0,0.2222222222222222,0.0,0.0,0.0,1.0,0.0,0.0,0.0,1.0,0.0,0.0,2.0,3.0,12.0,0.25,3.0,1109,18,3.401870337239632,1.55317,164.208,2.0,0.0,1.0,1.0,2.0,CCc1ccc(C(=N)NO)cc1,0.0,56.11
0.0,0.0,0.0,16.0,0.0,13.0,0.0,2.0,22,26,23,1,,,,2,False,0.8461538461538461,0.0,0.0,0.8461538461538461,1.0,0.0,0.0,0.0,0.0,1.0,1.0,1.0,0.0,0.0,2.0,1.0,15.0,0.13333333333333333,2.0,1110,22,3.040436864492429,2.850600000000001,209.333,1.0,2.0,1.0,2.0,0.0,C1=C2CCCCCCCCOCC2CN1,0.0,21.259999999999998
0.0,0.5,2.0,26.0,0.0,17.0,0.0,4.0,23,32,24,4,,1,,3,False,0.71875,0.0,0.0,0.11764705882352941,1.0,0.0,0.0,1.0,0.0,1.0,0.0,1.0,0.0,0.0,5.0,2.0,23.0,0.2608695652173913,6.0,1111,23,3.0184159860890993,2.20507,307.309,3.0,2.0,3.0,4.0,2.0,N=C1NC=C(Oc2cccnc2)C2OC(=O)c3ccccc3C12,0.0,84.30000000000001
0.0,0.25,1.0,24.0,0.0,16.0,0.0,4.0,17,31,21,6,,1,,3,False,0.5483870967741935,0.0,0.0,0.4375,1.0,0.0,0.0,1.0,0.0,1.0,0.0,1.0,0.0,0.0,5.0,0.0,21.0,0.23809523809523808,5.0,1112,17,2.767573646599494,2.0454,284.363,4.0,3.0,1.0,4.0,2.0,CCN1CON2C3=C(CC2C1)CN(c1ccccc1)C=N3,0.0,31.310000000000002
0.0,0.5,2.0,24.0,0.0,13.0,0.0,4.0,23,30,23,3,,1,,3,False,0.7666666666666667,0.0,0.0,0.23076923076923078,1.0,0.0,1.0,1.0,0.0,1.0,0.0,1.0,1.0,1.0,7.0,2.0,21.0,0.38095238095238093,8.0,1113,23,2.1018448038319697,0.07899999999999935,285.26300000000003,5.0,2.0,3.0,4.0,2.0,Nc1nccc(OC2COC23C(=O)Nc2ncccc23)n1,1.0,112.25
0.0,0.25,1.0,24.0,2.0,21.0,0.0,3.0,22,33,23,7,,,,3,False,0.6666666666666666,0.0,0.0,0.5238095238095238,1.0,0.0,0.0,1.0,1.0,1.0,1.0,1.0,0.0,0.0,1.0,0.0,22.0,0.045454545454545456,1.0,1114,22,2.7445305705890193,5.216720000000006,295.46999999999997,1.0,3.0,0.0,4.0,3.0,CCCN1CC2C=CC1c1ccc(C)cc1CCC(CC)=C2,0.0,3.24
0.0,0.3333333333333333,1.0,24.0,0.0,18.0,0.0,3.0,21,33,22,8,,1,,2,False,0.6363636363636364,0.0,0.0,0.5,1.0,0.0,0.0,1.0,0.0,1.0,0.0,1.0,0.0,0.0,4.0,3.0,22.0,0.18181818181818182,4.0,1115,21,3.716433097070771,1.2206,300.40200000000004,2.0,2.0,2.0,3.0,5.0,CC12CNCC1C(=O)C(CNCCO)=C(c1ccccc1)C2,0.0,61.36
0.0,0.0,0.0,21.0,0.0,14.0,0.0,2.0,10,29,14,13,,1,,1,False,0.3448275862068966,0.0,0.0,0.9285714285714286,0.0,0.0,0.0,0.0,0.0,0.0,0.0,1.0,0.0,0.0,5.0,3.0,20.0,0.3,6.0,1116,10,2.064223600809184,-0.6395999999999988,285.3879999999999,3.0,2.0,3.0,2.0,4.0,CCCNC1C(O)CC(N2CCCN(C(C)=O)C2)C1O,0.0,76.04
0.0,1.0,3.0,22.0,0.0,17.0,0.0,3.0,17,27,18,6,,1,,2,False,0.6296296296296297,0.0,0.0,0.11764705882352941,1.0,0.0,0.0,1.0,0.0,1.0,0.0,1.0,0.0,0.0,2.0,1.0,20.0,0.15,3.0,1117,17,3.5706084161395406,3.545300000000002,265.312,1.0,0.0,2.0,3.0,3.0,COC(=O)c1ccc(Cc2c[nH]c3ccccc23)cc1,0.0,42.09
0.0,0.5,1.0,17.0,0.0,12.0,0.0,2.0,22,34,24,8,,,,2,False,0.6470588235294118,0.0,0.0,0.4166666666666667,1.0,0.0,0.0,1.0,0.0,1.0,0.0,1.0,0.0,0.0,3.0,0.0,16.0,0.25,4.0,1118,22,4.340305094682953,1.8305999999999996,221.25599999999994,1.0,1.0,3.0,2.0,2.0,CCC(=O)N(C)c1ccc2c(c1)OCCO2,0.0,38.77
0.0,1.0,2.0,22.0,0.0,16.0,0.0,2.0,21,34,22,10,,1,,1,False,0.6176470588235294,0.0,0.0,0.1875,0.0,0.0,0.0,1.0,0.0,0.0,0.0,1.0,0.0,0.0,5.0,0.0,21.0,0.23809523809523808,5.0,1119,21,3.077945749041568,2.9316000000000013,288.29900000000004,0.0,0.0,5.0,2.0,5.0,COc1cccc(C(=O)Oc2ccc(OC)cc2OC)c1,0.0,53.99000000000001
0.0,0.25,1.0,24.0,0.0,15.0,0.0,4.0,14,23,14,5,,,,4,False,0.6086956521739131,0.0,0.0,0.4,1.0,0.0,0.0,1.0,0.0,1.0,0.0,1.0,0.0,0.0,6.0,2.0,21.0,0.2857142857142857,6.0,1120,14,4.004439695378241,1.4211999999999996,287.31899999999996,3.0,3.0,3.0,4.0,2.0,COc1cccc2c1C1C3=C(C)OCC3(NO)CN1N=C2,0.0,66.32
0.0,0.5,1.0,23.0,0.0,15.0,0.0,2.0,20,32,20,10,,1,,1,False,0.625,0.0,0.0,0.4666666666666667,0.0,0.0,0.0,1.0,0.0,0.0,0.0,1.0,0.0,0.0,6.0,2.0,22.0,0.3181818181818182,7.0,1121,20,1.6351882585310569,1.4079999999999997,307.35,3.0,1.0,4.0,2.0,6.0,CNC(=O)CNc1nc(C2=COCCC2)cc(OC)c1OC,0.0,81.71000000000001
0.0,1.0,2.0,14.0,0.0,10.0,0.0,2.0,21,27,21,4,,,,2,False,0.7777777777777778,0.0,0.0,0.2,1.0,0.0,0.0,1.0,0.0,1.0,0.0,1.0,0.0,0.0,2.0,0.0,13.0,0.23076923076923078,3.0,1122,21,3.3243913908309923,1.7759,174.20299999999997,2.0,0.0,1.0,2.0,1.0,CC(=O)c1cccc2ncn(C)c12,0.0,34.89
0.0,0.6666666666666666,2.0,26.0,0.0,20.0,0.0,3.0,22,36,24,9,,2,,1,False,0.6111111111111112,0.0,0.0,0.15,0.0,0.0,0.0,1.0,0.0,0.0,0.0,1.0,0.0,0.0,3.0,1.0,24.0,0.16666666666666666,4.0,1123,22,3.5568206927187256,3.2689000000000026,318.3760000000001,2.0,1.0,2.0,3.0,4.0,CC(=C(C1=NC(=O)C(c2ccccc2)=N1)c1ccccc1)C(C)O,0.0,62.019999999999996
0.0,1.0,3.0,25.0,0.0,16.0,0.0,3.0,14,26,15,7,1,2,,1,False,0.5384615384615384,0.0,0.0,0.0625,0.0,0.0,0.0,1.0,0.0,0.0,0.0,1.0,0.0,0.0,6.0,0.0,23.0,0.30434782608695654,7.0,1124,14,2.594196099244123,1.8407,308.29699999999997,4.0,0.0,3.0,3.0,5.0,O=C(CC(=O)c1cccnc1)Oc1cnnn1-c1ccccc1,0.0,86.97
0.0,1.0,2.0,18.0,0.0,10.0,0.0,2.0,19,27,19,6,,1,,1,False,0.7037037037037037,0.0,0.0,0.2,0.0,0.0,0.0,1.0,0.0,0.0,0.0,1.0,0.0,0.0,6.0,0.0,17.0,0.4117647058823529,7.0,1125,19,2.8452803911293505,1.3951999999999998,234.215,4.0,0.0,3.0,2.0,5.0,COc1ccc(OCc2ncn(N=O)n2)cc1,0.0,78.60000000000001
0.0,1.0,4.0,23.0,2.0,18.0,0.0,4.0,21,29,21,4,,,,4,False,0.7241379310344828,0.0,0.0,0.1111111111111111,1.0,0.0,0.0,1.0,1.0,1.0,0.0,1.0,0.0,0.0,2.0,0.0,20.0,0.1,2.0,1126,21,2.9788717497115016,4.601200000000003,262.30799999999994,0.0,0.0,2.0,4.0,2.0,COc1ccc2c(c1)cc1ccc3cc(OC)c2c1c3,0.0,18.46
0.0,1.0,1.0,17.0,0.0,15.0,0.0,1.0,20,32,20,11,,,,1,False,0.625,0.0,0.0,0.4666666666666667,0.0,0.0,0.0,1.0,0.0,0.0,0.0,1.0,0.0,0.0,2.0,1.0,17.0,0.11764705882352941,2.0,1127,20,3.8186272368928487,2.8543400000000005,233.35499999999993,1.0,0.0,1.0,1.0,5.0,COCC(C)=Cc1cc(C)cc(CCN)c1C,0.0,35.25
0.0,1.0,1.0,19.0,0.0,14.0,0.0,1.0,22,36,22,13,,,,1,False,0.6111111111111112,0.0,0.0,0.5714285714285714,0.0,0.0,0.0,1.0,0.0,0.0,0.0,1.0,0.0,0.0,5.0,2.0,19.0,0.2631578947368421,5.0,1128,22,3.215826599958844,2.75,269.34099999999995,1.0,0.0,4.0,1.0,8.0,CCCC(C)Oc1ccc(OC)c(CNO)c1OC,0.0,59.95
0.0,0.6666666666666666,2.0,23.0,0.0,17.0,0.0,3.0,22,28,22,3,,2,,1,False,0.7857142857142857,0.0,0.0,0.23529411764705882,0.0,0.0,0.0,1.0,0.0,0.0,0.0,1.0,0.0,0.0,3.0,1.0,21.0,0.19047619047619047,4.0,1129,22,2.9252115781092978,2.775500000000001,282.34299999999996,2.0,1.0,2.0,3.0,3.0,O=C(Nc1ccc(N2CCOCC2)cc1)c1ccccc1,0.0,41.57000000000001
0.0,1.0,3.0,22.0,0.0,14.0,0.0,3.0,22,27,22,2,,2,,1,False,0.8148148148148148,0.0,0.0,0.0,0.0,0.0,0.0,1.0,0.0,0.0,0.0,1.0,0.0,0.0,6.0,1.0,20.0,0.3,6.0,1130,22,2.2727671492157655,2.4314999999999998,266.26000000000005,4.0,0.0,2.0,3.0,3.0,Oc1ccc(Oc2ncc(-c3cnccn3)cn2)cc1,0.0,81.02
0.0,0.3333333333333333,1.0,20.0,0.0,14.0,0.0,3.0,19,29,22,4,,1,,2,False,0.6551724137931034,0.0,0.0,0.2857142857142857,1.0,0.0,0.0,1.0,0.0,1.0,0.0,1.0,0.0,0.0,4.0,1.0,18.0,0.2222222222222222,4.0,1131,19,3.8131644688430426,1.9304000000000001,244.29399999999993,2.0,2.0,2.0,3.0,2.0,COc1ccc(C2C=CN(N)C=C2)c2c1OCC2,0.0,47.72
0.0,0.0,0.0,20.0,2.0,17.0,0.0,3.0,13,22,15,4,,,,3,False,0.5909090909090909,0.0,0.0,0.8823529411764706,1.0,0.0,1.0,0.0,1.0,1.0,1.0,1.0,1.0,0.0,1.0,0.0,18.0,0.05555555555555555,1.0,1132,13,5.399968503960881,5.004800000000005,248.40999999999994,0.0,3.0,1.0,3.0,1.0,CCC1CCCC2=C(CC2)CC2CCCC(C1)O2,0.0,9.23
0.0,1.0,2.0,18.0,0.0,14.0,0.0,2.0,14,22,14,6,,1,,1,False,0.6363636363636364,0.0,0.0,0.2857142857142857,0.0,0.0,0.0,1.0,0.0,0.0,0.0,1.0,0.0,0.0,2.0,0.0,17.0,0.17647058823529413,3.0,1133,14,1.9021924560660308,3.252900000000002,227.31099999999998,3.0,0.0,0.0,2.0,3.0,CCc1cnn(-c2ccccn2)c1C=C(C)C,0.0,30.71
0.0,1.0,1.0,22.0,0.0,17.0,0.0,1.0,13,32,14,17,,,,1,False,0.40625,1.0,0.0,0.7058823529411765,0.0,0.0,0.0,1.0,0.0,0.0,0.0,1.0,0.0,0.0,4.0,2.0,22.0,0.22727272727272727,5.0,1134,13,2.6907127052312787,3.3103000000000025,313.41299999999995,1.0,0.0,3.0,1.0,11.0,CCCC(CCOCC)C(CO)CCc1cnc(O)cc1F,0.0,62.58
0.0,1.0,1.0,17.0,0.0,10.0,0.0,1.0,20,32,20,11,,,,1,False,0.625,0.0,0.0,0.4,0.0,0.0,0.0,1.0,0.0,0.0,0.0,1.0,0.0,0.0,6.0,3.0,17.0,0.4117647058823529,7.0,1135,20,1.976082659373941,0.10789999999999983,241.24699999999999,3.0,0.0,4.0,1.0,7.0,COc1cccc(NCC(=O)NCCOO)n1,0.0,92.71000000000001
0.0,0.5,2.0,21.0,0.0,12.0,0.0,4.0,13,24,18,2,,1,,3,False,0.5416666666666666,0.0,0.0,0.4166666666666667,1.0,0.0,0.0,1.0,0.0,1.0,0.0,1.0,0.0,0.0,5.0,2.0,18.0,0.3333333333333333,6.0,1136,13,3.686037058301877,0.9326999999999999,244.25400000000002,4.0,2.0,2.0,4.0,1.0,Oc1ncc(C2OCC3Cc4[nH]ncc4C32)cn1,0.0,83.92
0.0,0.3333333333333333,1.0,20.0,0.0,12.0,0.0,3.0,19,26,19,4,,,,3,False,0.7307692307692307,0.0,0.0,0.16666666666666666,1.0,0.0,0.0,1.0,0.0,1.0,0.0,1.0,0.0,0.0,5.0,2.0,18.0,0.3333333333333333,6.0,1137,19,2.344222578166058,1.2774999999999999,242.23799999999997,4.0,2.0,2.0,3.0,1.0,CC1=Nc2ccccc2N=C2C(C(=O)O)=NNC12,0.0,86.41
0.0,1.0,2.0,19.0,0.0,16.0,0.0,2.0,16,24,16,6,,1,,1,False,0.6666666666666666,0.0,0.0,0.1875,0.0,0.0,0.0,1.0,0.0,0.0,0.0,1.0,0.0,0.0,2.0,0.0,18.0,0.1111111111111111,2.0,1138,16,3.466523375459509,3.429020000000002,240.302,0.0,0.0,2.0,2.0,4.0,COc1cccc(CC(=O)c2ccccc2C)c1,0.0,26.3
0.0,1.0,1.0,14.0,0.0,10.0,0.0,1.0,22,33,23,9,,,,1,False,0.6666666666666666,0.0,0.0,0.5,0.0,0.0,0.0,1.0,0.0,0.0,0.0,1.0,0.0,0.0,4.0,3.0,14.0,0.2857142857142857,4.0,1139,22,2.6274878521644114,1.3147999999999997,196.24999999999994,2.0,0.0,2.0,1.0,4.0,CC(C)c1cc(O)cc(NCCO)n1,0.0,65.38
0.0,1.0,3.0,24.0,0.0,15.0,0.0,3.0,15,24,15,6,,2,,1,False,0.625,0.0,0.0,0.26666666666666666,0.0,0.0,0.0,1.0,0.0,0.0,0.0,1.0,0.0,0.0,5.0,2.0,22.0,0.3181818181818182,7.0,1140,15,2.5325363794088664,2.3360000000000003,298.35,6.0,0.0,1.0,3.0,5.0,CCCn1ncnc1-c1cccc(-c2n[nH]c(N)c2OC)c1,0.0,94.64
0.0,0.6666666666666666,2.0,24.0,0.0,18.0,0.0,3.0,21,30,22,5,,1,,2,False,0.7,0.0,0.0,0.2222222222222222,1.0,0.0,0.0,1.0,0.0,1.0,0.0,1.0,0.0,0.0,4.0,1.0,22.0,0.18181818181818182,4.0,1141,21,3.478735672281026,3.8110000000000017,293.37000000000006,3.0,1.0,1.0,3.0,2.0,COc1ccccc1-c1nc(N)nc2c1C=CC=CCC2C,0.0,61.03
0.0,0.0,0.0,11.0,0.0,10.0,0.0,1.0,21,33,24,8,,,,1,False,0.6363636363636364,0.0,0.0,1.0,0.0,0.0,0.0,0.0,0.0,0.0,0.0,1.0,0.0,0.0,1.0,0.0,11.0,0.09090909090909091,1.0,1142,21,6.205001356390461,2.5184000000000006,155.28499999999997,1.0,1.0,0.0,1.0,2.0,CCCC1(C)CCN(C)CC1,0.0,3.24
0.0,0.6666666666666666,2.0,20.0,0.0,14.0,0.0,3.0,21,28,21,4,,,,3,False,0.75,0.0,0.0,0.21428571428571427,1.0,0.0,0.0,1.0,0.0,1.0,0.0,1.0,0.0,0.0,3.0,2.0,18.0,0.2222222222222222,4.0,1143,21,2.682637946030799,2.0989999999999998,242.27799999999993,2.0,1.0,2.0,3.0,2.0,CONc1ccc2ccc3c(c2c1)CCNC3=O,0.0,50.36
0.0,1.0,3.0,22.0,0.0,15.0,0.0,3.0,19,26,19,4,,1,,2,False,0.7307692307692307,0.0,0.0,0.13333333333333333,1.0,0.0,0.0,1.0,0.0,1.0,0.0,1.0,0.0,0.0,4.0,1.0,20.0,0.25,5.0,1144,19,2.751678512178761,2.3838,267.288,3.0,0.0,2.0,3.0,3.0,CCOc1c(-c2cnccn2)ccc2c(=O)cc[nH]c12,0.0,67.87
0.0,0.6666666666666666,2.0,21.0,0.0,15.0,0.0,3.0,21,32,22,7,,,,3,False,0.65625,0.0,0.0,0.26666666666666666,1.0,0.0,0.0,1.0,0.0,1.0,0.0,1.0,0.0,0.0,3.0,0.0,19.0,0.21052631578947367,4.0,1145,21,9.058614330934429,2.3120000000000003,253.30499999999995,3.0,1.0,1.0,3.0,2.0,CC#CCN1C=Cn2c(nc3cccc(OC)c32)C1,0.0,30.290000000000003
0.0,1.0,3.0,25.0,0.0,18.0,0.0,3.0,21,31,21,7,,1,,2,False,0.6774193548387096,0.0,0.0,0.1111111111111111,1.0,0.0,0.0,1.0,0.0,1.0,0.0,1.0,0.0,0.0,4.0,1.0,23.0,0.21739130434782608,5.0,1146,21,2.6488015651400056,3.5043000000000015,308.3370000000001,2.0,0.0,3.0,3.0,4.0,COc1ccc(C(=O)Nc2cccc3ccncc23)c(OC)c1,0.0,60.45
0.0,0.0,0.0,14.0,0.0,11.0,0.0,1.0,14,24,14,9,,,,1,False,0.5833333333333334,0.0,0.0,0.8181818181818182,0.0,0.0,0.0,0.0,0.0,0.0,0.0,1.0,0.0,0.0,3.0,0.0,14.0,0.21428571428571427,3.0,1147,14,2.8261506568964294,1.2998,199.29399999999995,1.0,1.0,2.0,1.0,7.0,C=CCN1CCC(OCCOCC)C1,0.0,21.700000000000003
0.0,1.0,2.0,13.0,0.0,8.0,0.0,2.0,12,19,13,4,,,,2,False,0.631578947368421,2.0,0.0,0.125,1.0,0.0,0.0,1.0,0.0,1.0,0.0,1.0,0.0,0.0,1.0,0.0,12.0,0.3333333333333333,4.0,1148,12,2.9935948802576853,1.8515000000000001,168.146,2.0,0.0,0.0,2.0,0.0,Cn1ncc2cc(F)c(F)cc21,0.0,17.82
0.0,0.6666666666666666,2.0,22.0,0.0,16.0,0.0,3.0,23,29,23,3,,2,,1,False,0.7931034482758621,1.0,0.0,0.0,0.0,0.0,0.0,1.0,0.0,0.0,0.0,1.0,0.0,0.0,2.0,0.0,20.0,0.2,4.0,1149,23,3.487470714803432,2.7825000000000015,267.259,1.0,1.0,2.0,3.0,2.0,O=C1C=C(c2ccccc2)C(=O)N1c1ccccc1F,0.0,37.38
0.0,0.5,1.0,21.0,0.0,14.0,0.0,2.0,23,34,23,9,,1,,1,False,0.6764705882352942,0.0,0.0,0.35714285714285715,0.0,0.0,0.0,1.0,0.0,0.0,0.0,1.0,0.0,0.0,4.0,1.0,20.0,0.3,6.0,1150,23,2.162873205377507,2.4638999999999998,277.324,3.0,1.0,3.0,2.0,4.0,COC1=CN(c2ccco2)C(=O)N(C=CC(C)C)C1N,0.0,71.94
0.0,0.0,0.0,6.0,0.0,5.0,0.0,1.0,16,32,26,4,1,,,1,False,0.5,0.0,0.0,1.0,0.0,0.0,0.0,0.0,0.0,0.0,0.0,1.0,0.0,0.0,1.0,1.0,6.0,0.16666666666666666,1.0,1151,16,2.340940143811415,0.7583,85.15,1.0,1.0,0.0,1.0,0.0,CC1CCCN1,0.0,12.03
0.0,1.0,1.0,17.0,0.0,13.0,0.0,1.0,16,28,16,11,,,,1,False,0.5714285714285714,0.0,0.0,0.3076923076923077,0.0,0.0,0.0,1.0,0.0,0.0,0.0,1.0,0.0,0.0,4.0,1.0,17.0,0.23529411764705882,4.0,1152,16,3.0301128041926826,2.58558,232.283,2.0,0.0,2.0,1.0,5.0,COc1ccc(NCC=C(C)C#N)cc1OC,0.0,54.28
0.0,1.0,1.0,14.0,0.0,12.0,0.0,1.0,23,32,23,8,,,,1,False,0.71875,0.0,0.0,0.16666666666666666,0.0,0.0,0.0,1.0,0.0,0.0,0.0,1.0,0.0,0.0,2.0,2.0,14.0,0.14285714285714285,2.0,1153,23,2.480463694168143,3.077200000000002,190.24199999999996,0.0,0.0,2.0,1.0,4.0,C=CCCC=Cc1ccc(O)c(O)c1,0.0,40.46
0.0,1.0,2.0,20.0,0.0,14.0,0.0,2.0,18,28,18,8,,1,,1,False,0.6428571428571429,0.0,0.0,0.42857142857142855,0.0,0.0,0.0,1.0,0.0,0.0,0.0,1.0,0.0,0.0,4.0,1.0,19.0,0.2631578947368421,5.0,1154,18,2.742861952706163,2.8495000000000013,261.325,3.0,0.0,2.0,2.0,6.0,CCCCCn1cc(OC)c(-c2cccnn2)c1O,0.0,60.17
0.0,0.5,2.0,25.0,0.0,18.0,0.0,4.0,23,31,24,3,,1,,3,False,0.7419354838709677,0.0,0.0,0.16666666666666666,1.0,0.0,0.0,1.0,0.0,1.0,0.0,1.0,0.0,0.0,4.0,0.0,22.0,0.18181818181818182,4.0,1155,23,8.367630924092825,3.351020000000002,288.35400000000004,4.0,2.0,0.0,4.0,1.0,Cc1ccc(C2=NC(C)N3C(=C2)C=Cc2nnccc23)cc1,0.0,41.38
0.0,1.0,1.0,14.0,0.0,11.0,0.0,1.0,22,31,22,8,,,,1,False,0.7096774193548387,0.0,0.0,0.09090909090909091,0.0,0.0,0.0,1.0,0.0,0.0,0.0,1.0,0.0,0.0,3.0,1.0,14.0,0.21428571428571427,3.0,1156,22,3.493017395008161,1.2653699999999999,187.19799999999998,1.0,0.0,2.0,1.0,3.0,C#CC(=O)C(=N)c1ccc(OC)cc1,0.0,50.150000000000006
0.0,0.5,2.0,23.0,0.0,18.0,0.0,4.0,19,30,22,4,,1,,3,False,0.6333333333333333,0.0,0.0,0.2222222222222222,2.0,0.0,0.0,1.0,0.0,1.0,0.0,1.0,0.0,0.0,2.0,1.0,20.0,0.1,2.0,1157,19,2.842901372502444,3.8870000000000022,263.34000000000003,1.0,2.0,1.0,4.0,2.0,C1=CCc2cc(NC3COc4ccccc43)ccc2C1,0.0,21.259999999999998
0.0,1.0,2.0,19.0,0.0,14.0,0.0,2.0,13,23,14,7,,1,,1,False,0.5652173913043478,0.0,0.0,0.14285714285714285,0.0,0.0,0.0,1.0,0.0,0.0,0.0,1.0,0.0,0.0,4.0,1.0,18.0,0.2222222222222222,4.0,1158,13,3.2571336650715326,2.724580000000001,240.262,2.0,0.0,2.0,2.0,3.0,CCOc1c(C#N)ccc(-c2cccnc2)c1O,0.0,66.14
0.0,0.5,1.0,17.0,0.0,10.0,0.0,2.0,18,26,19,5,,1,,1,False,0.6923076923076923,0.0,0.0,0.0,0.0,0.0,0.0,1.0,0.0,0.0,0.0,1.0,0.0,0.0,4.0,1.0,16.0,0.375,6.0,1159,18,2.4132199571247623,-0.35310000000000014,218.16799999999998,2.0,1.0,4.0,2.0,1.0,O=C1N=C(Oc2ccccc2)C(=O)NC1=O,0.0,84.82999999999998
0.0,0.3333333333333333,1.0,25.0,0.0,16.0,0.0,3.0,20,32,20,9,,,,3,False,0.625,0.0,0.0,0.4375,1.0,0.0,0.0,1.0,0.0,1.0,0.0,1.0,0.0,0.0,6.0,2.0,23.0,0.30434782608695654,7.0,1160,20,2.760132086388094,0.8830799999999996,312.3770000000001,6.0,2.0,1.0,3.0,4.0,CC1=Cc2nc(NCC(N)=O)ccc2C2N(CC#N)CCCN12,0.0,98.27999999999999
0.0,0.5,2.0,23.0,2.0,17.0,0.0,4.0,21,28,21,3,,1,,3,False,0.75,0.0,0.0,0.47058823529411764,1.0,0.0,0.0,1.0,1.0,1.0,0.0,1.0,0.0,0.0,2.0,1.0,20.0,0.15,3.0,1161,21,5.586881574517559,3.7311200000000024,267.376,3.0,2.0,0.0,4.0,2.0,CC1=Cc2cc3[nH]nc(C)c3c1c2CN1CCCCC1,0.0,31.92
0.0,0.75,3.0,27.0,0.0,23.0,0.0,4.0,17,26,18,4,,2,,2,False,0.6538461538461539,0.0,0.0,0.21739130434782608,1.0,0.0,0.0,1.0,0.0,1.0,0.0,1.0,0.0,0.0,1.0,1.0,24.0,0.041666666666666664,1.0,1162,17,2.7026395981167277,4.708700000000004,313.444,1.0,1.0,0.0,4.0,5.0,c1ccc(CNCC2(c3ccccc3)CCc3ccccc32)cc1,0.0,12.03
0.0,0.0,0.0,19.0,0.0,14.0,0.0,2.0,23,31,23,6,,1,,1,False,0.7419354838709677,0.0,0.0,0.9285714285714286,0.0,0.0,0.0,0.0,0.0,0.0,0.0,1.0,0.0,0.0,3.0,0.0,18.0,0.2222222222222222,4.0,1163,23,3.3234702182813947,2.0324999999999998,255.35799999999995,1.0,2.0,3.0,2.0,3.0,CC(C)C1CCCC(OC2OCCN(C)C2=O)C1,0.0,38.77
0.0,1.0,2.0,17.0,0.0,11.0,0.0,2.0,17,26,17,7,,,,2,False,0.6538461538461539,0.0,0.0,0.18181818181818182,1.0,0.0,0.0,1.0,0.0,1.0,0.0,1.0,0.0,0.0,3.0,2.0,16.0,0.3125,5.0,1164,17,3.2941536558559408,1.8625999999999998,216.24400000000003,4.0,0.0,1.0,2.0,2.0,CC(C)=CC(=O)Nc1cc2cn[nH]c2cn1,0.0,70.67
0.0,0.2,1.0,26.0,0.0,14.0,0.0,5.0,21,29,21,2,1,,,5,False,0.7586206896551724,0.0,0.0,0.5,1.0,0.0,0.0,1.0,0.0,1.0,0.0,1.0,0.0,0.0,8.0,1.0,22.0,0.36363636363636365,8.0,1165,21,2.352706478551047,2.0279999999999996,300.32200000000006,6.0,4.0,2.0,5.0,0.0,C=C1CCCC2CN3C(N=NN4c5cc(O)cnc5ON43)C12,0.0,76.79
0.0,0.0,0.0,20.0,0.0,14.0,0.0,1.0,19,35,20,14,,1,,,False,0.5428571428571428,0.0,0.0,0.6428571428571429,0.0,0.0,0.0,0.0,0.0,0.0,0.0,1.0,0.0,0.0,5.0,1.0,20.0,0.3,6.0,1166,19,2.82438918217957,0.6228999999999996,282.34,2.0,1.0,4.0,1.0,6.0,COC(C)CNCC=C(C)C(=O)N1C(=O)CCCC1=O,0.0,75.71000000000001
0.0,1.0,3.0,22.0,0.0,14.0,0.0,3.0,19,28,20,4,1,2,,1,False,0.6785714285714286,0.0,0.0,0.21428571428571427,0.0,0.0,0.0,1.0,0.0,0.0,0.0,1.0,0.0,0.0,5.0,0.0,20.0,0.3,6.0,1167,19,3.0193393787966665,1.9901199999999997,266.308,6.0,0.0,0.0,3.0,3.0,CCc1nnnn1-c1cc(C)nc(-c2ccccc2)n1,0.0,69.38
0.0,0.6666666666666666,2.0,18.0,0.0,12.0,0.0,3.0,17,29,23,3,,1,,2,False,0.5862068965517241,0.0,0.0,0.5,1.0,0.0,0.0,1.0,0.0,1.0,0.0,1.0,0.0,0.0,3.0,0.0,16.0,0.25,4.0,1168,17,2.688714945926702,2.2099,217.2719999999999,3.0,1.0,1.0,3.0,1.0,Cn1nnc2cccc(C3CCCCO3)c21,0.0,39.94
0.0,1.0,2.0,15.0,0.0,10.0,0.0,2.0,21,33,24,6,1,1,,1,False,0.6363636363636364,0.0,0.0,0.1,0.0,0.0,0.0,1.0,0.0,0.0,0.0,1.0,0.0,0.0,3.0,2.0,14.0,0.2857142857142857,4.0,1169,21,2.5519573918258844,1.6675,189.218,3.0,0.0,1.0,2.0,2.0,COc1cc(-c2ccc(N)cc2)n[nH]1,0.0,63.93
0.0,0.6666666666666666,2.0,23.0,0.0,14.0,0.0,3.0,15,24,16,5,,2,,1,False,0.625,0.0,0.0,0.42857142857142855,0.0,0.0,0.0,1.0,0.0,0.0,0.0,1.0,0.0,0.0,7.0,3.0,21.0,0.3333333333333333,7.0,1170,15,2.874856837415964,1.6976999999999998,291.307,3.0,1.0,4.0,3.0,3.0,COc1noc(C2CCC(c3c(O)cccc3O)CN2)n1,0.0,100.64000000000001
0.0,0.0,0.0,18.0,4.0,9.0,0.0,4.0,22,27,22,1,,,,4,False,0.8148148148148148,0.0,0.0,1.0,1.0,0.0,1.0,0.0,1.0,1.0,0.0,1.0,1.0,1.0,6.0,4.0,15.0,0.4,6.0,1171,22,2.575599813510771,-0.8855999999999993,208.269,6.0,5.0,0.0,5.0,0.0,NC12CC(NNN=N1)C13CNCC1C2C3,1.0,86.83
0.0,1.0,1.0,18.0,0.0,12.0,0.0,1.0,10,30,14,15,,1,,,False,0.3333333333333333,0.0,0.0,0.3333333333333333,0.0,0.0,0.0,1.0,0.0,0.0,0.0,1.0,0.0,0.0,4.0,3.0,18.0,0.3333333333333333,6.0,1172,10,3.0062480985820326,-0.05209999999999837,251.28599999999997,3.0,0.0,3.0,1.0,5.0,CC(OCCNC(=O)C(N)=O)c1ccccc1N,0.0,107.43999999999998
0.0,0.0,0.0,21.0,0.0,14.0,0.0,2.0,14,30,16,11,1,1,,1,False,0.4666666666666667,0.0,0.0,1.0,0.0,0.0,0.0,0.0,0.0,0.0,0.0,1.0,0.0,0.0,6.0,5.0,20.0,0.3,6.0,1173,14,7.060223721771243,-0.6115999999999986,288.38800000000003,2.0,2.0,4.0,2.0,4.0,CC1(C)CC(ONC2CCNC2)C(O)C(O)C1(C)CO,0.0,93.98
0.0,0.25,1.0,23.0,0.0,17.0,0.0,4.0,22,28,22,2,,,,4,False,0.7857142857142857,0.0,0.0,0.4117647058823529,1.0,0.0,0.0,1.0,0.0,1.0,0.0,1.0,0.0,0.0,3.0,0.0,20.0,0.15,3.0,1174,22,1.8981692075600185,3.483200000000002,265.36,3.0,3.0,0.0,4.0,0.0,CC1=C2N=NC(C)=C2C2Cc3ccccc3CCN2C1,0.0,27.96
0.0,0.5,2.0,24.0,0.0,19.0,0.0,4.0,20,27,21,2,,1,,3,False,0.7407407407407407,0.0,0.0,0.21052631578947367,1.0,0.0,0.0,1.0,0.0,1.0,0.0,1.0,0.0,0.0,2.0,0.0,21.0,0.09523809523809523,2.0,1175,20,2.3505724039576386,4.027420000000004,275.35100000000006,1.0,2.0,1.0,4.0,1.0,Cc1ccccc1C1=C2OCC=CC2c2cccnc2C1,0.0,22.12
0.0,1.0,1.0,9.0,0.0,8.0,0.0,1.0,21,25,21,3,,,,1,False,0.84,0.0,0.0,0.25,0.0,0.0,0.0,1.0,0.0,0.0,0.0,1.0,0.0,0.0,1.0,0.0,9.0,0.1111111111111111,1.0,1176,21,1.770277482097437,2.0036199999999997,122.16699999999997,0.0,0.0,1.0,1.0,1.0,COc1ccc(C)cc1,0.0,9.23
0.0,0.6666666666666666,2.0,23.0,0.0,16.0,0.0,3.0,10,22,12,7,,1,,2,False,0.45454545454545453,0.0,0.0,0.375,1.0,0.0,0.0,1.0,0.0,1.0,0.0,1.0,0.0,0.0,4.0,3.0,21.0,0.23809523809523808,5.0,1177,10,4.32457135937737,3.348700000000002,284.363,4.0,1.0,1.0,3.0,3.0,CCNc1nc2c(cc1-c1ncc(O)[nH]1)CCCC(C)=C2,0.0,73.83000000000001
0.0,0.5,1.0,20.0,0.0,16.0,0.0,2.0,20,30,20,8,,1,,1,False,0.6666666666666666,0.0,0.0,0.5625,0.0,0.0,0.0,1.0,0.0,0.0,0.0,1.0,0.0,0.0,2.0,1.0,19.0,0.15789473684210525,3.0,1178,20,3.126804676811418,3.6160000000000014,262.349,0.0,1.0,3.0,2.0,5.0,CCC1CCC(c2cc(OC)ccc2CC(=O)O)C1,0.0,46.53
0.0,0.6666666666666666,2.0,25.0,0.0,20.0,0.0,3.0,21,31,22,6,,2,,1,False,0.6774193548387096,0.0,0.0,0.4,0.0,0.0,0.0,1.0,0.0,0.0,0.0,1.0,0.0,0.0,3.0,1.0,23.0,0.13043478260869565,3.0,1179,21,3.8119099403386087,4.049620000000002,311.42500000000007,1.0,1.0,2.0,3.0,5.0,COc1cccc(OCc2cccc(C)c2)c1C1CCCNC1,0.0,30.490000000000002
0.0,0.6666666666666666,2.0,21.0,0.0,17.0,0.0,3.0,22,28,23,2,,2,,1,False,0.7857142857142857,0.0,0.0,0.11764705882352941,0.0,0.0,0.0,1.0,0.0,0.0,0.0,1.0,0.0,0.0,2.0,1.0,19.0,0.10526315789473684,2.0,1180,22,3.024647422079736,4.367700000000003,249.313,1.0,1.0,1.0,3.0,2.0,OC1=CC=C(c2cccc(-c3ccccc3)n2)CC1,0.0,33.120000000000005
0.0,0.5,1.0,16.0,0.0,12.0,0.0,2.0,22,29,23,4,,1,,1,False,0.7586206896551724,1.0,0.0,0.4166666666666667,0.0,0.0,0.0,1.0,0.0,0.0,0.0,1.0,0.0,0.0,2.0,1.0,15.0,0.2,3.0,1181,22,5.3048913821463985,2.1643799999999995,204.24799999999996,2.0,1.0,0.0,2.0,1.0,N#Cc1cccc(F)c1C1CCNCC1,0.0,35.82
0.0,0.3333333333333333,1.0,24.0,0.0,16.0,0.0,3.0,22,31,22,6,,1,,2,False,0.7096774193548387,0.0,0.0,0.4375,1.0,0.0,0.0,1.0,0.0,1.0,0.0,1.0,0.0,0.0,5.0,3.0,22.0,0.2727272727272727,6.0,1182,22,2.8755954750206465,0.29779999999999973,304.346,2.0,2.0,4.0,3.0,3.0,O=C1C2=CN(CCO)CC2CC(O)CN1c1cccc(O)c1,0.0,84.24000000000001
0.0,0.5,2.0,21.0,0.0,14.0,0.0,4.0,21,25,21,,,1,,3,False,0.84,0.0,0.0,0.14285714285714285,1.0,0.0,0.0,1.0,0.0,1.0,0.0,1.0,0.0,0.0,3.0,1.0,18.0,0.2222222222222222,4.0,1183,21,6.066355182414351,2.0054,236.278,4.0,2.0,0.0,4.0,1.0,c1ccc(C2=NNC3=C(C2)c2ccnn2C3)cc1,0.0,42.21
0.0,0.75,3.0,23.0,0.0,18.0,0.0,4.0,22,32,24,4,,,,4,False,0.6875,0.0,0.0,0.1111111111111111,1.0,0.0,0.0,1.0,0.0,1.0,0.0,1.0,0.0,0.0,2.0,2.0,20.0,0.1,2.0,1184,22,2.6794449654265304,3.746000000000002,262.30800000000005,0.0,1.0,2.0,4.0,0.0,Oc1cccc2c1Cc1c(ccc3c(O)cccc13)C2,0.0,40.46
0.0,0.6666666666666666,2.0,18.0,0.0,13.0,0.0,3.0,19,31,25,3,,1,,2,False,0.6129032258064516,1.0,0.0,0.23076923076923078,1.0,0.0,0.0,1.0,0.0,1.0,0.0,1.0,0.0,0.0,2.0,0.0,16.0,0.1875,3.0,1185,19,1.9637845490163899,2.7714000000000008,214.24299999999994,2.0,1.0,0.0,3.0,1.0,Fc1cc2c(cc1-c1cncnc1)CCC2,0.0,25.78
0.0,1.0,1.0,11.0,0.0,9.0,0.0,1.0,17,23,17,5,,,,1,False,0.7391304347826086,0.0,0.0,0.3333333333333333,0.0,0.0,0.0,1.0,0.0,0.0,0.0,1.0,0.0,0.0,2.0,0.0,11.0,0.18181818181818182,2.0,1186,17,2.6652063777768755,1.8416000000000001,152.19299999999998,0.0,0.0,2.0,1.0,3.0,COCc1cccc(OC)c1,0.0,18.46
0.0,0.5,1.0,18.0,0.0,13.0,0.0,2.0,17,26,18,6,,1,,1,False,0.6538461538461539,0.0,0.0,0.38461538461538464,0.0,0.0,0.0,1.0,0.0,0.0,0.0,1.0,0.0,0.0,3.0,2.0,17.0,0.23529411764705882,4.0,1187,17,2.5285732820403934,0.9868000000000001,233.26699999999994,1.0,1.0,3.0,2.0,2.0,CC(=O)c1cccc(C2(O)CCCNC2=O)c1,0.0,66.4
0.0,1.0,2.0,17.0,0.0,10.0,0.0,2.0,22,31,23,6,,1,,1,False,0.7096774193548387,0.0,0.0,0.0,0.0,0.0,0.0,1.0,0.0,0.0,0.0,1.0,0.0,0.0,4.0,2.0,16.0,0.375,6.0,1188,22,3.2458984767058503,0.6931000000000002,218.216,4.0,0.0,2.0,2.0,4.0,NOc1cccc(-n2cc(NC=O)cn2)c1,0.0,82.17
0.0,1.0,2.0,21.0,0.0,14.0,0.0,2.0,14,24,14,8,,1,,1,False,0.5833333333333334,0.0,0.0,0.2857142857142857,0.0,0.0,0.0,1.0,0.0,0.0,0.0,1.0,0.0,0.0,6.0,1.0,20.0,0.3,6.0,1189,14,10.593253318011175,2.0868199999999995,276.292,2.0,0.0,4.0,2.0,5.0,COc1cccc(OCc2nc(C)nc(O)c2OC)c1,0.0,73.7
0.0,0.0,0.0,10.0,0.0,6.0,0.0,1.0,22,30,23,5,1,,,1,False,0.7333333333333333,0.0,0.0,0.8333333333333334,0.0,0.0,0.0,0.0,0.0,0.0,0.0,1.0,0.0,0.0,3.0,2.0,10.0,0.4,4.0,1190,22,4.027764021526854,-1.5894999999999988,144.174,2.0,1.0,2.0,1.0,2.0,O=C1CN(CCO)CCN1,0.0,52.57000000000001
0.0,0.3333333333333333,1.0,25.0,0.0,17.0,0.0,3.0,21,30,21,6,,2,,1,False,0.7,1.0,0.0,0.8235294117647058,0.0,0.0,0.0,1.0,0.0,0.0,0.0,1.0,0.0,0.0,4.0,1.0,23.0,0.2608695652173913,6.0,1191,21,4.012527991610757,2.480500000000001,325.42800000000017,3.0,2.0,2.0,3.0,5.0,COCC(O)c1ccnn1C1CC(F)CN(C2CCCCC2)C1,0.0,50.52
0.0,1.0,4.0,20.0,0.0,13.0,0.0,4.0,8,13,8,1,,1,,3,False,0.6153846153846154,0.0,0.0,0.0,1.0,1.0,0.0,1.0,0.0,1.0,0.0,1.0,1.0,0.0,4.0,0.0,17.0,0.23529411764705882,4.0,1192,8,4.13411415657174,2.2788000000000004,222.203,2.0,0.0,2.0,4.0,1.0,O=c1c2ccc3nc(-c4ccncc4)oc3c12,0.0,55.99
0.0,0.3333333333333333,1.0,23.0,0.0,18.0,0.0,3.0,20,27,21,2,1,,,3,False,0.7407407407407407,0.0,0.0,0.5555555555555556,1.0,0.0,0.0,1.0,0.0,1.0,1.0,1.0,0.0,0.0,2.0,0.0,21.0,0.14285714285714285,3.0,1193,20,3.540732132849162,2.374200000000001,285.3869999999999,1.0,2.0,2.0,3.0,0.0,O=C1N=c2ccccc2=C2CCCCCCCCOCC12,0.0,38.66
0.0,0.3333333333333333,1.0,18.0,0.0,8.0,0.0,3.0,19,27,20,3,1,1,,2,False,0.7407407407407407,0.0,0.0,0.75,1.0,0.0,1.0,1.0,0.0,1.0,0.0,1.0,1.0,0.0,7.0,1.0,16.0,0.5,8.0,1194,19,9.836193715447545,-1.0290999999999995,224.22400000000002,6.0,2.0,2.0,3.0,2.0,COC1CNCCC(C2Oc3nnnn32)=N1,0.0,86.45
0.0,1.0,2.0,21.0,0.0,15.0,0.0,2.0,15,29,17,10,,1,,1,False,0.5172413793103449,3.0,0.0,0.2,0.0,0.0,0.0,1.0,0.0,0.0,0.0,1.0,0.0,0.0,2.0,0.0,20.0,0.25,5.0,1195,15,3.182197949290872,3.7489000000000026,281.27699999999993,1.0,0.0,1.0,2.0,4.0,COc1c(F)cccc1N(C)Cc1ccc(F)cc1F,0.0,12.47
0.0,0.3333333333333333,1.0,21.0,0.0,15.0,0.0,3.0,22,29,22,4,,1,,2,False,0.7586206896551724,0.0,0.0,0.4,1.0,0.0,0.0,1.0,0.0,1.0,0.0,1.0,0.0,0.0,4.0,1.0,19.0,0.21052631578947367,4.0,1196,22,3.672979276492752,1.5030000000000001,259.305,1.0,2.0,3.0,3.0,3.0,COCC1=CC(=O)OC1c1cccc2c1CCNC2,0.0,47.56
0.0,0.25,1.0,23.0,0.0,11.0,0.0,4.0,20,26,20,2,,,,4,False,0.7692307692307693,0.0,0.0,0.6363636363636364,1.0,0.0,0.0,1.0,0.0,1.0,0.0,1.0,0.0,1.0,9.0,2.0,20.0,0.45,9.0,1197,20,2.282334881395656,-0.2906000000000002,284.224,2.0,3.0,7.0,4.0,0.0,OC1CCC(O)C2(C1)OOC1Oc3nonc3C=C1O2,1.0,116.30000000000001
0.0,0.0,0.0,22.0,0.0,15.0,0.0,2.0,23,35,23,9,1,1,,1,False,0.6857142857142857,0.0,0.0,0.8,0.0,0.0,0.0,0.0,0.0,0.0,0.0,1.0,0.0,0.0,5.0,2.0,21.0,0.2857142857142857,6.0,1198,23,2.315383835325003,0.014000000000001345,296.4150000000001,4.0,2.0,2.0,2.0,4.0,CC=CN1CCN(CCC)C(O)(C2NCCCN2C)C1=O,0.0,59.050000000000004
0.0,0.3333333333333333,2.0,26.0,3.0,13.0,0.0,6.0,7,25,13,6,,,,6,False,0.28,0.0,0.0,0.3076923076923077,1.0,1.0,0.0,1.0,1.0,1.0,1.0,1.0,1.0,1.0,7.0,0.0,21.0,0.38095238095238093,8.0,1199,7,2.8957471083369355,0.25839999999999974,283.247,5.0,4.0,3.0,6.0,0.0,C1=NC2C3=CN1Oc1c(cnc4ccnn14)CC1(O3)OC21,1.0,76.78
0.0,1.0,1.0,18.0,0.0,16.0,0.0,1.0,16,33,18,14,,,,1,False,0.48484848484848486,0.0,0.0,0.375,0.0,0.0,0.0,1.0,0.0,0.0,0.0,1.0,0.0,0.0,2.0,0.0,18.0,0.1111111111111111,2.0,1200,16,2.750022559967723,3.8340000000000023,244.33399999999992,0.0,0.0,2.0,1.0,6.0,CC(=O)c1ccc(C=C(C)C)c(CCCC=O)c1,0.0,34.14
0.0,0.5,1.0,15.0,0.0,11.0,0.0,2.0,21,26,21,3,,1,,1,False,0.8076923076923077,0.0,0.0,0.5454545454545454,0.0,0.0,0.0,1.0,0.0,0.0,0.0,1.0,0.0,0.0,3.0,0.0,14.0,0.21428571428571427,3.0,1201,21,2.558577025841987,2.2957,193.24600000000004,1.0,1.0,2.0,2.0,3.0,COOC1CCCC1c1ccncc1,0.0,31.35
0.0,1.0,4.0,25.0,0.0,19.0,0.0,4.0,15,20,15,1,,2,,2,False,0.75,0.0,0.0,0.05263157894736842,1.0,0.0,0.0,1.0,0.0,1.0,0.0,1.0,0.0,0.0,2.0,0.0,22.0,0.13636363636363635,3.0,1202,15,2.9934411765659434,4.395920000000003,285.35,3.0,0.0,0.0,4.0,2.0,Cc1ccccc1-c1nncn1-c1cccc2ccccc12,0.0,30.71
0.0,1.0,2.0,17.0,0.0,13.0,0.0,2.0,23,33,25,6,,1,,1,False,0.696969696969697,0.0,0.0,0.15384615384615385,0.0,0.0,0.0,1.0,0.0,0.0,0.0,1.0,0.0,0.0,3.0,1.0,16.0,0.1875,3.0,1203,23,2.778895114998876,2.8218000000000005,213.28399999999996,3.0,0.0,0.0,2.0,3.0,CCN(c1ccccc1)c1cccc(N)n1,0.0,42.15
0.0,0.0,0.0,12.0,0.0,6.0,0.0,1.0,17,26,17,8,,,,1,False,0.6538461538461539,0.0,0.0,1.0,0.0,0.0,1.0,0.0,0.0,0.0,0.0,1.0,1.0,0.0,6.0,2.0,12.0,0.5,6.0,1204,17,2.551172980871858,-0.8193000000000001,180.15599999999998,0.0,1.0,6.0,1.0,4.0,COOC1C(O)C(OC)C1OO,0.0,77.38000000000001
0.0,1.0,1.0,20.0,0.0,14.0,0.0,1.0,18,35,19,15,,,,1,False,0.5142857142857142,0.0,0.0,0.5,0.0,0.0,0.0,1.0,0.0,0.0,0.0,1.0,0.0,0.0,5.0,2.0,20.0,0.3,6.0,1205,18,2.6348729322463056,1.7083999999999997,281.35600000000005,3.0,0.0,3.0,1.0,9.0,CCC(CC(N)=NNCOC)Oc1cccc(OC)c1,0.0,78.10000000000001
0.0,0.4,2.0,26.0,0.0,16.0,0.0,5.0,16,26,17,4,,,,5,False,0.6153846153846154,0.0,0.0,0.25,1.0,0.0,0.0,1.0,0.0,1.0,0.0,1.0,0.0,0.0,5.0,0.0,22.0,0.2727272727272727,6.0,1206,16,2.9320131030005525,2.9346000000000014,291.3140000000001,5.0,3.0,1.0,5.0,0.0,CC1=C2C(=O)n3nc4c(c3C2N=N1)-c1ccccc1CN4C,0.0,62.85
0.0,0.3333333333333333,1.0,22.0,0.0,13.0,0.0,3.0,21,34,23,8,,,,3,False,0.6176470588235294,0.0,0.0,0.3076923076923077,1.0,0.0,0.0,1.0,0.0,1.0,0.0,1.0,0.0,1.0,7.0,3.0,20.0,0.35,7.0,1207,21,3.389812947632802,0.00830000000000003,275.26400000000007,3.0,2.0,4.0,3.0,1.0,COC1C(=O)CC2(NC(NO)=Nc3ccccc32)C1=O,1.0,100.02000000000001
0.0,0.6666666666666666,2.0,22.0,0.0,15.0,0.0,3.0,20,30,21,6,,1,,2,False,0.6666666666666666,0.0,0.0,0.4666666666666667,1.0,0.0,0.0,1.0,0.0,1.0,0.0,1.0,0.0,0.0,4.0,1.0,20.0,0.25,5.0,1208,20,3.3242281756872547,2.1669,274.32000000000005,2.0,1.0,3.0,3.0,4.0,O=C(O)CN1CCCC(Cc2nc3ccccc3o2)C1,0.0,66.57
0.0,1.0,2.0,18.0,0.0,15.0,0.0,2.0,17,26,18,6,,1,,1,False,0.6538461538461539,0.0,0.0,0.13333333333333333,0.0,0.0,0.0,1.0,0.0,0.0,0.0,1.0,0.0,0.0,2.0,1.0,17.0,0.11764705882352941,2.0,1209,17,1.5594693855759805,3.4788000000000014,222.29100000000003,2.0,0.0,0.0,2.0,3.0,Cc1ccc(NCc2ccccc2)c(C#N)c1,0.0,35.82
0.0,0.5,1.0,16.0,0.0,14.0,0.0,2.0,21,31,22,7,,,,2,False,0.6774193548387096,0.0,0.0,0.42857142857142855,1.0,0.0,0.0,1.0,0.0,1.0,0.0,1.0,0.0,0.0,1.0,0.0,15.0,0.06666666666666667,1.0,1210,21,3.4000346500588754,3.9074000000000026,202.29699999999997,0.0,1.0,1.0,2.0,2.0,CCC(C)=CC1c2ccccc2OC1C,0.0,9.23
0.0,0.6666666666666666,2.0,23.0,0.0,18.0,0.0,3.0,19,31,22,6,,2,,1,False,0.6129032258064516,1.0,0.0,0.3333333333333333,0.0,0.0,0.0,1.0,0.0,0.0,0.0,1.0,0.0,0.0,2.0,1.0,21.0,0.14285714285714285,3.0,1211,19,3.17871586181558,3.3607000000000022,284.378,2.0,1.0,0.0,3.0,3.0,CN1C(Cc2ccc(F)cc2)NCCC1c1ccccc1,0.0,15.27
0.0,0.5,2.0,22.0,4.0,16.0,0.0,4.0,19,26,19,3,,,,4,False,0.7307692307692307,0.0,0.0,0.0625,1.0,0.0,0.0,1.0,1.0,1.0,1.0,1.0,0.0,0.0,2.0,2.0,19.0,0.15789473684210525,3.0,1212,19,4.430082565187628,3.469400000000001,248.285,2.0,2.0,1.0,4.0,1.0,CNc1cc2[nH]c3cccc4ccc1c(c4)c2C3=O,0.0,44.89
0.0,0.0,0.0,27.0,3.0,16.0,0.0,6.0,16,27,18,3,,,,6,False,0.5925925925925926,0.0,0.0,0.4375,1.0,0.0,0.0,0.0,1.0,1.0,0.0,1.0,0.0,0.0,6.0,1.0,22.0,0.2727272727272727,6.0,1213,16,2.409999492664813,0.3689,293.3300000000001,5.0,6.0,1.0,6.0,0.0,O=C1CNC2=C1N1C3=CC4CC1C1N=CN=CN1C4CC3=C2,0.0,60.300000000000004
0.0,0.6666666666666666,2.0,22.0,0.0,12.0,0.0,3.0,15,24,15,6,,1,,2,False,0.625,0.0,0.0,0.5,1.0,0.0,0.0,1.0,0.0,1.0,0.0,1.0,0.0,0.0,6.0,3.0,20.0,0.4,8.0,1214,15,3.1535287303142607,-0.014800000000000368,277.33200000000005,7.0,1.0,1.0,3.0,4.0,CC1NCN(N(CCO)c2ncc[nH]2)c2c1cnn2C,0.0,85.23999999999998
0.0,0.6666666666666666,2.0,24.0,0.0,17.0,0.0,3.0,18,30,22,5,,2,,1,False,0.6,0.0,0.0,0.29411764705882354,0.0,0.0,0.0,1.0,0.0,0.0,0.0,1.0,0.0,0.0,4.0,1.0,22.0,0.22727272727272727,5.0,1215,18,2.8227598035629007,2.3666,296.374,4.0,1.0,1.0,3.0,3.0,CC(=O)Nc1cccc(N2CCN(c3ccccc3)CC2)n1,0.0,48.470000000000006
0.0,0.4,2.0,28.0,0.0,20.0,0.0,5.0,23,31,23,3,,2,,3,False,0.7419354838709677,0.0,0.0,0.35,1.0,1.0,0.0,1.0,0.0,1.0,0.0,1.0,1.0,1.0,3.0,0.0,24.0,0.16666666666666666,4.0,1216,23,3.6581252734753207,3.113900000000001,321.3760000000001,1.0,3.0,3.0,5.0,3.0,COc1ccc(-c2ccccc2)c(N2C(=O)C3COCC34CC24)c1,1.0,38.769999999999996
0.0,0.25,1.0,25.0,0.0,14.0,0.0,4.0,19,27,19,4,,,,4,False,0.7037037037037037,0.0,0.0,0.7142857142857143,1.0,0.0,0.0,1.0,0.0,1.0,0.0,1.0,0.0,1.0,7.0,2.0,22.0,0.36363636363636365,8.0,1217,19,3.2039651165145004,-0.9442999999999979,308.338,4.0,3.0,4.0,4.0,0.0,CN1C(=O)C2(COC3c4cnoc4CCC31)CN(N)CC2O,1.0,105.06000000000002
0.0,0.25,1.0,25.0,0.0,19.0,0.0,4.0,16,29,18,7,,,,4,False,0.5517241379310345,0.0,0.0,0.6842105263157895,1.0,0.0,0.0,1.0,0.0,1.0,0.0,1.0,0.0,1.0,3.0,2.0,22.0,0.13636363636363635,3.0,1218,16,3.12379452598083,2.7319000000000004,299.462,3.0,3.0,0.0,4.0,4.0,CCNCCN1CC2NCC3(CCCC3)C2c2ccccc21,1.0,27.299999999999997
0.0,1.0,2.0,22.0,0.0,18.0,0.0,2.0,22,37,24,11,,1,,1,False,0.5945945945945946,0.0,0.0,0.1111111111111111,0.0,0.0,0.0,1.0,0.0,0.0,0.0,1.0,0.0,0.0,3.0,0.0,21.0,0.14285714285714285,3.0,1219,22,3.520033652617793,4.175220000000003,279.33899999999994,1.0,0.0,2.0,2.0,4.0,C=Cc1cccc(N=Cc2cc(C)cc(C(=O)OC)c2)c1,0.0,38.66
0.0,0.6666666666666666,2.0,22.0,0.0,15.0,0.0,3.0,18,25,18,4,,2,,1,False,0.72,0.0,0.0,0.26666666666666666,0.0,0.0,0.0,1.0,0.0,0.0,0.0,1.0,0.0,0.0,4.0,2.0,20.0,0.25,5.0,1220,18,2.5105937872003934,2.1414999999999997,271.31999999999994,3.0,1.0,2.0,3.0,4.0,COc1ccc(O)cc1-c1cnn(CC2=CCCN2)c1,0.0,59.31
0.0,1.0,2.0,18.0,0.0,15.0,0.0,2.0,22,31,23,6,,1,,1,False,0.7096774193548387,0.0,0.0,0.13333333333333333,0.0,0.0,0.0,1.0,0.0,0.0,0.0,1.0,0.0,0.0,2.0,0.0,17.0,0.11764705882352941,2.0,1221,22,3.1319075357137773,3.6507000000000023,225.291,1.0,0.0,1.0,2.0,3.0,COc1ccncc1C=C(C)c1ccccc1,0.0,22.12
0.0,1.0,1.0,12.0,0.0,8.0,0.0,1.0,23,33,24,8,,,,1,False,0.696969696969697,0.0,0.0,0.375,0.0,0.0,0.0,1.0,0.0,0.0,0.0,1.0,0.0,0.0,4.0,0.0,12.0,0.3333333333333333,4.0,1222,23,2.072951702066892,1.3513,170.164,0.0,0.0,4.0,1.0,3.0,COc1occc1COC(C)=O,0.0,48.67
0.0,0.0,0.0,9.0,0.0,7.0,0.0,1.0,21,31,24,6,,,,1,False,0.6774193548387096,0.0,0.0,1.0,0.0,0.0,0.0,0.0,0.0,0.0,0.0,1.0,0.0,0.0,2.0,2.0,9.0,0.2222222222222222,2.0,1223,21,3.6473581281304592,0.6387000000000002,129.203,1.0,1.0,1.0,1.0,0.0,CC1(O)CCCC(N)C1,0.0,46.25
0.0,0.0,0.0,23.0,2.0,18.0,0.0,3.0,23,29,23,3,,,,3,False,0.7931034482758621,0.0,0.0,0.7777777777777778,1.0,0.0,0.0,0.0,1.0,1.0,1.0,1.0,0.0,0.0,3.0,1.0,21.0,0.14285714285714285,3.0,1224,23,2.7554924770320124,4.475300000000003,287.4510000000001,3.0,3.0,0.0,3.0,1.0,CCC1=CC(C)CCCCNC2CC3C=CN=NC(C3)C12,0.0,36.75
0.0,0.5,1.0,18.0,0.0,12.0,0.0,2.0,13,23,14,7,,1,,1,False,0.5652173913043478,3.0,0.0,0.4166666666666667,0.0,0.0,0.0,1.0,0.0,0.0,0.0,1.0,0.0,0.0,2.0,0.0,17.0,0.29411764705882354,5.0,1225,13,3.4309769590461903,3.094120000000002,242.24399999999997,2.0,1.0,0.0,2.0,2.0,Cc1ccc(N2C=NCC2)c(C(C)(F)F)c1F,0.0,15.6
0.0,0.0,0.0,23.0,0.0,19.0,0.0,2.0,19,24,19,3,,,,2,False,0.7916666666666666,0.0,0.0,0.7894736842105263,1.0,0.0,0.0,0.0,0.0,1.0,1.0,1.0,0.0,0.0,3.0,1.0,22.0,0.13636363636363635,3.0,1226,19,2.4074898545493917,4.5701000000000045,308.4620000000001,0.0,2.0,3.0,2.0,1.0,CC1C=C(CO)C2CCCCCC=C2COOCCCCC1,0.0,38.69
0.0,0.0,0.0,16.0,0.0,14.0,0.0,1.0,16,32,18,13,,,,1,False,0.5,0.0,0.0,0.7142857142857143,0.0,0.0,0.0,0.0,0.0,0.0,0.0,1.0,0.0,0.0,2.0,0.0,16.0,0.125,2.0,1227,16,2.758897235867858,3.484600000000002,224.34399999999994,0.0,1.0,2.0,1.0,7.0,C=CC1(OC)CCCC1=CCCCCOC,0.0,18.46
0.0,0.0,0.0,24.0,0.0,16.0,0.0,4.0,20,36,24,8,,,,4,False,0.5555555555555556,0.0,0.0,0.625,1.0,0.0,0.0,0.0,0.0,1.0,0.0,1.0,0.0,1.0,5.0,2.0,21.0,0.23809523809523808,5.0,1228,20,3.495349484274977,1.5505,287.363,3.0,4.0,2.0,4.0,0.0,CC1=NC2=C(C)C3=C(C=NCN3)C3(C)CC(O)COC23C1,1.0,66.21000000000001
0.0,0.5,1.0,23.0,0.0,16.0,0.0,2.0,11,24,12,10,,1,,1,False,0.4583333333333333,0.0,0.0,0.6875,0.0,0.0,0.0,1.0,0.0,0.0,0.0,1.0,0.0,0.0,6.0,3.0,22.0,0.2727272727272727,6.0,1229,11,2.9370720833573127,2.144799999999999,307.442,5.0,1.0,1.0,2.0,7.0,CCNc1cnc(N(C)N2CCCCCC2)c(NCCO)c1,0.0,63.66000000000001
0.0,0.75,3.0,22.0,0.0,16.0,0.0,4.0,21,26,21,1,,1,,3,False,0.8076923076923077,0.0,0.0,0.125,1.0,0.0,0.0,1.0,0.0,1.0,0.0,1.0,0.0,0.0,2.0,0.0,19.0,0.15789473684210525,3.0,1230,21,4.104943602690072,3.0710000000000015,247.301,3.0,1.0,0.0,4.0,2.0,C1=C(Cn2ccnc2)Cc2c1ccc1ncccc21,0.0,30.71
0.0,1.0,2.0,21.0,0.0,11.0,0.0,2.0,13,27,14,11,,1,,1,False,0.48148148148148145,0.0,0.0,0.2727272727272727,0.0,0.0,0.0,1.0,0.0,0.0,0.0,1.0,0.0,0.0,7.0,1.0,20.0,0.45,9.0,1231,13,2.41602441226423,-0.20550000000000068,280.24,4.0,0.0,5.0,2.0,4.0,COC(=O)C(=O)NC(OC)c1ncoc1-n1cccn1,0.0,108.48
0.0,1.0,3.0,19.0,0.0,13.0,0.0,3.0,20,26,21,2,,2,,1,False,0.7692307692307693,0.0,0.0,0.07692307692307693,0.0,0.0,0.0,1.0,0.0,0.0,0.0,1.0,0.0,0.0,4.0,0.0,17.0,0.23529411764705882,4.0,1232,20,2.551569351643436,2.9204000000000008,226.235,2.0,0.0,2.0,3.0,3.0,c1ccc(Cc2nnc(-c3ccoc3)o2)cc1,0.0,52.06
0.0,0.5,2.0,21.0,0.0,12.0,0.0,4.0,20,25,20,,1,1,,3,False,0.84,0.0,0.0,0.25,1.0,0.0,0.0,1.0,0.0,1.0,0.0,1.0,0.0,0.0,5.0,0.0,18.0,0.3333333333333333,6.0,1233,20,2.2238331250550125,1.3206999999999998,241.254,5.0,2.0,1.0,4.0,1.0,C1=C(c2ccccc2)N2OCCC2n2nnnc21,0.0,56.07
0.0,0.0,0.0,23.0,0.0,17.0,0.0,4.0,23,32,25,3,,,,4,False,0.71875,0.0,0.0,1.0,1.0,0.0,0.0,0.0,0.0,1.0,0.0,1.0,0.0,1.0,3.0,1.0,20.0,0.15,3.0,1234,23,2.308358746789118,2.2655000000000003,278.43999999999994,2.0,4.0,1.0,4.0,0.0,CC1NCCC12CN1CCCCC3CCOCCC2C31,1.0,24.5
0.0,0.6666666666666666,2.0,23.0,0.0,17.0,0.0,3.0,23,31,23,4,1,2,,1,False,0.7741935483870968,0.0,0.0,0.35294117647058826,0.0,0.0,0.0,1.0,0.0,0.0,0.0,1.0,0.0,0.0,3.0,2.0,21.0,0.19047619047619047,4.0,1235,23,3.8755625852223714,2.3886000000000003,283.375,3.0,1.0,1.0,3.0,4.0,CC(c1ccccc1N1CCNCC1)c1cc[nH]c1C=O,0.0,48.129999999999995
0.0,1.0,1.0,12.0,0.0,9.0,0.0,1.0,19,33,22,10,,,,1,False,0.5757575757575758,0.0,0.0,0.3333333333333333,0.0,0.0,0.0,1.0,0.0,0.0,0.0,1.0,0.0,0.0,3.0,2.0,12.0,0.25,3.0,1236,19,4.610156094478581,1.10702,166.22399999999996,2.0,0.0,1.0,1.0,4.0,Cc1ccoc1C=CNCCN,0.0,51.19
0.0,0.5,1.0,21.0,0.0,16.0,0.0,2.0,23,34,23,9,,1,,1,False,0.6764705882352942,0.0,0.0,0.5,0.0,0.0,0.0,1.0,0.0,0.0,0.0,1.0,0.0,0.0,4.0,2.0,20.0,0.2,4.0,1237,23,3.434089640233336,1.8374,277.364,1.0,1.0,3.0,2.0,6.0,COc1ccccc1C(C)(CO)CC1=CNCC1OC,0.0,50.72
0.0,0.6666666666666666,2.0,22.0,0.0,12.0,0.0,3.0,8,19,9,7,,1,,2,False,0.42105263157894735,0.0,0.0,0.25,1.0,0.0,0.0,1.0,0.0,1.0,0.0,1.0,0.0,0.0,8.0,0.0,20.0,0.4,8.0,1238,8,3.1892430045995748,1.3345199999999997,278.22,2.0,1.0,6.0,3.0,3.0,COc1cnc2c(c1C(=O)Oc1cc(C)on1)OCO2,0.0,92.91000000000001
0.0,0.5,2.0,23.0,0.0,16.0,0.0,4.0,20,27,21,2,,1,,3,False,0.7407407407407407,0.0,0.0,0.125,2.0,0.0,0.0,1.0,0.0,1.0,0.0,1.0,0.0,0.0,4.0,0.0,20.0,0.2,4.0,1239,20,3.620348089686397,3.656200000000002,268.268,0.0,2.0,4.0,4.0,2.0,C1=COc2cccc(Oc3cccc4c3OCO4)c2C1,0.0,36.92
0.0,1.0,3.0,19.0,0.0,12.0,0.0,3.0,23,29,23,3,,1,,2,False,0.7931034482758621,0.0,0.0,0.16666666666666666,1.0,0.0,0.0,1.0,0.0,1.0,0.0,1.0,0.0,0.0,3.0,0.0,17.0,0.29411764705882354,5.0,1240,23,1.7299332658211377,1.7675999999999998,228.25500000000002,4.0,0.0,1.0,3.0,2.0,COc1ccn(-c2nc3ccccc3n2C)n1,0.0,44.870000000000005
0.0,0.6666666666666666,2.0,22.0,0.0,19.0,0.0,3.0,23,31,24,4,,1,,2,False,0.7419354838709677,0.0,0.0,0.21052631578947367,1.0,0.0,0.0,1.0,0.0,1.0,0.0,1.0,0.0,0.0,1.0,0.0,20.0,0.05,1.0,1241,23,2.2545103766535686,4.436520000000003,262.352,0.0,1.0,1.0,3.0,2.0,Cc1ccc(-c2cccc3c2CCC(C=O)C=C3)cc1,0.0,17.07
0.0,1.0,2.0,13.0,0.0,9.0,0.0,2.0,21,31,24,5,,,,2,False,0.6774193548387096,0.0,0.0,0.1111111111111111,1.0,0.0,0.0,1.0,0.0,1.0,0.0,1.0,0.0,0.0,2.0,1.0,12.0,0.25,3.0,1242,21,9.905688866210273,1.23152,160.17600000000002,2.0,0.0,1.0,2.0,0.0,Cc1ccc2c(=O)[nH]ncc2c1,0.0,45.75
0.0,0.5,1.0,22.0,0.0,17.0,0.0,2.0,23,34,23,9,,1,,1,False,0.6764705882352942,0.0,0.0,0.5882352941176471,0.0,0.0,0.0,1.0,0.0,0.0,0.0,1.0,0.0,0.0,4.0,1.0,21.0,0.19047619047619047,4.0,1243,23,2.8726943714114967,1.8733999999999995,289.42300000000006,3.0,1.0,1.0,2.0,6.0,CC(=Cc1ccccn1)CCC(CO)N1CCN(C)CC1,0.0,39.60000000000001
0.0,1.0,3.0,23.0,0.0,16.0,0.0,3.0,15,23,15,5,,1,,2,False,0.6521739130434783,0.0,0.0,0.0625,1.0,0.0,0.0,1.0,0.0,1.0,0.0,1.0,0.0,0.0,5.0,2.0,21.0,0.23809523809523808,5.0,1244,15,2.5534939173137525,3.2406000000000015,282.299,2.0,0.0,3.0,3.0,4.0,CNc1ccccc1ONc1ccc2oc(=O)ccc2c1,0.0,63.5
0.0,1.0,2.0,19.0,0.0,11.0,0.0,2.0,12,21,12,7,,1,,1,False,0.5714285714285714,0.0,0.0,0.45454545454545453,0.0,0.0,0.0,1.0,0.0,0.0,0.0,1.0,0.0,0.0,7.0,0.0,18.0,0.3888888888888889,7.0,1245,12,4.9121532169929205,0.8903000000000001,249.274,5.0,0.0,2.0,2.0,6.0,CCN(C)Cc1nc(OCc2ncccn2)no1,0.0,77.17
0.0,1.0,1.0,12.0,0.0,8.0,0.0,1.0,23,30,23,6,,,,1,False,0.7666666666666667,0.0,0.0,0.125,0.0,0.0,0.0,1.0,0.0,0.0,0.0,1.0,0.0,0.0,4.0,2.0,12.0,0.3333333333333333,4.0,1246,23,3.3503060524251986,0.8843999999999996,168.148,0.0,0.0,4.0,1.0,1.0,COC(=O)c1cccc(O)c1O,0.0,66.76
0.0,0.5,1.0,18.0,0.0,12.0,0.0,2.0,22,31,23,6,,1,,1,False,0.7096774193548387,0.0,0.0,0.5,0.0,0.0,0.0,1.0,0.0,0.0,0.0,1.0,0.0,0.0,4.0,1.0,17.0,0.29411764705882354,5.0,1247,22,2.0065089712311517,0.7404999999999999,236.27100000000002,2.0,1.0,3.0,2.0,2.0,CC1=CCCC(O)C(C)(On2cccn2)C1=O,0.0,64.35
0.0,0.5,1.0,20.0,0.0,18.0,0.0,2.0,20,28,20,6,,2,,,False,0.7142857142857143,0.0,0.0,0.5,0.0,0.0,0.0,1.0,0.0,0.0,0.0,1.0,0.0,0.0,1.0,0.0,19.0,0.05263157894736842,1.0,1248,20,2.665910919908052,5.019500000000005,256.389,0.0,1.0,1.0,2.0,6.0,CCCCCCC1C=C(c2ccccc2)C(=O)CC1,0.0,17.07
0.0,0.3333333333333333,1.0,21.0,2.0,16.0,0.0,3.0,21,28,21,4,,1,,2,False,0.75,0.0,0.0,0.3125,1.0,0.0,0.0,1.0,1.0,1.0,0.0,1.0,0.0,0.0,3.0,0.0,19.0,0.15789473684210525,3.0,1249,21,2.385210613617148,3.5495000000000028,253.349,3.0,2.0,0.0,3.0,2.0,CCN1C=NN(c2cc3cc(c2)C=C(C)C(C)=C3)C1,0.0,18.84
0.0,0.0,0.0,22.0,2.0,16.0,0.0,3.0,17,28,19,5,1,1,,2,False,0.6071428571428571,0.0,0.0,0.375,1.0,0.0,0.0,0.0,1.0,1.0,0.0,1.0,0.0,0.0,4.0,2.0,20.0,0.2,4.0,1250,17,2.7724897522674876,2.6054000000000004,269.348,3.0,3.0,1.0,3.0,2.0,CC1=CCC(C(O)C2=CCC3=NC=NC=C(C2)N3)=CC1,0.0,56.980000000000004
0.0,0.3333333333333333,1.0,22.0,0.0,17.0,0.0,3.0,23,31,23,5,,1,,2,False,0.7419354838709677,0.0,0.0,0.4117647058823529,1.0,0.0,0.0,1.0,0.0,1.0,0.0,1.0,0.0,0.0,3.0,3.0,20.0,0.15,3.0,1251,23,4.983472392261211,3.3505000000000025,270.376,2.0,2.0,1.0,3.0,3.0,CCNc1cc(C2=C3C=CCC(C)C3CN2)ccc1O,0.0,44.29
0.0,0.25,1.0,23.0,0.0,17.0,0.0,4.0,19,26,19,3,,,,4,False,0.7307692307692307,0.0,0.0,0.4117647058823529,1.0,0.0,0.0,1.0,0.0,1.0,0.0,1.0,0.0,1.0,3.0,0.0,20.0,0.15,3.0,1252,19,3.368134165317482,2.789300000000001,266.344,2.0,3.0,1.0,4.0,0.0,CC1=NC23CCCN(C)C2c2ccccc2C(=O)C3=C1,1.0,32.67
0.0,0.5,1.0,14.0,0.0,11.0,0.0,2.0,18,32,22,8,,1,,1,False,0.5625,0.0,0.0,0.5454545454545454,0.0,0.0,1.0,1.0,0.0,0.0,0.0,1.0,1.0,0.0,1.0,0.0,13.0,0.15384615384615385,2.0,1253,18,2.5639111726985844,2.726700000000001,176.26299999999995,2.0,1.0,0.0,2.0,3.0,CCC1=CCC1c1ccn(CC)n1,0.0,17.82
0.0,0.0,0.0,25.0,0.0,16.0,0.0,3.0,16,29,16,10,,,,3,False,0.5517241379310345,0.0,0.0,0.6875,1.0,0.0,0.0,0.0,0.0,1.0,0.0,1.0,0.0,1.0,6.0,2.0,23.0,0.30434782608695654,7.0,1254,16,2.645859077331773,0.3216000000000012,320.39300000000003,4.0,3.0,3.0,3.0,6.0,CN1CCCC2(C1)N=C(O)C1N=C(CNCCC=CC=O)OC12,1.0,86.52
0.0,0.25,1.0,23.0,0.0,16.0,0.0,4.0,10,17,11,2,,1,,3,False,0.5882352941176471,0.0,0.0,0.5,1.0,0.0,0.0,1.0,0.0,1.0,0.0,1.0,0.0,1.0,4.0,1.0,20.0,0.2,4.0,1255,10,2.2228181130944,1.8386999999999996,272.3479999999999,2.0,3.0,2.0,4.0,2.0,C1=C(Cc2ccccc2)C23OCOC2CCCN3CN1,1.0,33.730000000000004
0.0,0.0,0.0,23.0,0.0,17.0,0.0,2.0,22,31,22,7,,1,,1,False,0.7096774193548387,0.0,0.0,0.6470588235294118,0.0,0.0,0.0,0.0,0.0,0.0,1.0,1.0,0.0,0.0,5.0,1.0,22.0,0.22727272727272727,5.0,1256,22,2.4720218592861434,2.3831000000000007,306.40600000000006,2.0,2.0,3.0,2.0,3.0,CC=CC1=C(CC)C(=O)CCOCC(OC2=NCCN2)CC1,0.0,59.92
0.0,0.0,0.0,20.0,2.0,15.0,0.0,3.0,21,25,21,1,,,,3,False,0.84,0.0,0.0,0.8,1.0,0.0,0.0,0.0,1.0,1.0,1.0,1.0,0.0,0.0,3.0,1.0,18.0,0.16666666666666666,3.0,1257,21,2.297626927619788,2.5449,247.38599999999997,3.0,3.0,0.0,3.0,0.0,CN1CC23CC=CCCCCCCC2C1C=NN3,0.0,27.63
0.0,1.0,4.0,22.0,0.0,16.0,0.0,4.0,23,32,25,3,,,,4,False,0.71875,0.0,0.0,0.0,1.0,0.0,0.0,1.0,0.0,1.0,0.0,1.0,0.0,0.0,3.0,0.0,19.0,0.15789473684210525,3.0,1258,23,2.7817895029443642,3.4944000000000015,247.253,1.0,0.0,2.0,4.0,0.0,O=c1c2ccccc2oc2ncc3ccccc3c12,0.0,43.1
0.0,1.0,1.0,13.0,0.0,10.0,0.0,1.0,20,30,21,8,,,,1,False,0.6666666666666666,0.0,0.0,0.3,0.0,0.0,0.0,1.0,0.0,0.0,0.0,1.0,0.0,0.0,3.0,0.0,13.0,0.23076923076923078,3.0,1259,20,3.6583099923574736,1.4898000000000002,180.203,0.0,0.0,3.0,1.0,4.0,COCCOC(=O)c1ccccc1,0.0,35.53
0.0,1.0,2.0,20.0,0.0,16.0,0.0,2.0,19,28,19,7,,1,,1,False,0.6785714285714286,0.0,0.0,0.1875,0.0,0.0,0.0,1.0,0.0,0.0,0.0,1.0,0.0,0.0,2.0,1.0,19.0,0.15789473684210525,3.0,1260,19,3.084051975533935,3.301800000000002,256.301,0.0,0.0,3.0,2.0,5.0,CCOc1ccccc1C(C(=O)O)c1ccccc1,0.0,46.53
0.0,0.0,0.0,27.0,0.0,20.0,0.0,4.0,22,30,23,3,,1,,3,False,0.7333333333333333,0.0,0.0,0.65,1.0,0.0,0.0,0.0,0.0,1.0,1.0,1.0,0.0,0.0,4.0,0.0,24.0,0.16666666666666666,4.0,1261,22,1.966268363144799,1.6807999999999998,323.44000000000005,3.0,4.0,1.0,4.0,2.0,CCN1CCN(C23C=NCC2=C2C#CCCCCC#CC2O3)CC1,0.0,28.07
0.0,1.0,1.0,18.0,0.0,12.0,0.0,1.0,21,35,22,12,,1,,,False,0.6,0.0,0.0,0.5,0.0,0.0,0.0,1.0,0.0,0.0,0.0,1.0,0.0,0.0,6.0,2.0,18.0,0.3333333333333333,6.0,1262,21,3.1144847441272914,0.14151999999999992,252.26999999999995,2.0,0.0,4.0,1.0,5.0,COc1nc(C(C)(O)C(=C=O)CCO)cnc1C,0.0,92.54
0.0,0.0,0.0,13.0,2.0,9.0,0.0,2.0,18,27,19,5,1,,,2,False,0.6666666666666666,0.0,0.0,0.6666666666666666,1.0,0.0,0.0,0.0,1.0,1.0,0.0,1.0,0.0,0.0,3.0,1.0,12.0,0.25,3.0,1263,18,2.4941648230343954,0.4843999999999998,166.224,2.0,2.0,1.0,2.0,2.0,CC12CCC(=CNC1)N2CC=O,0.0,32.34
0.0,0.0,0.0,23.0,5.0,11.0,0.0,5.0,22,27,22,,,,,5,False,0.8148148148148148,0.0,0.0,0.45454545454545453,1.0,0.0,0.0,0.0,1.0,1.0,1.0,1.0,0.0,0.0,8.0,1.0,19.0,0.42105263157894735,8.0,1264,22,4.2104173395373525,-0.6993000000000003,261.241,5.0,5.0,3.0,5.0,0.0,C1=NC2=CC3=NC=C4OC(CNC5OCON35)C2N14,0.0,70.92
0.0,0.3333333333333333,1.0,23.0,2.0,20.0,0.0,3.0,14,24,20,1,,,,3,False,0.5833333333333334,0.0,0.0,0.3,1.0,0.0,0.0,1.0,1.0,1.0,1.0,1.0,0.0,0.0,1.0,1.0,21.0,0.047619047619047616,1.0,1265,14,2.852119505627349,4.946500000000005,277.41099999999994,1.0,2.0,0.0,3.0,0.0,C1=CC2=CNCC(C=CCCC1)CC=Cc1ccccc12,0.0,12.03
0.0,0.25,1.0,27.0,0.0,20.0,0.0,4.0,18,26,18,4,,1,,3,False,0.6923076923076923,0.0,0.0,0.55,1.0,0.0,0.0,1.0,0.0,1.0,0.0,1.0,0.0,0.0,4.0,1.0,24.0,0.16666666666666666,4.0,1266,18,5.7348282953286445,3.6701200000000025,324.472,4.0,3.0,0.0,4.0,2.0,CC1=C(Nc2cccc(C)c2)N2CC3CCCC3CN(C)C2N=C1,0.0,30.869999999999997
0.0,0.0,0.0,11.0,0.0,7.0,0.0,1.0,21,26,21,4,,1,,,False,0.8076923076923077,0.0,0.0,0.8571428571428571,0.0,0.0,0.0,0.0,0.0,0.0,0.0,1.0,0.0,0.0,4.0,1.0,11.0,0.36363636363636365,4.0,1267,21,2.13775385872879,-0.9353999999999993,158.201,2.0,1.0,2.0,1.0,2.0,COC(=O)CN1CCNCC1,0.0,41.57
0.0,1.0,2.0,22.0,0.0,15.0,0.0,2.0,23,35,23,10,,1,,1,False,0.6571428571428571,0.0,0.0,0.26666666666666666,0.0,0.0,0.0,1.0,0.0,0.0,0.0,1.0,0.0,0.0,5.0,2.0,21.0,0.2857142857142857,6.0,1268,23,2.6837897378415505,2.867300000000001,290.3190000000001,2.0,0.0,4.0,2.0,6.0,COc1ccc(NCc2ccc(NC(C)=O)o2)cc1OC,0.0,72.73
0.0,0.3333333333333333,1.0,19.0,0.0,13.0,0.0,3.0,23,29,23,3,,1,,2,False,0.7931034482758621,0.0,0.0,0.46153846153846156,1.0,0.0,1.0,1.0,0.0,1.0,0.0,1.0,1.0,0.0,3.0,1.0,17.0,0.23529411764705882,4.0,1269,23,3.2300719234597084,1.4074,232.28299999999996,2.0,2.0,2.0,3.0,2.0,COc1cccc2c1C(=O)N2C1CCNCC1,0.0,41.57
0.0,1.0,2.0,15.0,0.0,11.0,0.0,2.0,23,28,23,3,,1,,1,False,0.8214285714285714,0.0,0.0,0.09090909090909091,0.0,0.0,0.0,1.0,0.0,0.0,0.0,1.0,0.0,0.0,2.0,0.0,14.0,0.21428571428571427,3.0,1270,23,2.493723407826922,2.2101999999999995,186.214,2.0,0.0,1.0,2.0,1.0,CC(=O)n1cc(-c2ccccc2)cn1,0.0,34.89
0.0,0.0,0.0,24.0,4.0,16.0,0.0,5.0,10,22,13,4,,,,5,False,0.45454545454545453,0.0,0.0,0.4375,1.0,0.0,0.0,0.0,1.0,1.0,0.0,1.0,0.0,0.0,4.0,3.0,20.0,0.2,4.0,1271,10,3.9017903249980446,1.7062,267.33199999999994,3.0,5.0,1.0,5.0,0.0,OC1=C2C3=CNCC4=C(CC2C2=C(CCN2)C1)C3N=C4,0.0,56.65
0.0,0.5,2.0,24.0,0.0,15.0,0.0,4.0,18,24,18,2,,1,,3,False,0.75,0.0,0.0,0.13333333333333333,1.0,0.0,0.0,1.0,0.0,1.0,0.0,1.0,0.0,0.0,5.0,5.0,21.0,0.2857142857142857,6.0,1272,18,2.1187945148630205,1.9258999999999997,282.303,4.0,2.0,2.0,4.0,1.0,OC1=NNC2Nc3ccccc3NC12c1ccc(O)cc1,0.0,88.91000000000001
0.0,0.5,2.0,24.0,0.0,15.0,0.0,4.0,17,22,17,1,,1,,3,False,0.7727272727272727,0.0,0.0,0.3333333333333333,1.0,0.0,0.0,1.0,0.0,1.0,0.0,1.0,0.0,0.0,5.0,2.0,21.0,0.2857142857142857,6.0,1273,17,2.4569678452505497,1.1630999999999998,284.319,4.0,2.0,2.0,4.0,1.0,O=C1OCCNCC1c1ccc2c(c1)NCn1ccnc1-2,0.0,68.18
0.0,0.3333333333333333,1.0,24.0,0.0,17.0,0.0,3.0,11,26,13,10,,,,3,False,0.4230769230769231,0.0,0.0,0.6470588235294118,1.0,0.0,0.0,1.0,0.0,1.0,0.0,1.0,0.0,0.0,5.0,0.0,22.0,0.22727272727272727,5.0,1274,11,1.9263988233724847,3.0408000000000017,304.39000000000004,2.0,2.0,3.0,3.0,4.0,CCOc1nncc2c1C1(C)C(COC)=CCCCC1(C)O2,0.0,53.47000000000001
0.0,0.5,1.0,18.0,0.0,15.0,0.0,2.0,17,26,17,7,,,,2,False,0.6538461538461539,0.0,0.0,0.4666666666666667,1.0,0.0,0.0,1.0,0.0,1.0,0.0,1.0,0.0,0.0,2.0,1.0,17.0,0.11764705882352941,2.0,1275,17,3.595383192462428,3.7048000000000023,230.35499999999996,2.0,1.0,0.0,2.0,4.0,CCCCC=Cc1ccc2c(c1)NCN(C)C2,0.0,15.27
0.0,1.0,3.0,23.0,0.0,18.0,0.0,3.0,22,28,22,3,,2,,1,False,0.7857142857142857,0.0,0.0,0.05555555555555555,0.0,0.0,0.0,1.0,0.0,0.0,0.0,1.0,0.0,0.0,3.0,1.0,21.0,0.14285714285714285,3.0,1276,22,2.3911074446053115,4.486000000000003,276.339,2.0,0.0,1.0,3.0,5.0,c1ccc(CNc2cccc(Oc3ccccc3)n2)cc1,0.0,34.15
0.0,1.0,2.0,21.0,0.0,14.0,0.0,2.0,16,27,16,9,,1,,1,False,0.5925925925925926,1.0,0.0,0.35714285714285715,0.0,0.0,0.0,1.0,0.0,0.0,0.0,1.0,0.0,0.0,4.0,1.0,20.0,0.3,6.0,1277,16,4.455042683630598,2.1631000000000005,280.299,2.0,0.0,3.0,2.0,6.0,COc1ccccc1OC(C)c1ncn(CCO)c1F,0.0,56.510000000000005
0.0,0.3333333333333333,1.0,24.0,0.0,20.0,0.0,3.0,16,21,16,2,,1,,2,False,0.7619047619047619,1.0,0.0,0.5,1.0,0.0,0.0,1.0,0.0,1.0,1.0,1.0,0.0,0.0,1.0,0.0,22.0,0.09090909090909091,2.0,1278,16,3.189230237635803,5.792120000000005,300.417,0.0,2.0,1.0,3.0,1.0,Cc1ccc(C2=C3CC=CCCCCCC3CCO2)cc1F,0.0,9.23
0.0,0.0,0.0,5.0,0.0,4.0,0.0,1.0,18,27,22,4,,,,1,False,0.6666666666666666,0.0,0.0,0.5,0.0,0.0,0.0,0.0,0.0,0.0,0.0,1.0,0.0,0.0,1.0,1.0,5.0,0.2,1.0,1279,18,3.4806482498257014,0.14579999999999999,69.107,1.0,1.0,0.0,1.0,0.0,C1=CCNC1,0.0,12.03
0.0,0.3333333333333333,1.0,24.0,0.0,19.0,0.0,3.0,15,26,16,7,,,,3,False,0.5769230769230769,0.0,0.0,0.47368421052631576,1.0,0.0,0.0,1.0,0.0,1.0,0.0,1.0,0.0,0.0,3.0,3.0,22.0,0.13636363636363635,3.0,1280,15,2.99850813817028,3.798600000000003,298.43000000000006,2.0,2.0,1.0,3.0,3.0,CCNNC1=C(O)c2ccc3c(c2CCC=C1C)CCCC3,0.0,44.29
0.0,0.6666666666666666,2.0,21.0,0.0,13.0,0.0,3.0,23,30,23,4,,1,,2,False,0.7666666666666667,0.0,0.0,0.3076923076923077,1.0,0.0,0.0,1.0,0.0,1.0,0.0,1.0,0.0,0.0,5.0,0.0,19.0,0.3157894736842105,6.0,1281,23,3.223286839701001,1.0265999999999997,258.281,4.0,1.0,2.0,3.0,2.0,COc1ccccc1N1CC(=O)c2nnn(C)c2C1,0.0,60.25
0.0,1.0,2.0,18.0,0.0,13.0,0.0,2.0,18,25,18,5,,1,,1,False,0.72,0.0,0.0,0.15384615384615385,0.0,0.0,0.0,1.0,0.0,0.0,0.0,1.0,0.0,0.0,4.0,2.0,17.0,0.23529411764705882,4.0,1282,18,3.087918163895134,2.5045,230.267,2.0,0.0,2.0,2.0,3.0,CNc1ccc(-c2cc(OC)ccc2O)cn1,0.0,54.379999999999995
0.0,0.3333333333333333,1.0,24.0,0.0,17.0,0.0,3.0,20,34,23,8,,1,,2,False,0.5882352941176471,0.0,0.0,0.47058823529411764,1.0,0.0,0.0,1.0,0.0,1.0,0.0,1.0,0.0,0.0,5.0,2.0,22.0,0.22727272727272727,5.0,1283,20,2.084928562614782,1.4545799999999998,298.39000000000004,4.0,2.0,1.0,3.0,2.0,CC1=C(C#N)NC(C)N2CC(Oc3ccccc3)CNCC12,0.0,60.32000000000001
0.0,0.3333333333333333,1.0,17.0,0.0,9.0,0.0,3.0,23,27,23,1,,1,,2,False,0.8518518518518519,0.0,0.0,0.6666666666666666,1.0,0.0,0.0,1.0,0.0,1.0,0.0,1.0,0.0,0.0,5.0,3.0,15.0,0.4,6.0,1284,23,2.480701890707132,-0.7077000000000002,210.23699999999997,4.0,2.0,2.0,3.0,1.0,Oc1nc[nH]c1N1CC2NCCOC2C1,0.0,73.41000000000001
0.0,0.3333333333333333,1.0,23.0,0.0,14.0,0.0,3.0,19,34,21,10,,,,3,False,0.5588235294117647,0.0,0.0,0.21428571428571427,1.0,0.0,0.0,1.0,0.0,1.0,0.0,1.0,0.0,0.0,6.0,3.0,21.0,0.3333333333333333,7.0,1285,19,3.180048221335912,0.27128000000000024,284.27500000000003,4.0,2.0,3.0,3.0,2.0,CC1=CC(CO)(NC#N)N2C(=O)c3cc(O)ccc3C2=N1,0.0,108.95
0.0,0.3333333333333333,1.0,21.0,0.0,13.0,0.0,3.0,20,27,20,4,,1,,2,False,0.7407407407407407,0.0,0.0,0.23076923076923078,1.0,0.0,0.0,1.0,0.0,1.0,0.0,1.0,0.0,0.0,6.0,2.0,19.0,0.3157894736842105,6.0,1286,20,2.1572750149825204,1.1573799999999999,257.24899999999997,3.0,2.0,3.0,3.0,1.0,N#CC1Oc2cc(C3=CC(N)=NCC3)cc(O)c2O1,0.0,100.86
0.0,1.0,1.0,18.0,0.0,15.0,0.0,1.0,17,34,19,14,,,,1,False,0.5,0.0,0.0,0.4666666666666667,0.0,0.0,0.0,1.0,0.0,0.0,0.0,1.0,0.0,0.0,3.0,0.0,18.0,0.16666666666666666,3.0,1287,17,2.6545254725064065,3.650400000000003,250.338,0.0,0.0,3.0,1.0,7.0,COCC=C(CC(C)C)Oc1ccccc1OC,0.0,27.69
0.0,1.0,1.0,8.0,0.0,4.0,0.0,1.0,21,34,25,7,1,,,1,False,0.6176470588235294,0.0,0.0,0.5,0.0,0.0,0.0,1.0,0.0,0.0,0.0,1.0,0.0,0.0,3.0,1.0,8.0,0.5,4.0,1288,21,3.2180494203630072,-0.04890000000000011,113.12,3.0,0.0,1.0,1.0,2.0,COCc1ncn[nH]1,0.0,50.800000000000004
0.0,0.3333333333333333,1.0,23.0,0.0,17.0,0.0,3.0,23,32,23,6,,1,,2,False,0.71875,0.0,0.0,0.6470588235294118,1.0,0.0,0.0,1.0,0.0,1.0,0.0,1.0,0.0,0.0,4.0,3.0,21.0,0.19047619047619047,4.0,1289,23,3.3306527377722834,2.0083,291.3910000000001,1.0,2.0,3.0,3.0,4.0,CC12CC(O)CC1CC(ONCc1ccccc1)C(O)C2,0.0,61.72
0.0,0.3333333333333333,1.0,23.0,0.0,16.0,0.0,3.0,23,30,23,4,,1,,2,False,0.7666666666666667,0.0,0.0,0.625,1.0,0.0,0.0,1.0,0.0,1.0,0.0,1.0,0.0,0.0,5.0,4.0,21.0,0.23809523809523808,5.0,1290,23,2.7412345998177674,1.6157,290.4109999999999,4.0,2.0,1.0,3.0,4.0,CCC1CNC(COc2cccc3c2CCCCN3)NN1,0.0,57.35
0.0,0.0,0.0,7.0,0.0,4.0,0.0,1.0,20,25,21,2,1,,,1,False,0.8,0.0,0.0,0.75,0.0,0.0,0.0,0.0,0.0,0.0,0.0,1.0,0.0,0.0,3.0,2.0,7.0,0.42857142857142855,3.0,1291,20,2.061478015705305,-0.3580000000000001,99.137,3.0,1.0,0.0,1.0,0.0,NC1=NNCCC1,0.0,50.41
0.0,0.5,1.0,20.0,0.0,15.0,0.0,2.0,20,29,20,7,,1,,1,False,0.6896551724137931,0.0,0.0,0.4666666666666667,0.0,0.0,0.0,1.0,0.0,0.0,0.0,1.0,0.0,0.0,4.0,2.0,19.0,0.21052631578947367,4.0,1292,20,2.915661513501653,2.1027,260.33699999999993,2.0,1.0,2.0,2.0,3.0,CC(=O)c1cc(C(C)C)ncc1C1=CCCNC1O,0.0,62.22
0.0,0.5,1.0,23.0,0.0,15.0,0.0,2.0,17,29,17,10,,1,,1,False,0.5862068965517241,0.0,0.0,0.6,0.0,0.0,0.0,1.0,0.0,0.0,0.0,1.0,0.0,0.0,6.0,4.0,22.0,0.3181818181818182,7.0,1293,17,2.670804452564897,0.5884999999999996,309.36600000000004,3.0,1.0,4.0,2.0,5.0,CCC(O)C(=O)Nc1ccc(C2CCNCC2OC)c(O)n1,0.0,103.71000000000001
0.0,1.0,1.0,11.0,0.0,6.0,0.0,1.0,23,29,23,5,,,,1,False,0.7931034482758621,0.0,0.0,0.3333333333333333,0.0,0.0,0.0,1.0,0.0,0.0,0.0,1.0,0.0,0.0,5.0,3.0,11.0,0.45454545454545453,5.0,1294,23,2.2553129749798613,-0.43488000000000016,155.157,3.0,0.0,2.0,1.0,1.0,Cc1nc(N)nc(CO)c1O,0.0,92.26
0.0,0.3333333333333333,1.0,21.0,0.0,12.0,0.0,3.0,15,27,17,7,,1,,2,False,0.5555555555555556,0.0,0.0,0.5,1.0,0.0,0.0,1.0,0.0,1.0,0.0,1.0,0.0,0.0,7.0,2.0,19.0,0.3684210526315789,7.0,1295,15,2.899782261334523,0.8344,266.253,2.0,2.0,5.0,3.0,3.0,CC1=CC(NOC2OC(=O)c3ncoc32)CC(O)C1,0.0,93.82000000000001
0.0,1.0,2.0,22.0,0.0,18.0,0.0,2.0,14,25,14,9,,1,,1,False,0.56,0.0,0.0,0.2222222222222222,0.0,0.0,0.0,1.0,0.0,0.0,0.0,1.0,0.0,0.0,3.0,1.0,21.0,0.14285714285714285,3.0,1296,14,2.2046413243782013,4.620800000000004,284.35499999999996,0.0,0.0,3.0,2.0,5.0,CCC(=C(C)Oc1ccccc1O)c1ccc(OC)cc1,0.0,38.69
0.0,0.5,2.0,23.0,2.0,14.0,0.0,4.0,19,25,19,2,,1,,3,False,0.76,0.0,0.0,0.07142857142857142,1.0,0.0,0.0,1.0,1.0,1.0,0.0,1.0,0.0,0.0,5.0,1.0,20.0,0.3,6.0,1297,19,3.196571000214085,1.5290999999999997,266.26,4.0,2.0,2.0,4.0,1.0,NC1=NC(=O)CN1c1c2cc3cnoc3c1C=CC=C2,0.0,84.72
0.0,1.0,1.0,18.0,0.0,16.0,0.0,1.0,20,33,20,12,,,,1,False,0.6060606060606061,0.0,0.0,0.5,0.0,0.0,0.0,1.0,0.0,0.0,0.0,1.0,0.0,0.0,2.0,1.0,18.0,0.1111111111111111,2.0,1298,20,3.0011742181504917,3.8700000000000028,248.36599999999993,0.0,0.0,2.0,1.0,7.0,CCC(=CCc1ccc(CC)c(O)c1)CCOC,0.0,29.46
0.0,0.75,3.0,22.0,0.0,13.0,0.0,4.0,23,30,23,3,,1,,3,False,0.7666666666666667,0.0,0.0,0.15384615384615385,1.0,1.0,0.0,1.0,0.0,1.0,0.0,1.0,1.0,0.0,5.0,0.0,19.0,0.3157894736842105,6.0,1299,23,3.184055195709543,1.7467999999999997,254.24900000000002,4.0,1.0,2.0,4.0,3.0,COCc1nc2nc3n(c(-c4ccccc4)c-2n1)O3,0.0,65.36
0.0,1.0,3.0,22.0,0.0,16.0,0.0,3.0,19,27,20,4,,2,,1,False,0.7037037037037037,1.0,0.0,0.0625,0.0,0.0,0.0,1.0,0.0,0.0,0.0,1.0,0.0,0.0,2.0,1.0,20.0,0.2,4.0,1300,19,4.119742653066488,3.8914000000000017,268.29099999999994,2.0,0.0,1.0,3.0,3.0,COc1ccccc1-c1ncc(-c2cccc(F)c2)[nH]1,0.0,37.91
0.0,1.0,2.0,17.0,0.0,12.0,0.0,2.0,12,23,14,7,,1,,1,False,0.5217391304347826,0.0,0.0,0.3333333333333333,0.0,0.0,0.0,1.0,0.0,0.0,0.0,1.0,0.0,0.0,4.0,1.0,16.0,0.25,4.0,1301,12,2.870485093595675,2.3523000000000005,218.25599999999997,2.0,0.0,2.0,2.0,3.0,CCc1cnc(-c2ccc(C(C)O)cn2)o1,0.0,59.150000000000006
0.0,0.0,0.0,22.0,0.0,16.0,0.0,3.0,18,26,18,5,,1,,2,False,0.6923076923076923,0.0,0.0,0.75,1.0,0.0,0.0,0.0,0.0,1.0,0.0,1.0,0.0,0.0,4.0,0.0,20.0,0.2,4.0,1302,18,10.181438365637996,2.3985000000000003,276.38,2.0,3.0,2.0,3.0,1.0,COC1=NC(C)(N2CCC3CC=C(C)CC3C2)CC1=O,0.0,41.9
0.0,0.0,0.0,25.0,0.0,16.0,0.0,3.0,19,29,19,7,,,,3,False,0.6551724137931034,0.0,0.0,0.5625,1.0,0.0,0.0,0.0,0.0,1.0,0.0,1.0,0.0,0.0,7.0,0.0,23.0,0.30434782608695654,7.0,1303,19,2.7957101276817493,1.10348,311.39300000000003,7.0,3.0,0.0,3.0,3.0,C=NCC1=NN=CC2=C(C1)N=C(C)C1CCN(CC#N)CCN21,0.0,79.71
0.0,0.0,0.0,21.0,0.0,14.0,0.0,2.0,13,25,13,9,1,1,,1,False,0.56,0.0,0.0,0.8571428571428571,0.0,0.0,0.0,0.0,0.0,0.0,0.0,1.0,0.0,0.0,4.0,3.0,20.0,0.3,6.0,1304,13,3.3761156580791223,0.18060000000000193,283.372,3.0,2.0,3.0,2.0,5.0,CCCCN1C(C(=O)O)C(=O)NC(C2CCCN2)C1C,0.0,81.67
0.0,0.5,1.0,16.0,0.0,12.0,0.0,2.0,23,30,23,5,,,,2,False,0.7666666666666667,0.0,0.0,0.4166666666666667,1.0,0.0,0.0,1.0,0.0,1.0,0.0,1.0,0.0,0.0,2.0,0.0,15.0,0.2,3.0,1305,23,2.6567021016647288,1.8793999999999997,204.27300000000002,2.0,1.0,1.0,2.0,1.0,CCN1CCN(C(C)=O)c2ccccc21,0.0,23.55
0.0,0.2,1.0,27.0,0.0,12.0,0.0,5.0,23,29,23,,1,1,,4,False,0.8275862068965517,0.0,0.0,0.4166666666666667,2.0,0.0,0.0,1.0,0.0,1.0,0.0,1.0,0.0,1.0,11.0,4.0,23.0,0.4782608695652174,11.0,1306,23,11.378372675501332,-1.1586999999999987,317.31300000000005,9.0,4.0,2.0,5.0,1.0,C1=NCNC23ON=CN2OCN(C2NNc4cccnc4N2)C13,1.0,110.67
0.0,0.0,0.0,20.0,0.0,12.0,0.0,3.0,21,34,22,9,,1,,2,False,0.6176470588235294,0.0,0.0,0.75,1.0,1.0,0.0,0.0,0.0,1.0,0.0,1.0,1.0,0.0,5.0,2.0,18.0,0.3333333333333333,6.0,1307,21,3.652091684640842,-0.3017999999999996,251.286,3.0,3.0,3.0,3.0,5.0,CCC1CC2C(=N1)N(CNCC(=O)O)C1C(=O)C21,0.0,82.0
0.0,0.3333333333333333,1.0,20.0,0.0,14.0,0.0,3.0,23,31,24,4,,1,,2,False,0.7419354838709677,0.0,0.0,0.6428571428571429,1.0,0.0,0.0,1.0,0.0,1.0,0.0,1.0,0.0,0.0,4.0,3.0,18.0,0.2222222222222222,4.0,1308,23,1.8893936331630459,0.5937000000000004,246.35799999999995,4.0,2.0,0.0,3.0,2.0,CNC1c2ncccc2CC1C1NCCCC1N,0.0,62.97
0.0,0.5,1.0,15.0,0.0,11.0,0.0,2.0,23,30,24,4,,1,,1,False,0.7666666666666667,0.0,0.0,0.2727272727272727,0.0,0.0,0.0,1.0,0.0,0.0,0.0,1.0,0.0,0.0,2.0,0.0,14.0,0.21428571428571427,3.0,1309,23,2.201328348350219,1.4492,189.21400000000003,1.0,1.0,2.0,2.0,1.0,O=C1CCCN1C(=O)c1ccccc1,0.0,37.38
0.0,0.2,1.0,27.0,2.0,17.0,0.0,5.0,21,31,22,4,,,,5,False,0.6774193548387096,0.0,0.0,0.29411764705882354,1.0,0.0,0.0,1.0,1.0,1.0,0.0,1.0,0.0,0.0,6.0,2.0,23.0,0.2608695652173913,6.0,1310,21,1.7859072943372725,1.0304999999999995,308.34100000000007,4.0,4.0,2.0,5.0,0.0,CNC1=NC23CN4COC(=Cc5ccccc5C2O)C4=C3C=N1,0.0,69.45
0.0,0.5,3.0,28.0,2.0,18.0,0.0,5.0,23,31,24,2,,1,,4,False,0.7419354838709677,0.0,0.0,0.16666666666666666,1.0,0.0,0.0,1.0,1.0,1.0,0.0,1.0,0.0,0.0,6.0,1.0,24.0,0.25,6.0,1311,23,5.107932763221868,2.447400000000001,314.35200000000003,6.0,3.0,0.0,6.0,1.0,CC1C2=NNC(c3cncnc32)c2c(-c3ccccn3)ccnc21,0.0,75.95
0.0,0.6666666666666666,2.0,20.0,2.0,15.0,0.0,3.0,16,28,18,7,,1,,2,False,0.5714285714285714,0.0,0.0,0.2,1.0,0.0,0.0,1.0,1.0,1.0,0.0,1.0,0.0,0.0,3.0,0.0,18.0,0.16666666666666666,3.0,1312,16,2.909475733746963,4.262820000000003,242.27399999999997,0.0,1.0,3.0,3.0,3.0,COc1cc(Oc2cocc2C)c2cc1C=C2C,0.0,31.6
0.0,0.6666666666666666,2.0,20.0,0.0,12.0,0.0,3.0,18,27,19,5,,1,,2,False,0.6666666666666666,0.0,0.0,0.3333333333333333,1.0,0.0,0.0,1.0,0.0,1.0,0.0,1.0,0.0,0.0,4.0,1.0,18.0,0.3333333333333333,6.0,1313,18,2.4029212460389484,0.4262999999999997,247.25399999999993,3.0,1.0,3.0,3.0,1.0,Cn1nc(-c2c(O)ccc3c2CCO3)n(C)c1=O,0.0,69.28
0.0,1.0,3.0,23.0,0.0,17.0,0.0,3.0,18,29,19,7,,1,,2,False,0.6206896551724138,0.0,0.0,0.11764705882352941,1.0,0.0,0.0,1.0,0.0,1.0,0.0,1.0,0.0,0.0,4.0,1.0,21.0,0.19047619047619047,4.0,1314,18,9.144367183939835,4.271420000000003,281.3110000000001,1.0,0.0,3.0,3.0,3.0,COC(=O)c1oc(Nc2ccc3ccccc3c2)cc1C,0.0,51.47
0.0,0.0,0.0,24.0,8.0,15.0,0.0,5.0,21,28,22,1,,,,5,False,0.75,0.0,0.0,0.6,1.0,0.0,0.0,0.0,1.0,1.0,0.0,1.0,0.0,0.0,5.0,1.0,20.0,0.25,5.0,1315,21,2.133140070128123,0.8139999999999996,267.336,5.0,7.0,0.0,7.0,0.0,C1=NC2C=C3C(=NC2)C(=N1)C1NC2CCN=C3C1CC2,0.0,61.47
0.0,1.0,2.0,17.0,0.0,15.0,0.0,2.0,20,30,22,6,,1,,1,False,0.6666666666666666,0.0,0.0,0.06666666666666667,0.0,0.0,0.0,1.0,0.0,0.0,0.0,1.0,0.0,0.0,1.0,1.0,16.0,0.0625,1.0,1316,20,2.613849875437656,3.8293000000000017,209.29200000000003,1.0,0.0,0.0,2.0,2.0,CC(=Cc1cccc(N)c1)c1ccccc1,0.0,26.02
0.0,0.0,0.0,17.0,4.0,8.0,0.0,3.0,21,33,23,7,,,,3,False,0.6363636363636364,0.0,0.0,0.125,1.0,0.0,0.0,0.0,1.0,1.0,0.0,1.0,0.0,0.0,6.0,1.0,15.0,0.4666666666666667,7.0,1317,21,8.093925382089878,-0.2870999999999999,206.16100000000003,4.0,3.0,3.0,3.0,2.0,O=C(O)C=CN1N=C2C3=NON2C1C=C3,0.0,77.72999999999999
0.0,0.3333333333333333,1.0,23.0,0.0,15.0,0.0,3.0,16,27,18,6,,2,,1,False,0.5925925925925926,0.0,0.0,0.26666666666666666,0.0,0.0,0.0,1.0,0.0,0.0,0.0,1.0,0.0,0.0,6.0,0.0,21.0,0.2857142857142857,6.0,1318,16,2.7051062926272635,0.8901999999999999,288.25500000000005,0.0,2.0,6.0,3.0,3.0,O=C1OCCC=C1c1ccccc1OC1C(=O)COC1=O,0.0,78.9
0.0,0.5,1.0,16.0,0.0,12.0,0.0,2.0,22,31,24,5,,1,,1,False,0.7096774193548387,0.0,0.0,0.16666666666666666,0.0,0.0,0.0,1.0,0.0,0.0,0.0,1.0,0.0,0.0,3.0,1.0,15.0,0.2,3.0,1319,22,2.503830549049084,2.0747999999999998,203.241,1.0,1.0,2.0,2.0,3.0,COc1cccc(OC2=CC=CNC2)c1,0.0,30.490000000000002
0.0,0.2,1.0,26.0,4.0,17.0,0.0,5.0,15,22,15,2,,,,5,False,0.6818181818181818,0.0,0.0,0.47058823529411764,1.0,0.0,0.0,1.0,1.0,1.0,0.0,1.0,0.0,1.0,5.0,1.0,22.0,0.22727272727272727,5.0,1320,15,2.4919327669952622,2.3821000000000003,294.35800000000006,4.0,4.0,1.0,5.0,0.0,CC1=CCN2C3=CNc4nncc(c4C(=O)C12)C31CCCC1,1.0,58.12
0.0,1.0,1.0,18.0,0.0,15.0,0.0,1.0,14,27,14,12,,,,1,False,0.5185185185185185,0.0,0.0,0.5333333333333333,0.0,0.0,0.0,1.0,0.0,0.0,0.0,1.0,0.0,0.0,3.0,0.0,18.0,0.16666666666666666,3.0,1321,14,2.3723507348865867,3.0120000000000013,250.338,0.0,0.0,3.0,1.0,8.0,COc1ccc(CCCC(=O)COC(C)C)cc1,0.0,35.53
0.0,1.0,2.0,20.0,0.0,12.0,0.0,2.0,18,31,20,9,,1,,1,False,0.5806451612903226,0.0,0.0,0.25,0.0,0.0,0.0,1.0,0.0,0.0,0.0,1.0,0.0,0.0,6.0,1.0,19.0,0.3684210526315789,7.0,1322,18,3.7530869341224506,1.2828199999999998,263.253,3.0,0.0,4.0,2.0,4.0,COc1cc(Oc2cc(C)nc(=O)[nH]2)cc(OC)n1,0.0,86.33000000000001
0.0,0.3333333333333333,1.0,21.0,0.0,12.0,0.0,3.0,22,33,23,6,1,1,,2,False,0.6666666666666666,0.0,0.0,0.4166666666666667,1.0,0.0,0.0,1.0,0.0,1.0,0.0,1.0,0.0,0.0,6.0,1.0,19.0,0.3684210526315789,7.0,1323,22,4.056715752515146,0.3453,261.285,5.0,2.0,2.0,3.0,3.0,COCC(=O)n1nccc1C1C=CCC2N=CNN21,0.0,71.75
0.0,1.0,1.0,18.0,0.0,11.0,0.0,1.0,19,33,19,13,,,,1,False,0.5757575757575758,0.0,0.0,0.6363636363636364,0.0,0.0,0.0,1.0,0.0,0.0,0.0,1.0,0.0,0.0,6.0,4.0,18.0,0.3888888888888889,7.0,1324,19,7.6691952120190425,0.3298,257.29,3.0,0.0,4.0,1.0,8.0,CC(O)C(O)CCCCN(O)c1cn[nH]c1C=O,0.0,109.68
0.0,0.5,1.0,21.0,0.0,16.0,0.0,2.0,8,18,8,8,,2,,,False,0.4444444444444444,0.0,0.0,0.3125,0.0,0.0,0.0,1.0,0.0,0.0,0.0,1.0,0.0,0.0,3.0,2.0,20.0,0.2,4.0,1325,8,2.7464900402769366,2.4395000000000007,272.34799999999996,2.0,1.0,2.0,2.0,5.0,COc1ccc(C=C(CC2=CNCC2)NC(C)=O)cc1,0.0,50.36
0.0,1.0,1.0,20.0,0.0,12.0,0.0,1.0,20,37,21,15,,,,1,False,0.5405405405405406,1.0,0.0,0.3333333333333333,0.0,0.0,0.0,1.0,0.0,0.0,0.0,1.0,0.0,0.0,7.0,0.0,20.0,0.4,8.0,1326,20,7.372711860985021,1.63668,285.227,1.0,0.0,6.0,1.0,5.0,COc1c(F)c(OC#N)c(OC)c(OC)c1OC(C)=O,0.0,87.01000000000002
0.0,0.5,1.0,18.0,0.0,13.0,0.0,2.0,21,29,21,6,,1,,1,False,0.7241379310344828,0.0,0.0,0.46153846153846156,0.0,0.0,0.0,1.0,0.0,0.0,0.0,1.0,0.0,0.0,4.0,2.0,17.0,0.23529411764705882,4.0,1327,21,1.9477774320786962,1.2074999999999996,235.28300000000004,1.0,1.0,3.0,2.0,4.0,COC1CC(=O)CC1(CO)Nc1ccccc1,0.0,58.56
0.0,0.5,2.0,27.0,0.0,18.0,0.0,4.0,21,32,23,4,1,3,,1,False,0.65625,0.0,0.0,0.4444444444444444,0.0,0.0,0.0,1.0,0.0,0.0,0.0,1.0,0.0,0.0,5.0,1.0,24.0,0.25,6.0,1328,21,3.3780199273724936,1.5752,325.41600000000017,5.0,2.0,1.0,4.0,4.0,C(On1cccn1)=C1CCCC1(c1ccncc1)N1CCNCC1,0.0,55.21
0.0,0.75,3.0,26.0,0.0,19.0,0.0,4.0,23,28,23,1,,1,,3,False,0.8214285714285714,0.0,0.0,0.3157894736842105,1.0,0.0,0.0,1.0,0.0,1.0,1.0,1.0,0.0,0.0,3.0,0.0,23.0,0.17391304347826086,4.0,1329,23,2.221750437129378,3.581900000000002,308.3810000000001,2.0,1.0,2.0,4.0,1.0,Cn1nc(-c2ccccc2)c2cc3c(cc21)CCOCCCO3,0.0,36.28
0.0,0.0,0.0,20.0,0.0,10.0,0.0,2.0,19,30,19,9,,1,,1,False,0.6333333333333333,0.0,0.0,0.7,0.0,0.0,0.0,0.0,0.0,0.0,0.0,1.0,0.0,0.0,7.0,4.0,19.0,0.47368421052631576,9.0,1330,19,3.0168101803831955,-2.9181999999999966,272.26099999999997,4.0,2.0,5.0,2.0,4.0,COCC(=O)N(O)C1(C2=NCCN2)C(=O)NCC1O,0.0,123.49
0.0,0.0,0.0,13.0,0.0,9.0,0.0,0.0,11,25,11,13,1,,,,False,0.48,0.0,0.0,0.7777777777777778,0.0,0.0,0.0,0.0,0.0,0.0,0.0,0.0,0.0,0.0,5.0,2.0,14.0,0.35714285714285715,5.0,1331,11,2.3137256567144093,-0.5208999999999999,203.23799999999997,1.0,0.0,4.0,0.0,7.0,CC(=O)COC(=O)CNC(C)CCO,0.0,75.63000000000001
0.0,1.0,1.0,17.0,0.0,14.0,0.0,1.0,9,21,9,11,,,,1,False,0.42857142857142855,0.0,0.0,0.35714285714285715,0.0,0.0,0.0,1.0,0.0,0.0,0.0,1.0,0.0,0.0,3.0,2.0,17.0,0.17647058823529413,3.0,1332,9,2.8763979226946703,3.1196000000000015,233.31100000000004,1.0,0.0,2.0,1.0,7.0,CC(=O)C=CCCCCNc1ccccc1O,0.0,49.33
0.0,0.6666666666666666,2.0,14.0,0.0,8.0,0.0,3.0,20,25,21,1,,,,3,False,0.8,0.0,0.0,0.25,1.0,0.0,0.0,1.0,0.0,1.0,0.0,1.0,0.0,0.0,3.0,3.0,12.0,0.3333333333333333,4.0,1333,20,2.138364569703225,1.2334999999999998,163.17999999999998,3.0,1.0,1.0,3.0,0.0,c1cc2c3c([nH]c2o1)NCNC3,0.0,52.99
0.0,0.6666666666666666,2.0,25.0,0.0,19.0,0.0,3.0,20,29,20,6,,2,,1,False,0.6896551724137931,0.0,0.0,0.5263157894736842,0.0,0.0,0.0,1.0,0.0,0.0,0.0,1.0,0.0,0.0,4.0,0.0,23.0,0.17391304347826086,4.0,1334,20,2.8864715500998064,4.046700000000003,314.429,2.0,1.0,2.0,3.0,8.0,c1ccc(C(OCCCCN2CCCCC2)c2cnco2)cc1,0.0,38.5
0.0,1.0,2.0,19.0,0.0,14.0,0.0,2.0,17,27,17,8,,,,2,False,0.6296296296296297,0.0,0.0,0.35714285714285715,1.0,0.0,0.0,1.0,0.0,1.0,0.0,1.0,0.0,0.0,4.0,0.0,18.0,0.2222222222222222,4.0,1335,17,2.442739844110971,2.3260000000000005,246.30999999999997,2.0,0.0,2.0,2.0,5.0,COCCOc1ccc2nc(N(C)C)ccc2c1,0.0,34.59
0.0,0.0,0.0,11.0,0.0,5.0,0.0,1.0,23,32,24,7,,,,1,False,0.71875,0.0,0.0,0.2,0.0,0.0,0.0,0.0,0.0,0.0,0.0,1.0,0.0,0.0,4.0,1.0,11.0,0.5454545454545454,6.0,1336,23,2.305171521013019,-1.5318999999999998,156.09699999999998,2.0,1.0,4.0,1.0,1.0,CN1N=C(C(=O)O)C(=O)C1=O,0.0,87.03999999999999
0.0,0.6666666666666666,2.0,20.0,0.0,11.0,0.0,3.0,15,22,15,4,,1,,2,False,0.6818181818181818,0.0,0.0,0.18181818181818182,1.0,0.0,0.0,1.0,0.0,1.0,0.0,1.0,0.0,0.0,5.0,1.0,18.0,0.3888888888888889,7.0,1337,15,2.0350910151251558,0.82128,242.242,6.0,1.0,1.0,3.0,2.0,COn1cnc(N2C=Nc3[nH]ccc3C2)c1C#N,0.0,82.22999999999999
0.0,0.5,2.0,25.0,0.0,18.0,0.0,4.0,21,33,23,5,1,1,,3,False,0.6363636363636364,0.0,0.0,0.2777777777777778,1.0,0.0,0.0,1.0,0.0,1.0,0.0,1.0,0.0,0.0,3.0,1.0,22.0,0.18181818181818182,4.0,1338,21,4.5021304732181875,2.647800000000001,293.37000000000006,3.0,2.0,1.0,4.0,3.0,CC1=CNCC=C1COc1cnn2c1Cc1ccccc1C2,0.0,39.08
0.0,0.5,2.0,22.0,0.0,12.0,0.0,4.0,12,25,15,6,,,,4,False,0.48,0.0,0.0,0.3333333333333333,1.0,0.0,0.0,1.0,0.0,1.0,0.0,1.0,0.0,0.0,7.0,3.0,19.0,0.3684210526315789,7.0,1339,12,10.602873444950376,0.01781999999999978,260.25300000000004,4.0,2.0,3.0,4.0,0.0,Cc1cc2c(cn1)C1(O)c3c(N)noc3OC1NC2,0.0,106.43
0.0,0.25,1.0,21.0,0.0,14.0,0.0,4.0,22,27,22,1,,,,4,False,0.8148148148148148,0.0,0.0,0.7142857142857143,1.0,0.0,1.0,1.0,0.0,1.0,0.0,1.0,1.0,1.0,4.0,0.0,18.0,0.2222222222222222,4.0,1340,22,3.722548383501581,1.8135,244.3419999999999,4.0,3.0,0.0,4.0,0.0,CN1Cc2ncncc2N2CCC2C12CCCC2,1.0,32.260000000000005
0.0,1.0,1.0,18.0,0.0,15.0,0.0,1.0,10,25,11,13,,,,1,False,0.4,0.0,0.0,0.4,0.0,0.0,0.0,1.0,0.0,0.0,0.0,1.0,0.0,0.0,2.0,1.0,18.0,0.16666666666666666,3.0,1341,10,3.4941391980184973,2.8813000000000004,247.33799999999997,1.0,0.0,2.0,1.0,4.0,COc1cc(C=C(C)C)ccc1C(C)(C)C(N)=O,0.0,52.32
0.0,0.5,1.0,19.0,0.0,13.0,0.0,2.0,21,31,22,7,,1,,1,False,0.6774193548387096,1.0,0.0,0.3076923076923077,0.0,0.0,0.0,1.0,0.0,0.0,0.0,1.0,0.0,0.0,4.0,2.0,18.0,0.2777777777777778,5.0,1342,21,2.7960420889182274,2.685100000000001,251.25699999999995,1.0,1.0,3.0,2.0,3.0,ON=CCc1c(O)cc(F)cc1C1=CCCCO1,0.0,62.05000000000001
0.0,0.75,3.0,22.0,0.0,13.0,0.0,4.0,22,29,23,2,,1,,3,False,0.7586206896551724,0.0,0.0,0.3076923076923077,2.0,0.0,0.0,1.0,0.0,1.0,0.0,1.0,0.0,0.0,5.0,0.0,19.0,0.3157894736842105,6.0,1343,22,3.2251576437017686,1.53792,252.28099999999995,6.0,1.0,0.0,4.0,1.0,Cc1c(-c2cnc3ncncc3n2)nn2c1CCC2,0.0,69.38
0.0,0.5,1.0,19.0,0.0,13.0,0.0,2.0,13,22,13,7,,1,,1,False,0.5909090909090909,0.0,0.0,0.7692307692307693,0.0,0.0,0.0,1.0,0.0,0.0,0.0,1.0,0.0,0.0,4.0,2.0,18.0,0.2777777777777778,5.0,1344,13,2.458447863412612,0.2760000000000006,252.36199999999994,4.0,1.0,1.0,2.0,6.0,CC1(n2ccnc2)CCCN(CCNCCO)C1,0.0,53.32000000000001
0.0,1.0,1.0,9.0,0.0,7.0,0.0,1.0,13,19,14,4,,,,1,False,0.6842105263157895,0.0,0.0,0.2857142857142857,0.0,0.0,0.0,1.0,0.0,0.0,0.0,1.0,0.0,0.0,2.0,0.0,9.0,0.2222222222222222,2.0,1345,13,2.6809185098144637,1.39862,123.15499999999997,1.0,0.0,1.0,1.0,1.0,COc1cncc(C)c1,0.0,22.12
0.0,1.0,3.0,21.0,0.0,13.0,0.0,3.0,22,32,23,6,,1,,2,False,0.6875,0.0,0.0,0.15384615384615385,1.0,0.0,0.0,1.0,0.0,1.0,0.0,1.0,0.0,0.0,4.0,3.0,19.0,0.3157894736842105,6.0,1346,22,4.1856126997736345,2.1574,258.281,4.0,0.0,2.0,3.0,3.0,COc1cc2[nH]ncc2c(-c2ccc(N)[nH]2)c1OC,0.0,88.95
0.0,1.0,1.0,10.0,0.0,8.0,0.0,1.0,20,26,20,5,,,,1,False,0.7692307692307693,0.0,0.0,0.5,0.0,0.0,0.0,1.0,0.0,0.0,0.0,1.0,0.0,0.0,2.0,1.0,10.0,0.2,2.0,1347,20,3.3580910817923066,2.2461200000000003,140.18199999999996,0.0,0.0,2.0,1.0,2.0,CCCc1cc(O)oc1C,0.0,33.370000000000005
0.0,0.3333333333333333,1.0,23.0,2.0,14.0,0.0,3.0,19,29,19,7,,,,3,False,0.6551724137931034,0.0,0.0,0.35714285714285715,1.0,0.0,0.0,1.0,1.0,1.0,0.0,1.0,0.0,0.0,6.0,4.0,21.0,0.3333333333333333,7.0,1348,19,3.0606317202945235,0.23339999999999977,291.307,3.0,2.0,4.0,3.0,1.0,CC(=O)Nc1ccc2c(c1)C1OC(O)C=C(N)C2OC1N,0.0,119.83
0.0,1.0,2.0,22.0,0.0,14.0,0.0,2.0,16,27,16,9,,1,,1,False,0.5925925925925926,0.0,0.0,0.14285714285714285,0.0,0.0,0.0,1.0,0.0,0.0,0.0,1.0,0.0,0.0,5.0,3.0,21.0,0.3333333333333333,7.0,1349,16,2.896640555885243,1.4628999999999999,291.259,1.0,0.0,6.0,2.0,4.0,COc1ccc(-c2ccc(C(=O)O)[nH]c2=O)c(O)c1OC,0.0,108.85000000000001
0.0,0.75,3.0,24.0,0.0,20.0,0.0,4.0,23,28,23,1,,1,,3,False,0.8214285714285714,0.0,0.0,0.1,2.0,0.0,0.0,1.0,0.0,1.0,0.0,1.0,0.0,0.0,1.0,0.0,21.0,0.047619047619047616,1.0,1350,23,2.5786481271037363,5.3948000000000045,271.36300000000006,1.0,1.0,0.0,4.0,1.0,CC1=Cc2ccccc2N(c2cccc3ccccc23)C1,0.0,3.24
0.0,0.75,3.0,25.0,0.0,14.0,0.0,4.0,21,27,21,2,,2,,2,False,0.7777777777777778,0.0,0.0,0.35714285714285715,1.0,0.0,0.0,1.0,0.0,1.0,0.0,1.0,0.0,0.0,7.0,2.0,22.0,0.36363636363636365,8.0,1351,21,2.8702994667155073,1.0310999999999995,300.322,6.0,1.0,2.0,4.0,3.0,COc1cc(N2CCNCC2)c2[nH]cnc2c1-c1cnon1,0.0,92.1
0.0,0.0,0.0,27.0,0.0,19.0,0.0,4.0,22,33,22,7,,2,,2,False,0.6666666666666666,0.0,0.0,0.8947368421052632,1.0,1.0,0.0,0.0,0.0,1.0,0.0,1.0,1.0,0.0,5.0,1.0,24.0,0.20833333333333334,5.0,1352,22,2.2871851585218654,2.0568,335.4920000000001,3.0,4.0,2.0,4.0,5.0,CCCCC(O)=C1C2COCC2(N2CCN(C)CC2)CN1C1CC1,0.0,39.18000000000001
0.0,0.6666666666666666,2.0,22.0,0.0,17.0,0.0,3.0,16,30,21,6,,1,,2,False,0.5333333333333333,0.0,0.0,0.17647058823529413,1.0,0.0,0.0,1.0,0.0,1.0,0.0,1.0,0.0,0.0,3.0,3.0,20.0,0.15,3.0,1353,16,2.342045905336014,2.9060000000000015,266.344,2.0,1.0,1.0,3.0,3.0,OC1NCNc2ccc(CC=Cc3ccccc3)cc21,0.0,44.29
0.0,1.0,1.0,15.0,0.0,11.0,0.0,1.0,15,28,17,10,,,,1,False,0.5357142857142857,1.0,0.0,0.36363636363636365,0.0,0.0,0.0,1.0,0.0,0.0,0.0,1.0,0.0,0.0,3.0,1.0,15.0,0.26666666666666666,4.0,1354,15,3.9282471564532107,2.1457800000000002,208.236,2.0,0.0,1.0,1.0,5.0,CCOCCNc1ccc(C#N)c(F)c1,0.0,45.05
0.0,0.0,0.0,24.0,2.0,16.0,0.0,4.0,22,31,22,4,1,,,4,False,0.7419354838709677,0.0,0.0,0.75,1.0,0.0,0.0,0.0,1.0,1.0,0.0,1.0,0.0,1.0,4.0,1.0,21.0,0.23809523809523808,5.0,1355,22,4.897080642120785,0.7860999999999996,290.363,2.0,4.0,3.0,4.0,0.0,CC1=CC(C)N2CC3CCCC4(O3)C(=O)NCCC24C1=O,2.0,58.64
0.0,0.0,0.0,23.0,0.0,16.0,0.0,3.0,15,30,18,9,,1,,2,False,0.5,0.0,0.0,0.6875,1.0,0.0,0.0,0.0,0.0,1.0,0.0,1.0,0.0,0.0,4.0,2.0,21.0,0.23809523809523808,5.0,1356,15,3.041229994166818,1.0100999999999996,292.37899999999996,2.0,3.0,3.0,3.0,3.0,C=CC1C(=O)NC(C2=CCC3CCN(CC)C3O2)CC1O,0.0,61.80000000000001
0.0,0.5,2.0,27.0,0.0,20.0,0.0,4.0,23,32,24,4,,2,,2,False,0.71875,0.0,0.0,0.25,1.0,0.0,0.0,1.0,0.0,1.0,0.0,1.0,0.0,0.0,4.0,2.0,24.0,0.16666666666666666,4.0,1357,23,3.4693651210987513,3.3029,318.4240000000001,4.0,2.0,0.0,4.0,3.0,CCc1ccccc1N1CN=C(c2ccccc2N)C2=C1CCN2,0.0,53.65
0.0,1.0,1.0,10.0,0.0,7.0,0.0,1.0,17,24,18,5,,,,1,False,0.7083333333333334,1.0,0.0,0.14285714285714285,0.0,0.0,0.0,1.0,0.0,0.0,0.0,1.0,0.0,0.0,2.0,1.0,10.0,0.3,3.0,1358,17,3.1682640294157456,1.4164999999999999,141.14499999999998,1.0,0.0,1.0,1.0,1.0,COc1cc(F)ccc1N,0.0,35.25
0.0,0.5,1.0,19.0,0.0,13.0,0.0,2.0,21,33,22,9,,1,,1,False,0.6363636363636364,0.0,0.0,0.6923076923076923,0.0,0.0,0.0,1.0,0.0,0.0,0.0,1.0,0.0,0.0,4.0,0.0,18.0,0.2777777777777778,5.0,1359,21,3.899663491843946,1.7178,252.31399999999996,2.0,1.0,3.0,2.0,6.0,CC(C)CCCn1ccc(C2(C=O)OCCO2)n1,0.0,53.35
0.0,1.0,2.0,18.0,0.0,12.0,0.0,2.0,20,27,20,5,,1,,1,False,0.7407407407407407,0.0,0.0,0.16666666666666666,0.0,0.0,0.0,1.0,0.0,0.0,0.0,1.0,0.0,0.0,5.0,1.0,17.0,0.29411764705882354,5.0,1360,20,3.263235385599435,1.5166,231.25500000000005,3.0,0.0,2.0,2.0,5.0,Nc1cc(OCCOc2ccncc2)ccn1,0.0,70.26
0.0,1.0,1.0,7.0,0.0,6.0,0.0,1.0,11,21,15,5,,,,1,False,0.5238095238095238,0.0,0.0,0.0,0.0,0.0,0.0,1.0,0.0,0.0,0.0,1.0,0.0,0.0,1.0,1.0,7.0,0.14285714285714285,1.0,1361,11,2.510021412335895,1.3921999999999999,94.11299999999999,0.0,0.0,1.0,1.0,0.0,Oc1ccccc1,0.0,20.23
0.0,0.0,0.0,23.0,4.0,17.0,0.0,5.0,23,30,24,1,,,,5,False,0.7666666666666667,0.0,0.0,0.7058823529411765,1.0,0.0,1.0,0.0,1.0,1.0,0.0,1.0,1.0,1.0,2.0,0.0,19.0,0.10526315789473684,2.0,1362,23,2.870302564566113,3.1655000000000015,254.37699999999992,2.0,6.0,0.0,6.0,0.0,C1=CC23CCC2CC2C=C(C1)C31N=CCCCN1C2,2.0,15.6
0.0,0.5,1.0,20.0,0.0,13.0,0.0,2.0,10,25,13,10,,1,,1,False,0.4,0.0,0.0,0.46153846153846156,0.0,0.0,0.0,1.0,0.0,0.0,0.0,1.0,0.0,0.0,6.0,1.0,19.0,0.3157894736842105,6.0,1363,10,2.5228575043823405,1.4074799999999998,260.297,4.0,1.0,2.0,2.0,3.0,C=C1CCCN(C(C#N)c2cc(O)nc(OC)n2)C1,0.0,82.27000000000001
0.0,0.25,1.0,24.0,2.0,18.0,0.0,4.0,10,20,11,5,,,,4,False,0.5,0.0,0.0,0.5,1.0,0.0,0.0,1.0,1.0,1.0,0.0,1.0,0.0,0.0,3.0,1.0,21.0,0.14285714285714285,3.0,1364,10,7.77039410304343,2.772900000000001,283.37100000000004,1.0,3.0,2.0,4.0,2.0,CCNC1=CCC23Cc4ccccc4C(C1)C2COC3=O,0.0,38.33
0.0,1.0,2.0,19.0,0.0,14.0,0.0,2.0,20,28,20,6,,1,,1,False,0.7142857142857143,2.0,0.0,0.07142857142857142,0.0,0.0,0.0,1.0,0.0,0.0,0.0,1.0,0.0,0.0,2.0,1.0,18.0,0.2222222222222222,4.0,1365,20,3.9079973235760925,3.5170000000000026,247.244,1.0,0.0,1.0,2.0,2.0,CC=C(c1ccc(F)c(F)c1)c1cccc(O)n1,0.0,33.120000000000005
0.0,0.6666666666666666,2.0,20.0,0.0,15.0,0.0,3.0,20,32,23,6,,1,,2,False,0.625,0.0,0.0,0.06666666666666667,1.0,0.0,0.0,1.0,0.0,1.0,0.0,1.0,0.0,0.0,2.0,0.0,18.0,0.16666666666666666,3.0,1366,20,3.274479428732892,2.856020000000001,237.258,1.0,1.0,2.0,3.0,1.0,Cc1ccccc1N1C(=O)C(=O)c2ccccc21,0.0,37.38
0.0,0.5,2.0,24.0,0.0,17.0,0.0,4.0,15,29,20,5,,,,4,False,0.5172413793103449,0.0,0.0,0.4117647058823529,1.0,0.0,0.0,1.0,0.0,1.0,1.0,1.0,0.0,0.0,3.0,2.0,21.0,0.19047619047619047,4.0,1367,15,2.4131470822163643,3.197300000000001,280.37500000000006,4.0,2.0,0.0,4.0,0.0,C1=Cc2ccccc2CCC2Nc3nn[nH]c3CC2CC1,0.0,53.6
0.0,0.2,1.0,22.0,2.0,16.0,0.0,4.0,17,26,18,4,,,,4,False,0.6538461538461539,0.0,0.0,0.5,1.0,0.0,0.0,1.0,1.0,1.0,0.0,1.0,0.0,1.0,3.0,0.0,19.0,0.15789473684210525,3.0,1368,17,2.9734500508838746,2.7531000000000008,258.31699999999995,0.0,4.0,3.0,5.0,1.0,COc1ccc2c(c1)C13COCC2CC1=CC(C)O3,1.0,27.69
0.0,1.0,3.0,24.0,0.0,18.0,0.0,3.0,18,28,19,6,,2,,1,False,0.6428571428571429,0.0,0.0,0.05555555555555555,0.0,0.0,0.0,1.0,0.0,0.0,0.0,1.0,0.0,0.0,4.0,2.0,22.0,0.18181818181818182,4.0,1369,18,3.268009795466611,4.325470000000003,293.322,1.0,0.0,3.0,3.0,4.0,COc1ccccc1-c1oc(-c2ccccc2O)cc1C=N,0.0,66.45
0.0,0.3333333333333333,1.0,23.0,0.0,18.0,0.0,3.0,16,24,16,5,,2,,1,False,0.6666666666666666,1.0,0.0,0.6666666666666666,0.0,0.0,1.0,1.0,0.0,0.0,0.0,1.0,1.0,0.0,2.0,1.0,21.0,0.14285714285714285,3.0,1370,16,4.007613369937999,3.5562000000000022,291.41,1.0,2.0,1.0,3.0,4.0,CC1(CCN2CCCC(O)C2)CC(c2cccc(F)c2)C1,0.0,23.47
0.0,1.0,1.0,21.0,0.0,15.0,0.0,1.0,17,33,17,15,,,,1,False,0.5151515151515151,0.0,0.0,0.6,0.0,0.0,0.0,1.0,0.0,0.0,0.0,1.0,0.0,0.0,6.0,4.0,21.0,0.2857142857142857,6.0,1371,17,2.857788050257347,1.2773999999999994,297.39899999999994,3.0,0.0,3.0,1.0,11.0,CCNCNCc1ccc(C(C)OCCONC)cc1O,0.0,74.78
0.0,0.3333333333333333,1.0,25.0,0.0,19.0,0.0,3.0,14,22,16,3,,1,,2,False,0.6363636363636364,1.0,0.0,0.6842105263157895,1.0,0.0,0.0,1.0,0.0,1.0,1.0,1.0,0.0,0.0,3.0,1.0,23.0,0.17391304347826086,4.0,1372,14,2.6546045918900485,4.2066000000000034,320.452,2.0,2.0,1.0,3.0,1.0,Fc1ccc(C2NCCC3CCCCCCCCOCN32)cc1,0.0,24.5
0.0,1.0,1.0,13.0,0.0,8.0,0.0,1.0,20,28,20,7,,,,1,False,0.7142857142857143,0.0,0.0,0.125,0.0,0.0,0.0,1.0,0.0,0.0,0.0,1.0,0.0,0.0,4.0,4.0,13.0,0.38461538461538464,5.0,1373,20,2.327577379908223,0.986,183.163,1.0,0.0,4.0,1.0,2.0,ON=C(O)Cc1ccc(O)cc1O,0.0,93.28000000000002
0.0,0.3333333333333333,1.0,23.0,0.0,15.0,0.0,3.0,23,31,23,5,,2,,1,False,0.7419354838709677,0.0,0.0,0.7333333333333333,0.0,0.0,0.0,1.0,0.0,0.0,0.0,1.0,0.0,0.0,5.0,1.0,21.0,0.2857142857142857,6.0,1374,23,5.118103149604891,0.5545200000000001,292.383,4.0,2.0,2.0,3.0,3.0,CCC1(c2c(C)ncn2C)OC(=O)CC1N1CCNCC1,0.0,59.39000000000001
0.0,0.0,0.0,21.0,0.0,14.0,0.0,3.0,18,28,18,6,1,1,,2,False,0.6785714285714286,0.0,0.0,0.7142857142857143,1.0,0.0,0.0,0.0,0.0,1.0,0.0,1.0,0.0,0.0,4.0,2.0,19.0,0.2631578947368421,5.0,1375,18,2.68159278635624,1.2049,263.34100000000007,3.0,3.0,2.0,3.0,2.0,CCC1CC(=O)N(C(C)O)C1=C1CC2C=NNC2C1,0.0,64.93
0.0,1.0,2.0,19.0,0.0,16.0,0.0,2.0,23,31,23,6,,1,,1,False,0.7419354838709677,1.0,0.0,0.25,0.0,0.0,0.0,1.0,0.0,0.0,0.0,1.0,0.0,0.0,1.0,0.0,18.0,0.1111111111111111,2.0,1376,23,2.511222317961354,4.122600000000003,244.30900000000003,0.0,0.0,1.0,2.0,4.0,COc1ccc(CC(C)(F)c2ccccc2)cc1,0.0,9.23
0.0,0.5,1.0,20.0,0.0,16.0,0.0,2.0,21,33,22,9,,1,,1,False,0.6363636363636364,0.0,0.0,0.5,0.0,0.0,0.0,1.0,0.0,0.0,0.0,1.0,0.0,0.0,3.0,2.0,19.0,0.15789473684210525,3.0,1377,21,2.406377378587154,2.6709000000000005,260.381,2.0,1.0,1.0,2.0,7.0,CNCC(=CCNc1ccccc1)CC1CCOC1,0.0,33.29
0.0,0.3333333333333333,1.0,21.0,0.0,11.0,0.0,3.0,15,24,16,5,,1,,2,False,0.625,0.0,0.0,0.45454545454545453,1.0,0.0,0.0,1.0,0.0,1.0,0.0,1.0,0.0,0.0,6.0,3.0,19.0,0.42105263157894735,8.0,1378,15,2.701445380290931,-0.8117000000000001,267.24099999999993,3.0,2.0,5.0,3.0,2.0,O=c1[nH]c(=O)n(C2=CCCOC2)c2c1C(CO)ON2,0.0,105.58000000000001
0.0,1.0,4.0,23.0,0.0,14.0,0.0,4.0,21,27,21,2,,1,,3,False,0.7777777777777778,0.0,0.0,0.0,1.0,0.0,0.0,1.0,0.0,1.0,0.0,1.0,0.0,0.0,4.0,3.0,20.0,0.3,6.0,1379,21,5.071892004089154,2.9371,266.26,4.0,0.0,2.0,4.0,2.0,Oc1nc2c(Oc3ccccc3)c3[nH]ccc3nc2[nH]1,0.0,86.82
0.0,1.0,2.0,20.0,0.0,15.0,0.0,2.0,23,34,24,8,,1,,1,False,0.6764705882352942,0.0,0.0,0.2,0.0,0.0,0.0,1.0,0.0,0.0,0.0,1.0,0.0,0.0,4.0,2.0,19.0,0.21052631578947367,4.0,1380,23,3.0055955574109476,3.0215000000000014,259.305,1.0,0.0,3.0,2.0,5.0,COc1cc(O)cc(CNc2cccc(OC)c2)c1,0.0,50.72
0.0,0.3333333333333333,1.0,23.0,0.0,17.0,0.0,3.0,23,33,24,6,,2,,1,False,0.696969696969697,0.0,0.0,0.5294117647058824,0.0,0.0,0.0,1.0,0.0,0.0,0.0,1.0,0.0,0.0,4.0,2.0,21.0,0.19047619047619047,4.0,1381,23,2.2731618277485857,2.754200000000001,288.3910000000001,2.0,2.0,2.0,3.0,3.0,CC1=CCN(C2(ON)CC(c3ccccc3O)CC2C)C1,0.0,58.72
0.0,0.6666666666666666,2.0,22.0,0.0,15.0,0.0,3.0,18,30,20,6,1,2,,1,False,0.6,0.0,0.0,0.26666666666666666,0.0,0.0,0.0,1.0,0.0,0.0,0.0,1.0,0.0,0.0,4.0,2.0,20.0,0.25,5.0,1382,18,11.790400086235634,2.0379,272.304,2.0,1.0,3.0,3.0,4.0,COC(c1ccccc1)c1c(C2=CCCN2)[nH]oc1=O,0.0,67.25999999999999
0.0,1.0,3.0,21.0,0.0,15.0,0.0,3.0,20,28,21,4,,1,,2,False,0.7142857142857143,0.0,0.0,0.06666666666666667,1.0,0.0,0.0,1.0,0.0,1.0,0.0,1.0,0.0,0.0,4.0,1.0,19.0,0.21052631578947367,4.0,1383,20,1.974343115176035,3.3820000000000014,251.28900000000004,3.0,0.0,1.0,3.0,3.0,COc1ccc2ncnc(Nc3ccccc3)c2c1,0.0,47.040000000000006
0.0,0.3333333333333333,1.0,16.0,0.0,11.0,0.0,3.0,20,28,22,3,,,,3,False,0.7142857142857143,0.0,0.0,0.2727272727272727,1.0,0.0,0.0,1.0,0.0,1.0,0.0,1.0,0.0,0.0,3.0,0.0,14.0,0.21428571428571427,3.0,1384,20,3.5076762826908268,1.0303,186.21399999999994,2.0,2.0,1.0,3.0,0.0,O=C1Cc2ccccc2N2CCN=C12,0.0,32.67
0.0,0.0,0.0,23.0,3.0,18.0,0.0,4.0,18,29,20,4,1,,,4,False,0.6206896551724138,0.0,0.0,0.7222222222222222,1.0,0.0,0.0,0.0,1.0,1.0,1.0,1.0,0.0,0.0,2.0,0.0,20.0,0.1,2.0,1385,18,3.788722010262616,3.4849000000000023,271.404,1.0,4.0,1.0,4.0,0.0,CC1=CCCC2CN3C(C=C1)CC1(C2)C(=O)CCCC31,0.0,20.310000000000002
0.0,0.6666666666666666,2.0,22.0,0.0,16.0,0.0,3.0,16,23,17,3,,2,,1,False,0.6956521739130435,0.0,0.0,0.3125,0.0,0.0,0.0,1.0,0.0,0.0,0.0,1.0,0.0,0.0,4.0,1.0,20.0,0.2,4.0,1386,16,4.340738258640016,2.1663999999999994,269.348,3.0,1.0,1.0,3.0,2.0,CN1CCC(O)CN1c1cccc(-c2ccccn2)c1,0.0,39.6
0.0,0.4,2.0,28.0,2.0,20.0,0.0,5.0,21,31,22,4,,1,,4,False,0.6774193548387096,0.0,0.0,0.25,1.0,0.0,0.0,1.0,1.0,1.0,0.0,1.0,0.0,0.0,4.0,1.0,24.0,0.16666666666666666,4.0,1387,21,3.333571089944773,4.244800000000003,317.39199999999994,3.0,3.0,1.0,5.0,2.0,CC1=C(C=Cc2ccco2)CC23CCN=C(c4ccccc4N2)N13,0.0,40.77
0.0,0.6666666666666666,2.0,22.0,0.0,13.0,0.0,3.0,23,31,23,5,,1,,2,False,0.7419354838709677,0.0,0.0,0.23076923076923078,1.0,0.0,0.0,1.0,0.0,1.0,0.0,1.0,0.0,0.0,5.0,0.0,20.0,0.35,7.0,1388,23,3.5452298988998097,0.46929999999999983,272.26399999999995,4.0,1.0,3.0,3.0,2.0,COc1cccc(C(=O)N2Cc3ncnn3CC2=O)c1,0.0,77.32
0.0,1.0,1.0,19.0,0.0,13.0,0.0,1.0,21,38,22,15,,,,1,False,0.5526315789473685,0.0,0.0,0.6923076923076923,0.0,0.0,0.0,1.0,0.0,0.0,0.0,1.0,0.0,0.0,5.0,1.0,19.0,0.3157894736842105,6.0,1389,21,2.985078090404155,1.5831,270.329,2.0,0.0,4.0,1.0,10.0,CCOC(CC(CC)COC=O)Cn1ccc(O)n1,0.0,73.58
0.0,0.0,0.0,14.0,0.0,10.0,0.0,1.0,23,32,23,8,,,,1,False,0.71875,0.0,0.0,0.8,0.0,0.0,0.0,0.0,0.0,0.0,0.0,1.0,0.0,0.0,3.0,2.0,14.0,0.2857142857142857,4.0,1390,23,2.663264064768536,0.5567000000000002,198.26599999999996,2.0,1.0,2.0,1.0,4.0,CCCCCC1C(=O)NC(=O)CC1N,0.0,72.19
0.0,0.3333333333333333,1.0,22.0,2.0,17.0,0.0,3.0,20,38,25,10,,1,,2,False,0.5263157894736842,1.0,0.0,0.35294117647058826,1.0,0.0,0.0,1.0,1.0,1.0,0.0,1.0,0.0,0.0,2.0,0.0,20.0,0.15,3.0,1391,20,3.7974253508176994,4.033700000000003,272.319,0.0,2.0,2.0,3.0,2.0,CC1CCC2=CC1(C)C(=O)C(Oc1ccccc1F)=C2,0.0,26.3
0.0,0.0,0.0,19.0,0.0,15.0,0.0,2.0,20,29,20,7,,1,,1,False,0.6896551724137931,0.0,0.0,0.3333333333333333,1.0,0.0,0.0,0.0,0.0,1.0,0.0,1.0,0.0,0.0,3.0,1.0,18.0,0.16666666666666666,3.0,1392,20,2.4111164927504123,2.3345000000000002,242.322,2.0,2.0,1.0,2.0,4.0,CC(CC=C1C=CC2=C(C=C1)NCC2)N=CC=O,0.0,41.46
0.0,0.5,2.0,22.0,0.0,14.0,0.0,4.0,23,30,24,2,,1,,3,False,0.7666666666666667,0.0,0.0,0.2857142857142857,2.0,0.0,0.0,1.0,0.0,1.0,0.0,1.0,0.0,0.0,5.0,2.0,19.0,0.2631578947368421,5.0,1393,23,2.0770897154946706,0.5213999999999999,254.29299999999995,4.0,2.0,1.0,4.0,2.0,c1nc2c(o1)=NCNC=2Nc1ccc2c(c1)CCC2,0.0,62.45
0.0,1.0,1.0,10.0,0.0,4.0,0.0,1.0,20,26,20,5,,,,1,False,0.7692307692307693,0.0,0.0,0.25,0.0,0.0,0.0,1.0,0.0,0.0,0.0,1.0,0.0,0.0,5.0,2.0,10.0,0.6,6.0,1394,20,2.998858564511595,-1.0332000000000006,142.118,4.0,0.0,2.0,1.0,2.0,NCC(=O)Nc1nnco1,0.0,94.04
0.0,0.6666666666666666,2.0,23.0,0.0,15.0,0.0,3.0,17,25,17,5,,1,,2,False,0.68,0.0,0.0,0.3333333333333333,1.0,0.0,0.0,1.0,0.0,1.0,0.0,1.0,0.0,0.0,4.0,1.0,21.0,0.2857142857142857,6.0,1395,17,3.0961190620580736,1.5655,287.319,3.0,1.0,3.0,3.0,3.0,COc1cccc(-n2cc3c(n2)C(=O)NCCC3)c1OC,0.0,65.38000000000001
0.0,0.25,1.0,24.0,0.0,12.0,0.0,4.0,22,29,22,3,,1,,3,False,0.7586206896551724,0.0,0.0,0.5833333333333334,1.0,0.0,0.0,1.0,0.0,1.0,0.0,1.0,0.0,0.0,8.0,1.0,21.0,0.42857142857142855,9.0,1396,22,2.3269926384490773,-1.432599999999998,289.299,7.0,3.0,2.0,4.0,3.0,O=C1C2=NN=CC2Oc2c1nnn2CCN1CCNCC1,0.0,96.99999999999999
0.0,1.0,2.0,21.0,0.0,14.0,0.0,2.0,23,33,23,8,,1,,1,False,0.696969696969697,0.0,0.0,0.2857142857142857,0.0,0.0,0.0,1.0,0.0,0.0,0.0,1.0,0.0,0.0,6.0,1.0,20.0,0.3,6.0,1397,23,1.5668530442429236,2.1417,275.30799999999994,3.0,0.0,3.0,2.0,5.0,CCOc1cc(OC)cc(-c2cc(OC)c(N)nn2)c1,0.0,79.49
0.0,0.0,0.0,22.0,2.0,17.0,0.0,3.0,16,26,16,7,,,,3,False,0.6153846153846154,0.0,0.0,1.0,1.0,0.0,0.0,0.0,1.0,1.0,0.0,1.0,0.0,0.0,3.0,3.0,20.0,0.15,3.0,1398,16,2.0201167884112836,2.2618,279.472,3.0,3.0,0.0,3.0,5.0,CCNC1CCC2C3CCCCC(C3)CC12NCCN,0.0,50.08
0.0,0.3333333333333333,1.0,21.0,0.0,16.0,0.0,3.0,18,29,20,6,,2,,1,False,0.6206896551724138,0.0,0.0,0.3125,0.0,0.0,1.0,1.0,0.0,0.0,0.0,1.0,1.0,0.0,3.0,0.0,19.0,0.15789473684210525,3.0,1399,18,10.459910100965002,2.813200000000001,252.31699999999998,2.0,2.0,1.0,3.0,3.0,CC(=O)C1=C(C)C(C2=NCC(c3ccccc3)=N2)C1,0.0,41.79
0.0,0.5,2.0,21.0,0.0,13.0,0.0,4.0,21,26,21,1,,,,4,False,0.8076923076923077,0.0,0.0,0.15384615384615385,1.0,0.0,0.0,1.0,0.0,1.0,0.0,1.0,0.0,0.0,5.0,0.0,18.0,0.2777777777777778,5.0,1400,21,2.8421775967677614,1.398,239.234,3.0,2.0,2.0,4.0,0.0,O=C1c2nccnc2CN2c3ccccc3OC12,0.0,55.32000000000001
0.0,1.0,4.0,18.0,2.0,12.0,0.0,3.0,22,28,22,3,,1,,2,False,0.7857142857142857,0.0,0.0,0.08333333333333333,1.0,0.0,0.0,1.0,1.0,1.0,0.0,1.0,0.0,0.0,4.0,1.0,16.0,0.25,4.0,1401,22,2.791532008277476,2.6468000000000007,215.20799999999997,1.0,0.0,3.0,4.0,2.0,COc1c(-c2cc(O)on2)c2ccc1cc2,0.0,55.49
0.0,0.3333333333333333,1.0,20.0,0.0,15.0,0.0,3.0,23,31,24,4,,1,,2,False,0.7419354838709677,0.0,0.0,0.4,1.0,0.0,0.0,1.0,0.0,1.0,0.0,1.0,0.0,0.0,3.0,0.0,18.0,0.16666666666666666,3.0,1402,23,3.099103077825211,2.4137000000000004,243.3059999999999,1.0,2.0,2.0,3.0,2.0,CN1C=C(C(=O)c2ccc3c(c2)OCC3)CCC1,0.0,29.540000000000003
0.0,1.0,1.0,20.0,0.0,15.0,0.0,1.0,21,36,21,14,,,,1,False,0.5833333333333334,0.0,0.0,0.4,0.0,0.0,0.0,1.0,0.0,0.0,0.0,1.0,0.0,0.0,3.0,2.0,20.0,0.25,5.0,1403,21,2.3626930536717197,2.8322000000000003,276.33599999999996,2.0,0.0,3.0,1.0,7.0,CC(=O)Nc1ccc(C(=O)CCC(C)C)c(NC=O)c1,0.0,75.27000000000001
0.0,1.0,3.0,18.0,0.0,13.0,0.0,3.0,22,27,22,2,,,,3,False,0.8148148148148148,1.0,0.0,0.0,1.0,0.0,0.0,1.0,0.0,1.0,0.0,1.0,0.0,0.0,2.0,1.0,16.0,0.1875,3.0,1404,22,2.954319474387439,3.109300000000001,212.227,2.0,0.0,0.0,3.0,0.0,Nc1ccc2c(ccc3cccc(F)c32)n1,0.0,38.91
0.0,0.0,0.0,26.0,2.0,18.0,0.0,5.0,18,27,19,3,,,,5,False,0.6666666666666666,0.0,0.0,0.7777777777777778,1.0,0.0,0.0,0.0,1.0,1.0,0.0,1.0,0.0,1.0,4.0,2.0,22.0,0.18181818181818182,4.0,1405,18,2.596818595655893,2.6064000000000007,298.434,4.0,6.0,0.0,6.0,0.0,CC1CC2CCC3CC4=NN=C(N)C35C(CC=CCC25N1)C4,2.0,62.769999999999996
0.0,1.0,1.0,18.0,0.0,12.0,0.0,1.0,20,35,21,13,,,,1,False,0.5714285714285714,1.0,0.0,0.4166666666666667,0.0,0.0,0.0,1.0,0.0,0.0,0.0,1.0,0.0,0.0,4.0,2.0,18.0,0.3333333333333333,6.0,1406,20,2.709167812691667,1.8490999999999997,256.277,2.0,0.0,3.0,1.0,7.0,CN=C(O)COCCNc1cc(F)cc(OC)c1,0.0,63.08000000000001
0.0,1.0,2.0,18.0,0.0,13.0,0.0,2.0,22,29,22,5,,1,,1,False,0.7586206896551724,0.0,0.0,0.15384615384615385,0.0,0.0,0.0,1.0,0.0,0.0,0.0,1.0,0.0,0.0,4.0,1.0,17.0,0.23529411764705882,4.0,1407,22,2.397812394121445,2.2514,230.26700000000002,2.0,0.0,2.0,2.0,4.0,COc1cc(COc2ccccn2)ccc1N,0.0,57.370000000000005
0.0,0.5,1.0,16.0,0.0,13.0,0.0,2.0,19,30,22,6,,1,,1,False,0.6333333333333333,0.0,0.0,0.3076923076923077,0.0,0.0,0.0,1.0,0.0,0.0,0.0,1.0,0.0,0.0,2.0,1.0,15.0,0.13333333333333333,2.0,1408,19,8.023734903245037,2.1502999999999997,201.26899999999998,1.0,1.0,1.0,2.0,1.0,NC1CCC(=Cc2ccccc2)C(=O)C1,0.0,43.09
0.0,0.25,1.0,23.0,2.0,17.0,0.0,4.0,23,28,23,1,,,,4,False,0.8214285714285714,0.0,0.0,0.17647058823529413,1.0,0.0,0.0,1.0,1.0,1.0,0.0,1.0,0.0,0.0,3.0,3.0,20.0,0.15,3.0,1409,23,2.4176433514254514,2.5394000000000005,263.344,3.0,3.0,0.0,4.0,0.0,CC1=CNC=C2NC3=Cc4ccccc4C=C(NC3)C12,0.0,36.089999999999996
0.0,1.0,2.0,16.0,0.0,9.0,0.0,2.0,15,21,15,4,,1,,1,False,0.7142857142857143,0.0,0.0,0.1111111111111111,0.0,0.0,0.0,1.0,0.0,0.0,0.0,1.0,0.0,0.0,5.0,2.0,15.0,0.4,6.0,1410,15,2.803330531272185,0.7748999999999999,204.18900000000002,4.0,0.0,2.0,2.0,2.0,CC(=O)c1cc(O)nnc1-c1cc[nH]n1,0.0,91.76
0.0,1.0,1.0,18.0,0.0,13.0,0.0,1.0,15,28,15,12,,,,1,False,0.5357142857142857,0.0,0.0,0.5384615384615384,0.0,0.0,0.0,1.0,0.0,0.0,0.0,1.0,0.0,0.0,5.0,2.0,18.0,0.2777777777777778,5.0,1411,15,3.3891731338409974,1.43142,255.314,1.0,0.0,4.0,1.0,7.0,COCC(O)CNc1cc(OC)cc(OC)c1C,0.0,59.95
0.0,1.0,2.0,16.0,0.0,9.0,0.0,2.0,23,31,24,5,,1,,1,False,0.7419354838709677,1.0,0.0,0.0,0.0,0.0,0.0,1.0,0.0,0.0,0.0,1.0,0.0,0.0,5.0,1.0,15.0,0.4,6.0,1412,23,3.277856389163367,1.1453,208.148,2.0,0.0,3.0,2.0,2.0,O=C(c1cnon1)c1ccc(O)cc1F,0.0,76.22
0.0,1.0,2.0,20.0,0.0,15.0,0.0,2.0,12,23,13,8,,1,,1,False,0.5217391304347826,1.0,0.0,0.2,0.0,0.0,0.0,1.0,0.0,0.0,0.0,1.0,0.0,0.0,3.0,1.0,19.0,0.21052631578947367,4.0,1413,12,1.8855670330706138,3.1763000000000017,261.296,1.0,0.0,2.0,2.0,4.0,COc1cccc(N(C)Cc2ccc(F)cc2)c1O,0.0,32.7
0.0,0.6666666666666666,2.0,22.0,0.0,18.0,0.0,3.0,23,30,23,4,,1,,2,False,0.7666666666666667,0.0,0.0,0.2222222222222222,1.0,0.0,0.0,1.0,0.0,1.0,0.0,1.0,0.0,0.0,2.0,1.0,20.0,0.1,2.0,1414,23,5.0307945706163775,3.511300000000002,265.35599999999994,1.0,1.0,1.0,3.0,3.0,COc1ccc(C=Cc2cccc3c2CCNC3)cc1,0.0,21.259999999999998
0.0,0.6666666666666666,2.0,24.0,0.0,17.0,0.0,3.0,22,30,22,4,1,2,,1,False,0.7666666666666667,0.0,0.0,0.29411764705882354,0.0,0.0,0.0,1.0,0.0,0.0,0.0,1.0,0.0,0.0,5.0,3.0,22.0,0.22727272727272727,5.0,1415,22,3.1313729926476577,2.1247,300.358,2.0,1.0,3.0,3.0,5.0,Oc1cccc(Oc2cccc(OCC3CNCCN3)c2)c1,0.0,62.75
0.0,1.0,3.0,15.0,2.0,11.0,0.0,2.0,22,30,22,6,,,,2,False,0.7333333333333333,0.0,0.0,0.36363636363636365,1.0,0.0,0.0,1.0,1.0,1.0,0.0,1.0,0.0,0.0,3.0,1.0,14.0,0.21428571428571427,3.0,1416,22,8.452380067840593,1.4095199999999999,190.24599999999995,2.0,0.0,1.0,3.0,3.0,Cc1cc2ccc1nc2N(C)CCO,0.0,36.36
0.0,1.0,2.0,18.0,0.0,13.0,0.0,2.0,12,22,13,7,,1,,1,False,0.5454545454545454,0.0,0.0,0.3076923076923077,0.0,0.0,0.0,1.0,0.0,0.0,0.0,1.0,0.0,0.0,3.0,1.0,17.0,0.23529411764705882,4.0,1417,12,2.0270593303145747,2.5414000000000003,231.299,3.0,0.0,1.0,2.0,4.0,CCN(C)c1ccc(-c2c[nH]cn2)cc1OC,0.0,41.150000000000006
0.0,0.5,2.0,22.0,0.0,14.0,0.0,4.0,15,25,16,5,,,,4,False,0.6,0.0,0.0,0.2857142857142857,1.0,0.0,0.0,1.0,0.0,1.0,0.0,1.0,0.0,0.0,3.0,2.0,19.0,0.2631578947368421,5.0,1418,15,2.8165579229166138,1.3088999999999995,255.27700000000002,3.0,2.0,2.0,4.0,0.0,CC(=O)n1c2c(c3ccccc31)C1CNC(=O)C1N2,0.0,63.13
0.0,0.5,1.0,20.0,0.0,15.0,0.0,2.0,22,31,22,6,1,2,,,False,0.7096774193548387,0.0,0.0,0.5333333333333333,0.0,0.0,0.0,1.0,0.0,0.0,0.0,1.0,0.0,0.0,4.0,0.0,19.0,0.21052631578947367,4.0,1419,22,3.0814959891295652,2.3607000000000005,263.33700000000005,1.0,1.0,3.0,2.0,5.0,CC(=O)OCOCN1CCCC(c2ccccc2)C1,0.0,38.77
0.0,1.0,3.0,22.0,0.0,15.0,0.0,3.0,21,27,21,3,,2,,1,False,0.7777777777777778,0.0,0.0,0.13333333333333333,0.0,0.0,0.0,1.0,0.0,0.0,0.0,1.0,0.0,0.0,5.0,1.0,20.0,0.25,5.0,1420,21,2.9482414145068403,3.066600000000001,267.288,3.0,0.0,2.0,3.0,3.0,CCc1coc(-c2cnnc(-c3ccccc3O)n2)c1,0.0,72.04
0.0,0.3333333333333333,1.0,21.0,0.0,13.0,0.0,3.0,21,29,21,5,,1,,2,False,0.7241379310344828,0.0,0.0,0.3076923076923077,1.0,0.0,0.0,1.0,0.0,1.0,0.0,1.0,0.0,0.0,5.0,2.0,19.0,0.3157894736842105,6.0,1421,21,4.075360875874031,1.7536999999999996,263.249,1.0,2.0,5.0,3.0,2.0,O=C(C=C1CCCO1)Nc1cc(O)cc2c1OCO2,0.0,77.02000000000001
0.0,1.0,2.0,23.0,0.0,19.0,0.0,2.0,22,36,23,11,,1,,1,False,0.6111111111111112,0.0,0.0,0.3157894736842105,0.0,0.0,0.0,1.0,0.0,0.0,0.0,1.0,0.0,0.0,3.0,1.0,22.0,0.13636363636363635,3.0,1422,22,2.2316396630698,3.269700000000002,298.382,0.0,0.0,3.0,2.0,9.0,O=C(COCC(O)CCCc1ccccc1)c1ccccc1,0.0,46.53
0.0,0.75,3.0,21.0,2.0,8.0,0.0,4.0,23,29,23,2,,,,4,False,0.7931034482758621,0.0,0.0,0.125,1.0,0.0,0.0,1.0,1.0,1.0,0.0,1.0,0.0,0.0,9.0,1.0,18.0,0.5555555555555556,10.0,1423,23,2.5614826808300313,-1.2350000000000005,243.19,9.0,1.0,1.0,4.0,1.0,CNc1nc2nncn2c2c1=Nc1nnc(o1)N=2,0.0,118.75
0.0,0.3333333333333333,1.0,22.0,0.0,15.0,0.0,3.0,18,29,19,7,,,,3,False,0.6206896551724138,3.0,0.0,0.4,1.0,0.0,0.0,1.0,0.0,1.0,0.0,1.0,0.0,0.0,2.0,0.0,20.0,0.25,5.0,1424,18,2.4154479078786073,3.9384000000000023,281.277,1.0,2.0,1.0,3.0,2.0,FC(F)(F)COC1CC2=NCCC=C2c2ccccc21,0.0,21.59
0.0,0.6,3.0,25.0,0.0,13.0,0.0,5.0,17,27,19,3,,,,5,False,0.6296296296296297,0.0,0.0,0.07692307692307693,1.0,0.0,0.0,1.0,0.0,1.0,0.0,1.0,0.0,0.0,7.0,3.0,21.0,0.38095238095238093,8.0,1425,17,2.751498052132681,1.4771999999999996,279.263,7.0,2.0,1.0,5.0,0.0,O=c1[nH]ncc2c1c1c(c3ccccc32)N2NN=NC2N1,0.0,97.77
0.0,0.25,1.0,22.0,4.0,16.0,0.0,4.0,21,30,22,4,,,,4,False,0.7,0.0,0.0,0.375,1.0,0.0,0.0,1.0,1.0,1.0,0.0,1.0,0.0,1.0,3.0,1.0,19.0,0.15789473684210525,3.0,1426,21,3.199171751622497,2.895200000000001,254.33299999999997,2.0,3.0,1.0,4.0,0.0,CC1=C(C)C2=CN(C)c3c4cccc3C2(CCO4)N1,1.0,24.5
0.0,1.0,1.0,13.0,0.0,11.0,0.0,1.0,21,29,21,7,,,,1,False,0.7241379310344828,0.0,0.0,0.45454545454545453,0.0,0.0,0.0,1.0,0.0,0.0,0.0,1.0,0.0,0.0,2.0,0.0,13.0,0.15384615384615385,2.0,1427,21,1.584765751877445,2.8725000000000014,180.24699999999996,0.0,0.0,2.0,1.0,4.0,CCOc1ccccc1OC(C)C,0.0,18.46
0.0,0.6666666666666666,2.0,23.0,0.0,16.0,0.0,3.0,22,28,22,3,,1,,2,False,0.7857142857142857,0.0,0.0,0.25,1.0,0.0,0.0,1.0,0.0,1.0,0.0,1.0,0.0,0.0,5.0,2.0,21.0,0.23809523809523808,5.0,1428,22,2.924194177019871,2.937100000000001,283.33099999999996,3.0,1.0,2.0,3.0,2.0,Oc1ccc(C=Cc2ncc3c(n2)NCCCCO3)cc1,0.0,67.27000000000001
0.0,0.25,1.0,22.0,0.0,17.0,0.0,4.0,23,31,24,3,,,,4,False,0.7419354838709677,0.0,0.0,0.29411764705882354,1.0,0.0,0.0,1.0,0.0,1.0,0.0,1.0,0.0,1.0,2.0,1.0,19.0,0.10526315789473684,2.0,1429,23,7.451761577105731,3.3667000000000016,250.34499999999997,2.0,3.0,0.0,4.0,1.0,C=Cc1ccc2c(c1)C1CCN3C=CC=CC13CN2,1.0,15.27
0.0,0.5,1.0,21.0,0.0,15.0,0.0,2.0,13,25,14,9,,1,,1,False,0.52,0.0,0.0,0.13333333333333333,0.0,0.0,0.0,1.0,0.0,0.0,0.0,1.0,0.0,0.0,5.0,0.0,20.0,0.25,5.0,1430,13,3.0154083509354024,2.4468000000000005,270.288,2.0,1.0,3.0,2.0,5.0,O=CC=CCC(=O)Oc1cccc(N2C=CCC=N2)c1,0.0,58.970000000000006
0.0,0.3333333333333333,1.0,20.0,0.0,15.0,0.0,3.0,20,27,20,4,,,,3,False,0.7407407407407407,0.0,0.0,0.26666666666666666,1.0,0.0,0.0,1.0,0.0,1.0,0.0,1.0,0.0,0.0,2.0,1.0,18.0,0.16666666666666666,3.0,1431,20,2.9100740080100342,2.9891000000000014,242.27399999999997,0.0,2.0,3.0,3.0,1.0,CC1=CC2C(=C(C(=O)O)O1)CCc1ccccc12,0.0,46.53
0.0,0.3333333333333333,1.0,22.0,0.0,15.0,0.0,3.0,17,28,17,8,,1,,2,False,0.6071428571428571,0.0,0.0,0.4,1.0,1.0,0.0,1.0,0.0,1.0,0.0,1.0,1.0,0.0,5.0,2.0,20.0,0.25,5.0,1432,17,11.830743762464888,0.8795999999999999,274.32000000000005,2.0,2.0,3.0,3.0,7.0,CCNCCNCC1(c2ccccc2)OC(=O)C2=C1O2,0.0,62.89
0.0,0.6666666666666666,2.0,24.0,0.0,18.0,0.0,3.0,22,30,22,5,,2,,1,False,0.7333333333333333,0.0,0.0,0.2222222222222222,0.0,0.0,0.0,1.0,0.0,0.0,0.0,1.0,0.0,0.0,4.0,3.0,22.0,0.18181818181818182,4.0,1433,22,3.518203972004849,3.6324000000000014,297.35400000000004,1.0,1.0,3.0,3.0,4.0,COc1cccc(C2=C(O)CC(NO)(c3ccccc3)C2)c1,0.0,61.72
0.0,0.3333333333333333,1.0,25.0,0.0,14.0,0.0,3.0,23,38,25,10,,1,,2,False,0.6052631578947368,0.0,0.0,0.42857142857142855,1.0,0.0,0.0,1.0,0.0,1.0,0.0,1.0,0.0,0.0,8.0,5.0,23.0,0.391304347826087,9.0,1434,23,3.044573791409567,-0.9209999999999989,320.353,6.0,2.0,3.0,3.0,7.0,OCCNCC1=CCC2=C(NC(CO)N=C2)N1Oc1cc[nH]n1,0.0,118.02999999999999
0.0,0.5,1.0,15.0,0.0,8.0,0.0,2.0,20,27,21,4,,1,,1,False,0.7407407407407407,0.0,0.0,0.375,0.0,0.0,0.0,1.0,0.0,0.0,0.0,1.0,0.0,0.0,4.0,2.0,14.0,0.42857142857142855,6.0,1435,20,2.885672280458725,-1.0182999999999995,194.19400000000005,4.0,1.0,2.0,2.0,1.0,O=C1CNCCN1C(=O)c1cnc[nH]1,0.0,78.09
0.0,0.6666666666666666,2.0,22.0,0.0,16.0,0.0,3.0,20,33,22,7,1,,,3,False,0.6060606060606061,1.0,0.0,0.25,1.0,0.0,0.0,1.0,0.0,1.0,0.0,1.0,0.0,0.0,3.0,1.0,20.0,0.2,4.0,1436,20,2.885580798523768,3.0302000000000016,269.32300000000004,3.0,1.0,0.0,3.0,2.0,CC1=NN=C(CN)c2c(ccc3ccccc23)C1CF,0.0,50.739999999999995
0.0,1.0,1.0,21.0,0.0,17.0,0.0,1.0,15,31,15,15,,,,1,False,0.4838709677419355,0.0,0.0,0.4117647058823529,0.0,0.0,0.0,1.0,0.0,0.0,0.0,1.0,0.0,0.0,4.0,1.0,21.0,0.19047619047619047,4.0,1437,15,2.2909745354154443,3.7993700000000024,289.37499999999994,1.0,0.0,3.0,1.0,10.0,COc1ccc(OCCCCCC=CC(=O)C(C)=N)cc1,0.0,59.38
0.0,0.6666666666666666,2.0,21.0,0.0,14.0,0.0,3.0,22,31,22,5,1,1,,2,False,0.7419354838709677,0.0,0.0,0.35714285714285715,1.0,0.0,0.0,1.0,0.0,1.0,0.0,1.0,0.0,0.0,4.0,3.0,19.0,0.2631578947368421,5.0,1438,22,2.8288774858001076,1.8711199999999997,259.309,3.0,1.0,2.0,3.0,3.0,COC(C1=NCCN1)c1[nH]c2cc(O)ccc2c1C,0.0,69.64
0.0,1.0,1.0,14.0,0.0,11.0,0.0,1.0,19,28,19,8,,,,1,False,0.6785714285714286,0.0,0.0,0.2727272727272727,0.0,0.0,0.0,1.0,0.0,0.0,0.0,1.0,0.0,0.0,3.0,2.0,14.0,0.21428571428571427,3.0,1439,19,2.5362236441974146,1.8359999999999996,191.22999999999996,1.0,0.0,2.0,1.0,3.0,CC#CCNc1ccc(OC)c(O)c1,0.0,41.489999999999995
0.0,0.0,0.0,21.0,0.0,14.0,0.0,3.0,12,24,14,7,,1,,2,False,0.5,0.0,0.0,0.7857142857142857,1.0,0.0,0.0,0.0,0.0,1.0,0.0,1.0,0.0,0.0,5.0,1.0,19.0,0.2631578947368421,5.0,1440,12,2.895491537362314,0.16680000000000006,266.34099999999995,2.0,3.0,3.0,3.0,3.0,C=CC(=O)C1(C2NCC3OCOC32)CCCN(C)C1,0.0,50.800000000000004
0.0,1.0,2.0,21.0,0.0,15.0,0.0,2.0,14,24,14,8,,1,,1,False,0.5833333333333334,1.0,0.0,0.26666666666666666,0.0,0.0,0.0,1.0,0.0,0.0,0.0,1.0,0.0,0.0,4.0,1.0,20.0,0.25,5.0,1441,14,2.359275396005033,2.397900000000001,276.311,2.0,0.0,2.0,2.0,7.0,COc1cc(F)cc(OCCNCc2cccnc2)c1,0.0,43.38
0.0,1.0,3.0,22.0,0.0,14.0,0.0,3.0,21,31,22,6,,1,,2,False,0.6774193548387096,0.0,0.0,0.14285714285714285,1.0,0.0,0.0,1.0,0.0,1.0,0.0,1.0,0.0,0.0,5.0,2.0,20.0,0.3,6.0,1442,21,3.0088171076936643,1.78112,269.30800000000005,5.0,0.0,1.0,3.0,3.0,Cc1c(N)nn2c(N)c(COc3ccccc3)ncc12,0.0,91.46
0.0,1.0,2.0,20.0,0.0,14.0,0.0,2.0,21,30,21,7,,1,,1,False,0.7,0.0,0.0,0.07142857142857142,0.0,0.0,0.0,1.0,0.0,0.0,0.0,1.0,0.0,0.0,4.0,2.0,19.0,0.2631578947368421,5.0,1443,21,2.20183877887944,1.9766,256.26099999999997,2.0,0.0,3.0,2.0,3.0,CC(=O)Nc1cccc(C(=O)c2ccccn2)c1O,0.0,79.29
0.0,0.25,1.0,24.0,0.0,14.0,0.0,4.0,23,31,23,3,1,1,,3,False,0.7741935483870968,1.0,0.0,0.35714285714285715,2.0,0.0,0.0,1.0,0.0,1.0,0.0,1.0,0.0,0.0,5.0,1.0,21.0,0.3333333333333333,7.0,1444,23,2.584428954681771,0.5873999999999999,289.26599999999996,3.0,3.0,3.0,4.0,1.0,O=C1C2=NC=NC2CN1c1ccc2c(c1F)CCOC2O,0.0,74.49000000000001
0.0,0.8,4.0,23.0,4.0,10.0,0.0,5.0,21,27,21,1,,,,5,False,0.7777777777777778,0.0,0.0,0.0,1.0,0.0,0.0,1.0,1.0,1.0,0.0,1.0,0.0,0.0,7.0,1.0,19.0,0.47368421052631576,9.0,1445,21,1.5946327474616595,-0.5206000000000002,251.21300000000002,9.0,1.0,0.0,5.0,0.0,NC1=CC=Cc2nc3c4c5nnn(n5)c4nc1n3n2,0.0,112.17999999999999
0.0,0.25,1.0,25.0,2.0,18.0,0.0,4.0,22,30,22,4,,,,4,False,0.7333333333333333,0.0,0.0,0.4444444444444444,1.0,0.0,0.0,1.0,1.0,1.0,0.0,1.0,0.0,0.0,4.0,3.0,22.0,0.18181818181818182,4.0,1446,22,4.8877058631699155,1.7248999999999994,299.37000000000006,1.0,3.0,3.0,4.0,1.0,COc1ccc2cc1C1=C(C=C2)CC2(O)CNCCC2(O)C1,0.0,61.72
0.0,0.5,1.0,23.0,0.0,17.0,0.0,2.0,23,34,23,9,,1,,1,False,0.6764705882352942,0.0,0.0,0.5882352941176471,0.0,0.0,0.0,1.0,0.0,0.0,0.0,1.0,0.0,0.0,4.0,2.0,22.0,0.22727272727272727,5.0,1447,23,3.3574228690294547,3.1450000000000014,305.42200000000014,3.0,1.0,2.0,2.0,6.0,CCC1CCC(=O)N(CNc2ccc(NC)c(OC)c2)CC1,0.0,53.60000000000001
0.0,0.5,1.0,16.0,0.0,10.0,0.0,2.0,23,34,25,7,,1,,1,False,0.6764705882352942,0.0,0.0,0.7,0.0,0.0,0.0,1.0,0.0,0.0,0.0,1.0,0.0,0.0,4.0,3.0,15.0,0.3333333333333333,5.0,1448,23,9.233357123479031,0.9871999999999996,209.29699999999997,5.0,1.0,0.0,2.0,4.0,CCN(c1nc[nH]c1NC)C1CCCN1,0.0,55.980000000000004
0.0,0.75,3.0,24.0,0.0,20.0,0.0,4.0,22,27,22,1,,2,,2,False,0.8148148148148148,0.0,0.0,0.0,1.0,0.0,1.0,1.0,0.0,1.0,0.0,1.0,1.0,0.0,1.0,0.0,21.0,0.047619047619047616,1.0,1449,22,2.6878694306437168,5.381200000000004,270.3310000000001,0.0,1.0,1.0,4.0,3.0,C1=C(c2ccc(Oc3ccccc3)cc2)c2ccccc21,0.0,9.23
0.0,1.0,1.0,22.0,0.0,17.0,0.0,1.0,17,34,17,16,,,,1,False,0.5,0.0,0.0,0.35294117647058826,0.0,0.0,0.0,1.0,0.0,0.0,0.0,1.0,0.0,0.0,4.0,1.0,22.0,0.22727272727272727,5.0,1450,17,3.933411841175776,2.62782,303.358,1.0,0.0,4.0,1.0,3.0,CCC(C)=C(C)c1cc(C)cc(C(=O)NC(=O)C(=O)OC)c1,0.0,72.47
0.0,0.5,2.0,23.0,0.0,14.0,0.0,4.0,17,28,19,5,,,,4,False,0.6071428571428571,0.0,0.0,0.42857142857142855,1.0,0.0,0.0,1.0,0.0,1.0,0.0,1.0,0.0,0.0,4.0,2.0,20.0,0.3,6.0,1451,17,2.123446429379087,1.7586,271.32400000000007,5.0,2.0,1.0,4.0,1.0,COc1[nH]nc2c1nc1n2NC2C=CC=CC2(C)CC1,0.0,67.75999999999999
0.0,0.5,2.0,22.0,0.0,14.0,0.0,4.0,21,28,21,3,,,,4,False,0.75,0.0,0.0,0.21428571428571427,1.0,0.0,0.0,1.0,0.0,1.0,0.0,1.0,0.0,0.0,5.0,1.0,19.0,0.2631578947368421,5.0,1452,21,4.702710814787966,2.7357200000000006,255.277,3.0,2.0,2.0,4.0,1.0,COc1cc(C)cc2c1CC1=Cc3oncc3NN12,0.0,50.53000000000001
0.0,0.25,1.0,24.0,0.0,15.0,0.0,4.0,22,29,23,1,1,1,,3,False,0.7586206896551724,0.0,0.0,0.4666666666666667,1.0,0.0,0.0,1.0,0.0,1.0,0.0,1.0,0.0,1.0,5.0,2.0,21.0,0.2857142857142857,6.0,1453,22,2.3501489860081906,1.2308999999999999,285.351,5.0,3.0,1.0,4.0,1.0,C1=Cn2nc(C3=CC4(CCCNCC4)NN=C3)cc2OC1,1.0,63.47
0.0,0.0,0.0,24.0,0.0,17.0,0.0,3.0,23,37,24,10,,,,3,False,0.6216216216216216,0.0,0.0,0.4117647058823529,1.0,0.0,0.0,0.0,0.0,1.0,0.0,1.0,0.0,0.0,5.0,4.0,22.0,0.22727272727272727,5.0,1454,23,2.985213325206232,2.0789999999999997,300.406,4.0,3.0,1.0,3.0,3.0,CCC=CC1=C2C(N)=CC=C(C)N2C(C)(NO)C2NC=CC12,0.0,73.55
0.0,1.0,2.0,19.0,0.0,14.0,0.0,2.0,22,30,22,6,,1,,1,False,0.7333333333333333,0.0,0.0,0.2857142857142857,0.0,0.0,0.0,1.0,0.0,0.0,0.0,1.0,0.0,0.0,4.0,0.0,18.0,0.2222222222222222,4.0,1455,22,3.1139192098307786,2.2445000000000004,244.29400000000004,2.0,0.0,2.0,2.0,6.0,COc1cc(CCOCc2ccccc2)ncn1,0.0,44.24
0.0,1.0,3.0,20.0,0.0,13.0,0.0,3.0,18,33,23,7,,1,,2,False,0.5454545454545454,0.0,0.0,0.07692307692307693,1.0,0.0,0.0,1.0,0.0,1.0,0.0,1.0,0.0,0.0,5.0,0.0,18.0,0.2777777777777778,5.0,1456,18,4.177690033744812,2.1876999999999995,237.266,5.0,0.0,0.0,3.0,2.0,CN(c1ccc2cncnc2c1)c1ccncn1,0.0,54.800000000000004
0.0,0.4,2.0,26.0,2.0,16.0,0.0,5.0,22,31,23,3,,1,,4,False,0.7096774193548387,0.0,0.0,0.25,1.0,0.0,0.0,1.0,1.0,1.0,0.0,1.0,0.0,1.0,5.0,2.0,22.0,0.2727272727272727,6.0,1457,22,3.0103963138657748,0.9752999999999998,295.29800000000006,3.0,3.0,3.0,5.0,1.0,OC1C23N=CC=C2c2ccccc2C1(c1ccn(O)n1)CO3,1.0,79.87
0.0,0.5,2.0,20.0,0.0,14.0,0.0,4.0,18,24,19,1,,,,4,False,0.75,0.0,0.0,0.21428571428571427,1.0,0.0,0.0,1.0,0.0,1.0,0.0,1.0,0.0,0.0,2.0,1.0,17.0,0.17647058823529413,3.0,1458,18,3.382318723592442,3.1457000000000015,224.26299999999995,2.0,2.0,1.0,4.0,0.0,C1=Cc2cc3[nH]ncc3c3c2C(=CC1)CCO3,0.0,37.91
0.0,0.0,0.0,20.0,0.0,15.0,0.0,2.0,23,34,24,8,,1,,1,False,0.6764705882352942,0.0,0.0,0.8666666666666667,0.0,0.0,0.0,0.0,0.0,0.0,0.0,1.0,0.0,0.0,4.0,2.0,19.0,0.21052631578947367,4.0,1459,23,3.9259157628731516,1.4871999999999999,269.385,1.0,2.0,3.0,2.0,4.0,CCOC1CCC(C)(OC)C(C2=CCNCC2)C1O,0.0,50.72
0.0,1.0,1.0,14.0,0.0,10.0,0.0,1.0,23,42,28,13,,,,1,False,0.5476190476190477,0.0,0.0,0.4,0.0,0.0,0.0,1.0,0.0,0.0,0.0,1.0,0.0,0.0,4.0,0.0,14.0,0.2857142857142857,4.0,1460,23,3.2020311616021617,1.7209999999999999,198.218,0.0,0.0,4.0,1.0,4.0,COc1cc(OC)c(OC)c(OC)c1,0.0,36.92
0.0,0.5,2.0,22.0,2.0,11.0,0.0,4.0,17,30,20,6,,,,4,False,0.5666666666666667,0.0,0.0,0.36363636363636365,1.0,0.0,0.0,1.0,1.0,1.0,0.0,1.0,0.0,0.0,8.0,2.0,19.0,0.42105263157894735,8.0,1461,17,2.4138969384169835,0.00599999999999945,259.273,7.0,2.0,1.0,4.0,1.0,CN1C2COCN1c1cc3nc(NN)ncc3nc12,0.0,92.43
0.0,0.0,0.0,24.0,0.0,16.0,0.0,3.0,23,33,23,7,,1,,2,False,0.696969696969697,0.0,0.0,0.75,0.0,0.0,0.0,0.0,0.0,0.0,0.0,1.0,0.0,1.0,6.0,4.0,22.0,0.2727272727272727,6.0,1462,23,4.035573932352972,0.012100000000001276,310.39399999999995,2.0,3.0,4.0,3.0,3.0,COC1C(OC=C2CC(N)=CCC23CCNC3)CC(O)C1O,1.0,96.97000000000001
0.0,1.0,1.0,18.0,0.0,14.0,0.0,1.0,21,34,21,12,,,,1,False,0.6176470588235294,0.0,0.0,0.5,0.0,0.0,0.0,1.0,0.0,0.0,0.0,1.0,0.0,0.0,3.0,2.0,18.0,0.2222222222222222,4.0,1463,21,2.8690368805135207,2.1348000000000003,250.342,2.0,0.0,2.0,1.0,7.0,CC(=O)NCCCCCN(C)c1cccc(O)c1,0.0,52.57000000000001
0.0,1.0,1.0,19.0,0.0,12.0,0.0,1.0,17,31,17,13,,,,1,False,0.5483870967741935,0.0,0.0,0.5,0.0,0.0,0.0,1.0,0.0,0.0,0.0,1.0,0.0,0.0,6.0,3.0,19.0,0.3684210526315789,7.0,1464,17,3.655310909849564,0.43580000000000035,268.31699999999995,4.0,0.0,3.0,1.0,8.0,COc1cc(NCCOCCN)nc(NC(C)=O)c1,0.0,98.5
0.0,0.6666666666666666,2.0,23.0,0.0,19.0,0.0,3.0,18,33,20,10,,1,,2,False,0.5454545454545454,0.0,0.0,0.2631578947368421,1.0,1.0,0.0,1.0,0.0,1.0,0.0,1.0,1.0,0.0,2.0,1.0,21.0,0.09523809523809523,2.0,1465,18,2.4588070028829874,4.861000000000004,279.38300000000004,1.0,1.0,1.0,3.0,6.0,CC(CCc1ccccc1)=C(C)ONc1ccc2c(c1)C2,0.0,21.259999999999998
0.0,0.5,1.0,16.0,0.0,12.0,0.0,2.0,22,28,22,4,,1,,1,False,0.7857142857142857,0.0,0.0,0.4166666666666667,0.0,0.0,0.0,1.0,0.0,0.0,0.0,1.0,0.0,0.0,3.0,0.0,15.0,0.2,3.0,1466,22,2.9102677045872256,1.8644999999999998,205.25699999999992,1.0,1.0,2.0,2.0,4.0,O=CCOc1ccccc1N1CCCC1,0.0,29.54
0.0,0.3333333333333333,1.0,20.0,2.0,14.0,0.0,3.0,17,25,17,4,1,1,,2,False,0.72,0.0,0.0,0.42857142857142855,1.0,0.0,0.0,1.0,1.0,1.0,0.0,1.0,0.0,0.0,3.0,1.0,18.0,0.2222222222222222,4.0,1467,17,1.436197298005985,2.0892,242.32600000000002,4.0,2.0,0.0,3.0,2.0,CC=CC1=CC2NC(C)(C=N1)CC2n1ccnc1,0.0,42.21
0.0,1.0,3.0,22.0,0.0,19.0,0.0,3.0,18,25,18,4,,1,,2,False,0.72,0.0,0.0,0.10526315789473684,1.0,0.0,0.0,1.0,0.0,1.0,0.0,1.0,0.0,0.0,1.0,1.0,20.0,0.05,1.0,1468,18,5.375062996665287,4.818370000000003,259.35200000000003,1.0,0.0,0.0,3.0,3.0,CCc1cccc2ccc(C(=N)c3ccccc3)cc12,0.0,23.85
0.0,0.5,1.0,14.0,0.0,11.0,0.0,2.0,20,23,20,1,,1,,1,False,0.8695652173913043,0.0,0.0,0.18181818181818182,0.0,0.0,0.0,1.0,0.0,0.0,0.0,1.0,0.0,0.0,2.0,0.0,13.0,0.15384615384615385,2.0,1469,20,3.383574443842914,2.3570200000000003,172.23100000000002,2.0,1.0,0.0,2.0,1.0,Cc1ccc(N2C=NC=CC2)cc1,0.0,15.6
0.0,0.25,1.0,24.0,0.0,15.0,0.0,4.0,23,31,24,3,,1,,3,False,0.7419354838709677,0.0,0.0,0.4666666666666667,1.0,0.0,0.0,1.0,0.0,1.0,0.0,1.0,0.0,0.0,6.0,4.0,21.0,0.2857142857142857,6.0,1470,23,3.072894462281988,0.21690000000000015,289.33500000000004,3.0,3.0,3.0,4.0,1.0,OC1=C(C2COCC2O)c2ccccc2N2NCCNC12,0.0,76.99
0.0,0.6666666666666666,2.0,25.0,0.0,20.0,0.0,3.0,23,30,24,3,,1,,2,False,0.7666666666666667,0.0,0.0,0.45,1.0,0.0,0.0,1.0,0.0,1.0,1.0,1.0,0.0,0.0,2.0,1.0,23.0,0.13043478260869565,3.0,1471,23,1.9066456605227886,3.1452000000000018,310.44100000000003,2.0,1.0,1.0,3.0,2.0,O=c1c(Cc2ccccc2)ccc2n1CCCCCNCCC2,0.0,34.03
0.0,0.5,1.0,22.0,0.0,14.0,0.0,2.0,17,32,18,12,,1,,1,False,0.53125,0.0,0.0,0.8571428571428571,0.0,0.0,0.0,1.0,0.0,0.0,0.0,1.0,0.0,0.0,7.0,1.0,21.0,0.3333333333333333,7.0,1472,17,2.8192016082620333,0.8421999999999996,298.387,4.0,1.0,3.0,2.0,9.0,CCOCCCN(C)Cc1nc(CN2CCCC2O)no1,0.0,74.86
0.0,0.3333333333333333,1.0,22.0,0.0,18.0,0.0,3.0,12,25,13,8,1,1,,2,False,0.48,0.0,0.0,0.2777777777777778,1.0,0.0,1.0,1.0,0.0,1.0,0.0,1.0,1.0,0.0,2.0,0.0,20.0,0.1,2.0,1473,12,1.9134703837145048,3.8391000000000037,265.35599999999994,1.0,2.0,1.0,3.0,4.0,C=Cc1ccc(C=CN2CCCC2)c2c1C=C2C(C)=O,0.0,20.310000000000002
0.0,0.75,3.0,24.0,0.0,18.0,0.0,4.0,17,26,18,4,,1,,3,False,0.6538461538461539,0.0,0.0,0.2777777777777778,1.0,0.0,0.0,1.0,0.0,1.0,0.0,1.0,0.0,0.0,3.0,1.0,21.0,0.14285714285714285,3.0,1474,17,2.374632557276887,4.489600000000003,278.35499999999996,2.0,1.0,1.0,4.0,3.0,CC(Nc1nc2cc3c(cc2o1)CCC3)c1ccccc1,0.0,38.06
0.0,0.16666666666666666,1.0,27.0,0.0,19.0,0.0,6.0,23,29,23,,,,,6,False,0.7931034482758621,0.0,0.0,0.2631578947368421,1.0,0.0,1.0,1.0,0.0,1.0,0.0,1.0,1.0,1.0,3.0,0.0,22.0,0.13636363636363635,3.0,1475,23,3.320393112913188,3.2222000000000017,287.366,3.0,5.0,0.0,6.0,0.0,C1=CC2C(C=C1)C13C=CN4Cc5ccccc5N(C=CC21)N43,1.0,9.72
0.0,0.5,1.0,20.0,0.0,15.0,0.0,2.0,18,30,19,9,,1,,1,False,0.6,0.0,0.0,0.4,0.0,0.0,0.0,1.0,0.0,0.0,0.0,1.0,0.0,0.0,4.0,1.0,19.0,0.21052631578947367,4.0,1476,18,3.2626823637285116,2.1766,258.32099999999997,2.0,1.0,2.0,2.0,2.0,CC(C)=C(C)C1=CC(=O)C(c2ccncn2)C1(C)O,0.0,63.08
0.0,0.3333333333333333,1.0,24.0,0.0,17.0,0.0,3.0,19,27,19,5,,1,,2,False,0.7037037037037037,0.0,0.0,0.4117647058823529,1.0,0.0,0.0,1.0,0.0,1.0,0.0,1.0,0.0,0.0,5.0,2.0,22.0,0.22727272727272727,5.0,1477,19,1.5312406159188525,1.9528999999999996,302.3740000000001,2.0,2.0,3.0,3.0,3.0,COc1cccc(OC2=C(C)NCC3=C2C(N)COCC3)c1,0.0,65.74000000000001
0.0,0.6666666666666666,2.0,20.0,0.0,12.0,0.0,3.0,22,28,22,3,,1,,2,False,0.7857142857142857,0.0,0.0,0.25,1.0,0.0,0.0,1.0,0.0,1.0,0.0,1.0,0.0,0.0,6.0,1.0,18.0,0.3333333333333333,6.0,1478,22,3.68853569675191,1.6892,243.27,5.0,1.0,1.0,3.0,2.0,CCN1C=Nc2cc(-c3cnon3)ccc2C1N,0.0,80.54
0.0,0.5,1.0,22.0,0.0,14.0,0.0,2.0,16,27,16,9,,1,,1,False,0.5925925925925926,2.0,0.0,0.5,0.0,0.0,0.0,1.0,0.0,0.0,0.0,1.0,0.0,0.0,5.0,2.0,21.0,0.3333333333333333,7.0,1479,16,3.062718894176545,1.47038,296.32099999999997,4.0,1.0,1.0,2.0,5.0,COCCN(c1cccc(C#N)c1)C1NCCC(F)(F)N1,0.0,60.32
0.0,0.0,0.0,23.0,2.0,19.0,0.0,3.0,18,31,19,9,,,,3,False,0.5806451612903226,0.0,0.0,0.8421052631578947,1.0,0.0,0.0,0.0,1.0,1.0,0.0,1.0,0.0,0.0,2.0,0.0,21.0,0.09523809523809523,2.0,1480,18,2.1057444478456055,5.010900000000006,288.47900000000004,2.0,3.0,0.0,3.0,6.0,CCCCCCC(C)C1=NC2=CN(C1)CC1CCCCC21,0.0,15.6
0.0,1.0,2.0,22.0,0.0,18.0,0.0,2.0,18,32,18,12,,,,2,False,0.5625,0.0,0.0,0.5555555555555556,1.0,0.0,0.0,1.0,0.0,1.0,0.0,1.0,0.0,0.0,2.0,1.0,21.0,0.14285714285714285,3.0,1481,18,3.4647857051280346,4.184200000000003,288.43500000000006,2.0,0.0,1.0,2.0,7.0,CCN(CC)CCc1[nH]c2cc(OC)ccc2c1C(C)C,0.0,28.26
0.0,0.0,0.0,23.0,4.0,15.0,0.0,4.0,18,28,20,4,,,,4,False,0.6428571428571429,0.0,0.0,0.5333333333333333,1.0,0.0,0.0,0.0,1.0,1.0,0.0,1.0,0.0,1.0,5.0,2.0,20.0,0.25,5.0,1482,18,2.478863245134095,1.0521,273.336,3.0,4.0,2.0,4.0,0.0,CC1C2=COC34CCNC(C=CCO3)C14C=CC(N)=N2,1.0,68.87
0.0,0.5,1.0,16.0,0.0,12.0,0.0,2.0,23,29,23,4,,1,,1,False,0.7931034482758621,0.0,0.0,0.4166666666666667,0.0,0.0,0.0,1.0,0.0,0.0,0.0,1.0,0.0,0.0,3.0,1.0,15.0,0.2,3.0,1483,23,2.178096940650311,1.5729,204.27299999999997,2.0,1.0,1.0,2.0,4.0,CCOCc1ccccc1C1=NCCN1,0.0,33.62
0.0,0.5,1.0,14.0,0.0,8.0,0.0,2.0,16,23,17,4,,1,,1,False,0.6956521739130435,0.0,0.0,0.625,0.0,0.0,0.0,1.0,0.0,0.0,0.0,1.0,0.0,0.0,4.0,3.0,13.0,0.38461538461538464,5.0,1484,16,2.6610339385848114,-1.4651999999999992,183.21099999999998,3.0,1.0,2.0,2.0,2.0,OCC1(n2ccnc2)CNCC1O,0.0,70.31
0.0,0.4,2.0,27.0,0.0,17.0,0.0,5.0,19,26,19,2,,,,5,False,0.7307692307692307,0.0,0.0,0.4117647058823529,1.0,0.0,0.0,1.0,0.0,1.0,0.0,1.0,0.0,0.0,5.0,3.0,23.0,0.2608695652173913,6.0,1485,19,2.606779825752805,0.39440000000000075,309.373,5.0,3.0,1.0,5.0,0.0,NC1NCC2=C1n1cnnc1CC1(O)CCc3ccccc3C21,0.0,88.99
0.0,0.3333333333333333,1.0,17.0,0.0,11.0,0.0,3.0,18,24,18,3,,1,,2,False,0.75,0.0,0.0,0.45454545454545453,1.0,1.0,0.0,1.0,0.0,1.0,0.0,1.0,1.0,0.0,3.0,1.0,15.0,0.26666666666666666,4.0,1486,18,3.79591060155858,1.2485,203.24499999999995,3.0,2.0,1.0,3.0,3.0,O=CNc1cccc(N2CCC3CC32)n1,0.0,45.230000000000004
0.0,0.75,3.0,25.0,0.0,17.0,0.0,4.0,23,29,23,2,,1,,3,False,0.7931034482758621,0.0,0.0,0.17647058823529413,1.0,0.0,0.0,1.0,0.0,1.0,0.0,1.0,0.0,0.0,5.0,1.0,22.0,0.22727272727272727,5.0,1487,23,2.8473903690947266,3.0154000000000005,293.3260000000001,3.0,1.0,2.0,4.0,2.0,COc1ccc2c(c1)-c1c(-c3cccnc3)noc1CNC2,0.0,60.18000000000001
0.0,1.0,1.0,16.0,0.0,11.0,0.0,1.0,22,33,22,10,,,,1,False,0.6666666666666666,1.0,0.0,0.36363636363636365,0.0,0.0,0.0,1.0,0.0,0.0,0.0,1.0,0.0,0.0,3.0,2.0,16.0,0.3125,5.0,1488,22,3.29245357913316,1.3822999999999996,226.25099999999998,2.0,0.0,2.0,1.0,5.0,CCNC(=O)CNc1cccc(OC)c1F,0.0,50.36
0.0,0.6666666666666666,2.0,23.0,0.0,16.0,0.0,3.0,21,30,21,5,1,2,,1,False,0.7333333333333333,0.0,0.0,0.375,0.0,0.0,0.0,1.0,0.0,0.0,0.0,1.0,0.0,0.0,4.0,2.0,21.0,0.23809523809523808,5.0,1489,21,2.7446655113763208,2.2290200000000002,283.379,5.0,1.0,0.0,3.0,5.0,Cc1nnc(C2CCCN2)n1CNC=Cc1ccccc1,0.0,54.77
0.0,0.0,0.0,8.0,0.0,4.0,0.0,2.0,18,25,20,3,,,,2,False,0.72,0.0,0.0,0.5,1.0,1.0,0.0,0.0,0.0,1.0,0.0,1.0,1.0,0.0,3.0,1.0,7.0,0.42857142857142855,3.0,1490,18,2.276267291384583,0.1424999999999999,100.073,0.0,2.0,3.0,2.0,0.0,OC1=C2OC2OC1,0.0,41.989999999999995
0.0,0.3333333333333333,1.0,26.0,0.0,19.0,0.0,3.0,13,30,14,13,,1,,2,False,0.43333333333333335,0.0,0.0,0.631578947368421,1.0,0.0,1.0,1.0,0.0,1.0,0.0,1.0,1.0,0.0,5.0,2.0,24.0,0.20833333333333334,5.0,1491,13,3.497598034076684,1.819899999999999,332.4440000000002,2.0,2.0,3.0,3.0,7.0,COC(=O)CNC1(c2ccccc2)C(NC(C)C)C2CCC21OC,0.0,59.59
0.0,0.6666666666666666,2.0,19.0,0.0,14.0,0.0,3.0,19,26,20,3,,1,,2,False,0.7307692307692307,1.0,0.0,0.07142857142857142,1.0,0.0,0.0,1.0,0.0,1.0,0.0,1.0,0.0,0.0,2.0,0.0,17.0,0.17647058823529413,3.0,1492,19,7.238395396774839,3.142100000000002,228.22199999999998,0.0,1.0,2.0,3.0,1.0,O=C1c2ccccc2OC1c1cccc(F)c1,0.0,26.3
0.0,1.0,2.0,21.0,0.0,12.0,0.0,2.0,23,34,23,9,,1,,1,False,0.6764705882352942,0.0,0.0,0.16666666666666666,0.0,0.0,0.0,1.0,0.0,0.0,0.0,1.0,0.0,0.0,6.0,4.0,20.0,0.4,8.0,1493,23,5.102144027039669,1.3218199999999993,274.284,6.0,0.0,2.0,2.0,4.0,CC(=Cc1cc(Nc2cc(C)nc(N)n2)[nH]n1)C(=O)O,0.0,129.81
0.0,0.0,0.0,8.0,0.0,8.0,0.0,1.0,18,28,21,6,,,,1,False,0.6428571428571429,0.0,0.0,1.0,0.0,0.0,0.0,0.0,0.0,0.0,0.0,1.0,0.0,0.0,0.0,0.0,8.0,0.0,0.0,1494,18,3.446863416192636,2.832600000000001,112.216,0.0,1.0,0.0,1.0,1.0,CCC1CCCC1C,0.0,0.0
0.0,1.0,2.0,17.0,0.0,12.0,0.0,2.0,17,30,22,6,,1,,1,False,0.5666666666666667,0.0,0.0,0.3333333333333333,0.0,0.0,0.0,1.0,0.0,0.0,0.0,1.0,0.0,0.0,4.0,0.0,16.0,0.25,4.0,1495,17,3.3509846609897953,2.4865000000000004,218.256,2.0,0.0,2.0,2.0,4.0,COCC(C)c1cccc(-c2ncon2)c1,0.0,48.150000000000006
0.0,1.0,1.0,16.0,0.0,11.0,0.0,1.0,21,32,21,10,,,,1,False,0.65625,0.0,0.0,0.2727272727272727,0.0,0.0,0.0,1.0,0.0,0.0,0.0,1.0,0.0,0.0,5.0,2.0,16.0,0.3125,5.0,1496,21,2.849310796129693,0.8457000000000001,222.24399999999994,2.0,0.0,3.0,1.0,5.0,C#COc1ccc(OCCOC)c(N)c1N,0.0,79.73
0.0,1.0,2.0,22.0,0.0,16.0,0.0,2.0,21,36,23,11,,1,,1,False,0.5833333333333334,0.0,0.0,0.1875,0.0,0.0,0.0,1.0,0.0,0.0,0.0,1.0,0.0,0.0,5.0,2.0,21.0,0.23809523809523808,5.0,1497,21,2.7212394881926794,2.505900000000001,288.299,0.0,0.0,5.0,2.0,5.0,COc1cccc(O)c1CCOC(=O)c1ccccc1O,0.0,75.99
0.0,0.25,1.0,24.0,0.0,16.0,0.0,4.0,20,30,21,5,,1,,3,False,0.6666666666666666,0.0,0.0,0.5,2.0,0.0,0.0,1.0,0.0,1.0,0.0,1.0,0.0,0.0,4.0,1.0,21.0,0.23809523809523808,5.0,1498,20,3.0369022321049304,0.9582999999999999,287.315,1.0,3.0,4.0,4.0,1.0,CC1=C2C(CC(O)C2C2CCc3cccc(=O)n32)OC1=O,0.0,68.53
0.0,0.5,1.0,15.0,0.0,12.0,0.0,2.0,20,30,22,5,1,1,,1,False,0.6666666666666666,0.0,0.0,0.5,0.0,0.0,0.0,1.0,0.0,0.0,0.0,1.0,0.0,0.0,2.0,0.0,14.0,0.14285714285714285,2.0,1499,20,11.474238485980687,2.2910000000000004,191.27399999999997,1.0,1.0,1.0,2.0,3.0,COc1ccc(CN2CCCC2)cc1,0.0,12.47
0.0,0.0,0.0,13.0,0.0,9.0,0.0,1.0,21,32,23,8,,,,1,False,0.65625,0.0,0.0,0.5555555555555556,0.0,0.0,0.0,0.0,0.0,0.0,0.0,1.0,0.0,0.0,4.0,2.0,13.0,0.3076923076923077,4.0,1500,21,2.7383179903301356,1.0522,185.22299999999996,1.0,1.0,3.0,1.0,2.0,CC(O)=CC1C=C(C(C)N)COO1,0.0,64.71000000000001
0.0,1.0,2.0,12.0,0.0,8.0,0.0,2.0,23,28,23,2,1,,,2,False,0.8571428571428571,0.0,0.0,0.125,1.0,0.0,0.0,1.0,0.0,1.0,0.0,1.0,0.0,0.0,2.0,0.0,11.0,0.2727272727272727,3.0,1501,23,2.4692590637308696,1.3429,148.165,2.0,0.0,1.0,2.0,1.0,COc1cnn2cccc2c1,0.0,26.53
0.0,0.0,0.0,1.0,0.0,2.0,0.0,0.0,21,21,21,,,,,,False,1.0,0.0,0.0,1.0,0.0,0.0,0.0,0.0,0.0,0.0,0.0,0.0,0.0,0.0,0.0,0.0,2.0,0.0,0.0,1502,21,2.3556025802246627,1.0262,30.07,0.0,0.0,0.0,0.0,0.0,CC,0.0,0.0
0.0,0.6666666666666666,2.0,24.0,0.0,14.0,0.0,3.0,12,20,12,5,,1,,2,False,0.6,0.0,0.0,0.2857142857142857,1.0,0.0,0.0,1.0,0.0,1.0,0.0,1.0,0.0,0.0,8.0,3.0,22.0,0.36363636363636365,8.0,1503,12,2.653687645464285,0.7653,298.354,8.0,1.0,0.0,3.0,2.0,CNc1nc(N)ccc1-c1nc2c(nc1N)CCN=CN2C,0.0,118.33999999999999
0.0,0.5,1.0,18.0,0.0,12.0,0.0,2.0,19,29,20,6,1,1,,1,False,0.6551724137931034,0.0,0.0,0.4166666666666667,0.0,0.0,0.0,1.0,0.0,0.0,0.0,1.0,0.0,0.0,4.0,3.0,17.0,0.29411764705882354,5.0,1504,19,10.816640513614383,-0.5634000000000008,235.28699999999995,3.0,1.0,2.0,2.0,3.0,NC1C(=O)NC(c2ccccc2)CN1CCO,0.0,78.59
0.0,0.5,1.0,23.0,0.0,16.0,0.0,2.0,22,38,24,12,,1,,1,False,0.5789473684210527,1.0,0.0,0.625,0.0,0.0,0.0,1.0,0.0,0.0,0.0,1.0,0.0,0.0,5.0,1.0,22.0,0.2727272727272727,6.0,1505,22,2.9771569174923393,1.0500999999999996,311.401,3.0,1.0,2.0,2.0,8.0,COc1cccc(F)c1OCCNCCN1CCN(C)CC1,0.0,36.970000000000006
0.0,1.0,2.0,24.0,0.0,21.0,0.0,2.0,18,31,18,11,,1,,1,False,0.5806451612903226,0.0,0.0,0.38095238095238093,0.0,0.0,0.0,1.0,0.0,0.0,0.0,1.0,0.0,0.0,2.0,1.0,23.0,0.08695652173913043,2.0,1506,18,3.2079694553086013,4.825500000000004,310.437,0.0,0.0,2.0,2.0,8.0,CC(=O)CCC(CC(C)c1ccc(CO)cc1)c1ccccc1,0.0,37.3
0.0,1.0,3.0,25.0,0.0,16.0,0.0,3.0,21,31,21,7,,1,,2,False,0.6774193548387096,1.0,0.0,0.0625,1.0,0.0,0.0,1.0,0.0,1.0,0.0,1.0,0.0,0.0,5.0,1.0,23.0,0.30434782608695654,7.0,1507,21,4.3784659286932355,3.2680000000000007,314.27200000000005,2.0,0.0,4.0,3.0,4.0,COc1ccc2c(C(=O)O)cc(Oc3ccncc3)nc2c1F,0.0,81.54
0.0,1.0,1.0,13.0,0.0,11.0,0.0,1.0,16,24,16,7,,,,1,False,0.6666666666666666,0.0,0.0,0.36363636363636365,0.0,0.0,0.0,1.0,0.0,0.0,0.0,1.0,0.0,0.0,2.0,1.0,13.0,0.15384615384615385,2.0,1508,16,2.26465308672859,2.6261800000000006,174.24699999999996,2.0,0.0,0.0,1.0,3.0,CC(C)CNc1ccccc1C#N,0.0,35.82
0.0,0.5,1.0,14.0,0.0,10.0,0.0,2.0,16,21,16,3,,,,2,False,0.7619047619047619,0.0,0.0,0.4,1.0,0.0,0.0,1.0,0.0,1.0,0.0,1.0,0.0,0.0,3.0,1.0,13.0,0.23076923076923078,3.0,1509,16,2.5635696445436404,1.1921,178.23499999999999,2.0,1.0,1.0,2.0,1.0,COc1cccc2c1N(C)CNC2,0.0,24.5
0.0,0.3333333333333333,1.0,22.0,0.0,15.0,0.0,3.0,19,28,19,6,,2,,1,False,0.6785714285714286,1.0,0.0,0.5333333333333333,0.0,1.0,0.0,1.0,0.0,0.0,0.0,1.0,1.0,0.0,3.0,1.0,20.0,0.25,5.0,1510,19,2.8748674396272738,3.2475000000000014,278.32700000000006,2.0,2.0,2.0,3.0,4.0,CN=C1CCOC(C)=C1c1[nH]cc(CF)c1OC1CC1,0.0,46.61
0.0,0.5,1.0,19.0,0.0,9.0,0.0,2.0,21,31,21,8,,1,,1,False,0.6774193548387096,0.0,0.0,0.5555555555555556,0.0,0.0,0.0,1.0,0.0,0.0,0.0,1.0,0.0,0.0,8.0,2.0,18.0,0.5,9.0,1511,21,2.9766834185436157,-2.400299999999998,256.218,4.0,1.0,5.0,2.0,1.0,COC(=O)C(=O)N1CC(N)C(O)(c2ncno2)C1,0.0,131.78000000000003
0.0,0.6666666666666666,2.0,23.0,0.0,15.0,0.0,3.0,15,30,18,9,,2,,1,False,0.5,0.0,0.0,0.4,0.0,0.0,0.0,1.0,0.0,0.0,0.0,1.0,0.0,0.0,5.0,3.0,21.0,0.2857142857142857,6.0,1512,15,7.837298643299987,1.4365999999999997,289.335,3.0,1.0,3.0,3.0,7.0,OCCNCc1cc(Cc2cc(C3=CCCO3)c[nH]2)on1,0.0,83.30999999999999
0.0,0.6666666666666666,2.0,21.0,0.0,18.0,0.0,3.0,22,26,22,1,,,,3,False,0.8461538461538461,0.0,0.0,0.2222222222222222,1.0,0.0,0.0,1.0,0.0,1.0,1.0,1.0,0.0,0.0,1.0,1.0,19.0,0.05263157894736842,1.0,1513,22,2.083918022636532,4.798800000000003,250.34099999999995,0.0,1.0,1.0,3.0,0.0,Oc1cccc2c1-c1ccccc1CCCCC=C2,0.0,20.23
0.0,0.0,0.0,4.0,0.0,2.0,0.0,1.0,23,27,24,2,,,,1,False,0.8518518518518519,0.0,0.0,0.5,0.0,1.0,0.0,0.0,0.0,0.0,0.0,1.0,1.0,0.0,2.0,0.0,4.0,0.5,2.0,1514,23,2.0720222576226557,-0.4568,58.036,0.0,1.0,2.0,1.0,0.0,O=C1CO1,0.0,29.6
0.0,1.0,1.0,11.0,0.0,9.0,0.0,1.0,21,29,22,6,,,,1,False,0.7241379310344828,0.0,0.0,0.2222222222222222,0.0,0.0,0.0,1.0,0.0,0.0,0.0,1.0,0.0,0.0,1.0,1.0,11.0,0.18181818181818182,2.0,1515,21,3.100286867132645,1.4363000000000001,149.19299999999998,1.0,0.0,1.0,1.0,2.0,CCNC(=O)c1ccccc1,0.0,29.1
0.0,0.25,1.0,23.0,0.0,17.0,0.0,4.0,20,28,20,3,1,,,4,False,0.75,0.0,0.0,0.47058823529411764,1.0,0.0,0.0,1.0,0.0,1.0,0.0,1.0,0.0,0.0,2.0,1.0,20.0,0.15,3.0,1516,20,3.6939569498246274,2.1798,268.36,2.0,3.0,1.0,4.0,0.0,CC1=C(N)C2C3Cc4ccccc4C3C(=O)N2CCC1,0.0,46.330000000000005
0.0,0.5,1.0,21.0,0.0,14.0,0.0,2.0,20,40,25,13,,1,,1,False,0.5,1.0,0.0,0.5,0.0,0.0,0.0,1.0,0.0,0.0,0.0,1.0,0.0,0.0,4.0,1.0,20.0,0.3,6.0,1517,20,3.1807815459093507,2.1439000000000004,283.299,1.0,1.0,4.0,2.0,4.0,COc1cc(F)c(N2CCCC(C(=O)O)C2)c(OC)c1,0.0,59.0
0.0,0.0,0.0,28.0,7.0,20.0,0.0,5.0,22,32,23,4,,,,5,False,0.6875,0.0,0.0,0.7,1.0,0.0,0.0,0.0,1.0,1.0,0.0,1.0,0.0,0.0,4.0,3.0,24.0,0.16666666666666666,4.0,1518,22,2.8259863709594217,1.6012,327.47200000000004,3.0,6.0,1.0,6.0,1.0,NC1=C2C=CCC3CC2C2CNCCC4CC3CN(C(CO)=C1)C42,0.0,61.519999999999996
0.0,1.0,2.0,20.0,0.0,14.0,0.0,2.0,21,33,22,9,,1,,1,False,0.6363636363636364,0.0,0.0,0.0,0.0,0.0,0.0,1.0,0.0,0.0,0.0,1.0,0.0,0.0,4.0,2.0,19.0,0.2631578947368421,5.0,1519,21,2.703101526850113,2.4496000000000007,257.24499999999995,1.0,0.0,4.0,2.0,4.0,O=CC=Cc1cccc(NC(=O)c2ccoc2)c1O,0.0,79.54
0.0,0.6666666666666666,2.0,24.0,0.0,20.0,0.0,3.0,23,31,23,5,,2,,1,False,0.7419354838709677,0.0,0.0,0.5,0.0,0.0,0.0,1.0,0.0,0.0,0.0,1.0,0.0,0.0,2.0,0.0,22.0,0.09090909090909091,2.0,1520,23,3.18164471607331,5.034820000000004,294.44200000000006,2.0,1.0,0.0,3.0,4.0,Cc1cc(CC(C)C)nc(C2CCC(c3ccccc3)C2)n1,0.0,25.78
0.0,1.0,1.0,17.0,0.0,14.0,0.0,1.0,22,34,22,11,,,,1,False,0.6470588235294118,0.0,0.0,0.6428571428571429,0.0,0.0,0.0,1.0,0.0,0.0,0.0,1.0,0.0,0.0,3.0,0.0,17.0,0.17647058823529413,3.0,1521,22,3.373956811508719,3.0855000000000015,237.343,1.0,0.0,2.0,1.0,7.0,COCCCC(C)(C)Cc1ccc(OC)cn1,0.0,31.35
0.0,0.25,1.0,26.0,0.0,16.0,0.0,4.0,23,32,23,5,,1,,3,False,0.71875,0.0,0.0,0.3125,1.0,0.0,0.0,1.0,0.0,1.0,0.0,1.0,0.0,0.0,6.0,1.0,23.0,0.30434782608695654,7.0,1522,23,2.9694246476570467,0.8033000000000001,313.31300000000005,3.0,3.0,4.0,4.0,3.0,COc1cccc(ON2C3=NC(=O)C(O)C3C3C=CC=NC32)c1,0.0,83.72
0.0,0.6666666666666666,2.0,24.0,0.0,15.0,0.0,3.0,12,28,15,10,,1,,2,False,0.42857142857142855,0.0,0.0,0.26666666666666666,1.0,0.0,0.0,1.0,0.0,1.0,0.0,1.0,0.0,0.0,5.0,1.0,22.0,0.3181818181818182,7.0,1523,12,3.363034269968423,1.1088,301.3020000000001,3.0,1.0,4.0,3.0,4.0,COCN1C=C(c2cc(OC)cc3c(=O)[nH]cnc23)CC1=O,0.0,84.52000000000001
0.0,0.6666666666666666,2.0,19.0,0.0,14.0,0.0,3.0,23,27,23,1,,1,,2,False,0.8518518518518519,0.0,0.0,0.14285714285714285,1.0,0.0,0.0,1.0,0.0,1.0,0.0,1.0,0.0,0.0,3.0,0.0,17.0,0.17647058823529413,3.0,1524,23,3.1208090479078994,3.2623000000000015,228.24699999999999,0.0,1.0,3.0,3.0,1.0,CC1(c2ccccc2)OOc2ccccc2O1,0.0,27.69
0.0,0.0,0.0,24.0,6.0,14.0,0.0,4.0,21,31,22,5,,,,4,False,0.6774193548387096,0.0,0.0,1.0,1.0,0.0,0.0,0.0,1.0,1.0,0.0,1.0,0.0,0.0,7.0,2.0,21.0,0.3333333333333333,7.0,1525,21,4.278953102317033,-1.7972999999999957,300.355,2.0,4.0,5.0,4.0,2.0,COCC1N2CCOCC1(O)C1COCC3OCC(N1)C32,0.0,72.42000000000002
0.0,0.6666666666666666,2.0,24.0,0.0,17.0,0.0,3.0,20,29,21,5,,2,,1,False,0.6896551724137931,0.0,0.0,0.29411764705882354,0.0,0.0,0.0,1.0,0.0,0.0,0.0,1.0,0.0,0.0,5.0,1.0,22.0,0.22727272727272727,5.0,1526,20,2.297880148504861,3.5916000000000023,297.358,3.0,1.0,2.0,3.0,4.0,COc1cc(N=O)cc(C2NCCCN2c2ccccc2)c1,0.0,53.93
0.0,0.5,2.0,24.0,0.0,16.0,0.0,4.0,19,25,19,2,,1,,3,False,0.76,0.0,0.0,0.1875,1.0,0.0,0.0,1.0,0.0,1.0,0.0,1.0,0.0,0.0,5.0,1.0,21.0,0.23809523809523808,5.0,1527,19,2.4253479820826844,2.4522999999999993,281.315,3.0,2.0,2.0,4.0,2.0,COC1=Cc2cnoc2N2C(c3ccccc3)=CCNC12,0.0,50.53000000000001
0.0,0.3333333333333333,1.0,23.0,0.0,17.0,0.0,3.0,21,27,21,3,,1,,2,False,0.7777777777777778,0.0,0.0,0.47058823529411764,1.0,0.0,0.0,1.0,0.0,1.0,0.0,1.0,0.0,0.0,4.0,1.0,21.0,0.19047619047619047,4.0,1528,21,1.580966400971417,2.5667,284.3590000000001,2.0,2.0,2.0,3.0,1.0,CC1=CCC2C=CCCC2(O)C(c2cccnn2)CC1=O,0.0,63.080000000000005
0.0,0.5,1.0,20.0,0.0,14.0,0.0,2.0,15,26,15,8,1,1,,1,False,0.6153846153846154,0.0,0.0,0.7142857142857143,0.0,0.0,0.0,1.0,0.0,0.0,0.0,1.0,0.0,0.0,4.0,0.0,19.0,0.2631578947368421,5.0,1529,15,3.017633277805244,1.4041999999999997,265.357,3.0,1.0,2.0,2.0,5.0,CC(=O)OCC1CC(C)CN(CCn2cccn2)C1,0.0,47.36
0.0,0.0,0.0,19.0,0.0,10.0,0.0,2.0,10,30,17,11,,1,,1,False,0.3333333333333333,0.0,0.0,0.6,0.0,0.0,0.0,0.0,0.0,0.0,0.0,1.0,0.0,0.0,6.0,3.0,18.0,0.4444444444444444,8.0,1530,10,3.1730013259272916,-1.3158999999999985,256.262,4.0,2.0,4.0,2.0,2.0,CC(=C1CN(ON)C(=O)NC1=O)N1CCC(O)C1,0.0,108.13
0.0,1.0,2.0,21.0,0.0,17.0,0.0,2.0,17,27,17,8,,1,,1,False,0.6296296296296297,0.0,0.0,0.11764705882352941,0.0,0.0,0.0,1.0,0.0,0.0,0.0,1.0,0.0,0.0,3.0,0.0,20.0,0.15,3.0,1531,17,2.6912742038872826,3.7790200000000027,268.31199999999995,0.0,0.0,3.0,2.0,5.0,COc1ccccc1OC=CC(=O)c1ccc(C)cc1,0.0,35.53
0.0,1.0,1.0,20.0,0.0,17.0,0.0,1.0,20,37,21,15,,,,1,False,0.5405405405405406,0.0,0.0,0.6470588235294118,0.0,0.0,0.0,1.0,0.0,0.0,0.0,1.0,0.0,0.0,3.0,1.0,20.0,0.15,3.0,1532,20,3.376954470759907,3.3895000000000017,273.424,3.0,0.0,0.0,1.0,10.0,C#CCCCC(CNCC)CC(CC)c1cnccn1,0.0,37.81
0.0,1.0,1.0,10.0,0.0,6.0,0.0,1.0,21,33,24,8,,,,1,False,0.6363636363636364,0.0,0.0,0.3333333333333333,0.0,0.0,0.0,1.0,0.0,0.0,0.0,1.0,0.0,0.0,2.0,1.0,10.0,0.4,4.0,1533,21,3.8871850806491834,0.6012,140.142,2.0,0.0,2.0,1.0,2.0,CCn1cncc1C(=O)O,0.0,55.120000000000005
0.0,1.0,2.0,15.0,0.0,12.0,0.0,2.0,20,26,21,3,,1,,1,False,0.7692307692307693,0.0,0.0,0.08333333333333333,0.0,0.0,0.0,1.0,0.0,0.0,0.0,1.0,0.0,0.0,2.0,1.0,14.0,0.14285714285714285,2.0,1534,20,1.886687404499171,2.6937000000000006,184.24200000000002,2.0,0.0,0.0,2.0,3.0,c1ccc(NCc2ccccn2)cc1,0.0,24.92
0.0,1.0,1.0,21.0,0.0,14.0,0.0,1.0,17,37,19,17,,,,1,False,0.4594594594594595,0.0,0.0,0.35714285714285715,0.0,0.0,0.0,1.0,0.0,0.0,0.0,1.0,0.0,0.0,7.0,2.0,21.0,0.3333333333333333,7.0,1535,17,2.8758680269470998,0.6244800000000005,292.33900000000006,4.0,0.0,3.0,1.0,9.0,COc1ccc(OCCN(N)C=CC#N)c(OCCN)c1,0.0,106.75999999999999
0.0,0.6,3.0,19.0,6.0,12.0,0.0,4.0,18,25,19,2,,,,4,False,0.72,0.0,0.0,0.08333333333333333,1.0,0.0,0.0,1.0,1.0,1.0,0.0,1.0,0.0,0.0,3.0,1.0,16.0,0.25,4.0,1536,18,2.91567100814246,2.2525000000000004,212.20799999999997,2.0,2.0,2.0,5.0,0.0,Oc1ccc2ccn3ncc4oc2c1Cc43,0.0,50.67
0.0,0.5,1.0,21.0,0.0,15.0,0.0,2.0,22,34,22,10,,,,2,False,0.6470588235294118,0.0,0.0,0.4,1.0,0.0,0.0,1.0,0.0,1.0,0.0,1.0,0.0,0.0,5.0,0.0,20.0,0.25,5.0,1537,22,4.189150157119309,1.6269,272.3039999999999,2.0,1.0,3.0,2.0,3.0,COC(=O)c1ccc2c(c1C)CCCN2CC(=O)C#N,0.0,70.4
0.0,0.25,1.0,24.0,4.0,14.0,0.0,4.0,20,32,22,6,,,,4,False,0.625,0.0,0.0,0.35714285714285715,1.0,0.0,0.0,1.0,1.0,1.0,0.0,1.0,0.0,0.0,5.0,1.0,21.0,0.3333333333333333,7.0,1538,20,3.4657680561354036,0.2036,285.30699999999996,5.0,3.0,2.0,4.0,1.0,CC1=C2C3C(C(=CC=C1N)OCCN3C=O)c1cnnn12,0.0,86.27000000000001
0.0,1.0,3.0,23.0,0.0,17.0,0.0,3.0,20,28,20,5,,1,,2,False,0.7142857142857143,0.0,0.0,0.058823529411764705,1.0,0.0,0.0,1.0,0.0,1.0,0.0,1.0,0.0,0.0,3.0,2.0,21.0,0.19047619047619047,4.0,1539,20,2.683967306390346,3.501120000000001,278.31100000000004,2.0,0.0,2.0,3.0,2.0,Cc1ccc(O)nc1NC(=O)c1cccc2ccccc12,0.0,62.220000000000006
0.0,0.0,0.0,16.0,0.0,11.0,0.0,1.0,21,32,21,10,,1,,,False,0.65625,0.0,0.0,0.8181818181818182,0.0,0.0,0.0,0.0,0.0,0.0,0.0,1.0,0.0,0.0,4.0,1.0,16.0,0.3125,5.0,1540,21,4.02430847929953,1.0669999999999995,230.25999999999996,0.0,1.0,5.0,1.0,5.0,COCC(COC(=O)C(=O)O)C1CCCC1,0.0,72.83
0.0,0.0,0.0,14.0,0.0,13.0,0.0,0.0,20,31,20,11,,,,,False,0.6451612903225806,1.0,0.0,0.7692307692307693,0.0,0.0,0.0,0.0,0.0,0.0,0.0,0.0,0.0,0.0,1.0,0.0,15.0,0.13333333333333333,2.0,1541,20,3.5843060305322085,3.9337000000000035,214.32399999999996,0.0,0.0,1.0,0.0,5.0,CC(C)=CCC(=O)C(CF)CC(C)(C)C,0.0,17.07
0.0,1.0,1.0,18.0,0.0,14.0,0.0,1.0,15,27,15,11,,1,,,False,0.5555555555555556,0.0,0.0,0.35714285714285715,0.0,0.0,0.0,1.0,0.0,0.0,0.0,1.0,0.0,0.0,3.0,2.0,18.0,0.2222222222222222,4.0,1542,15,3.078075927395633,1.8765999999999996,248.32600000000002,2.0,0.0,2.0,1.0,7.0,CCOCCCC(=O)NC=C(N)c1ccccc1,0.0,64.35
0.0,0.0,0.0,14.0,0.0,8.0,0.0,2.0,23,32,25,5,,,,2,False,0.71875,0.0,0.0,0.875,0.0,0.0,0.0,0.0,0.0,0.0,0.0,1.0,0.0,1.0,4.0,4.0,13.0,0.38461538461538464,5.0,1543,23,3.026519824720406,-2.0397999999999987,186.21100000000004,2.0,2.0,3.0,2.0,0.0,O=C1NC2(CCCNC2)C(O)C1O,1.0,81.59
0.0,1.0,4.0,25.0,0.0,18.0,0.0,4.0,21,25,21,,,3,,1,False,0.84,0.0,0.0,0.0,0.0,0.0,0.0,1.0,0.0,0.0,0.0,1.0,0.0,0.0,3.0,1.0,22.0,0.18181818181818182,4.0,1544,21,2.66525934920258,4.3987000000000025,287.322,3.0,0.0,1.0,4.0,3.0,c1ccc(-c2c[nH]c(-c3ccoc3-c3ccccn3)n2)cc1,0.0,54.71
0.0,1.0,1.0,14.0,0.0,9.0,0.0,1.0,20,29,20,8,,,,1,False,0.6896551724137931,1.0,0.0,0.1111111111111111,0.0,0.0,0.0,1.0,0.0,0.0,0.0,1.0,0.0,0.0,4.0,0.0,14.0,0.35714285714285715,5.0,1545,20,3.29141574552055,0.9385999999999999,198.14899999999997,0.0,0.0,4.0,1.0,3.0,COc1cc(F)ccc1OC(=O)C=O,0.0,52.6
0.0,0.5,1.0,13.0,0.0,9.0,0.0,2.0,21,25,21,2,,,,2,False,0.84,0.0,0.0,0.2222222222222222,1.0,0.0,0.0,1.0,0.0,1.0,0.0,1.0,0.0,0.0,3.0,2.0,12.0,0.25,3.0,1546,21,3.1150185791691607,0.9716999999999998,162.19199999999998,2.0,1.0,1.0,2.0,1.0,O=Cc1cccc2c1CNCN2,0.0,41.13
0.0,1.0,1.0,15.0,0.0,14.0,0.0,1.0,23,35,24,10,,,,1,False,0.6571428571428571,0.0,0.0,0.5714285714285714,0.0,0.0,0.0,1.0,0.0,0.0,0.0,1.0,0.0,0.0,1.0,1.0,15.0,0.06666666666666667,1.0,1547,23,3.2088092157577153,3.297500000000002,206.32899999999995,0.0,0.0,1.0,1.0,4.0,CCC(C)(C)c1cccc(CC(C)O)c1,0.0,20.23
0.0,0.25,1.0,20.0,2.0,15.0,0.0,4.0,21,33,24,5,,,,4,False,0.6363636363636364,1.0,0.0,0.6,1.0,0.0,0.0,1.0,1.0,1.0,0.0,1.0,0.0,0.0,1.0,1.0,17.0,0.11764705882352941,2.0,1548,21,2.484096136311481,3.0165000000000015,232.29799999999997,0.0,3.0,1.0,4.0,0.0,OC1CCC23CCC(c4ccc(F)cc4C2)C13,0.0,20.23
0.0,1.0,3.0,24.0,0.0,19.0,0.0,3.0,15,23,15,5,,2,,1,False,0.6521739130434783,0.0,0.0,0.21052631578947367,0.0,0.0,0.0,1.0,0.0,0.0,0.0,1.0,0.0,0.0,2.0,1.0,22.0,0.13636363636363635,3.0,1549,15,2.9677180715270772,3.4567000000000023,291.398,3.0,0.0,0.0,3.0,7.0,c1ccc(CNCC(Cn2cccc2)c2ccccn2)cc1,0.0,29.85
0.0,0.5,2.0,23.0,0.0,17.0,0.0,4.0,21,29,22,3,,1,,3,False,0.7241379310344828,0.0,0.0,0.35294117647058826,2.0,1.0,0.0,1.0,0.0,1.0,0.0,1.0,1.0,0.0,3.0,2.0,20.0,0.15,3.0,1550,21,3.818986789368664,1.9487,266.344,2.0,2.0,1.0,4.0,2.0,OC(c1cncc2c1CCNCC2)C1c2ccccc21,0.0,45.150000000000006
0.0,0.0,0.0,10.0,0.0,8.0,0.0,2.0,22,26,22,2,,,,2,False,0.8461538461538461,0.0,0.0,0.75,1.0,1.0,0.0,0.0,0.0,1.0,0.0,1.0,1.0,0.0,1.0,0.0,9.0,0.1111111111111111,1.0,1551,22,2.5259227583855157,2.438300000000001,124.18299999999999,0.0,2.0,1.0,2.0,0.0,CC1(C)CCC2=C(C1)O2,0.0,12.53
0.0,1.0,1.0,18.0,0.0,16.0,0.0,1.0,15,28,15,12,,,,1,False,0.5357142857142857,0.0,0.0,0.625,0.0,0.0,0.0,1.0,0.0,0.0,0.0,1.0,0.0,0.0,2.0,1.0,18.0,0.1111111111111111,2.0,1552,15,2.961685418746739,3.6685000000000025,248.41399999999996,2.0,0.0,0.0,1.0,8.0,CCCNCc1ccc(N(C)CCC(C)C)cc1,0.0,15.27
0.0,0.6,3.0,24.0,0.0,14.0,0.0,5.0,23,30,24,1,,2,,3,False,0.7666666666666667,0.0,0.0,0.21428571428571427,1.0,1.0,0.0,1.0,0.0,1.0,0.0,1.0,1.0,0.0,4.0,1.0,20.0,0.3,6.0,1553,23,4.406925929837481,1.6323999999999999,265.276,5.0,2.0,1.0,5.0,2.0,c1ccc(-n2cnc(C3C4Oc5nc[nH]c5C43)n2)cc1,0.0,68.62
0.0,0.5,1.0,20.0,0.0,11.0,0.0,2.0,21,32,21,9,,1,,1,False,0.65625,0.0,0.0,0.18181818181818182,0.0,0.0,0.0,1.0,0.0,0.0,0.0,1.0,0.0,0.0,5.0,1.0,19.0,0.42105263157894735,8.0,1554,21,2.4122666743663714,-0.1442000000000001,259.225,5.0,1.0,3.0,2.0,4.0,CC(=C=NCC(=O)O)n1ccnc1C1=NC(=O)C=N1,0.0,109.27
0.0,0.6666666666666666,2.0,24.0,0.0,16.0,0.0,3.0,20,32,22,7,,2,,1,False,0.625,0.0,0.0,0.5,0.0,0.0,0.0,1.0,0.0,0.0,0.0,1.0,0.0,0.0,5.0,1.0,22.0,0.2727272727272727,6.0,1555,20,2.5220693504903546,1.9996,301.39400000000006,5.0,1.0,1.0,3.0,6.0,COCCN1CCCC(n2ccnc2)C1Nc1ccncc1,0.0,55.21
0.0,1.0,2.0,20.0,0.0,15.0,0.0,2.0,16,31,18,10,1,1,,1,False,0.5161290322580645,0.0,0.0,0.26666666666666666,0.0,0.0,0.0,1.0,0.0,0.0,0.0,1.0,0.0,0.0,3.0,1.0,19.0,0.21052631578947367,4.0,1556,16,2.373221311553089,2.4656400000000005,256.305,2.0,0.0,2.0,2.0,3.0,COc1cc(C#CCOc2cn[nH]c2C)ccc1C,0.0,47.14
0.0,0.0,0.0,21.0,0.0,17.0,0.0,2.0,23,36,23,11,,,,2,False,0.6388888888888888,0.0,0.0,0.8823529411764706,1.0,0.0,0.0,0.0,0.0,1.0,0.0,1.0,0.0,0.0,3.0,2.0,20.0,0.15,3.0,1557,23,2.83251754388387,3.537,280.45599999999996,2.0,2.0,1.0,2.0,6.0,CCCC(C)=C1CCC2C(C1)CC(CCCN)C2ON,0.0,61.269999999999996
0.0,0.0,0.0,20.0,2.0,12.0,0.0,4.0,21,33,24,4,1,,,4,False,0.6363636363636364,0.0,0.0,0.5,1.0,0.0,0.0,0.0,1.0,1.0,0.0,1.0,0.0,0.0,5.0,0.0,17.0,0.29411764705882354,5.0,1558,21,6.327753917954114,0.9181999999999999,230.27099999999996,4.0,4.0,1.0,4.0,0.0,CC1=NN2C(C=C1)N=C1CCON3C=C1C2C3,0.0,40.43
0.0,0.5,1.0,19.0,0.0,12.0,0.0,2.0,16,29,18,9,,1,,1,False,0.5517241379310345,0.0,0.0,0.4166666666666667,0.0,0.0,0.0,1.0,0.0,0.0,0.0,1.0,0.0,0.0,6.0,1.0,18.0,0.3333333333333333,6.0,1559,16,4.102191593957116,1.2355999999999998,248.28599999999997,4.0,1.0,2.0,2.0,6.0,NC(CCOc1ccc(C=O)cc1)N1CCN=N1,0.0,80.28
0.0,0.5,1.0,20.0,0.0,14.0,0.0,2.0,14,26,15,9,,1,,1,False,0.5384615384615384,0.0,0.0,0.35714285714285715,0.0,0.0,0.0,1.0,0.0,0.0,0.0,1.0,0.0,0.0,4.0,2.0,19.0,0.2631578947368421,5.0,1560,14,2.978188469753688,1.240199999999999,262.309,2.0,1.0,3.0,2.0,5.0,CNC1=CCC(COC)(NC(=O)c2ccccc2)O1,0.0,59.59
0.0,0.5,1.0,17.0,0.0,14.0,0.0,2.0,17,28,18,8,,1,,1,False,0.6071428571428571,0.0,0.0,0.42857142857142855,0.0,1.0,0.0,1.0,0.0,0.0,0.0,1.0,1.0,0.0,2.0,0.0,16.0,0.125,2.0,1561,17,2.3897384193723,3.2414000000000023,218.296,0.0,1.0,2.0,2.0,5.0,COC1(OC(C)C=Cc2ccccc2)CC1,0.0,18.46
0.0,0.0,0.0,23.0,0.0,16.0,0.0,2.0,14,31,16,13,,1,,1,False,0.45161290322580644,0.0,0.0,0.9375,0.0,0.0,0.0,0.0,0.0,0.0,0.0,1.0,0.0,0.0,5.0,3.0,22.0,0.2727272727272727,6.0,1562,14,3.973263412675465,0.47300000000000014,314.42600000000004,2.0,2.0,4.0,2.0,6.0,CCN1CC(C2(NC(=O)CCO)CCC(OC)C2)CCC1O,0.0,82.03000000000002
0.0,1.0,3.0,21.0,0.0,16.0,0.0,3.0,19,27,20,4,,1,,2,False,0.7037037037037037,0.0,0.0,0.0625,1.0,0.0,0.0,1.0,0.0,1.0,0.0,1.0,0.0,0.0,3.0,2.0,19.0,0.15789473684210525,3.0,1563,19,2.2074804804185497,2.976300000000001,250.30100000000002,2.0,0.0,1.0,3.0,2.0,Nc1cccc(-c2cc3ccc(CO)cc3cn2)c1,0.0,59.14
0.0,0.0,0.0,23.0,3.0,12.0,0.0,4.0,23,31,23,3,1,,,4,False,0.7741935483870968,0.0,0.0,0.5833333333333334,1.0,0.0,0.0,0.0,1.0,1.0,1.0,1.0,0.0,1.0,8.0,1.0,20.0,0.4,8.0,1564,23,2.919447896104246,0.08819999999999983,278.26800000000003,4.0,4.0,4.0,4.0,1.0,CC1=C2OOC34NN=CN3CC(CC(C=O)C1)N=C4O2,1.0,84.75000000000001
0.0,0.5,1.0,15.0,0.0,11.0,0.0,2.0,21,27,22,3,,1,,1,False,0.7777777777777778,0.0,0.0,0.36363636363636365,0.0,0.0,0.0,1.0,0.0,0.0,0.0,1.0,0.0,0.0,3.0,1.0,14.0,0.21428571428571427,3.0,1565,21,4.119079751557464,1.0779999999999998,192.214,0.0,1.0,3.0,2.0,1.0,O=C1CCOC(O)C1c1ccccc1,0.0,46.53
0.0,1.0,3.0,23.0,0.0,11.0,0.0,3.0,17,26,17,6,,1,,2,False,0.6538461538461539,0.0,0.0,0.18181818181818182,1.0,0.0,0.0,1.0,0.0,1.0,0.0,1.0,0.0,0.0,6.0,2.0,21.0,0.47619047619047616,10.0,1566,17,2.183411700380182,0.07189999999999969,290.28700000000003,8.0,0.0,2.0,3.0,4.0,COn1ccn(CC=NN)ncn1-c1occ2[nH]ncc12,0.0,117.11
0.0,0.5,2.0,23.0,0.0,17.0,0.0,4.0,17,27,18,5,,,,4,False,0.6296296296296297,1.0,0.0,0.17647058823529413,1.0,0.0,0.0,1.0,0.0,1.0,0.0,1.0,0.0,0.0,2.0,0.0,20.0,0.15,3.0,1567,17,3.3470577787581477,3.6503000000000023,264.30299999999994,2.0,2.0,0.0,4.0,0.0,CN=C1c2ccccc2C2=Nc3ccc(F)cc3C12C,0.0,24.72
0.0,0.3333333333333333,1.0,21.0,0.0,14.0,0.0,3.0,17,24,17,4,,1,,2,False,0.7083333333333334,1.0,0.0,0.21428571428571427,1.0,0.0,0.0,1.0,0.0,1.0,0.0,1.0,0.0,0.0,4.0,1.0,19.0,0.2631578947368421,5.0,1568,17,4.019426999123253,1.5229,258.25199999999995,2.0,2.0,2.0,3.0,0.0,CC1=NCC(=C2C(=O)c3ccc(F)cc3C2=O)CN1,0.0,58.53
0.0,0.3333333333333333,1.0,21.0,0.0,12.0,0.0,3.0,19,29,20,5,1,1,,2,False,0.6551724137931034,0.0,0.0,0.5,1.0,0.0,0.0,1.0,0.0,1.0,0.0,1.0,0.0,0.0,5.0,2.0,19.0,0.3684210526315789,7.0,1569,19,4.505909377646522,0.36751999999999996,260.301,6.0,2.0,1.0,3.0,2.0,CCN1C(=O)CC(c2c[nH]nc2C)C2=NC=NNC21,0.0,85.74000000000001
0.0,1.0,2.0,17.0,0.0,12.0,0.0,2.0,23,29,23,4,,1,,1,False,0.7931034482758621,0.0,0.0,0.0,0.0,0.0,0.0,1.0,0.0,0.0,0.0,1.0,0.0,0.0,3.0,2.0,16.0,0.25,4.0,1570,23,7.291293935632193,2.0395,214.224,2.0,0.0,2.0,2.0,2.0,O=C(Nc1ccccn1)c1ccccc1O,0.0,62.22
0.0,0.25,1.0,24.0,2.0,16.0,0.0,4.0,16,32,20,8,,,,4,False,0.5,0.0,0.0,0.3125,1.0,0.0,0.0,1.0,1.0,1.0,0.0,1.0,0.0,0.0,5.0,2.0,21.0,0.23809523809523808,5.0,1571,16,9.399717597597899,2.7461,284.315,2.0,3.0,3.0,4.0,0.0,CC1c2ccccc2C2=C(O)C1CN1OC=NC1C2=CO,0.0,65.29
0.0,0.5,1.0,18.0,0.0,13.0,0.0,2.0,20,33,23,8,,1,,1,False,0.6060606060606061,1.0,0.0,0.46153846153846156,0.0,0.0,0.0,1.0,0.0,0.0,0.0,1.0,0.0,0.0,2.0,1.0,17.0,0.23529411764705882,4.0,1572,20,3.099405164234684,2.0250000000000004,237.274,1.0,1.0,2.0,2.0,4.0,O=C1NCCC(OF)C1CCc1ccccc1,0.0,38.33
0.0,1.0,1.0,16.0,0.0,13.0,0.0,1.0,19,31,20,10,,1,,,False,0.6129032258064516,1.0,0.0,0.5384615384615384,0.0,0.0,0.0,1.0,0.0,0.0,0.0,1.0,0.0,0.0,2.0,2.0,16.0,0.1875,3.0,1573,19,3.117341634269364,2.6389000000000014,225.30700000000002,1.0,0.0,1.0,1.0,7.0,CCCCCNC(CO)c1cccc(F)c1,0.0,32.26
0.0,1.0,1.0,18.0,0.0,17.0,0.0,1.0,16,21,16,4,,1,,,False,0.7619047619047619,0.0,0.0,0.6470588235294118,0.0,0.0,0.0,1.0,0.0,0.0,0.0,1.0,0.0,0.0,1.0,0.0,18.0,0.05555555555555555,1.0,1574,16,2.5357965930034587,4.869000000000005,247.42600000000002,1.0,0.0,0.0,1.0,10.0,CCCCCCCCN(CC)Cc1ccccc1,0.0,3.24
0.0,0.5,1.0,24.0,0.0,22.0,0.0,2.0,17,31,18,11,,1,,1,False,0.5483870967741935,0.0,0.0,0.2727272727272727,0.0,0.0,0.0,1.0,0.0,0.0,0.0,1.0,0.0,0.0,1.0,1.0,23.0,0.043478260869565216,1.0,1575,17,1.709320847814365,4.687800000000004,303.449,1.0,1.0,0.0,2.0,6.0,C#CC=CC1=C(C)C=CC=C(c2cccc(CCCNC)c2)C1,0.0,12.03
0.0,0.0,0.0,24.0,5.0,17.0,0.0,5.0,23,30,24,1,,,,5,False,0.7666666666666667,0.0,0.0,1.0,1.0,0.0,0.0,0.0,1.0,1.0,1.0,1.0,0.0,1.0,3.0,0.0,20.0,0.15,3.0,1576,23,2.973602507364796,2.6500000000000012,277.40799999999996,1.0,6.0,2.0,6.0,0.0,C1CC2CC3CCC24CN2COC(CCOC3)C2C4C1,1.0,21.700000000000003
0.0,0.5,2.0,27.0,0.0,18.0,0.0,4.0,18,25,19,2,,2,,2,False,0.72,0.0,0.0,0.3888888888888889,1.0,0.0,0.0,1.0,0.0,1.0,0.0,1.0,0.0,0.0,6.0,1.0,24.0,0.25,6.0,1577,18,2.6743726349538712,3.139400000000001,323.40000000000003,5.0,2.0,1.0,4.0,3.0,c1cc(Oc2cc3c(c(N4CCCN=N4)c2)CCNCC3)ccn1,0.0,62.11
0.0,1.0,2.0,23.0,0.0,17.0,0.0,2.0,19,31,19,10,,1,,1,False,0.6129032258064516,0.0,0.0,0.17647058823529413,0.0,0.0,0.0,1.0,0.0,0.0,0.0,1.0,0.0,0.0,4.0,2.0,22.0,0.22727272727272727,5.0,1578,19,2.461445037539061,2.4955999999999996,299.326,1.0,0.0,4.0,2.0,5.0,COc1cc(C(C)=O)cc(-c2ccccc2NC(=O)CO)c1,0.0,75.63
0.0,1.0,1.0,18.0,0.0,13.0,0.0,1.0,20,33,20,12,,,,1,False,0.6060606060606061,0.0,0.0,0.38461538461538464,0.0,0.0,0.0,1.0,0.0,0.0,0.0,1.0,0.0,0.0,5.0,1.0,18.0,0.2777777777777778,5.0,1579,20,2.0649366160731657,2.7205000000000013,254.28199999999995,0.0,0.0,5.0,1.0,5.0,COc1cc(OC=C(C)C)c(O)c(OC)c1OC,0.0,57.150000000000006
0.0,0.5,2.0,25.0,0.0,18.0,0.0,4.0,18,27,19,4,,1,,3,False,0.6666666666666666,0.0,0.0,0.2222222222222222,1.0,0.0,0.0,1.0,0.0,1.0,0.0,1.0,0.0,0.0,4.0,0.0,22.0,0.18181818181818182,4.0,1580,18,2.493742746031538,3.6602000000000023,296.32200000000006,0.0,2.0,4.0,4.0,3.0,CC1=C(COc2ccccc2)COc2cc3c(cc21)OCO3,0.0,36.92
0.0,1.0,2.0,17.0,0.0,10.0,0.0,2.0,18,29,20,7,,1,,1,False,0.6206896551724138,0.0,0.0,0.1,0.0,0.0,0.0,1.0,0.0,0.0,0.0,1.0,0.0,0.0,4.0,1.0,16.0,0.375,6.0,1581,18,2.573069340331349,0.7017000000000002,219.20000000000002,3.0,0.0,3.0,2.0,3.0,COn1cnc(C(=O)O)c1-c1ccccn1,0.0,77.24000000000001
0.0,1.0,2.0,18.0,0.0,14.0,0.0,2.0,22,30,22,6,,1,,1,False,0.7333333333333333,0.0,0.0,0.21428571428571427,0.0,0.0,0.0,1.0,0.0,0.0,0.0,1.0,0.0,0.0,2.0,0.0,17.0,0.17647058823529413,3.0,1582,22,2.61911267915718,2.8790200000000015,228.29500000000004,2.0,0.0,1.0,2.0,5.0,Cc1ccnn1CCOC=Cc1ccccc1,0.0,27.05
0.0,0.0,0.0,20.0,0.0,13.0,0.0,1.0,13,28,13,14,,,,1,False,0.4642857142857143,3.0,0.0,1.0,0.0,0.0,0.0,0.0,0.0,0.0,0.0,1.0,0.0,0.0,4.0,2.0,20.0,0.35,7.0,1583,13,2.7728705944381726,2.085399999999999,298.349,2.0,1.0,2.0,1.0,8.0,CCOCCCCCCN1NCC(O)CC1C(F)(F)F,0.0,44.730000000000004
0.0,0.5,1.0,21.0,0.0,13.0,0.0,2.0,10,25,11,12,,,,2,False,0.4,0.0,0.0,0.46153846153846156,1.0,0.0,0.0,1.0,0.0,1.0,0.0,1.0,0.0,0.0,6.0,3.0,20.0,0.35,7.0,1584,10,3.192817080352251,0.9922999999999997,278.31199999999995,4.0,1.0,3.0,2.0,6.0,COc1nc(NCCCNC(C)=O)c(O)c2c1CC=N2,0.0,95.84
0.0,0.25,1.0,27.0,0.0,20.0,0.0,4.0,19,30,21,5,,2,,2,False,0.6333333333333333,0.0,0.0,0.7,1.0,0.0,0.0,1.0,0.0,1.0,0.0,1.0,0.0,0.0,4.0,1.0,24.0,0.16666666666666666,4.0,1585,19,1.7126740941434861,2.532,330.47200000000015,2.0,3.0,2.0,4.0,3.0,CC(C)N1CCOC2(c3ccccc3)COC(C3CCCCN3)C12,0.0,33.730000000000004
0.0,0.6666666666666666,2.0,26.0,0.0,19.0,0.0,3.0,19,30,19,8,,1,,2,False,0.6333333333333333,0.0,0.0,0.2631578947368421,1.0,0.0,0.0,1.0,0.0,1.0,0.0,1.0,0.0,0.0,4.0,2.0,24.0,0.20833333333333334,5.0,1586,19,3.039696707643638,3.0852000000000013,323.3960000000001,3.0,1.0,2.0,3.0,4.0,CNc1ccnc(C(C)=CC2NC(=O)C(OC)c3ccccc32)c1,0.0,63.25
0.0,0.5,1.0,15.0,0.0,10.0,0.0,2.0,16,24,16,5,1,,,2,False,0.7083333333333334,0.0,0.0,0.2,1.0,0.0,0.0,1.0,0.0,1.0,0.0,1.0,0.0,0.0,3.0,0.0,14.0,0.2857142857142857,4.0,1587,16,3.867630062270103,0.9209999999999999,191.18599999999998,1.0,1.0,3.0,2.0,1.0,COc1ccc2c(c1)C(=O)N(C)C2=O,0.0,46.61
0.0,1.0,2.0,19.0,0.0,14.0,0.0,2.0,15,25,16,7,,1,,1,False,0.6,1.0,0.0,0.14285714285714285,0.0,0.0,0.0,1.0,0.0,0.0,0.0,1.0,0.0,0.0,3.0,0.0,18.0,0.2222222222222222,4.0,1588,15,3.8124779755562646,3.635200000000002,248.253,0.0,0.0,3.0,2.0,4.0,COc1cccc(Oc2ccc(OC)c(F)c2)c1,0.0,27.69
0.0,0.5,1.0,24.0,0.0,15.0,0.0,2.0,18,31,18,11,,1,,1,False,0.5806451612903226,0.0,0.0,0.26666666666666666,0.0,0.0,0.0,1.0,0.0,0.0,0.0,1.0,0.0,0.0,7.0,1.0,23.0,0.34782608695652173,8.0,1589,18,3.7730578560583417,0.5710999999999993,320.30100000000004,2.0,1.0,6.0,2.0,4.0,COc1ccc(N2CNC(=O)C=C2C(=O)OC(C)=O)c(OC)c1,0.0,94.17
0.0,1.0,2.0,22.0,0.0,17.0,0.0,2.0,15,31,17,12,,1,,1,False,0.4838709677419355,0.0,0.0,0.4117647058823529,0.0,0.0,0.0,1.0,0.0,0.0,0.0,1.0,0.0,0.0,3.0,1.0,21.0,0.19047619047619047,4.0,1590,15,2.647568959753934,3.6604000000000023,289.37500000000006,1.0,0.0,3.0,2.0,7.0,CCCCCc1c(-c2cccc(OC)c2)cn(OC)c1O,0.0,43.620000000000005
0.0,1.0,1.0,8.0,0.0,4.0,0.0,1.0,16,23,17,4,1,,,1,False,0.6956521739130435,0.0,0.0,0.25,0.0,0.0,0.0,1.0,0.0,0.0,0.0,1.0,0.0,0.0,4.0,0.0,8.0,0.5,4.0,1591,16,2.893024101899696,0.1356799999999999,109.088,3.0,0.0,1.0,1.0,1.0,N#CCc1nnco1,0.0,62.71
0.0,1.0,2.0,22.0,0.0,18.0,0.0,2.0,23,34,23,9,,1,,1,False,0.6764705882352942,0.0,0.0,0.2777777777777778,0.0,0.0,0.0,1.0,0.0,0.0,0.0,1.0,0.0,0.0,3.0,0.0,21.0,0.14285714285714285,3.0,1592,23,4.478785417037438,4.274000000000004,283.37100000000004,1.0,0.0,2.0,2.0,5.0,COc1ccc(C(C)=NC(C)c2ccccc2)cc1OC,0.0,30.82
0.0,0.5,1.0,18.0,0.0,12.0,0.0,2.0,22,29,22,5,,1,,1,False,0.7586206896551724,0.0,0.0,0.4166666666666667,0.0,0.0,0.0,1.0,0.0,0.0,0.0,1.0,0.0,0.0,4.0,3.0,17.0,0.29411764705882354,5.0,1593,22,6.900475789690233,0.13829999999999992,235.28699999999995,3.0,1.0,2.0,2.0,3.0,O=C(C(NO)c1ccccc1)N1CCNCC1,0.0,64.6
0.0,0.75,3.0,24.0,0.0,16.0,0.0,4.0,20,29,22,3,,2,,2,False,0.6896551724137931,0.0,0.0,0.25,1.0,0.0,0.0,1.0,0.0,1.0,0.0,1.0,0.0,0.0,3.0,1.0,21.0,0.23809523809523808,5.0,1594,20,2.5463393906394733,2.9941000000000013,280.33099999999996,4.0,1.0,1.0,4.0,3.0,c1ccc(-c2cn[nH]c2On2cnc3c2CCCC3)cc1,0.0,55.73
0.0,1.0,2.0,20.0,0.0,13.0,0.0,2.0,19,30,20,8,,1,,1,False,0.6333333333333333,0.0,0.0,0.07692307692307693,0.0,0.0,0.0,1.0,0.0,0.0,0.0,1.0,0.0,0.0,6.0,1.0,19.0,0.3157894736842105,6.0,1595,19,2.9938717117393288,0.9849,257.249,3.0,0.0,3.0,2.0,4.0,Nc1cccc(COC(=O)C(=O)c2ccncc2)n1,0.0,95.17
0.0,0.5,1.0,21.0,0.0,14.0,0.0,2.0,17,35,20,12,1,1,,1,False,0.4857142857142857,0.0,0.0,0.35714285714285715,0.0,0.0,0.0,1.0,0.0,0.0,0.0,1.0,0.0,0.0,5.0,1.0,20.0,0.3,6.0,1596,17,1.938103885296715,0.004099999999999826,277.27599999999995,1.0,1.0,5.0,2.0,3.0,COC1(C(=O)c2ccccc2)C(=O)N(C(C)=O)CC1O,0.0,83.91000000000001
0.0,0.6666666666666666,2.0,23.0,0.0,18.0,0.0,3.0,21,28,22,3,,2,,1,False,0.75,0.0,0.0,0.4444444444444444,0.0,0.0,0.0,1.0,0.0,0.0,0.0,1.0,0.0,0.0,3.0,0.0,21.0,0.14285714285714285,3.0,1597,21,2.652449625299756,4.140840000000003,281.40299999999996,3.0,1.0,0.0,3.0,2.0,Cc1cc(-c2nccc(C)n2)cc(N2CCCCCC2)c1,0.0,29.020000000000003
0.0,0.0,0.0,21.0,0.0,13.0,0.0,3.0,17,28,18,7,,,,3,False,0.6071428571428571,0.0,0.0,1.0,1.0,0.0,0.0,0.0,0.0,1.0,0.0,1.0,0.0,0.0,6.0,5.0,19.0,0.3157894736842105,6.0,1598,17,4.943023383641252,-1.831899999999997,270.37699999999995,4.0,3.0,2.0,3.0,2.0,NCC1NC(CO)N2CC3(N)CCCCC3C2C1O,0.0,107.77000000000001
0.0,0.5,1.0,14.0,0.0,11.0,0.0,2.0,21,26,21,3,,,,2,False,0.8076923076923077,1.0,0.0,0.45454545454545453,1.0,0.0,0.0,1.0,0.0,1.0,0.0,1.0,0.0,0.0,1.0,1.0,13.0,0.15384615384615385,2.0,1599,21,3.6628556287329097,2.0057,180.22199999999995,0.0,1.0,1.0,2.0,1.0,OCc1ccc2c(c1)CCC(F)C2,0.0,20.23
0.0,1.0,1.0,17.0,0.0,12.0,0.0,1.0,19,31,19,11,,,,1,False,0.6129032258064516,0.0,0.0,0.5,0.0,0.0,0.0,1.0,0.0,0.0,0.0,1.0,0.0,0.0,4.0,3.0,17.0,0.29411764705882354,5.0,1600,19,2.63470325704133,0.4849000000000004,237.30299999999997,3.0,0.0,2.0,1.0,5.0,CCc1nc(CCC(C)(N)C(N)=O)ccc1O,0.0,102.23
0.0,0.6666666666666666,2.0,23.0,0.0,19.0,0.0,3.0,21,29,21,5,,1,,2,False,0.7241379310344828,0.0,0.0,0.15789473684210525,1.0,0.0,0.0,1.0,0.0,1.0,0.0,1.0,0.0,0.0,2.0,1.0,21.0,0.09523809523809523,2.0,1601,21,2.386253027446219,4.884700000000003,278.351,0.0,1.0,2.0,3.0,3.0,CC(=CCC1=C(O)Cc2ccccc2O1)c1ccccc1,0.0,29.46
0.0,0.0,0.0,20.0,4.0,15.0,0.0,4.0,23,31,25,2,,,,4,False,0.7419354838709677,0.0,0.0,0.8,1.0,0.0,0.0,0.0,1.0,1.0,0.0,1.0,0.0,1.0,2.0,1.0,17.0,0.11764705882352941,2.0,1602,23,2.415317282436495,2.7013000000000007,230.35499999999993,2.0,4.0,0.0,4.0,0.0,C1CN=C2CC3(CCNC3)CC3=C2CCC3C1,1.0,24.39
0.0,1.0,3.0,23.0,0.0,16.0,0.0,3.0,16,26,17,6,,1,,2,False,0.6153846153846154,0.0,0.0,0.125,1.0,0.0,0.0,1.0,0.0,1.0,0.0,1.0,0.0,0.0,5.0,1.0,21.0,0.23809523809523808,5.0,1603,16,2.7234675865251297,2.8962000000000003,281.31500000000005,3.0,0.0,2.0,3.0,3.0,COc1cc(OC)c2nc(-c3ccccc3)nc(N)c2c1,0.0,70.26
0.0,0.0,0.0,21.0,2.0,10.0,0.0,4.0,21,30,21,5,,,,4,False,0.7,0.0,0.0,0.4,1.0,0.0,0.0,0.0,1.0,1.0,0.0,1.0,0.0,1.0,8.0,1.0,18.0,0.4444444444444444,8.0,1604,21,2.878931867731479,-0.3309200000000001,246.182,4.0,4.0,4.0,4.0,2.0,N#CC1=COC2(OC=O)C3=CN=NC34NC12CO4,2.0,105.30000000000001
0.0,1.0,3.0,21.0,0.0,14.0,0.0,3.0,23,31,24,3,1,2,,1,False,0.7419354838709677,0.0,0.0,0.07142857142857142,0.0,0.0,0.0,1.0,0.0,0.0,0.0,1.0,0.0,0.0,4.0,0.0,19.0,0.2631578947368421,5.0,1605,23,3.897979010563234,2.49062,252.27700000000002,4.0,0.0,1.0,3.0,3.0,Cc1cnn(Oc2cccnc2)c1-c1ccccn1,0.0,52.83
0.0,0.3333333333333333,1.0,20.0,0.0,10.0,0.0,3.0,22,31,23,5,,1,,2,False,0.7096774193548387,0.0,0.0,0.2,1.0,0.0,0.0,1.0,0.0,1.0,0.0,1.0,0.0,0.0,6.0,0.0,18.0,0.4444444444444444,8.0,1606,22,2.6249170238448865,0.6642999999999998,249.18199999999996,3.0,2.0,5.0,3.0,2.0,COc1ccc(N2N=NC(=O)C2=O)c2c1OCO2,0.0,89.79
0.0,0.3333333333333333,1.0,23.0,0.0,16.0,0.0,3.0,22,34,23,8,,,,3,False,0.6470588235294118,0.0,0.0,0.4375,1.0,0.0,0.0,1.0,0.0,1.0,0.0,1.0,0.0,0.0,5.0,1.0,21.0,0.23809523809523808,5.0,1607,22,3.111830715400812,2.1315999999999997,288.347,2.0,2.0,3.0,3.0,2.0,COc1ccc2c(c1OC)CC(O)C1C(C)=C(C)C=NN21,0.0,54.29
0.0,1.0,2.0,20.0,0.0,18.0,0.0,2.0,15,24,15,7,,1,,1,False,0.625,1.0,0.0,0.1111111111111111,0.0,0.0,0.0,1.0,0.0,0.0,0.0,1.0,0.0,0.0,0.0,0.0,19.0,0.05263157894736842,1.0,1608,15,1.676889399178242,4.897200000000003,250.316,0.0,0.0,0.0,2.0,2.0,C#Cc1cc(F)cc(-c2ccc(C=C(C)C)cc2)c1,0.0,0.0
0.0,0.5,1.0,17.0,0.0,15.0,0.0,2.0,15,30,19,9,,1,,1,False,0.5,0.0,0.0,0.6,0.0,0.0,0.0,1.0,0.0,0.0,0.0,1.0,0.0,0.0,1.0,0.0,16.0,0.0625,1.0,1609,15,3.452786038868722,3.7959000000000023,217.35599999999994,1.0,1.0,0.0,2.0,4.0,CCc1cccc(C(CC)N2CCCC2)c1,0.0,3.24
0.0,0.5,1.0,21.0,0.0,15.0,0.0,2.0,18,27,18,7,,1,,1,False,0.6666666666666666,0.0,0.0,0.4666666666666667,0.0,0.0,0.0,1.0,0.0,0.0,0.0,1.0,0.0,0.0,5.0,1.0,20.0,0.25,5.0,1610,18,5.570986788519479,1.77952,272.35200000000003,4.0,1.0,1.0,2.0,4.0,CCCC1=NCCN=C(Cc2ccc(C)nc2N)C1=O,0.0,80.69999999999999
0.0,1.0,2.0,22.0,0.0,20.0,0.0,2.0,22,36,24,10,,2,,,False,0.6111111111111112,0.0,0.0,0.2,0.0,0.0,0.0,1.0,0.0,0.0,0.0,1.0,0.0,0.0,1.0,1.0,21.0,0.047619047619047616,1.0,1611,22,3.9119818873237735,5.545500000000005,278.39500000000004,0.0,0.0,1.0,2.0,4.0,CC(C)=CC(=CC(C)c1ccccc1O)c1ccccc1,0.0,20.23
0.0,0.3333333333333333,1.0,23.0,0.0,13.0,0.0,3.0,23,35,24,8,,1,,2,False,0.6571428571428571,0.0,0.0,0.5384615384615384,1.0,0.0,0.0,1.0,0.0,1.0,0.0,1.0,0.0,0.0,7.0,1.0,21.0,0.38095238095238093,8.0,1612,23,3.1209588654117653,0.5052399999999999,289.343,7.0,2.0,1.0,3.0,2.0,CC(=O)N(N)c1nc(C)nc(N2N=CN3CCCC32)c1C,0.0,90.94999999999999
0.0,1.0,1.0,16.0,0.0,13.0,0.0,1.0,18,29,18,10,,,,1,False,0.6206896551724138,0.0,0.0,0.3076923076923077,0.0,0.0,0.0,1.0,0.0,0.0,0.0,1.0,0.0,0.0,2.0,2.0,16.0,0.1875,3.0,1613,18,2.6873800476233125,2.1662,218.30000000000004,2.0,0.0,1.0,1.0,6.0,CC(C=CCC(N)=O)CNc1ccccc1,0.0,55.120000000000005
0.0,0.25,1.0,25.0,0.0,19.0,0.0,4.0,15,23,17,2,,2,,2,False,0.6521739130434783,0.0,0.0,0.5263157894736842,0.0,0.0,0.0,1.0,0.0,0.0,0.0,1.0,0.0,1.0,3.0,0.0,22.0,0.13636363636363635,3.0,1614,15,1.859652513761524,3.6974000000000027,297.3980000000001,1.0,3.0,2.0,4.0,2.0,O=C1CCC2(CC(C3CC=CCC3)N(c3ccccc3)C2)O1,1.0,29.540000000000003
0.0,0.75,3.0,24.0,0.0,18.0,0.0,4.0,22,28,22,2,,1,,3,False,0.7857142857142857,0.0,0.0,0.1111111111111111,1.0,0.0,0.0,1.0,0.0,1.0,0.0,1.0,0.0,0.0,3.0,0.0,21.0,0.14285714285714285,3.0,1615,22,2.49683070915108,4.401100000000003,274.32300000000004,2.0,1.0,1.0,4.0,2.0,CC1c2ccccc2-c2ccc(Oc3ccncn3)cc21,0.0,35.010000000000005
0.0,0.5,1.0,20.0,0.0,16.0,0.0,2.0,23,33,23,8,,1,,1,False,0.696969696969697,0.0,0.0,0.5625,0.0,0.0,0.0,1.0,0.0,0.0,0.0,1.0,0.0,0.0,2.0,1.0,19.0,0.15789473684210525,3.0,1616,23,3.2251177979072003,3.4451000000000027,262.34899999999993,0.0,1.0,3.0,2.0,6.0,COc1cc(CCC(=O)O)cc(CC2CCCC2)c1,0.0,46.53
0.0,0.0,0.0,7.0,0.0,6.0,0.0,1.0,13,24,18,5,,,,1,False,0.5416666666666666,0.0,0.0,1.0,0.0,1.0,0.0,0.0,0.0,0.0,0.0,1.0,1.0,0.0,1.0,1.0,7.0,0.14285714285714285,1.0,1617,13,2.999351817430499,1.1673,100.161,0.0,1.0,1.0,1.0,2.0,CCC(O)C1CC1,0.0,20.23
0.0,1.0,1.0,18.0,0.0,13.0,0.0,1.0,23,36,23,12,,,,1,False,0.6388888888888888,0.0,0.0,0.38461538461538464,0.0,0.0,0.0,1.0,0.0,0.0,0.0,1.0,0.0,0.0,4.0,2.0,18.0,0.2777777777777778,5.0,1618,23,4.325448454684679,2.4795000000000003,250.298,2.0,0.0,3.0,1.0,6.0,COCCCC=Nc1ccc(NC(C)=O)cc1O,0.0,70.92
0.0,0.6666666666666666,2.0,23.0,0.0,15.0,0.0,3.0,22,33,23,7,,,,3,False,0.6666666666666666,0.0,0.0,0.2,1.0,0.0,0.0,1.0,0.0,1.0,0.0,1.0,0.0,0.0,6.0,0.0,21.0,0.2857142857142857,6.0,1619,22,3.149865612725813,2.732120000000001,287.271,1.0,1.0,5.0,3.0,2.0,COc1cc(OC)c2c(n1)OC(=O)c1cccc(C)c1O2,0.0,66.88
0.0,0.25,1.0,23.0,0.0,15.0,0.0,4.0,18,27,19,3,1,1,,3,False,0.6666666666666666,0.0,0.0,0.3333333333333333,1.0,0.0,0.0,1.0,0.0,1.0,0.0,1.0,0.0,0.0,4.0,0.0,20.0,0.25,5.0,1620,18,4.8706838912989285,1.2858,267.336,5.0,3.0,0.0,4.0,2.0,Cn1cc(CN2CC=C3C(=NC4C=CC=CN34)C2)cn1,0.0,36.660000000000004
0.0,0.5,1.0,20.0,0.0,14.0,0.0,2.0,21,30,21,7,,1,,1,False,0.7,0.0,0.0,0.5714285714285714,0.0,0.0,0.0,1.0,0.0,0.0,0.0,1.0,0.0,0.0,5.0,0.0,19.0,0.2631578947368421,5.0,1621,21,3.1650129210583406,2.8134000000000015,268.3089999999999,0.0,1.0,5.0,2.0,4.0,COc1cccc(C(C)OC2OOCOC2(C)C)c1,0.0,46.150000000000006
0.0,0.5,1.0,19.0,0.0,12.0,0.0,2.0,16,30,19,9,,1,,1,False,0.5333333333333333,0.0,0.0,0.5833333333333334,0.0,0.0,0.0,1.0,0.0,0.0,0.0,1.0,0.0,0.0,6.0,2.0,18.0,0.3333333333333333,6.0,1622,16,3.7117796358636546,1.4711999999999998,255.26999999999998,1.0,1.0,5.0,2.0,4.0,COc1coc(C(=O)C2(C)NCCCC2OO)c1,0.0,80.93
0.0,0.25,1.0,23.0,0.0,18.0,0.0,4.0,22,29,22,3,,1,,3,False,0.7586206896551724,0.0,0.0,0.3888888888888889,1.0,0.0,0.0,1.0,0.0,1.0,0.0,1.0,0.0,0.0,2.0,0.0,20.0,0.1,2.0,1623,22,3.4989345451062532,4.148700000000003,265.35599999999994,1.0,3.0,1.0,4.0,2.0,CC12N=CC=C1C(=COc1ccccc1)C1CCCC12,0.0,21.59
0.0,1.0,2.0,24.0,0.0,18.0,0.0,2.0,10,23,10,11,,1,,1,False,0.43478260869565216,0.0,0.0,0.2222222222222222,0.0,0.0,0.0,1.0,0.0,0.0,0.0,1.0,0.0,0.0,4.0,1.0,23.0,0.21739130434782608,5.0,1624,10,2.689190105197147,2.7007000000000003,313.353,1.0,0.0,4.0,2.0,7.0,CC(=O)OCC(=O)NCCc1ccccc1Oc1ccccc1,0.0,64.63000000000001
0.0,1.0,2.0,24.0,0.0,20.0,0.0,2.0,21,36,22,12,,1,,1,False,0.5833333333333334,1.0,0.0,0.4,0.0,0.0,0.0,1.0,0.0,0.0,0.0,1.0,0.0,0.0,2.0,0.0,23.0,0.13043478260869565,3.0,1625,21,2.6124161006768056,5.027220000000004,316.41600000000005,0.0,0.0,2.0,2.0,7.0,CCOCC(C)(Oc1ccc(F)cc1)c1cc(C)cc(CC)c1,0.0,18.46
0.0,0.0,0.0,19.0,0.0,9.0,0.0,4.0,23,36,25,6,1,,,4,False,0.6388888888888888,0.0,0.0,0.8888888888888888,1.0,1.0,0.0,0.0,0.0,1.0,0.0,1.0,1.0,1.0,5.0,4.0,16.0,0.4375,7.0,1626,23,6.307860002739485,-2.110599999999997,225.25199999999998,5.0,4.0,2.0,4.0,1.0,NC(=O)NC12CC13NCNN3C1COCC12,1.0,91.65
0.0,0.0,0.0,17.0,0.0,12.0,0.0,1.0,20,34,20,12,1,,,1,False,0.6176470588235294,0.0,0.0,0.4166666666666667,0.0,0.0,0.0,0.0,0.0,0.0,0.0,1.0,0.0,0.0,4.0,4.0,17.0,0.29411764705882354,5.0,1627,20,2.371899763914638,0.8195000000000002,237.30299999999997,3.0,1.0,2.0,1.0,5.0,CC(C)=C(O)C=C1C=C(N=CNCCO)NC1,0.0,76.88000000000001
0.0,0.25,1.0,22.0,0.0,9.0,0.0,4.0,13,21,14,2,1,1,,3,False,0.6190476190476191,0.0,0.0,0.6666666666666666,1.0,0.0,0.0,1.0,0.0,1.0,0.0,1.0,0.0,0.0,9.0,3.0,19.0,0.5263157894736842,10.0,1628,13,2.1560058843879384,-0.9711999999999996,267.24899999999997,7.0,3.0,3.0,4.0,2.0,c1cc(CN2CCNC34N=NNC23OCOO4)n[nH]1,0.0,108.39000000000001
0.0,0.75,3.0,22.0,4.0,15.0,0.0,4.0,15,26,16,6,,,,4,False,0.5769230769230769,0.0,0.0,0.26666666666666666,1.0,0.0,0.0,1.0,1.0,1.0,0.0,1.0,0.0,0.0,3.0,1.0,19.0,0.21052631578947367,4.0,1629,15,2.3633826596518435,3.0119200000000017,253.30499999999998,3.0,1.0,1.0,4.0,3.0,CCNCC1=Cc2cc3ccoc3c3c2c(C)nn31,0.0,42.99
0.0,0.5,1.0,23.0,0.0,19.0,0.0,2.0,18,28,20,6,,,,2,False,0.6428571428571429,0.0,0.0,0.42105263157894735,1.0,0.0,0.0,1.0,0.0,1.0,1.0,1.0,0.0,0.0,3.0,1.0,22.0,0.13636363636363635,3.0,1630,18,4.053278784492897,3.362100000000002,300.398,0.0,1.0,3.0,2.0,1.0,C=CC1=CCC(=O)CCCCc2ccccc2COCC1O,0.0,46.53
0.0,1.0,2.0,17.0,0.0,14.0,0.0,2.0,22,28,22,4,,1,,1,False,0.7857142857142857,0.0,0.0,0.07142857142857142,0.0,0.0,0.0,1.0,0.0,0.0,0.0,1.0,0.0,0.0,2.0,0.0,16.0,0.125,2.0,1631,22,2.7517579624681674,3.140200000000001,212.24800000000002,0.0,0.0,2.0,2.0,2.0,COC(=O)c1ccc(-c2ccccc2)cc1,0.0,26.3
0.0,1.0,1.0,8.0,0.0,7.0,0.0,1.0,23,26,23,2,,,,1,False,0.8846153846153846,0.0,0.0,0.14285714285714285,0.0,0.0,0.0,1.0,0.0,0.0,0.0,1.0,0.0,0.0,1.0,1.0,8.0,0.125,1.0,1632,23,2.5177767359796435,1.1453,107.15599999999996,1.0,0.0,0.0,1.0,1.0,NCc1ccccc1,0.0,26.02
0.0,1.0,3.0,22.0,0.0,17.0,0.0,3.0,23,34,24,7,,1,,2,False,0.6764705882352942,0.0,0.0,0.11764705882352941,1.0,0.0,0.0,1.0,0.0,1.0,0.0,1.0,0.0,0.0,2.0,0.0,20.0,0.15,3.0,1633,23,2.194341131716003,4.680400000000003,264.32800000000003,2.0,0.0,1.0,3.0,4.0,CCC=Cn1cc(C=Cc2ccon2)c2ccccc21,0.0,30.96
0.0,1.0,1.0,10.0,0.0,7.0,0.0,1.0,22,27,22,4,,,,1,False,0.8148148148148148,0.0,0.0,0.14285714285714285,0.0,0.0,0.0,1.0,0.0,0.0,0.0,1.0,0.0,0.0,2.0,1.0,10.0,0.3,3.0,1634,22,6.4513260362349145,1.08822,137.13799999999998,1.0,0.0,2.0,1.0,1.0,Cc1ccc(C(=O)O)cn1,0.0,50.19
0.0,0.5,2.0,23.0,0.0,16.0,0.0,4.0,18,29,21,4,,1,,3,False,0.6206896551724138,0.0,0.0,0.25,2.0,0.0,0.0,1.0,0.0,1.0,0.0,1.0,0.0,0.0,4.0,0.0,20.0,0.2,4.0,1635,18,2.5598167157610927,3.0592200000000016,266.29999999999995,2.0,2.0,2.0,4.0,1.0,Cc1nccc2c(C3=C4C=NOC4OCC3)cccc12,0.0,43.71000000000001
0.0,0.0,0.0,21.0,0.0,13.0,0.0,1.0,11,28,11,16,,,,1,False,0.39285714285714285,3.0,0.0,1.0,0.0,0.0,0.0,0.0,0.0,0.0,0.0,1.0,0.0,0.0,5.0,3.0,21.0,0.38095238095238093,8.0,1636,11,4.304760694366519,0.32740000000000086,313.364,3.0,1.0,2.0,1.0,8.0,CC(N)CCNCCN(CC(F)(F)F)C1(C)COCC1O,0.0,70.75
0.0,0.6666666666666666,2.0,22.0,0.0,15.0,0.0,3.0,20,26,20,3,,2,,1,False,0.7692307692307693,0.0,0.0,0.2,0.0,0.0,0.0,1.0,0.0,0.0,0.0,1.0,0.0,0.0,5.0,1.0,20.0,0.25,5.0,1637,20,1.4826709153813025,1.7625000000000002,268.32,4.0,1.0,1.0,3.0,4.0,Nc1cccnc1OCN1CCN=C1c1ccccc1,0.0,63.74
0.0,0.6666666666666666,2.0,23.0,0.0,18.0,0.0,3.0,20,27,20,4,,2,,1,False,0.7407407407407407,0.0,0.0,0.2222222222222222,0.0,0.0,0.0,1.0,0.0,0.0,0.0,1.0,0.0,0.0,3.0,1.0,21.0,0.14285714285714285,3.0,1638,20,2.7825650273041203,3.7074000000000025,280.371,2.0,1.0,1.0,3.0,4.0,C=C1NN(c2ccccc2)CC1c1cccc(OCC)c1,0.0,24.5
0.0,0.5,2.0,23.0,3.0,16.0,0.0,4.0,16,23,17,2,,1,,3,False,0.6956521739130435,0.0,0.0,0.25,1.0,0.0,0.0,1.0,1.0,1.0,1.0,1.0,0.0,0.0,4.0,0.0,20.0,0.2,4.0,1639,16,2.6210264748283527,2.6522000000000006,267.284,1.0,2.0,3.0,4.0,1.0,O=C1C=COC2Cc3cc1ccc3CC2c1cnoc1,0.0,52.33
0.0,0.0,0.0,25.0,0.0,16.0,0.0,4.0,9,28,17,7,,1,,3,False,0.32142857142857145,0.0,0.0,0.375,1.0,0.0,0.0,0.0,0.0,1.0,0.0,1.0,0.0,0.0,6.0,1.0,22.0,0.2727272727272727,6.0,1640,9,2.1177177930187177,0.39489999999999986,300.3140000000001,2.0,4.0,4.0,4.0,2.0,CC(=O)C1=CC(N2CCOC34C=COC23C=CN4)C=CC1=O,0.0,67.87
0.0,0.0,0.0,1.0,0.0,2.0,0.0,0.0,22,23,22,1,,,,,False,0.9565217391304348,0.0,0.0,1.0,0.0,0.0,0.0,0.0,0.0,0.0,0.0,0.0,0.0,0.0,0.0,0.0,2.0,0.0,0.0,1641,22,3.3502014128641493,1.0262,30.07,0.0,0.0,0.0,0.0,0.0,CC,0.0,0.0
0.0,1.0,1.0,15.0,0.0,13.0,0.0,1.0,20,28,20,7,,1,,,False,0.7142857142857143,0.0,0.0,0.3076923076923077,0.0,0.0,0.0,1.0,0.0,0.0,0.0,1.0,0.0,0.0,2.0,0.0,15.0,0.13333333333333333,2.0,1642,20,2.346332733049137,2.0338000000000003,202.25300000000001,0.0,0.0,2.0,1.0,4.0,COCCCC(=O)C#Cc1ccccc1,0.0,26.3
0.0,0.0,0.0,23.0,2.0,13.0,0.0,5.0,22,37,27,5,,,,5,False,0.5945945945945946,0.0,0.0,0.8461538461538461,1.0,0.0,0.0,0.0,1.0,1.0,0.0,1.0,0.0,1.0,6.0,1.0,19.0,0.3157894736842105,6.0,1643,22,3.49956860492424,0.8692,266.29699999999997,2.0,5.0,4.0,5.0,0.0,C1=C2CCCOON1C13CCOC14ONCC4CC23,2.0,52.190000000000005
0.0,0.5,1.0,16.0,0.0,13.0,0.0,2.0,23,28,23,3,,1,,1,False,0.8214285714285714,0.0,0.0,0.23076923076923078,0.0,0.0,0.0,1.0,0.0,0.0,0.0,1.0,0.0,0.0,2.0,1.0,15.0,0.13333333333333333,2.0,1644,23,4.125411529385412,3.2424000000000017,201.269,1.0,1.0,1.0,2.0,2.0,CCC1=CC=C(O)CN1c1ccccc1,0.0,23.47
0.0,1.0,1.0,18.0,0.0,13.0,0.0,1.0,15,28,15,12,,,,1,False,0.5357142857142857,0.0,0.0,0.38461538461538464,0.0,0.0,0.0,1.0,0.0,0.0,0.0,1.0,0.0,0.0,3.0,2.0,18.0,0.2777777777777778,5.0,1645,15,3.6853672420563472,2.0331,250.298,2.0,0.0,3.0,1.0,6.0,CCC(=O)N(O)CCCC(=O)Nc1ccccc1,0.0,69.64
0.0,0.0,0.0,27.0,0.0,16.0,0.0,5.0,23,34,24,5,,1,,4,False,0.6764705882352942,0.0,0.0,0.75,1.0,1.0,0.0,0.0,0.0,1.0,0.0,1.0,1.0,1.0,7.0,3.0,23.0,0.30434782608695654,7.0,1646,23,2.648298772900434,-0.7055999999999965,320.393,4.0,5.0,3.0,5.0,3.0,COC1C2=C(C(C3CO3)CC(OC)C23CNCN3)N2C=CNC12,1.0,70.32
0.0,0.5,1.0,24.0,0.0,17.0,0.0,2.0,20,34,20,12,,1,,1,False,0.5882352941176471,0.0,0.0,0.29411764705882354,1.0,0.0,0.0,1.0,0.0,1.0,0.0,1.0,0.0,0.0,4.0,4.0,23.0,0.2608695652173913,6.0,1647,20,2.7695206662289724,2.8027000000000006,314.38900000000007,4.0,1.0,2.0,2.0,5.0,CC(N)CCCNC(=O)N=CC(O)=C1C=CNc2ccccc21,0.0,99.74
0.0,0.6666666666666666,2.0,20.0,0.0,11.0,0.0,3.0,23,34,24,7,,,,3,False,0.6764705882352942,0.0,0.0,0.2727272727272727,1.0,0.0,0.0,1.0,0.0,1.0,0.0,1.0,0.0,0.0,6.0,2.0,18.0,0.3888888888888889,7.0,1648,23,4.675465228316241,0.8490999999999995,250.20999999999998,2.0,1.0,5.0,3.0,2.0,COc1c2c(cc3[nH]c(=O)oc13)NC(C(C)=O)O2,0.0,93.56000000000002
0.0,1.0,1.0,13.0,0.0,10.0,0.0,1.0,23,31,23,7,,,,1,False,0.7419354838709677,0.0,0.0,0.3,0.0,0.0,0.0,1.0,0.0,0.0,0.0,1.0,0.0,0.0,2.0,1.0,13.0,0.23076923076923078,3.0,1649,23,2.6850391082247667,1.7913999999999999,179.219,1.0,0.0,2.0,1.0,3.0,COCc1ccc(NC(C)=O)cc1,0.0,38.33
0.0,0.6666666666666666,2.0,21.0,0.0,13.0,0.0,3.0,22,28,22,3,,2,,1,False,0.7857142857142857,0.0,0.0,0.23076923076923078,0.0,0.0,0.0,1.0,0.0,0.0,0.0,1.0,0.0,0.0,4.0,3.0,19.0,0.3157894736842105,6.0,1650,22,1.5121180872611393,1.82472,258.28099999999995,4.0,1.0,2.0,3.0,2.0,Cc1[nH]c(O)nc1-c1ccccc1N1CCN=C1O,0.0,84.74
0.0,0.3333333333333333,1.0,24.0,0.0,16.0,0.0,3.0,20,33,21,8,1,1,,2,False,0.6060606060606061,1.0,0.0,0.4375,1.0,0.0,0.0,1.0,0.0,1.0,0.0,1.0,0.0,0.0,5.0,2.0,22.0,0.2727272727272727,6.0,1651,20,2.933520445362191,1.8667,304.3690000000001,4.0,2.0,1.0,3.0,5.0,CCCNOC1Cc2cc(F)ccc2C1N1C=NCC=C1N,0.0,62.879999999999995
0.0,0.0,0.0,25.0,0.0,19.0,0.0,4.0,22,29,22,3,,,,4,False,0.7586206896551724,0.0,0.0,0.42105263157894735,1.0,0.0,0.0,0.0,0.0,1.0,0.0,1.0,0.0,0.0,3.0,2.0,22.0,0.13636363636363635,3.0,1652,22,2.4683736824946645,3.708000000000002,293.414,3.0,4.0,0.0,4.0,1.0,CCC1=CC2=C(CC3=C(C=CC=C(C)CC3)N2)C2C=NNC12,0.0,36.42
0.0,0.0,0.0,21.0,0.0,16.0,0.0,3.0,23,28,23,2,,,,3,False,0.8214285714285714,0.0,0.0,0.6875,1.0,0.0,0.0,0.0,0.0,1.0,1.0,1.0,0.0,0.0,3.0,1.0,19.0,0.15789473684210525,3.0,1653,23,2.9288530717103165,3.187500000000001,260.381,2.0,3.0,1.0,3.0,0.0,CC=C1C=CCCCC23C=NOC2(CCC1)CNC3,0.0,33.62
0.0,0.5,2.0,22.0,0.0,14.0,0.0,4.0,18,27,20,3,,1,,3,False,0.6666666666666666,0.0,0.0,0.42857142857142855,2.0,0.0,0.0,1.0,0.0,1.0,0.0,1.0,0.0,0.0,4.0,3.0,19.0,0.2631578947368421,5.0,1654,18,7.111334230486702,1.6403999999999999,255.32500000000002,5.0,2.0,0.0,4.0,1.0,Nc1ccc2nc(C3CCNC4=NCCC43)[nH]c2c1,0.0,79.09
0.0,1.0,1.0,13.0,0.0,10.0,0.0,1.0,23,33,24,8,,,,1,False,0.696969696969697,0.0,0.0,0.4,0.0,0.0,0.0,1.0,0.0,0.0,0.0,1.0,0.0,0.0,3.0,1.0,13.0,0.23076923076923078,3.0,1655,23,2.7868406762323503,2.1356,181.23499999999996,1.0,0.0,2.0,1.0,4.0,CCNc1cc(OC)cc(OC)c1,0.0,30.49
0.0,0.0,0.0,19.0,0.0,14.0,0.0,2.0,22,32,23,7,,1,,1,False,0.6875,0.0,0.0,0.6428571428571429,0.0,0.0,0.0,0.0,0.0,0.0,0.0,1.0,0.0,0.0,4.0,2.0,18.0,0.2222222222222222,4.0,1656,22,2.424404441753611,1.2559999999999998,249.35799999999998,3.0,2.0,1.0,2.0,4.0,C=CC1N=C(CC2=CNCC2)C(C)NCC1OC,0.0,45.650000000000006
0.0,0.3333333333333333,1.0,23.0,0.0,14.0,0.0,3.0,22,30,22,5,,1,,2,False,0.7333333333333333,0.0,0.0,0.2857142857142857,1.0,0.0,0.0,1.0,0.0,1.0,0.0,1.0,0.0,0.0,5.0,3.0,21.0,0.3333333333333333,7.0,1657,22,2.380605094616485,1.4963999999999997,287.32300000000004,5.0,2.0,2.0,3.0,3.0,CCNc1cc(N2CC=C3N=CNCN3C2=O)ccc1O,0.0,80.2
0.0,0.0,0.0,23.0,0.0,14.0,0.0,3.0,17,31,19,9,,,,3,False,0.5483870967741935,0.0,0.0,0.6428571428571429,1.0,0.0,0.0,0.0,0.0,1.0,0.0,1.0,0.0,1.0,7.0,3.0,21.0,0.3333333333333333,7.0,1658,17,4.251640243265926,-0.46690000000000015,297.307,1.0,3.0,6.0,3.0,1.0,COC1CC2(OC(=O)C3C(C)=CC(N)=C3O2)C(O)CC1O,1.0,111.24000000000001
0.0,0.5,1.0,18.0,0.0,13.0,0.0,2.0,17,25,17,6,,1,,1,False,0.68,0.0,0.0,0.46153846153846156,0.0,0.0,0.0,1.0,0.0,0.0,0.0,1.0,0.0,0.0,4.0,1.0,17.0,0.23529411764705882,4.0,1659,17,2.009627450828725,1.3589999999999995,235.28300000000002,1.0,1.0,3.0,2.0,4.0,CCOC1CCNC1C(=O)Oc1ccccc1,0.0,47.56
0.0,0.3333333333333333,1.0,23.0,0.0,16.0,0.0,3.0,19,28,19,6,,1,,2,False,0.6785714285714286,0.0,0.0,0.5,1.0,0.0,0.0,1.0,0.0,1.0,0.0,1.0,0.0,0.0,5.0,1.0,21.0,0.23809523809523808,5.0,1660,19,3.3509930912478665,2.1468,287.363,3.0,2.0,2.0,3.0,4.0,COCc1ccc(OC2C(C)C3=C(NCN=C3)C2C)cn1,0.0,55.74
0.0,0.6666666666666666,2.0,22.0,0.0,16.0,0.0,3.0,20,33,23,7,,1,,2,False,0.6060606060606061,0.0,0.0,0.125,1.0,0.0,0.0,1.0,0.0,1.0,0.0,1.0,0.0,0.0,2.0,0.0,20.0,0.2,4.0,1661,20,2.951219897434332,2.376500000000001,266.3,2.0,1.0,2.0,3.0,1.0,CN1CN(C(=O)c2ccccc2)c2ccccc2C1=O,0.0,40.620000000000005
0.0,0.0,0.0,20.0,0.0,12.0,0.0,3.0,22,27,22,2,,1,,2,False,0.8148148148148148,0.0,0.0,0.75,1.0,0.0,0.0,0.0,0.0,1.0,0.0,1.0,0.0,0.0,4.0,2.0,18.0,0.3333333333333333,6.0,1662,22,2.6658136105856776,-0.5539999999999987,251.286,3.0,3.0,3.0,3.0,1.0,O=C1CCOC(C2CCC3C(=O)NCCNC32)=N1,0.0,79.79
0.0,1.0,1.0,15.0,0.0,10.0,0.0,1.0,18,28,18,9,,,,1,False,0.6428571428571429,2.0,0.0,0.3,0.0,0.0,0.0,1.0,0.0,0.0,0.0,1.0,0.0,0.0,3.0,0.0,15.0,0.3333333333333333,5.0,1663,18,3.221276496297878,1.6889,216.18299999999996,0.0,0.0,3.0,1.0,5.0,COc1cc(CCOC=O)c(F)cc1F,0.0,35.53
0.0,0.75,3.0,24.0,0.0,20.0,0.0,4.0,16,24,17,3,,1,,3,False,0.6666666666666666,0.0,0.0,0.15,2.0,0.0,0.0,1.0,0.0,1.0,0.0,1.0,0.0,0.0,1.0,0.0,21.0,0.047619047619047616,1.0,1664,16,1.9723604370719752,5.033500000000004,271.36299999999994,1.0,1.0,0.0,4.0,2.0,CCc1nc2ccccc2cc1-c1cccc2c1CC=C2,0.0,12.89
0.0,0.0,0.0,16.0,0.0,10.0,0.0,2.0,22,29,22,5,,,,2,False,0.7586206896551724,0.0,0.0,0.8,1.0,0.0,0.0,0.0,0.0,1.0,0.0,1.0,0.0,0.0,3.0,2.0,15.0,0.3333333333333333,5.0,1665,22,3.9740230487319512,0.3871000000000003,210.28099999999998,4.0,2.0,1.0,2.0,3.0,CCNCN1CC2CCCNC2=NC1=O,0.0,56.73
0.0,0.3333333333333333,1.0,25.0,0.0,18.0,0.0,3.0,20,32,20,9,,2,,1,False,0.625,0.0,0.0,0.6666666666666666,0.0,1.0,0.0,1.0,0.0,0.0,0.0,1.0,1.0,0.0,5.0,1.0,23.0,0.21739130434782608,5.0,1666,20,3.5962731759000355,2.5063000000000004,322.4010000000001,0.0,2.0,5.0,3.0,8.0,COc1ccc(OCCOC(C)C2CO2)cc1C1CCC(O)C1,0.0,60.45
0.0,1.0,2.0,18.0,0.0,14.0,0.0,2.0,17,28,18,7,1,1,,1,False,0.6071428571428571,0.0,0.0,0.35714285714285715,0.0,0.0,0.0,1.0,0.0,0.0,0.0,1.0,0.0,0.0,2.0,0.0,17.0,0.17647058823529413,3.0,1667,17,2.5905598144269386,2.9835200000000013,230.31100000000004,2.0,0.0,1.0,2.0,3.0,COc1cc(C)n(C(C)(C)c2ccccc2)n1,0.0,27.05
0.0,1.0,1.0,21.0,0.0,13.0,0.0,1.0,20,41,22,18,,,,1,False,0.4878048780487805,0.0,0.0,0.5384615384615384,0.0,0.0,0.0,1.0,0.0,0.0,0.0,1.0,0.0,0.0,6.0,2.0,21.0,0.38095238095238093,8.0,1668,20,2.832178756753602,0.3455199999999996,296.327,4.0,0.0,4.0,1.0,8.0,CC=C(C)C(=O)NCCC(=O)NCCOc1noc(C)n1,0.0,106.35000000000001
0.0,0.0,0.0,25.0,4.0,15.0,0.0,4.0,23,33,23,5,1,,,4,False,0.7272727272727273,0.0,0.0,0.5333333333333333,1.0,0.0,0.0,0.0,1.0,1.0,0.0,1.0,0.0,1.0,7.0,5.0,22.0,0.3181818181818182,7.0,1669,23,2.525994815126864,-0.5383299999999998,301.35,5.0,4.0,2.0,4.0,0.0,CC1=NC(N)=NC23CC(=N)C(O)C=C4C2C(O)CC=CC41N3,2.0,127.08000000000001
0.0,0.25,1.0,26.0,2.0,21.0,0.0,4.0,20,29,21,4,,1,,3,False,0.6896551724137931,0.0,0.0,0.47619047619047616,1.0,0.0,0.0,1.0,1.0,1.0,0.0,1.0,0.0,0.0,2.0,0.0,23.0,0.08695652173913043,2.0,1670,20,2.8075993762400353,4.456700000000004,307.437,1.0,3.0,1.0,4.0,2.0,CCc1ccccc1C1=CC23C=CCOC(CC(C)C2)C3N=C1,0.0,21.59
0.0,0.0,0.0,18.0,5.0,10.0,0.0,4.0,23,30,24,2,,,,4,False,0.7666666666666667,0.0,0.0,0.5,1.0,0.0,1.0,0.0,1.0,1.0,0.0,1.0,1.0,1.0,5.0,2.0,15.0,0.3333333333333333,5.0,1671,23,9.363087512709903,0.28929999999999995,205.217,3.0,5.0,2.0,5.0,0.0,OC1=CC2CC3(C=C4C2OC=NN43)NC1,1.0,57.09
0.0,0.0,0.0,22.0,0.0,18.0,0.0,2.0,16,24,16,6,,,,2,False,0.6666666666666666,0.0,0.0,0.8333333333333334,1.0,0.0,0.0,0.0,0.0,1.0,1.0,1.0,0.0,0.0,3.0,0.0,21.0,0.14285714285714285,3.0,1672,16,2.285869366264492,4.042200000000003,292.46700000000004,2.0,2.0,1.0,2.0,4.0,CC=CCCCC1CCCCCN2C=NCC2COCC1,0.0,24.83
0.0,0.0,0.0,22.0,0.0,14.0,0.0,3.0,12,22,12,7,,1,,2,False,0.5454545454545454,0.0,0.0,0.7142857142857143,1.0,1.0,0.0,0.0,0.0,1.0,0.0,1.0,1.0,0.0,4.0,0.0,20.0,0.3,6.0,1673,12,3.006728879440455,1.3241999999999998,280.324,2.0,3.0,4.0,3.0,2.0,COC1CC2CC2OC1N1C(=O)N(C(C)=O)CC=C1C,0.0,59.080000000000005
0.0,0.5,1.0,11.0,0.0,8.0,0.0,2.0,22,27,23,2,,,,2,False,0.8148148148148148,0.0,0.0,0.375,1.0,0.0,0.0,1.0,0.0,1.0,0.0,1.0,0.0,0.0,1.0,1.0,10.0,0.2,2.0,1674,22,3.3768389620899857,1.5337,135.166,1.0,1.0,1.0,2.0,0.0,O=C1CCCc2c[nH]cc21,0.0,32.86
0.0,0.6666666666666666,2.0,23.0,0.0,13.0,0.0,3.0,14,24,15,6,,1,,2,False,0.5833333333333334,0.0,0.0,0.15384615384615385,1.0,0.0,0.0,1.0,0.0,1.0,0.0,1.0,0.0,0.0,7.0,4.0,21.0,0.38095238095238093,8.0,1675,14,2.19575961192332,0.9237999999999997,286.295,6.0,1.0,2.0,3.0,3.0,COc1cccc(Nc2nc(N)nc3c2NCNC3=O)c1,0.0,114.19
0.0,1.0,1.0,18.0,0.0,15.0,0.0,1.0,17,30,17,12,,,,1,False,0.5666666666666667,0.0,0.0,0.5333333333333333,0.0,0.0,0.0,1.0,0.0,0.0,0.0,1.0,0.0,0.0,3.0,1.0,18.0,0.16666666666666666,3.0,1676,17,3.3996928193610305,3.664220000000003,249.35399999999996,1.0,0.0,2.0,1.0,6.0,COc1cc(C(C)=O)c(NCCC(C)C)cc1C,0.0,38.33
0.0,1.0,3.0,22.0,0.0,14.0,0.0,3.0,21,27,21,3,,2,,1,False,0.7777777777777778,1.0,0.0,0.07142857142857142,0.0,0.0,0.0,1.0,0.0,0.0,0.0,1.0,0.0,0.0,4.0,0.0,20.0,0.3,6.0,1677,21,2.8479450437688847,2.4770000000000003,270.267,4.0,0.0,1.0,3.0,3.0,COc1ccccc1-c1nnn(-c2ccc(F)cc2)n1,0.0,52.830000000000005
0.0,0.3333333333333333,1.0,22.0,0.0,13.0,0.0,3.0,18,33,21,9,,1,,2,False,0.5454545454545454,1.0,0.0,0.07692307692307693,1.0,0.0,0.0,1.0,0.0,1.0,0.0,1.0,0.0,0.0,6.0,0.0,20.0,0.35,7.0,1678,18,3.535080575322616,0.9682999999999999,274.20700000000005,2.0,2.0,4.0,3.0,2.0,COC(=O)C1=C2C(=NN=C2c2ccc(F)cc2)C(=O)O1,0.0,77.32000000000001
0.0,0.6666666666666666,2.0,19.0,0.0,13.0,0.0,3.0,17,26,19,4,,1,,2,False,0.6538461538461539,1.0,0.0,0.07692307692307693,1.0,0.0,0.0,1.0,0.0,1.0,0.0,1.0,0.0,0.0,3.0,0.0,17.0,0.23529411764705882,4.0,1679,17,4.916761652462926,3.346700000000002,232.20999999999998,0.0,1.0,3.0,3.0,2.0,Fc1ccc(Oc2cccc3c2OCO3)cc1,0.0,27.69
0.0,0.3333333333333333,1.0,21.0,0.0,15.0,0.0,3.0,21,26,21,2,,2,,1,False,0.8076923076923077,0.0,0.0,0.4,0.0,0.0,0.0,1.0,0.0,0.0,0.0,1.0,0.0,0.0,4.0,1.0,19.0,0.21052631578947367,4.0,1680,21,2.8690838892409514,2.016,256.353,4.0,2.0,0.0,3.0,2.0,CC1NCC=CN1C1(C)CN(c2ccccc2)C=N1,0.0,30.869999999999997
0.0,0.0,0.0,24.0,0.0,15.0,0.0,5.0,21,30,21,4,,,,5,False,0.7,0.0,0.0,0.7333333333333333,1.0,1.0,0.0,0.0,0.0,1.0,0.0,1.0,1.0,1.0,5.0,2.0,20.0,0.25,5.0,1681,21,2.711861020794603,0.7060999999999995,273.336,3.0,5.0,2.0,5.0,2.0,CCNC1=C2N=CN=C2C2COC3C(O)CCC4C1C243,1.0,66.21000000000001
0.0,1.0,1.0,21.0,0.0,15.0,0.0,1.0,22,38,22,15,,,,1,False,0.5789473684210527,0.0,0.0,0.5333333333333333,0.0,0.0,0.0,1.0,0.0,0.0,0.0,1.0,0.0,0.0,6.0,2.0,21.0,0.2857142857142857,6.0,1682,22,4.22563485140981,2.744670000000001,293.367,3.0,0.0,3.0,1.0,9.0,CCCC(C=N)CNc1cc(OC)cc(C(=O)OCC)n1,0.0,84.3
0.0,1.0,3.0,22.0,0.0,18.0,0.0,3.0,16,34,25,6,,1,,2,False,0.47058823529411764,0.0,0.0,0.1111111111111111,1.0,0.0,0.0,1.0,0.0,1.0,0.0,1.0,0.0,0.0,2.0,2.0,20.0,0.1,2.0,1683,16,3.7430115893617515,4.465920000000003,263.34000000000003,1.0,0.0,1.0,3.0,3.0,Cc1ccc(NCc2cccc3cccc(O)c23)cc1,0.0,32.26
0.0,1.0,1.0,17.0,0.0,11.0,0.0,1.0,15,29,16,12,,,,1,False,0.5172413793103449,3.0,0.0,0.45454545454545453,0.0,0.0,0.0,1.0,0.0,0.0,0.0,1.0,0.0,0.0,3.0,0.0,17.0,0.35294117647058826,6.0,1684,15,2.976284474590855,3.039620000000001,250.21599999999998,0.0,0.0,3.0,1.0,3.0,COc1cc(C(F)(F)F)c(C)c(OC)c1OC,0.0,27.69
0.0,0.0,0.0,21.0,4.0,17.0,0.0,4.0,21,31,23,4,,,,4,False,0.6774193548387096,0.0,0.0,0.7058823529411765,1.0,0.0,0.0,0.0,1.0,1.0,0.0,1.0,0.0,0.0,1.0,0.0,18.0,0.05555555555555555,1.0,1685,21,11.384308315034291,4.302400000000004,241.37799999999996,1.0,4.0,0.0,4.0,0.0,CC1=C2CC(CC34CC=CCC(CC3)C24C)N=C1,0.0,12.36
0.0,0.6666666666666666,2.0,20.0,0.0,15.0,0.0,3.0,23,29,24,2,,2,,1,False,0.7931034482758621,0.0,0.0,0.13333333333333333,0.0,0.0,0.0,1.0,0.0,0.0,0.0,1.0,0.0,0.0,3.0,0.0,18.0,0.16666666666666666,3.0,1686,23,6.721607654104987,3.829600000000003,238.28999999999996,2.0,1.0,1.0,3.0,2.0,CC1=C(c2ccccc2)CC=CN1c1cnco1,0.0,29.270000000000003
0.0,1.0,1.0,11.0,0.0,9.0,0.0,1.0,21,33,24,8,,,,1,False,0.6363636363636364,1.0,0.0,0.3333333333333333,0.0,0.0,0.0,1.0,0.0,0.0,0.0,1.0,0.0,0.0,1.0,0.0,11.0,0.18181818181818182,2.0,1687,21,3.851311551853069,2.3967,154.184,0.0,0.0,1.0,1.0,2.0,CCc1ccc(F)c(OC)c1,0.0,9.23
0.0,0.6666666666666666,2.0,24.0,0.0,16.0,0.0,3.0,21,29,21,5,,2,,1,False,0.7241379310344828,0.0,0.0,0.4375,0.0,0.0,0.0,1.0,0.0,0.0,0.0,1.0,0.0,0.0,3.0,1.0,22.0,0.2727272727272727,6.0,1688,21,4.635576645315082,1.9772399999999997,299.378,5.0,1.0,1.0,3.0,4.0,Cc1cccc(-c2nc(C)nn2CCN2CCCNC2=O)c1,0.0,63.050000000000004
0.0,0.6666666666666666,2.0,18.0,2.0,14.0,0.0,3.0,21,26,21,2,,1,,2,False,0.8076923076923077,1.0,0.0,0.0,1.0,0.0,0.0,1.0,1.0,1.0,0.0,1.0,0.0,0.0,1.0,1.0,16.0,0.125,2.0,1689,21,3.1900593560857495,3.433600000000002,212.22299999999998,0.0,1.0,1.0,3.0,1.0,Oc1ccccc1C1=Cc2cc(F)cc1c2,0.0,20.23
0.0,0.2,1.0,23.0,4.0,11.0,0.0,4.0,21,29,21,3,1,,,4,False,0.7586206896551724,0.0,0.0,0.45454545454545453,1.0,0.0,0.0,1.0,1.0,1.0,1.0,1.0,0.0,0.0,7.0,0.0,20.0,0.45,9.0,1690,21,2.398691456599538,-0.920099999999999,272.272,8.0,4.0,1.0,5.0,0.0,CC(=O)N1CN=C2Cn3ncnc3CC3=NCN2C1=N3,0.0,91.34
0.0,0.25,1.0,23.0,0.0,13.0,0.0,4.0,17,21,17,,,1,,3,False,0.8095238095238095,0.0,0.0,0.38461538461538464,1.0,0.0,0.0,1.0,0.0,1.0,0.0,1.0,0.0,0.0,7.0,1.0,20.0,0.35,7.0,1691,17,2.0289754758083864,0.17039999999999944,273.29599999999994,5.0,3.0,2.0,4.0,1.0,c1ccc(C2=NN=C3NCCN4OCOC4N3C2)cc1,0.0,61.690000000000005
0.0,0.0,0.0,18.0,0.0,12.0,0.0,2.0,15,25,16,7,,1,,1,False,0.6,0.0,0.0,0.5,0.0,0.0,0.0,0.0,0.0,0.0,0.0,1.0,0.0,0.0,4.0,1.0,17.0,0.29411764705882354,5.0,1692,15,2.8076881074269497,1.3496999999999997,235.28699999999995,3.0,2.0,2.0,2.0,2.0,C=C(C)N1CCC(NC(=O)C2=COCCC2)=N1,0.0,53.93000000000001
0.0,1.0,1.0,15.0,0.0,11.0,0.0,1.0,23,36,24,11,,,,1,False,0.6388888888888888,0.0,0.0,0.5454545454545454,0.0,0.0,0.0,1.0,0.0,0.0,0.0,1.0,0.0,0.0,3.0,1.0,15.0,0.26666666666666666,4.0,1693,23,4.034435230001685,2.2055,211.26099999999997,1.0,0.0,3.0,1.0,5.0,CCc1occc1NC(=O)COC(C)C,0.0,51.47
0.0,0.5,1.0,18.0,0.0,14.0,0.0,2.0,22,31,23,6,,1,,1,False,0.7096774193548387,0.0,0.0,0.35714285714285715,0.0,0.0,0.0,1.0,0.0,0.0,0.0,1.0,0.0,0.0,3.0,0.0,17.0,0.17647058823529413,3.0,1694,22,3.5802140887658176,2.9518000000000013,231.29499999999996,1.0,1.0,2.0,2.0,3.0,COc1ccc(C2=C(C)C=NCC2)c(OC)c1,0.0,30.82
0.0,0.5,1.0,20.0,0.0,11.0,0.0,2.0,23,33,23,8,,1,,1,False,0.696969696969697,0.0,0.0,0.45454545454545453,0.0,0.0,0.0,1.0,0.0,0.0,0.0,1.0,0.0,0.0,7.0,2.0,19.0,0.42105263157894735,8.0,1695,23,3.1778446382564365,-0.8798600000000005,267.241,3.0,1.0,5.0,2.0,2.0,COC(=O)C1NC(c2c(C)noc2C)NC(=O)C1=O,0.0,110.53
0.0,0.6666666666666666,2.0,23.0,0.0,16.0,0.0,3.0,23,33,23,7,,1,,2,False,0.696969696969697,0.0,0.0,0.5625,1.0,0.0,0.0,1.0,0.0,1.0,0.0,1.0,0.0,0.0,5.0,2.0,21.0,0.23809523809523808,5.0,1696,23,5.620599360880585,3.0892000000000017,289.37899999999996,3.0,1.0,2.0,3.0,6.0,CCNc1ccc2nc(C(OCC)C3CCCN3)oc2c1,0.0,59.32000000000001
0.0,0.5,1.0,15.0,0.0,10.0,0.0,2.0,21,26,21,3,,1,,1,False,0.8076923076923077,0.0,0.0,0.6,0.0,0.0,0.0,1.0,0.0,0.0,0.0,1.0,0.0,0.0,4.0,1.0,14.0,0.2857142857142857,4.0,1697,21,3.357461231460774,0.8205,193.24999999999994,3.0,1.0,1.0,2.0,3.0,Oc1ccnnc1CCN1CCCC1,0.0,49.25000000000001
0.0,0.6666666666666666,2.0,22.0,0.0,15.0,0.0,3.0,20,26,20,3,,2,,1,False,0.7692307692307693,0.0,0.0,0.4666666666666667,0.0,0.0,0.0,1.0,0.0,0.0,0.0,1.0,0.0,0.0,4.0,1.0,20.0,0.25,5.0,1698,20,3.144501521972176,2.26722,272.352,4.0,1.0,1.0,3.0,3.0,Cc1ccc(O)c(-n2cnnc2CN2CCCCC2)c1,0.0,54.18
0.0,1.0,2.0,24.0,0.0,16.0,0.0,2.0,14,27,14,11,,1,,1,False,0.5185185185185185,3.0,0.0,0.125,0.0,0.0,0.0,1.0,0.0,0.0,0.0,1.0,0.0,0.0,3.0,1.0,23.0,0.30434782608695654,7.0,1699,14,2.3168532377241338,3.8379800000000017,320.27,2.0,0.0,2.0,2.0,3.0,COc1cc(C#N)c(NC(=O)c2ccccc2)c(C(F)(F)F)c1,0.0,62.12
0.0,0.5,1.0,21.0,0.0,12.0,0.0,2.0,20,30,20,8,,1,,1,False,0.6666666666666666,1.0,0.0,0.5833333333333334,0.0,0.0,0.0,1.0,0.0,0.0,0.0,1.0,0.0,0.0,5.0,3.0,20.0,0.4,8.0,1700,20,3.742842263132391,0.4602,284.291,4.0,1.0,3.0,2.0,3.0,CC1=CC(O)C(O)CCC1n1cnc(CNC(=O)F)n1,0.0,100.27
0.0,1.0,1.0,17.0,0.0,14.0,0.0,1.0,16,32,18,13,,,,1,False,0.5,0.0,0.0,0.42857142857142855,0.0,0.0,0.0,1.0,0.0,0.0,0.0,1.0,0.0,0.0,3.0,1.0,17.0,0.17647058823529413,3.0,1701,16,2.905322943334439,3.5751000000000017,236.31099999999995,0.0,0.0,3.0,1.0,4.0,CCc1cc(OC)cc(OC)c1C(O)=C(C)C,0.0,38.69
0.0,0.5,2.0,25.0,0.0,18.0,0.0,4.0,19,26,19,3,,1,,3,False,0.7307692307692307,1.0,0.0,0.2777777777777778,1.0,0.0,0.0,1.0,0.0,1.0,0.0,1.0,0.0,0.0,3.0,0.0,22.0,0.18181818181818182,4.0,1702,19,3.389491622702261,3.4761000000000015,297.329,1.0,2.0,2.0,4.0,2.0,COc1ccc2c(c1)C1OC(c3ccccc3)=NC1C(F)C2,0.0,30.82
0.0,1.0,1.0,16.0,0.0,11.0,0.0,1.0,20,35,22,12,,,,1,False,0.5714285714285714,3.0,0.0,0.45454545454545453,0.0,0.0,0.0,1.0,0.0,0.0,0.0,1.0,0.0,0.0,2.0,1.0,16.0,0.3125,5.0,1703,20,2.398670377469669,3.1538000000000013,233.23299999999998,1.0,0.0,1.0,1.0,5.0,CCOCCNc1ccc(C(F)(F)F)cc1,0.0,21.259999999999998
0.0,1.0,2.0,18.0,0.0,13.0,0.0,2.0,22,31,22,6,1,1,,1,False,0.7419354838709677,0.0,0.0,0.23076923076923078,0.0,0.0,0.0,1.0,0.0,0.0,0.0,1.0,0.0,0.0,3.0,0.0,17.0,0.23529411764705882,4.0,1704,22,6.433075326092063,2.2016999999999998,230.267,2.0,0.0,2.0,2.0,3.0,CCc1ncn(C)c1OC(=O)c1ccccc1,0.0,44.120000000000005
0.0,0.0,0.0,23.0,0.0,15.0,0.0,2.0,10,24,11,11,,1,,1,False,0.4166666666666667,0.0,0.0,0.6666666666666666,0.0,0.0,0.0,0.0,0.0,0.0,0.0,1.0,0.0,0.0,4.0,1.0,22.0,0.3181818181818182,7.0,1705,10,2.986668035435822,0.33340000000000075,309.36600000000004,3.0,2.0,4.0,2.0,3.0,CC(C(=O)N1CCCCC1)C(=O)N1CC=CN(C)C1C(=O)O,0.0,81.16000000000001
0.0,0.0,0.0,23.0,0.0,17.0,0.0,2.0,16,30,16,12,,,,2,False,0.5333333333333333,0.0,0.0,0.5882352941176471,1.0,0.0,0.0,0.0,0.0,1.0,0.0,1.0,0.0,0.0,4.0,4.0,22.0,0.22727272727272727,5.0,1706,16,6.683610324504852,1.1887999999999994,305.42200000000014,3.0,2.0,2.0,2.0,7.0,CC(=O)NCCC(CO)NNC12C=CC=C(C)C1C=CCC2,0.0,73.39
0.0,0.0,0.0,23.0,2.0,11.0,0.0,4.0,13,19,13,2,,1,,3,False,0.6842105263157895,0.0,0.0,0.6363636363636364,1.0,0.0,0.0,0.0,1.0,1.0,0.0,1.0,0.0,0.0,8.0,3.0,20.0,0.45,9.0,1707,13,3.5603099206753237,-2.4432999999999954,277.288,7.0,4.0,2.0,4.0,1.0,O=C1CN(C2(O)CN3NCNCC2C2C=NN=C23)C=N1,0.0,104.92
0.0,1.0,2.0,12.0,0.0,8.0,0.0,2.0,21,26,22,2,,,,2,False,0.8076923076923077,0.0,0.0,0.0,1.0,0.0,0.0,1.0,0.0,1.0,0.0,1.0,0.0,0.0,3.0,1.0,11.0,0.2727272727272727,3.0,1708,21,2.034862482963718,1.3354,146.14899999999997,2.0,0.0,1.0,2.0,0.0,Oc1cnc2ncccc2c1,0.0,46.010000000000005
0.0,0.6666666666666666,2.0,23.0,0.0,13.0,0.0,3.0,23,32,23,6,,1,,2,False,0.71875,0.0,0.0,0.23076923076923078,1.0,0.0,0.0,1.0,0.0,1.0,0.0,1.0,0.0,0.0,6.0,4.0,21.0,0.38095238095238093,8.0,1709,23,2.6852979894268216,1.2082199999999998,285.311,7.0,1.0,1.0,3.0,2.0,Cc1n[nH]c2ccc(NC3=NC=NCC3)c(C(N)=NO)c12,0.0,124.04
0.0,1.0,1.0,16.0,0.0,10.0,0.0,1.0,15,27,15,11,,,,1,False,0.5555555555555556,0.0,0.0,0.4,0.0,0.0,0.0,1.0,0.0,0.0,0.0,1.0,0.0,0.0,4.0,3.0,16.0,0.375,6.0,1710,15,3.499914619278524,0.7955999999999999,225.24799999999996,3.0,0.0,3.0,1.0,6.0,CCC=CNc1c(CO)ncn1CC(=O)O,0.0,87.38000000000001
0.0,0.6666666666666666,2.0,16.0,0.0,13.0,0.0,3.0,19,23,19,1,,,,3,False,0.8260869565217391,0.0,0.0,0.0,1.0,0.0,0.0,1.0,0.0,1.0,0.0,1.0,0.0,0.0,1.0,0.0,14.0,0.07142857142857142,1.0,1711,19,2.5802607622955884,2.8980000000000015,180.206,0.0,1.0,1.0,3.0,0.0,O=C1c2ccccc2-c2ccccc21,0.0,17.07
0.0,1.0,1.0,13.0,0.0,9.0,0.0,1.0,18,30,20,9,,,,1,False,0.6,0.0,0.0,0.2222222222222222,0.0,0.0,0.0,1.0,0.0,0.0,0.0,1.0,0.0,0.0,4.0,1.0,13.0,0.3076923076923077,4.0,1712,18,4.104358595472502,1.1873999999999998,182.17499999999998,0.0,0.0,4.0,1.0,2.0,COC(=O)c1cccc(O)c1OC,0.0,55.760000000000005
0.0,0.25,1.0,27.0,0.0,20.0,0.0,4.0,21,28,22,2,,1,,3,False,0.75,0.0,0.0,0.4,2.0,1.0,0.0,1.0,0.0,1.0,1.0,1.0,1.0,0.0,4.0,2.0,24.0,0.16666666666666666,4.0,1713,21,2.77903819742969,3.3927000000000023,325.408,1.0,3.0,3.0,4.0,1.0,Oc1cc2c(c(C3C4C=COC43)c1)CCNCCCC=CC=CO2,0.0,50.72
0.0,0.5,1.0,21.0,0.0,19.0,0.0,2.0,14,24,14,8,,1,,1,False,0.5833333333333334,0.0,0.0,0.3684210526315789,0.0,0.0,0.0,1.0,0.0,0.0,0.0,1.0,0.0,0.0,1.0,1.0,20.0,0.05,1.0,1714,14,2.4366270297571178,4.899100000000003,268.4,0.0,1.0,1.0,2.0,6.0,CC1=C(C(=CCCCCO)c2ccccc2)CCC=C1,0.0,20.23
0.0,1.0,1.0,17.0,0.0,10.0,0.0,1.0,21,37,23,13,,,,1,False,0.5675675675675675,3.0,0.0,0.5,0.0,0.0,0.0,1.0,0.0,0.0,0.0,1.0,0.0,0.0,4.0,1.0,17.0,0.4117647058823529,7.0,1715,21,4.000172873214168,2.4631000000000007,250.2199999999999,2.0,0.0,2.0,1.0,5.0,CCNc1cc(OC)cc(OCC(F)(F)F)n1,0.0,43.379999999999995
0.0,0.0,0.0,25.0,0.0,17.0,0.0,3.0,21,32,21,8,,1,,2,False,0.65625,0.0,0.0,0.7647058823529411,1.0,0.0,0.0,0.0,0.0,1.0,0.0,1.0,0.0,0.0,6.0,0.0,23.0,0.2608695652173913,6.0,1716,21,2.0860447807802767,2.6031000000000004,318.4210000000001,4.0,3.0,2.0,3.0,4.0,CCN=C1CC(C23CCCCC2C=CN=N3)N(CC(=O)OC)C1,0.0,66.62
0.0,0.3333333333333333,1.0,18.0,0.0,13.0,0.0,3.0,23,34,27,4,,1,,2,False,0.6764705882352942,0.0,0.0,0.15384615384615385,1.0,0.0,0.0,1.0,0.0,1.0,0.0,1.0,0.0,0.0,3.0,0.0,16.0,0.1875,3.0,1717,23,3.189059835500895,2.844800000000001,212.25199999999995,2.0,2.0,1.0,3.0,1.0,C1=CN(c2ccc3c(c2)CC=CO3)N=CC1,0.0,24.83
0.0,1.0,1.0,10.0,0.0,8.0,0.0,1.0,22,29,22,5,1,,,1,False,0.7931034482758621,0.0,0.0,0.625,0.0,0.0,0.0,1.0,0.0,0.0,0.0,1.0,0.0,0.0,1.0,0.0,10.0,0.2,2.0,1718,22,2.080517308983202,1.99162,138.21399999999997,2.0,0.0,0.0,1.0,3.0,CCCCn1nccc1C,0.0,17.82
0.0,0.0,0.0,19.0,0.0,12.0,0.0,2.0,22,34,23,9,,1,,1,False,0.6470588235294118,0.0,0.0,0.75,0.0,0.0,0.0,0.0,0.0,0.0,0.0,1.0,0.0,0.0,6.0,2.0,18.0,0.3333333333333333,6.0,1719,22,2.653151180036886,-1.1914999999999976,252.31799999999998,4.0,2.0,2.0,2.0,6.0,CC(=O)CCNCC1NCC(=O)C1N1C=NCC1,0.0,73.80000000000001
0.0,0.3333333333333333,1.0,21.0,0.0,16.0,0.0,3.0,21,30,22,5,,1,,2,False,0.7,0.0,0.0,0.625,1.0,0.0,0.0,1.0,0.0,1.0,0.0,1.0,0.0,0.0,3.0,0.0,19.0,0.15789473684210525,3.0,1720,21,3.888218775460386,3.004500000000002,261.3649999999999,1.0,2.0,2.0,3.0,3.0,COc1cc2c(cc1CN1CCCCC1C)CCO2,0.0,21.700000000000003
0.0,0.5,1.0,16.0,0.0,12.0,0.0,2.0,22,28,22,4,,1,,1,False,0.7857142857142857,0.0,0.0,0.4166666666666667,0.0,0.0,0.0,1.0,0.0,0.0,0.0,1.0,0.0,0.0,3.0,1.0,15.0,0.2,3.0,1721,22,2.5917589144139805,1.6295,204.273,2.0,1.0,1.0,2.0,4.0,COc1ccc(CCC2=NCCN2)cc1,0.0,33.62
0.0,1.0,3.0,21.0,0.0,10.0,0.0,3.0,23,31,24,4,,1,,2,False,0.7419354838709677,1.0,0.0,0.0,1.0,0.0,0.0,1.0,0.0,1.0,0.0,1.0,0.0,0.0,8.0,1.0,19.0,0.47368421052631576,9.0,1722,23,2.903271282431638,0.8467999999999998,260.188,6.0,0.0,2.0,3.0,2.0,Oc1nncc2ncc(Oc3ccnc(F)n3)nc12,0.0,106.80000000000001
0.0,0.0,0.0,10.0,0.0,6.0,0.0,1.0,20,33,23,8,1,,,1,False,0.6060606060606061,0.0,0.0,1.0,0.0,0.0,0.0,0.0,0.0,0.0,0.0,1.0,0.0,0.0,4.0,2.0,10.0,0.4,4.0,1723,20,3.5575988643387197,-0.14710000000000029,147.174,1.0,1.0,3.0,1.0,3.0,COCC1NCCC1OO,0.0,50.72
0.0,0.0,0.0,16.0,0.0,12.0,0.0,1.0,13,26,13,11,1,,,1,False,0.5384615384615384,0.0,0.0,0.5,0.0,0.0,0.0,0.0,0.0,0.0,0.0,1.0,0.0,0.0,3.0,1.0,16.0,0.25,4.0,1724,13,2.368514689319755,0.6375000000000001,222.28799999999993,2.0,1.0,2.0,1.0,3.0,CC(=O)C(C)=CC=CC(=O)N1CCC(N)C1,0.0,63.400000000000006
0.0,0.6666666666666666,2.0,19.0,0.0,14.0,0.0,3.0,19,30,22,5,,1,,2,False,0.6333333333333333,0.0,0.0,0.35714285714285715,1.0,0.0,0.0,1.0,0.0,1.0,0.0,1.0,0.0,0.0,2.0,0.0,17.0,0.17647058823529413,3.0,1725,19,3.1716287644174743,2.7205200000000005,228.29499999999993,2.0,1.0,1.0,3.0,1.0,Cc1cn(C)c(-c2cccc3c2OCCC3)n1,0.0,27.05
0.0,1.0,1.0,21.0,0.0,18.0,0.0,1.0,10,26,10,15,,,,1,False,0.38461538461538464,0.0,0.0,0.4444444444444444,0.0,0.0,0.0,1.0,0.0,0.0,0.0,1.0,0.0,0.0,3.0,2.0,21.0,0.14285714285714285,3.0,1726,10,2.126631323469767,3.503300000000002,287.45099999999996,3.0,0.0,0.0,1.0,9.0,C=CCC(CNC=C(C)C)C(N)N(CC)c1ccccc1,0.0,41.29
0.0,0.3333333333333333,1.0,21.0,0.0,18.0,0.0,3.0,17,27,19,4,1,2,,1,False,0.6296296296296297,0.0,0.0,0.4444444444444444,0.0,0.0,0.0,1.0,0.0,0.0,0.0,1.0,0.0,0.0,1.0,1.0,19.0,0.05263157894736842,1.0,1727,17,3.3047701900391333,4.393800000000003,253.389,1.0,2.0,0.0,3.0,4.0,C1=CCCC(CCC2CNC(c3ccccc3)C2)=C1,0.0,12.03
0.0,0.16666666666666666,1.0,27.0,6.0,17.0,0.0,5.0,22,29,22,2,,1,,4,False,0.7586206896551724,0.0,0.0,0.5294117647058824,1.0,0.0,0.0,1.0,1.0,1.0,0.0,1.0,0.0,0.0,5.0,1.0,23.0,0.2608695652173913,6.0,1728,22,2.9639778041031555,1.6400999999999992,311.389,5.0,5.0,1.0,6.0,2.0,COn1nccc1C1C2=C3NC4=NCC(CC3CCCC=C2)N41,0.0,54.68
0.0,0.6666666666666666,2.0,25.0,0.0,17.0,0.0,3.0,23,34,23,8,,1,,2,False,0.6764705882352942,0.0,0.0,0.4117647058823529,1.0,0.0,0.0,1.0,0.0,1.0,0.0,1.0,0.0,0.0,5.0,1.0,23.0,0.2608695652173913,6.0,1729,23,3.0333895179833963,2.0122400000000003,316.3570000000001,2.0,1.0,4.0,3.0,4.0,COCC1Cc2ccc(-c3[nH]c(=O)nc(C)c3C)c(OC)c2O1,0.0,73.44000000000001
0.0,0.0,0.0,17.0,0.0,12.0,0.0,2.0,14,25,16,7,,1,,1,False,0.56,1.0,0.0,1.0,0.0,0.0,0.0,0.0,0.0,0.0,0.0,1.0,0.0,0.0,3.0,1.0,16.0,0.25,4.0,1730,14,3.4104342060311064,1.2651,229.34299999999996,3.0,2.0,0.0,2.0,2.0,CCN1CCC(C)C1(F)C1NCCCN1C,0.0,18.509999999999998
0.0,0.6666666666666666,2.0,24.0,0.0,20.0,0.0,3.0,16,28,18,7,,2,,1,False,0.5714285714285714,0.0,0.0,0.35,0.0,0.0,0.0,1.0,0.0,0.0,0.0,1.0,0.0,0.0,2.0,1.0,22.0,0.09090909090909091,2.0,1731,16,2.2529175707973135,5.039220000000005,292.426,2.0,1.0,0.0,3.0,5.0,Cc1ccc(C2CC=CC2)c(NCC(C)c2ccccc2)n1,0.0,24.92
0.0,0.6666666666666666,2.0,23.0,0.0,19.0,0.0,3.0,22,35,25,7,,2,,1,False,0.6285714285714286,0.0,0.0,0.2631578947368421,0.0,0.0,0.0,1.0,0.0,0.0,0.0,1.0,0.0,0.0,2.0,1.0,21.0,0.09523809523809523,2.0,1732,22,2.2830360298841663,4.071600000000003,279.383,1.0,1.0,1.0,3.0,5.0,Oc1ccc(C2=CCCN2CCCc2ccccc2)cc1,0.0,23.47
0.0,0.6666666666666666,2.0,26.0,0.0,21.0,0.0,3.0,18,24,18,3,,,,3,False,0.75,0.0,0.0,0.3333333333333333,1.0,0.0,0.0,1.0,0.0,1.0,1.0,1.0,0.0,0.0,3.0,0.0,24.0,0.125,3.0,1733,18,1.5337464837581736,4.735600000000004,324.4200000000001,0.0,1.0,3.0,3.0,1.0,COc1ccc2c(c1)COOCCCc1ccccc1CC=C2C,0.0,27.69
0.0,0.5,1.0,13.0,0.0,10.0,0.0,2.0,23,29,24,3,,1,,1,False,0.7931034482758621,0.0,0.0,0.4,0.0,0.0,0.0,1.0,0.0,0.0,0.0,1.0,0.0,0.0,2.0,1.0,12.0,0.16666666666666666,2.0,1734,23,2.638084729597294,2.1761999999999997,163.21999999999994,1.0,1.0,1.0,2.0,2.0,CCc1occc1C1=CNCC1,0.0,25.17
0.0,0.75,3.0,24.0,0.0,14.0,0.0,4.0,22,28,22,2,,1,,3,False,0.7857142857142857,1.0,0.0,0.07142857142857142,1.0,0.0,0.0,1.0,0.0,1.0,0.0,1.0,0.0,0.0,5.0,2.0,21.0,0.3333333333333333,7.0,1735,22,3.0322583504845846,0.035899999999999654,282.2819999999999,6.0,1.0,0.0,4.0,1.0,Nc1nc(-c2ccccc2F)cc2nc3c(n12)=NCNC=3,0.0,80.6
0.0,0.25,1.0,20.0,0.0,12.0,0.0,4.0,21,31,23,4,,1,,3,False,0.6774193548387096,0.0,0.0,0.4166666666666667,2.0,1.0,0.0,1.0,0.0,1.0,0.0,1.0,1.0,0.0,5.0,0.0,17.0,0.29411764705882354,5.0,1736,21,2.920722012463215,1.5399,228.255,4.0,3.0,1.0,4.0,2.0,O=CC1CC2N(C1)N=NN2c1ccc2c(c1)C2,0.0,48.27
0.0,1.0,1.0,18.0,0.0,16.0,0.0,1.0,19,32,21,10,,1,,,False,0.59375,1.0,0.0,0.5,0.0,0.0,0.0,1.0,0.0,0.0,0.0,1.0,0.0,0.0,1.0,1.0,18.0,0.1111111111111111,2.0,1737,19,3.7366871878440966,4.398900000000004,249.37299999999996,1.0,0.0,0.0,1.0,8.0,CCCCNCCC=C(CC)c1cccc(F)c1,0.0,12.03
0.0,1.0,3.0,18.0,0.0,10.0,0.0,3.0,18,24,18,3,,1,,2,False,0.75,0.0,0.0,0.3,1.0,0.0,0.0,1.0,0.0,1.0,0.0,1.0,0.0,0.0,3.0,0.0,16.0,0.375,6.0,1738,18,3.2351138807640414,0.8009199999999999,216.24800000000002,6.0,0.0,0.0,3.0,1.0,Cc1cncn1-c1nn(C)c2c1cnn2C,0.0,53.46
0.0,0.0,0.0,20.0,0.0,15.0,0.0,3.0,22,29,22,4,,1,,2,False,0.7586206896551724,0.0,0.0,0.8,1.0,0.0,1.0,0.0,0.0,1.0,0.0,1.0,1.0,0.0,2.0,3.0,18.0,0.16666666666666666,3.0,1739,22,3.3266491383699957,2.6031699999999995,248.36999999999998,2.0,3.0,1.0,3.0,2.0,CC1C(O)CCC(CC2CCCC2)=C2C(=N)NC21,0.0,56.11
0.0,1.0,2.0,12.0,0.0,8.0,0.0,2.0,21,27,22,3,,,,2,False,0.7777777777777778,0.0,0.0,0.0,1.0,0.0,0.0,1.0,0.0,1.0,0.0,1.0,0.0,0.0,2.0,1.0,11.0,0.2727272727272727,3.0,1740,21,1.6475319671323871,1.43458,143.149,3.0,0.0,0.0,2.0,0.0,N#Cc1ccc2[nH]cnc2c1,0.0,52.47
0.0,1.0,2.0,21.0,0.0,14.0,0.0,2.0,20,30,20,8,,1,,1,False,0.6666666666666666,0.0,0.0,0.21428571428571427,0.0,0.0,0.0,1.0,0.0,0.0,0.0,1.0,0.0,0.0,6.0,2.0,20.0,0.3,6.0,1741,20,2.5431911470287543,1.9510199999999998,273.292,3.0,0.0,3.0,2.0,3.0,COc1c(O)ccc(C(C)=O)c1-c1nnc(N)cc1C,0.0,98.33
0.0,0.3333333333333333,1.0,23.0,0.0,13.0,0.0,3.0,17,29,18,8,,1,,2,False,0.5862068965517241,0.0,0.0,0.6923076923076923,1.0,0.0,0.0,1.0,0.0,1.0,0.0,1.0,0.0,0.0,7.0,1.0,21.0,0.38095238095238093,8.0,1742,17,2.655116175642476,0.1034000000000006,297.31100000000004,3.0,2.0,5.0,3.0,5.0,COCC1CCC2C(N1)C(OOC)C(=O)N2c1cnoc1,0.0,86.06
0.0,1.0,3.0,23.0,0.0,15.0,0.0,3.0,18,27,18,6,,1,,2,False,0.6666666666666666,0.0,0.0,0.2,1.0,0.0,0.0,1.0,0.0,1.0,0.0,1.0,0.0,0.0,5.0,4.0,21.0,0.2857142857142857,6.0,1743,18,2.834737690747509,2.4891199999999998,284.319,4.0,0.0,2.0,3.0,2.0,CCc1cc(N)nc(O)c1-c1nc2cc(C)c(O)cc2[nH]1,0.0,108.05000000000001
0.0,0.5,1.0,19.0,0.0,13.0,0.0,2.0,18,26,18,6,,1,,1,False,0.6923076923076923,0.0,0.0,0.23076923076923078,0.0,0.0,0.0,1.0,0.0,0.0,0.0,1.0,0.0,0.0,5.0,2.0,18.0,0.2777777777777778,5.0,1744,18,3.58295867632707,1.9478,245.28199999999998,3.0,1.0,2.0,2.0,3.0,CC(=O)c1ccc(N(O)C2=CC(C)=NCN2)cc1,0.0,64.93
0.0,0.0,0.0,25.0,2.0,18.0,0.0,4.0,21,28,21,3,,,,4,False,0.75,0.0,0.0,0.7222222222222222,1.0,0.0,0.0,0.0,1.0,1.0,0.0,1.0,0.0,0.0,4.0,0.0,22.0,0.18181818181818182,4.0,1745,21,2.2008879358591313,3.175200000000002,300.40200000000004,2.0,4.0,2.0,4.0,1.0,CC1=NN=CC23CC(C=O)=CCC12C1CCOCCC(C1)C3,0.0,51.019999999999996
0.0,0.2,1.0,27.0,0.0,19.0,0.0,5.0,21,32,24,3,,1,,4,False,0.65625,0.0,0.0,0.21052631578947367,1.0,0.0,0.0,1.0,0.0,1.0,0.0,1.0,0.0,0.0,4.0,1.0,23.0,0.17391304347826086,4.0,1746,21,3.051673184737985,2.911100000000001,300.36500000000007,4.0,4.0,0.0,5.0,1.0,C1=NCNC2=C1CC1=C3C=C(c4ccccc4)C=NC3N=C1C2,0.0,49.11
0.0,1.0,1.0,15.0,0.0,10.0,0.0,1.0,20,30,20,9,,,,1,False,0.6666666666666666,0.0,0.0,0.3,0.0,0.0,0.0,1.0,0.0,0.0,0.0,1.0,0.0,0.0,4.0,2.0,15.0,0.3333333333333333,5.0,1747,20,4.920878519398883,1.7325,210.233,2.0,0.0,3.0,1.0,3.0,COc1cccc(N=C(C)NO)c1OC,0.0,63.08
0.0,1.0,2.0,20.0,0.0,16.0,0.0,2.0,23,34,24,8,,1,,1,False,0.6764705882352942,0.0,0.0,0.25,0.0,0.0,0.0,1.0,0.0,0.0,0.0,1.0,0.0,0.0,3.0,0.0,19.0,0.15789473684210525,3.0,1748,23,3.212804996204932,3.420600000000002,258.317,0.0,0.0,3.0,2.0,6.0,COCc1ccc(OCc2ccccc2)cc1OC,0.0,27.69
0.0,1.0,2.0,18.0,0.0,14.0,0.0,2.0,21,28,21,5,,1,,1,False,0.75,0.0,0.0,0.14285714285714285,0.0,0.0,0.0,1.0,0.0,0.0,0.0,1.0,0.0,0.0,3.0,1.0,17.0,0.17647058823529413,3.0,1749,21,2.613521810397586,3.760620000000002,229.27899999999997,1.0,0.0,2.0,2.0,4.0,CONc1ccccc1Oc1ccc(C)cc1,0.0,30.49
0.0,0.0,0.0,25.0,0.0,17.0,0.0,4.0,19,30,20,6,,1,,3,False,0.6333333333333333,0.0,0.0,0.7058823529411765,1.0,0.0,0.0,0.0,0.0,1.0,0.0,1.0,0.0,1.0,5.0,3.0,22.0,0.22727272727272727,5.0,1750,19,5.031210127043544,1.9549,302.422,4.0,4.0,1.0,4.0,2.0,CC=C(C1=CNCC1)C1(C)C2N=CNC23CCCCC3N1O,1.0,59.89
0.0,0.5,1.0,21.0,0.0,15.0,0.0,2.0,19,29,19,8,,1,,1,False,0.6551724137931034,0.0,0.0,0.4666666666666667,0.0,0.0,0.0,1.0,0.0,0.0,0.0,1.0,0.0,0.0,4.0,1.0,20.0,0.25,5.0,1751,19,4.139425658031457,2.3496700000000006,276.33599999999996,2.0,1.0,3.0,2.0,4.0,CCOc1ccc(OC)c(C(=O)N2CCCC(=N)C2)c1,0.0,62.620000000000005
0.0,0.6666666666666666,2.0,19.0,0.0,11.0,0.0,3.0,23,29,23,3,,1,,2,False,0.7931034482758621,0.0,0.0,0.18181818181818182,1.0,0.0,0.0,1.0,0.0,1.0,0.0,1.0,0.0,0.0,6.0,2.0,17.0,0.35294117647058826,6.0,1752,23,2.543985383695712,1.1447999999999998,234.21099999999996,2.0,1.0,4.0,3.0,2.0,Nc1c(-c2cocc2CO)ncc2c1OCO2,0.0,90.74000000000001
0.0,1.0,2.0,12.0,0.0,8.0,0.0,2.0,19,29,23,4,,1,,1,False,0.6551724137931034,0.0,0.0,0.0,0.0,0.0,0.0,1.0,0.0,0.0,0.0,1.0,0.0,0.0,2.0,1.0,11.0,0.2727272727272727,3.0,1753,19,2.1967010000044924,1.4716999999999998,145.16500000000002,3.0,0.0,0.0,2.0,1.0,c1ccc(-c2ncn[nH]2)cc1,0.0,41.57
0.0,1.0,1.0,9.0,0.0,7.0,0.0,1.0,14,18,14,3,,,,1,False,0.7777777777777778,1.0,0.0,0.14285714285714285,0.0,0.0,0.0,1.0,0.0,0.0,0.0,1.0,0.0,0.0,1.0,0.0,9.0,0.2222222222222222,2.0,1754,14,2.2086546651943495,1.8342999999999998,126.12999999999998,0.0,0.0,1.0,1.0,1.0,COc1cccc(F)c1,0.0,9.23
0.0,1.0,2.0,21.0,0.0,16.0,0.0,2.0,18,29,18,9,,1,,1,False,0.6206896551724138,0.0,0.0,0.4375,0.0,0.0,0.0,1.0,0.0,0.0,0.0,1.0,0.0,0.0,3.0,1.0,20.0,0.2,4.0,1755,18,4.123396636708309,3.7005000000000026,274.36400000000003,2.0,0.0,2.0,2.0,6.0,CCCn1cncc1-c1cc(O)ccc1OCC(C)C,0.0,47.28
0.0,1.0,3.0,21.0,0.0,13.0,0.0,3.0,22,33,24,6,,1,,2,False,0.6666666666666666,0.0,0.0,0.07692307692307693,1.0,0.0,0.0,1.0,0.0,1.0,0.0,1.0,0.0,0.0,5.0,3.0,19.0,0.3157894736842105,6.0,1756,22,1.9462436804308705,1.9862999999999995,256.26500000000004,4.0,0.0,2.0,3.0,3.0,Oc1ccnc(NCc2ccc3cnn(O)c3c2)c1,0.0,83.2
0.0,0.0,0.0,22.0,4.0,16.0,0.0,4.0,18,27,19,4,,1,,3,False,0.6666666666666666,0.0,0.0,0.625,2.0,0.0,0.0,0.0,1.0,1.0,0.0,1.0,0.0,0.0,3.0,1.0,19.0,0.15789473684210525,3.0,1757,18,3.522817295269141,1.5257,258.365,2.0,4.0,1.0,4.0,3.0,OC1CCC2CC1CN2CCN1C2=CC=CC1C=C2,0.0,26.71
0.0,0.5,2.0,25.0,2.0,17.0,0.0,4.0,23,32,23,5,,,,4,False,0.71875,0.0,0.0,0.23529411764705882,1.0,0.0,0.0,1.0,1.0,1.0,0.0,1.0,0.0,0.0,4.0,1.0,22.0,0.22727272727272727,5.0,1758,23,6.233344864695099,1.2217999999999998,295.294,1.0,2.0,4.0,4.0,1.0,CC12OC(C=O)(Cc3cc4ccccc4cc31)C(=O)NC2=O,0.0,72.47
0.0,0.5,1.0,21.0,0.0,17.0,0.0,2.0,20,31,20,9,,1,,1,False,0.6451612903225806,0.0,0.0,0.35294117647058826,0.0,0.0,0.0,1.0,0.0,0.0,0.0,1.0,0.0,0.0,3.0,1.0,20.0,0.15,3.0,1759,20,3.1700785869009,3.913300000000003,270.37600000000003,2.0,1.0,1.0,2.0,4.0,CCN=C(C)CC=C1CN(c2cccc(O)c2)C=C1C,0.0,35.83
0.0,0.5,2.0,25.0,0.0,15.0,0.0,4.0,17,27,18,5,,1,,3,False,0.6296296296296297,2.0,0.0,0.3333333333333333,1.0,0.0,0.0,1.0,0.0,1.0,0.0,1.0,0.0,0.0,4.0,0.0,22.0,0.3181818181818182,7.0,1760,17,2.84165248774281,3.095600000000001,309.2680000000001,1.0,2.0,4.0,4.0,3.0,FOOC1c2c(-c3cccc(F)c3)ccn2C2OCCOC12,0.0,41.85000000000001
0.0,1.0,2.0,19.0,0.0,13.0,0.0,2.0,21,29,21,6,,1,,1,False,0.7241379310344828,0.0,0.0,0.07692307692307693,0.0,0.0,0.0,1.0,0.0,0.0,0.0,1.0,0.0,0.0,4.0,2.0,18.0,0.2777777777777778,5.0,1761,21,2.432869057296911,1.60507,240.26600000000002,4.0,0.0,1.0,2.0,2.0,CC(=O)NC(=N)c1ccccc1-c1ccncn1,0.0,78.73
0.0,0.0,0.0,18.0,4.0,13.0,0.0,3.0,20,29,21,5,,,,3,False,0.6896551724137931,0.0,0.0,0.46153846153846156,1.0,0.0,0.0,0.0,1.0,1.0,0.0,1.0,0.0,0.0,3.0,1.0,16.0,0.1875,3.0,1762,20,3.3111878330959255,1.2066999999999999,216.284,2.0,5.0,1.0,5.0,0.0,CC=C1CC2C=C3CN(C)C(=CC2=O)NC13,0.0,32.34
0.0,0.5,1.0,24.0,0.0,17.0,0.0,2.0,14,32,16,14,,1,,1,False,0.4375,0.0,0.0,0.35294117647058826,0.0,0.0,0.0,1.0,0.0,0.0,0.0,1.0,0.0,0.0,5.0,2.0,23.0,0.2608695652173913,6.0,1763,14,3.0007358937838857,2.2907,315.3730000000001,3.0,1.0,3.0,2.0,5.0,CC(=NO)C(=O)N1C=C(CCC(=O)c2ccccc2)CC1(C)N,0.0,95.99
0.0,0.0,0.0,14.0,0.0,8.0,0.0,1.0,10,24,12,10,1,,,1,False,0.4166666666666667,0.0,0.0,0.75,0.0,0.0,0.0,0.0,0.0,0.0,0.0,1.0,0.0,0.0,5.0,3.0,14.0,0.42857142857142855,6.0,1764,10,3.3962164960093006,-2.1504999999999987,203.19399999999996,1.0,1.0,5.0,1.0,3.0,O=C1CC(O)C(O)C(=O)N1CCCO,0.0,98.07
0.0,1.0,1.0,19.0,0.0,15.0,0.0,1.0,17,28,17,10,,1,,,False,0.6071428571428571,1.0,0.0,0.4,0.0,0.0,0.0,1.0,0.0,0.0,0.0,1.0,0.0,0.0,3.0,0.0,19.0,0.21052631578947367,4.0,1765,17,2.988648555436127,3.799820000000003,261.344,3.0,0.0,0.0,1.0,4.0,CN=C(CC(C)=NN=C(C)C)c1cc(F)ccc1C,0.0,37.08
0.0,0.6666666666666666,2.0,23.0,0.0,15.0,0.0,3.0,13,21,14,4,,2,,1,False,0.6190476190476191,0.0,0.0,0.2,0.0,0.0,0.0,1.0,0.0,0.0,0.0,1.0,0.0,0.0,6.0,1.0,21.0,0.2857142857142857,6.0,1766,13,4.6427240969562185,1.8377999999999999,280.33500000000004,6.0,1.0,0.0,3.0,4.0,CCN(C1=CN=CNC1)c1cc(-c2ccccn2)cnn1,0.0,66.3
0.0,0.5,1.0,21.0,0.0,14.0,0.0,2.0,10,38,19,17,,1,,1,False,0.2631578947368421,0.0,0.0,0.5,0.0,0.0,0.0,1.0,0.0,0.0,0.0,1.0,0.0,0.0,6.0,3.0,20.0,0.3,6.0,1767,10,2.667976118787799,0.3197200000000012,279.34,3.0,1.0,3.0,2.0,5.0,Cc1ccc(C(=O)OCCC2NCC(ON)CN2)cc1,0.0,85.61
0.0,0.5,1.0,21.0,0.0,12.0,0.0,2.0,18,30,18,10,,1,,1,False,0.6,0.0,0.0,0.25,0.0,0.0,0.0,1.0,0.0,0.0,0.0,1.0,0.0,0.0,7.0,0.0,20.0,0.4,8.0,1768,18,3.7460165624354893,0.29359999999999986,277.236,3.0,1.0,5.0,2.0,1.0,COC(=O)C(=O)n1ccnc1C1=NOC(=C(C)C)C1=O,0.0,99.85000000000002
0.0,0.0,0.0,12.0,0.0,5.0,0.0,2.0,18,28,20,5,1,,,2,False,0.6428571428571429,0.0,0.0,0.6,1.0,0.0,0.0,0.0,0.0,1.0,0.0,1.0,0.0,0.0,5.0,2.0,11.0,0.5454545454545454,6.0,1769,18,4.219611675913379,-1.2724000000000002,158.113,2.0,2.0,4.0,2.0,1.0,O=C1NC2OC=NC2C1OO,0.0,80.15
0.0,0.3333333333333333,1.0,20.0,0.0,14.0,0.0,3.0,23,28,23,2,,2,,1,False,0.8214285714285714,0.0,0.0,0.5,0.0,0.0,0.0,1.0,0.0,0.0,0.0,1.0,0.0,0.0,4.0,1.0,18.0,0.2222222222222222,4.0,1770,23,2.2796933958488084,1.7689,247.29399999999993,1.0,2.0,3.0,3.0,2.0,O=C1CN(c2ccc(C3(O)CCCC3)cc2)CO1,0.0,49.77000000000001
0.0,0.0,0.0,20.0,0.0,13.0,0.0,3.0,19,26,19,4,,1,,2,False,0.7307692307692307,0.0,0.0,0.6153846153846154,1.0,0.0,0.0,0.0,0.0,1.0,0.0,1.0,0.0,0.0,5.0,0.0,18.0,0.2777777777777778,5.0,1771,19,3.4671558159104134,0.7881,250.298,2.0,3.0,3.0,3.0,3.0,COCC1OCC2OC=C(C3=CCN(C)N=C3)C21,0.0,43.29
0.0,1.0,2.0,19.0,0.0,13.0,0.0,2.0,14,23,14,7,,1,,1,False,0.6086956521739131,1.0,0.0,0.15384615384615385,0.0,0.0,0.0,1.0,0.0,0.0,0.0,1.0,0.0,0.0,4.0,0.0,18.0,0.2777777777777778,5.0,1772,14,11.059992772074205,2.784300000000001,250.22499999999997,0.0,0.0,4.0,2.0,4.0,COc1cocc1C(=O)OCc1cccc(F)c1,0.0,48.67
0.0,0.3333333333333333,1.0,22.0,0.0,13.0,0.0,3.0,15,25,16,6,,1,,2,False,0.6,0.0,0.0,0.5384615384615384,1.0,0.0,0.0,1.0,0.0,1.0,0.0,1.0,0.0,0.0,6.0,4.0,20.0,0.35,7.0,1773,15,3.4472163590018394,0.3804999999999993,278.312,4.0,2.0,3.0,3.0,3.0,O=C(CC1CNCC(O)C1)Nc1coc2c1NCN=C2,0.0,98.89
0.0,0.5,1.0,24.0,0.0,18.0,0.0,2.0,19,33,19,12,,1,,1,False,0.5757575757575758,0.0,0.0,0.5555555555555556,1.0,0.0,1.0,1.0,0.0,1.0,0.0,1.0,1.0,0.0,4.0,2.0,23.0,0.21739130434782608,5.0,1774,19,3.1183713480839557,1.9203,319.4010000000001,1.0,1.0,4.0,2.0,8.0,CCCCCC(=O)NC(=O)C(O)Cc1ccc(OC)c2c1CC2,0.0,75.63000000000001
0.0,0.5,1.0,22.0,0.0,16.0,0.0,2.0,18,31,19,10,,1,,1,False,0.5806451612903226,0.0,0.0,0.5,0.0,0.0,0.0,1.0,0.0,0.0,0.0,1.0,0.0,0.0,5.0,2.0,21.0,0.23809523809523808,5.0,1775,18,2.6639418343678427,2.891300000000001,288.39500000000004,4.0,1.0,1.0,2.0,6.0,CCCNc1cc(C2=NC=NCC2)c(O)cc1N(C)CC,0.0,60.220000000000006
0.0,0.6666666666666666,2.0,23.0,0.0,14.0,0.0,3.0,17,28,18,7,,1,,2,False,0.6071428571428571,0.0,0.0,0.14285714285714285,1.0,0.0,0.0,1.0,0.0,1.0,0.0,1.0,0.0,0.0,6.0,2.0,21.0,0.3333333333333333,7.0,1776,17,2.9096072718271575,0.7264999999999999,285.259,3.0,1.0,4.0,3.0,3.0,O=C(O)Cc1cc2ccccc2c(OC2=NNCC2=O)n1,0.0,100.88000000000001
0.0,1.0,3.0,24.0,0.0,18.0,0.0,3.0,19,31,21,7,,2,,1,False,0.6129032258064516,0.0,0.0,0.1111111111111111,0.0,0.0,0.0,1.0,0.0,0.0,0.0,1.0,0.0,0.0,3.0,0.0,22.0,0.18181818181818182,4.0,1777,19,2.1824837527358802,3.653900000000002,292.338,2.0,0.0,2.0,3.0,5.0,CC(=O)c1ccc(OCc2ccccc2)c(-n2cccn2)c1,0.0,44.120000000000005
0.0,1.0,3.0,24.0,0.0,17.0,0.0,3.0,22,31,22,6,,1,,2,False,0.7096774193548387,0.0,0.0,0.11764705882352941,1.0,0.0,0.0,1.0,0.0,1.0,0.0,1.0,0.0,0.0,5.0,1.0,22.0,0.22727272727272727,5.0,1778,22,4.5511101027097896,2.6102000000000007,294.31,2.0,0.0,3.0,3.0,4.0,COc1ccc(-c2nc(CO)nc3cc(C=O)ccc23)cc1,0.0,72.31
0.0,0.5,2.0,25.0,0.0,16.0,0.0,4.0,12,21,12,5,,1,,3,False,0.5714285714285714,0.0,0.0,0.5625,1.0,0.0,1.0,1.0,0.0,1.0,0.0,1.0,1.0,1.0,4.0,1.0,22.0,0.2727272727272727,6.0,1779,12,2.222026374644275,2.4678000000000004,300.36200000000014,4.0,2.0,2.0,4.0,2.0,CC(=O)NC1c2c(c(-c3ncco3)nn2C)C12CCCCC2,1.0,72.95000000000002
0.0,0.0,0.0,24.0,0.0,13.0,0.0,3.0,15,28,16,9,,1,,2,False,0.5357142857142857,0.0,0.0,0.46153846153846156,1.0,0.0,0.0,0.0,0.0,1.0,0.0,1.0,0.0,0.0,9.0,1.0,22.0,0.4090909090909091,9.0,1780,15,3.0759132532595856,0.1540699999999997,307.26200000000006,3.0,3.0,6.0,3.0,3.0,CC(=O)OC1C(=O)OC(=N)C1(C)OC1=CC=NC2ON=CC12,0.0,119.63000000000002
0.0,0.6666666666666666,2.0,24.0,0.0,16.0,0.0,3.0,18,30,19,8,,1,,2,False,0.6,1.0,0.0,0.125,1.0,0.0,0.0,1.0,0.0,1.0,0.0,1.0,0.0,0.0,3.0,1.0,22.0,0.2727272727272727,6.0,1781,18,2.4247251195714936,2.959600000000002,300.28900000000004,2.0,1.0,3.0,3.0,2.0,CC(=O)N=C(Nc1ccccc1)c1cc2c(cc1F)OCO2,0.0,59.92
0.0,0.6666666666666666,2.0,24.0,0.0,19.0,0.0,3.0,23,34,24,7,,1,,2,False,0.6764705882352942,0.0,0.0,0.3157894736842105,1.0,0.0,0.0,1.0,0.0,1.0,0.0,1.0,0.0,0.0,3.0,2.0,22.0,0.13636363636363635,3.0,1782,23,2.2236392349519214,3.3421200000000013,293.41400000000004,3.0,1.0,0.0,3.0,2.0,Cc1ccc(C=C(N)C2(C)Cc3ccccc3C(N)C2)nc1,0.0,64.93
0.0,1.0,3.0,22.0,0.0,13.0,0.0,3.0,19,27,19,5,,1,,2,False,0.7037037037037037,1.0,0.0,0.07692307692307693,1.0,0.0,0.0,1.0,0.0,1.0,0.0,1.0,0.0,0.0,5.0,1.0,20.0,0.35,7.0,1783,19,2.827521838569367,2.0033,274.255,4.0,0.0,2.0,3.0,3.0,COc1ccc(On2c(N)nc3nccc(F)c32)cc1,0.0,75.19
0.0,0.5,1.0,21.0,0.0,15.0,0.0,2.0,19,29,19,8,,1,,1,False,0.6551724137931034,0.0,0.0,0.5333333333333333,0.0,0.0,0.0,1.0,0.0,0.0,0.0,1.0,0.0,0.0,4.0,1.0,20.0,0.25,5.0,1784,19,3.2162769696236007,0.8716200000000001,277.368,3.0,1.0,2.0,2.0,4.0,COc1ccc(C)c(N(C)C(=O)CN2CCNCC2)c1,0.0,44.81
0.0,0.4,2.0,22.0,4.0,17.0,0.0,4.0,21,30,22,4,,,,4,False,0.7,0.0,0.0,0.17647058823529413,1.0,0.0,0.0,1.0,1.0,1.0,0.0,1.0,0.0,0.0,2.0,1.0,19.0,0.10526315789473684,2.0,1785,21,4.455573230683884,3.967000000000003,249.313,1.0,3.0,1.0,5.0,0.0,CC1=CC2c3cc(O)ccc3-c3c1cccc3N2C,0.0,23.47
0.0,0.5,1.0,13.0,0.0,10.0,0.0,2.0,23,30,24,3,1,,,2,False,0.7666666666666667,0.0,0.0,0.2,1.0,0.0,0.0,1.0,0.0,1.0,0.0,1.0,0.0,0.0,2.0,2.0,12.0,0.16666666666666666,2.0,1786,23,4.391414475677911,1.3852,160.21999999999997,2.0,1.0,0.0,2.0,0.0,C=C1NCCc2cccc(N)c21,0.0,38.05
0.0,1.0,3.0,16.0,0.0,12.0,0.0,3.0,10,16,11,2,,,,3,False,0.625,0.0,0.0,0.0,1.0,0.0,0.0,1.0,0.0,1.0,0.0,1.0,0.0,0.0,2.0,1.0,14.0,0.14285714285714285,2.0,1787,10,2.718938795215491,3.2916000000000016,184.19400000000002,0.0,0.0,2.0,3.0,0.0,Oc1cccc2c1oc1ccccc12,0.0,33.370000000000005
0.0,0.0,0.0,22.0,2.0,19.0,0.0,3.0,17,27,17,7,,,,3,False,0.6296296296296297,0.0,0.0,0.7894736842105263,1.0,0.0,0.0,0.0,1.0,1.0,0.0,1.0,0.0,0.0,1.0,0.0,20.0,0.05,1.0,1788,17,2.9987008821134853,5.130300000000005,274.448,0.0,3.0,1.0,3.0,3.0,CCCCC1=CC2CC(C)C3(C)OCC(C=C1C)CC23,0.0,9.23
0.0,0.5,1.0,17.0,0.0,10.0,0.0,2.0,20,30,20,8,,,,2,False,0.6666666666666666,0.0,0.0,0.4,1.0,0.0,1.0,1.0,0.0,1.0,0.0,1.0,1.0,0.0,6.0,0.0,16.0,0.375,6.0,1789,20,3.8186790144247644,-0.16750000000000043,222.2,2.0,1.0,4.0,2.0,5.0,O=CCOC(=O)COC1Cc2nccnc21,0.0,78.38000000000001
0.0,0.5,1.0,18.0,0.0,14.0,0.0,2.0,23,34,25,7,,1,,1,False,0.6764705882352942,1.0,0.0,0.35714285714285715,0.0,0.0,0.0,1.0,0.0,0.0,0.0,1.0,0.0,0.0,2.0,1.0,17.0,0.17647058823529413,3.0,1790,23,2.7407523439422996,2.1677799999999996,228.26999999999995,2.0,1.0,0.0,2.0,1.0,N#CC#Cc1ccc(F)cc1C1CCCNC1,0.0,35.82
0.0,1.0,1.0,16.0,0.0,11.0,0.0,1.0,23,34,23,10,,,,1,False,0.6764705882352942,0.0,0.0,0.36363636363636365,0.0,0.0,0.0,1.0,0.0,0.0,0.0,1.0,0.0,0.0,4.0,1.0,16.0,0.3125,5.0,1791,23,3.603394315744388,1.4539,225.244,1.0,0.0,4.0,1.0,5.0,COCCC(=O)N(O)c1ccccc1OC,0.0,59.0
0.0,1.0,2.0,11.0,0.0,8.0,0.0,2.0,23,32,26,4,,,,2,False,0.71875,0.0,0.0,0.125,1.0,0.0,0.0,1.0,0.0,1.0,0.0,1.0,0.0,0.0,1.0,0.0,10.0,0.2,2.0,1792,23,3.3410303871294733,1.5732999999999997,132.16599999999997,2.0,0.0,0.0,2.0,0.0,Cn1cnc2ccccc21,0.0,17.82
0.0,0.5,1.0,20.0,0.0,13.0,0.0,2.0,23,33,23,8,,1,,1,False,0.696969696969697,0.0,0.0,0.46153846153846156,0.0,0.0,0.0,1.0,0.0,0.0,0.0,1.0,0.0,0.0,6.0,1.0,19.0,0.3157894736842105,6.0,1793,23,3.8739986925790406,2.0705799999999996,259.313,5.0,1.0,1.0,2.0,5.0,COc1ccc(NC(C#N)CN2N=NCC2C)cc1,0.0,73.00999999999999
0.0,0.5,1.0,12.0,2.0,8.0,0.0,2.0,21,28,23,3,,,,2,False,0.75,0.0,0.0,0.0,1.0,0.0,0.0,1.0,1.0,1.0,0.0,1.0,0.0,0.0,1.0,1.0,11.0,0.2727272727272727,3.0,1794,21,2.859908121216812,1.651,146.149,2.0,1.0,1.0,2.0,0.0,O=C1N=Cc2cccc(c2)N1,0.0,41.46
0.0,1.0,2.0,21.0,0.0,17.0,0.0,2.0,15,27,16,9,,1,,1,False,0.5555555555555556,0.0,0.0,0.23529411764705882,0.0,0.0,0.0,1.0,0.0,0.0,0.0,1.0,0.0,0.0,3.0,1.0,20.0,0.15,3.0,1795,15,3.065857826690321,3.2022000000000013,270.328,0.0,0.0,3.0,2.0,5.0,CC(=O)C(C)Oc1cc(CO)ccc1-c1ccccc1,0.0,46.53
0.0,0.0,0.0,14.0,0.0,11.0,0.0,1.0,20,29,20,8,,,,1,False,0.6896551724137931,0.0,0.0,0.6363636363636364,0.0,0.0,0.0,0.0,0.0,0.0,0.0,1.0,0.0,0.0,2.0,1.0,14.0,0.21428571428571427,3.0,1796,20,2.7461381753038694,1.2939,195.26199999999997,1.0,1.0,2.0,1.0,2.0,CC(=O)C1=C(C(C)C)C(=O)NCC1C,0.0,46.17
0.0,0.0,0.0,21.0,0.0,11.0,0.0,3.0,21,32,22,7,,,,3,False,0.65625,0.0,0.0,0.5454545454545454,1.0,0.0,0.0,0.0,0.0,1.0,0.0,1.0,0.0,1.0,7.0,3.0,19.0,0.42105263157894735,8.0,1797,21,3.629858379781034,-0.8118999999999978,263.305,7.0,3.0,1.0,3.0,1.0,CC1=CC(=O)N2N(C(C)N)CC=C(N)C23N=NNC13,1.0,112.34
0.0,0.0,0.0,19.0,0.0,12.0,0.0,3.0,19,26,20,3,,1,,2,False,0.7307692307692307,0.0,0.0,1.0,0.0,0.0,0.0,0.0,0.0,0.0,0.0,1.0,0.0,1.0,5.0,2.0,17.0,0.29411764705882354,5.0,1798,19,4.463433807657261,0.19289999999999963,242.3189999999999,2.0,3.0,3.0,3.0,2.0,NOC1CNC(C2COCC3(CCCO3)C2)C1,1.0,65.74000000000001
0.0,0.3333333333333333,1.0,22.0,0.0,14.0,0.0,3.0,12,19,12,3,1,2,,1,False,0.6842105263157895,1.0,0.0,0.6428571428571429,0.0,0.0,0.0,1.0,0.0,0.0,0.0,1.0,0.0,0.0,5.0,2.0,20.0,0.3,6.0,1799,12,4.07267835701276,-0.08869999999999978,281.331,3.0,2.0,2.0,3.0,3.0,OCC1(c2cccnc2)NCC(F)C1N1CCOCC1,0.0,57.620000000000005
0.0,0.25,1.0,22.0,2.0,17.0,0.0,3.0,15,23,15,5,,1,,2,False,0.6521739130434783,0.0,0.0,0.29411764705882354,1.0,0.0,0.0,1.0,1.0,1.0,0.0,1.0,0.0,0.0,3.0,1.0,20.0,0.15,3.0,1800,15,9.659021814090266,3.1016000000000012,266.344,2.0,3.0,1.0,4.0,4.0,CC12C=C(c3ccc(NCC=O)cc3)C(=NC1)C=CC2,0.0,41.46
0.0,1.0,3.0,22.0,0.0,14.0,0.0,3.0,21,33,23,7,,2,,1,False,0.6363636363636364,0.0,0.0,0.14285714285714285,0.0,0.0,1.0,1.0,0.0,0.0,0.0,1.0,1.0,0.0,5.0,0.0,20.0,0.3,6.0,1801,21,2.144653326802925,0.7507199999999995,269.26000000000005,3.0,0.0,3.0,3.0,4.0,Cc1cccc(OCc2c(-n3nccn3)c(=O)c2=O)c1,0.0,74.08
0.0,1.0,2.0,22.0,0.0,14.0,0.0,2.0,19,31,19,10,,1,,1,False,0.6129032258064516,0.0,0.0,0.2857142857142857,0.0,0.0,0.0,1.0,0.0,0.0,0.0,1.0,0.0,0.0,6.0,1.0,21.0,0.3333333333333333,7.0,1802,19,2.0293147373940195,1.8595999999999997,289.291,3.0,0.0,4.0,2.0,5.0,CCC(=O)c1ccc(OC)c(-c2nn[nH]c2C(=O)OC)c1,0.0,94.17
0.0,0.3333333333333333,1.0,25.0,0.0,20.0,0.0,3.0,16,26,17,6,,2,,1,False,0.6153846153846154,0.0,0.0,0.55,0.0,0.0,0.0,1.0,0.0,0.0,0.0,1.0,0.0,0.0,2.0,1.0,23.0,0.13043478260869565,3.0,1803,16,2.8070672460289834,4.161000000000003,313.4410000000001,1.0,2.0,2.0,3.0,4.0,CNC(=O)C1=C(CC2CCCCC2)C(c2ccccc2)OCC1,0.0,38.33
0.0,0.3333333333333333,1.0,21.0,0.0,12.0,0.0,3.0,19,31,22,6,,2,,1,False,0.6129032258064516,0.0,0.0,0.6666666666666666,0.0,0.0,0.0,1.0,0.0,0.0,0.0,1.0,0.0,0.0,6.0,3.0,19.0,0.3684210526315789,7.0,1804,19,2.7817474935898567,-0.588399999999998,264.333,6.0,2.0,1.0,3.0,4.0,CN1CCC(COc2cn[nH]c2)(C2=NCCN2)NC1,0.0,77.57
0.0,0.3333333333333333,1.0,24.0,0.0,16.0,0.0,3.0,18,27,18,6,,1,,2,False,0.6666666666666666,0.0,0.0,0.4375,1.0,0.0,0.0,1.0,0.0,1.0,0.0,1.0,0.0,0.0,6.0,2.0,22.0,0.2727272727272727,6.0,1805,18,2.0560584906156385,1.4105999999999999,300.362,4.0,2.0,2.0,3.0,4.0,C=CCOC1C(O)CCC2C=NN=C(c3ccnc(N)c3)C21,0.0,93.08999999999999
0.0,0.0,0.0,26.0,0.0,18.0,0.0,5.0,22,29,23,1,,1,,4,False,0.7586206896551724,0.0,0.0,0.5,1.0,0.0,0.0,0.0,0.0,1.0,0.0,1.0,0.0,0.0,4.0,1.0,22.0,0.18181818181818182,4.0,1806,22,3.2571099920379694,2.3251,296.37,2.0,5.0,2.0,5.0,1.0,C1=COCC(C23COCC2CCC2C3=NC3=C2C=CNC3)=C1,0.0,42.85
0.0,0.5,1.0,14.0,0.0,9.0,0.0,2.0,20,34,25,7,,1,,1,False,0.5882352941176471,0.0,0.0,0.5555555555555556,0.0,0.0,0.0,1.0,0.0,0.0,0.0,1.0,0.0,0.0,4.0,1.0,13.0,0.3076923076923077,4.0,1807,20,3.0949119975865855,0.7870199999999998,182.22299999999998,2.0,1.0,2.0,2.0,2.0,Cc1occc1ON1CCNCC1,0.0,37.64
0.0,1.0,2.0,19.0,0.0,10.0,0.0,2.0,18,30,18,10,,,,2,False,0.6,0.0,0.0,0.2,1.0,0.0,0.0,1.0,0.0,1.0,0.0,1.0,0.0,0.0,5.0,2.0,18.0,0.4444444444444444,8.0,1808,18,2.792537112442432,0.11519999999999986,249.23000000000002,5.0,0.0,3.0,2.0,4.0,CC=CC(=O)OCC(=O)Nc1ncc2[nH]cnn12,0.0,101.38000000000001
0.0,0.3333333333333333,1.0,25.0,0.0,19.0,0.0,3.0,21,35,22,10,,1,,2,False,0.6,0.0,0.0,0.42105263157894735,1.0,0.0,0.0,1.0,0.0,1.0,0.0,1.0,0.0,0.0,3.0,1.0,23.0,0.17391304347826086,4.0,1809,21,4.683638057516507,2.440500000000001,312.41300000000007,2.0,2.0,2.0,3.0,5.0,COCC1=CCC2C1C(c1ccccc1)=C(CNC(C)=O)N2C,0.0,41.57
0.0,0.6666666666666666,2.0,22.0,0.0,15.0,0.0,3.0,21,29,21,5,,2,,1,False,0.7241379310344828,0.0,0.0,0.26666666666666666,0.0,1.0,0.0,1.0,0.0,0.0,0.0,1.0,1.0,0.0,5.0,2.0,20.0,0.25,5.0,1810,21,1.8239063214143274,2.0505199999999997,268.32000000000005,4.0,1.0,1.0,3.0,4.0,Cc1ccc(N)cc1C(=O)C1CC1Nc1ccncn1,0.0,80.9
0.0,0.5,1.0,16.0,0.0,12.0,0.0,2.0,23,30,24,4,,1,,1,False,0.7666666666666667,0.0,0.0,0.4166666666666667,0.0,0.0,0.0,1.0,0.0,0.0,0.0,1.0,0.0,0.0,2.0,1.0,15.0,0.2,3.0,1811,23,2.780287370642777,1.2835,205.25699999999995,1.0,1.0,2.0,2.0,1.0,O=C(c1ccccc1)N1CCCC(O)C1,0.0,40.540000000000006
0.0,0.3333333333333333,1.0,22.0,0.0,16.0,0.0,3.0,18,26,18,5,,,,3,False,0.6923076923076923,0.0,0.0,0.4375,1.0,0.0,0.0,1.0,0.0,1.0,0.0,1.0,0.0,0.0,4.0,1.0,20.0,0.2,4.0,1812,18,2.158190500345939,2.480500000000001,272.34799999999996,2.0,2.0,2.0,3.0,1.0,CC(=O)OC1Nc2ccccc2C2=C1CCCN(C)C2,0.0,41.57
0.0,0.5,1.0,21.0,0.0,13.0,0.0,2.0,23,26,23,1,,,,2,False,0.8846153846153846,0.0,0.0,0.5384615384615384,1.0,0.0,0.0,1.0,0.0,1.0,1.0,1.0,0.0,0.0,6.0,2.0,20.0,0.35,7.0,1813,23,1.5719506065619329,0.03530000000000083,281.312,3.0,1.0,4.0,2.0,0.0,O=C1COCCOCCNCCOc2cccnc2N1,0.0,81.71000000000001
0.0,1.0,2.0,17.0,0.0,12.0,0.0,2.0,19,30,21,7,,1,,1,False,0.6333333333333333,0.0,0.0,0.16666666666666666,0.0,0.0,0.0,1.0,0.0,0.0,0.0,1.0,0.0,0.0,3.0,2.0,16.0,0.25,4.0,1814,19,3.3976470470664646,1.8549,218.25599999999997,2.0,0.0,2.0,2.0,4.0,Nc1ccc(Oc2ccn(CCO)c2)cc1,0.0,60.41
0.0,0.3333333333333333,1.0,23.0,0.0,16.0,0.0,3.0,20,29,21,5,,1,,2,False,0.6896551724137931,0.0,0.0,0.375,0.0,0.0,0.0,1.0,0.0,0.0,0.0,1.0,0.0,1.0,3.0,1.0,21.0,0.23809523809523808,5.0,1815,20,3.2734178899108763,1.4750999999999999,285.34700000000004,3.0,2.0,2.0,3.0,2.0,CCN1C(=O)C=CN(c2ccccc2)C12CCNC(=O)C2,1.0,52.650000000000006
0.0,0.6666666666666666,2.0,23.0,0.0,18.0,0.0,3.0,23,32,24,5,,2,,1,False,0.71875,0.0,0.0,0.0,0.0,0.0,0.0,1.0,0.0,0.0,0.0,1.0,0.0,0.0,2.0,0.0,21.0,0.14285714285714285,3.0,1816,23,2.754627695327775,3.109700000000002,275.307,1.0,1.0,2.0,3.0,3.0,O=C1C=C(c2ccccc2)C(=O)N1C=Cc1ccccc1,0.0,37.38
0.0,1.0,1.0,12.0,0.0,11.0,0.0,1.0,22,29,22,6,,,,1,False,0.7586206896551724,0.0,0.0,0.2727272727272727,0.0,0.0,0.0,1.0,0.0,0.0,0.0,1.0,0.0,0.0,1.0,0.0,12.0,0.08333333333333333,1.0,1817,22,3.2423389406327154,3.118400000000001,162.23199999999997,0.0,0.0,1.0,1.0,2.0,COc1cccc(C=C(C)C)c1,0.0,9.23
0.0,1.0,1.0,14.0,0.0,11.0,0.0,1.0,21,30,21,8,,,,1,False,0.7,0.0,0.0,0.36363636363636365,0.0,0.0,0.0,1.0,0.0,0.0,0.0,1.0,0.0,0.0,3.0,2.0,14.0,0.21428571428571427,3.0,1818,21,3.198359555747135,2.4167000000000005,193.24599999999995,1.0,0.0,2.0,1.0,4.0,CCCNc1ccc(O)c(C(C)=O)c1,0.0,49.33
0.0,0.3333333333333333,1.0,22.0,0.0,14.0,0.0,3.0,23,34,24,7,,1,,2,False,0.6764705882352942,0.0,0.0,0.7857142857142857,1.0,0.0,0.0,1.0,0.0,1.0,0.0,1.0,0.0,0.0,5.0,1.0,20.0,0.3,6.0,1819,23,2.497475178744383,1.3839199999999996,276.38800000000003,6.0,2.0,0.0,3.0,3.0,Cc1nnn(C2CCNC3=NCCC32)c1N(C)C(C)C,0.0,58.34
0.0,0.6666666666666666,2.0,22.0,2.0,17.0,0.0,3.0,21,28,21,4,,1,,2,False,0.75,0.0,0.0,0.0,1.0,0.0,0.0,1.0,1.0,1.0,0.0,1.0,0.0,0.0,2.0,2.0,20.0,0.15,3.0,1820,21,3.3043474703004727,3.864600000000002,263.296,1.0,1.0,2.0,3.0,2.0,O=C(Nc1ccccc1)c1ccc2cc1C=C(O)C=C2,0.0,49.33
0.0,0.5,1.0,16.0,0.0,12.0,0.0,2.0,23,30,24,4,,1,,1,False,0.7666666666666667,0.0,0.0,0.5,0.0,0.0,0.0,1.0,0.0,0.0,0.0,1.0,0.0,0.0,3.0,1.0,15.0,0.2,3.0,1821,23,2.533853745008997,1.2426,206.28899999999993,2.0,1.0,1.0,2.0,3.0,COCc1ccccc1N1CCNCC1,0.0,24.5
0.0,1.0,2.0,21.0,0.0,15.0,0.0,2.0,23,36,23,11,,,,2,False,0.6388888888888888,0.0,0.0,0.3333333333333333,1.0,0.0,0.0,1.0,0.0,1.0,0.0,1.0,0.0,0.0,3.0,3.0,20.0,0.25,5.0,1822,23,3.482690082769501,1.89227,271.36800000000005,5.0,0.0,0.0,2.0,6.0,CC(=CCCNCC(=N)N)c1cccc2c1cnn2C,0.0,79.72
0.0,1.0,2.0,19.0,0.0,13.0,0.0,2.0,16,32,20,10,,1,,1,False,0.5,1.0,0.0,0.07692307692307693,0.0,0.0,0.0,1.0,0.0,0.0,0.0,1.0,0.0,0.0,3.0,1.0,18.0,0.2777777777777778,5.0,1823,16,2.72508215761395,2.594500000000001,247.22499999999997,1.0,0.0,3.0,2.0,3.0,COc1c(-c2ccncc2)ccc(F)c1C(=O)O,0.0,59.42
0.0,0.6666666666666666,2.0,23.0,0.0,16.0,0.0,3.0,18,26,18,5,,1,,2,False,0.6923076923076923,0.0,0.0,0.125,1.0,0.0,0.0,1.0,0.0,1.0,0.0,1.0,0.0,0.0,4.0,2.0,21.0,0.23809523809523808,5.0,1824,18,3.838457656588028,2.44308,279.299,3.0,1.0,2.0,3.0,3.0,N#CCOc1ccc2c(c1)C(=O)NC(c1ccccc1)N2,0.0,74.14999999999999
0.0,1.0,4.0,26.0,0.0,18.0,0.0,4.0,18,34,22,8,,1,,3,False,0.5294117647058824,0.0,0.0,0.1111111111111111,1.0,0.0,0.0,1.0,0.0,1.0,0.0,1.0,0.0,0.0,4.0,2.0,23.0,0.21739130434782608,5.0,1825,18,3.0114253716086896,2.908800000000001,305.33700000000005,3.0,0.0,2.0,4.0,2.0,Cn1c(C(O)c2cccc(O)c2)nc2ncc3ccccc3c21,0.0,71.17
0.0,0.6666666666666666,2.0,22.0,0.0,17.0,0.0,3.0,20,31,21,7,,,,3,False,0.6451612903225806,0.0,0.0,0.4117647058823529,1.0,0.0,0.0,1.0,0.0,1.0,0.0,1.0,0.0,0.0,3.0,3.0,20.0,0.15,3.0,1826,20,4.016160813263358,3.136820000000002,271.36,1.0,1.0,2.0,3.0,3.0,Cc1ccc2c3c(c(NCCO)c(O)c2c1)CCCC3,0.0,52.489999999999995
0.0,0.5,1.0,15.0,0.0,12.0,0.0,2.0,22,28,23,3,,1,,1,False,0.7857142857142857,0.0,0.0,0.3333333333333333,0.0,0.0,0.0,1.0,0.0,0.0,0.0,1.0,0.0,0.0,2.0,2.0,14.0,0.14285714285714285,2.0,1827,22,3.5187747292227045,2.1049999999999995,188.27399999999997,2.0,1.0,0.0,2.0,2.0,CNc1ccc(C2=CCNCC2)cc1,0.0,24.06
0.0,1.0,2.0,18.0,0.0,15.0,0.0,2.0,22,29,22,5,,1,,1,False,0.7586206896551724,0.0,0.0,0.2,0.0,0.0,0.0,1.0,0.0,0.0,0.0,1.0,0.0,0.0,2.0,2.0,17.0,0.11764705882352941,2.0,1828,22,2.5213050889976345,3.5667000000000018,227.307,1.0,0.0,1.0,2.0,4.0,CCc1ccccc1NCc1cccc(O)c1,0.0,32.26
0.0,0.4,2.0,28.0,0.0,18.0,0.0,5.0,21,28,21,2,,2,,3,False,0.75,0.0,0.0,0.2777777777777778,2.0,1.0,0.0,1.0,0.0,1.0,0.0,1.0,1.0,0.0,6.0,1.0,24.0,0.25,6.0,1829,21,4.302548154543743,3.548000000000002,320.35200000000015,4.0,3.0,2.0,5.0,3.0,CC1=C(c2nc(Nc3ccccc3)c3c(n2)O3)C2=NCCC2CO1,0.0,71.93
0.0,1.0,3.0,22.0,0.0,15.0,0.0,3.0,18,26,18,5,,1,,2,False,0.6923076923076923,0.0,0.0,0.2,1.0,0.0,0.0,1.0,0.0,1.0,0.0,1.0,0.0,0.0,4.0,0.0,20.0,0.25,5.0,1830,18,2.3825933005036934,2.6525000000000007,269.304,3.0,0.0,2.0,3.0,3.0,COc1cc(OC)c2cnn(C)c2c1-c1ccncc1,0.0,49.17
0.0,1.0,2.0,19.0,0.0,16.0,0.0,2.0,22,36,24,9,1,1,,1,False,0.6111111111111112,0.0,0.0,0.3125,0.0,0.0,0.0,1.0,0.0,0.0,0.0,1.0,0.0,0.0,1.0,0.0,18.0,0.1111111111111111,2.0,1831,22,3.229243619316744,4.127140000000003,240.35000000000002,2.0,0.0,0.0,2.0,3.0,CCC=Cc1nn(C)c(C)c1-c1cccc(C)c1,0.0,17.82
0.0,0.6666666666666666,2.0,22.0,0.0,16.0,0.0,3.0,22,30,22,5,,1,,2,False,0.7333333333333333,0.0,0.0,0.5,1.0,0.0,0.0,1.0,0.0,1.0,0.0,1.0,0.0,0.0,3.0,0.0,20.0,0.2,4.0,1832,22,8.878894281977644,2.9910200000000016,271.36400000000003,3.0,1.0,1.0,3.0,4.0,CCOCc1ccc2c(c1-n1ncnc1C)CCCC2,0.0,39.94
0.0,0.6666666666666666,2.0,23.0,0.0,15.0,0.0,3.0,21,29,21,5,,1,,2,False,0.7241379310344828,1.0,0.0,0.06666666666666667,1.0,0.0,0.0,1.0,0.0,1.0,0.0,1.0,0.0,0.0,5.0,0.0,21.0,0.2857142857142857,6.0,1833,21,3.7811078184974436,2.3124000000000002,283.262,3.0,1.0,2.0,3.0,3.0,O=C(C=Cc1ncnc2c1C=CCO2)c1ccc(F)nc1,0.0,64.97
0.0,0.5,1.0,18.0,0.0,12.0,0.0,2.0,22,30,22,6,,1,,1,False,0.7333333333333333,0.0,0.0,0.5,0.0,0.0,0.0,1.0,0.0,0.0,0.0,1.0,0.0,0.0,5.0,2.0,17.0,0.29411764705882354,5.0,1834,22,2.42708122263792,1.2618999999999998,234.30299999999997,4.0,1.0,1.0,2.0,5.0,CCCNc1ncc(C2=NCCN2)cc1OC,0.0,58.540000000000006
0.0,0.0,0.0,15.0,0.0,9.0,0.0,3.0,16,26,19,4,,,,3,False,0.6153846153846154,0.0,0.0,0.6666666666666666,1.0,1.0,0.0,0.0,0.0,1.0,0.0,1.0,1.0,1.0,4.0,1.0,13.0,0.3076923076923077,4.0,1835,16,9.56572547369428,0.29729999999999995,181.19099999999997,1.0,3.0,3.0,3.0,0.0,O=C1OC2(CCNCC2)CC2=C1O2,1.0,50.86
0.0,0.0,0.0,12.0,0.0,9.0,0.0,2.0,18,27,20,5,,,,2,False,0.6666666666666666,0.0,0.0,1.0,1.0,0.0,0.0,0.0,0.0,1.0,0.0,1.0,0.0,0.0,2.0,1.0,11.0,0.18181818181818182,2.0,1836,18,2.341431909707784,1.4978999999999996,155.24099999999999,1.0,2.0,1.0,2.0,2.0,NCOC1CC2CCCC2C1,0.0,35.25
0.0,0.75,3.0,25.0,2.0,21.0,0.0,4.0,18,24,18,2,,1,,3,False,0.75,0.0,0.0,0.047619047619047616,1.0,0.0,0.0,1.0,1.0,1.0,0.0,1.0,0.0,0.0,1.0,1.0,22.0,0.045454545454545456,1.0,1837,18,2.8339781284929364,5.421220000000005,284.358,0.0,1.0,1.0,4.0,1.0,Cc1ccc2cc3cc(c2c1O)C=C(c1ccccc1)C=C3,0.0,20.23
0.0,1.0,1.0,14.0,0.0,9.0,0.0,1.0,22,31,22,8,,,,1,False,0.7096774193548387,1.0,0.0,0.2222222222222222,0.0,0.0,0.0,1.0,0.0,0.0,0.0,1.0,0.0,0.0,4.0,1.0,14.0,0.35714285714285715,5.0,1838,22,3.189596894215201,0.732,200.16499999999996,0.0,0.0,4.0,1.0,3.0,COc1ccc(OC(=O)CO)cc1F,0.0,55.760000000000005
0.0,1.0,2.0,19.0,0.0,15.0,0.0,2.0,20,32,22,8,,1,,1,False,0.625,0.0,0.0,0.13333333333333333,0.0,0.0,0.0,1.0,0.0,0.0,0.0,1.0,0.0,0.0,3.0,1.0,18.0,0.16666666666666666,3.0,1839,20,8.410381314784713,3.418100000000001,240.30599999999998,2.0,0.0,1.0,2.0,3.0,COc1ccccc1C(C)=Nc1cccc(N)c1,0.0,47.61
0.0,0.3333333333333333,1.0,18.0,0.0,13.0,0.0,3.0,22,28,23,2,,,,3,False,0.7857142857142857,0.0,0.0,0.5384615384615384,1.0,0.0,0.0,1.0,0.0,1.0,0.0,1.0,0.0,0.0,3.0,1.0,16.0,0.1875,3.0,1840,22,2.8342539556210005,1.8042,215.3,3.0,2.0,0.0,3.0,0.0,CC1=CC2CCNC2CCc2nccnc21,0.0,37.81
0.0,0.3333333333333333,1.0,19.0,0.0,13.0,0.0,3.0,18,27,20,4,,1,,2,False,0.6666666666666666,0.0,0.0,0.6153846153846154,1.0,0.0,0.0,1.0,0.0,1.0,0.0,1.0,0.0,0.0,4.0,2.0,17.0,0.23529411764705882,4.0,1841,18,2.868989957042129,0.6414999999999995,233.31499999999994,3.0,2.0,1.0,3.0,2.0,OCc1ccc2c(n1)CNC(N1CCCC1)C2,0.0,48.39000000000001
0.0,1.0,1.0,16.0,0.0,11.0,0.0,1.0,23,36,24,11,,,,1,False,0.6388888888888888,0.0,0.0,0.45454545454545453,0.0,0.0,0.0,1.0,0.0,0.0,0.0,1.0,0.0,0.0,5.0,1.0,16.0,0.3125,5.0,1842,23,3.5019648915862374,1.0473999999999999,228.24399999999997,0.0,0.0,5.0,1.0,6.0,COCC(O)Oc1ccc(OC)cc1OC,0.0,57.150000000000006
0.0,1.0,1.0,21.0,0.0,16.0,0.0,1.0,19,37,20,16,,,,1,False,0.5135135135135135,0.0,0.0,0.625,0.0,0.0,0.0,1.0,0.0,0.0,0.0,1.0,0.0,0.0,5.0,2.0,21.0,0.23809523809523808,5.0,1843,19,3.7942560506814553,2.3013000000000003,297.39500000000004,1.0,0.0,4.0,1.0,12.0,COCCCCC(COc1ccc(NCCO)cc1)OC,0.0,59.95
0.0,0.6666666666666666,2.0,22.0,0.0,13.0,0.0,3.0,20,29,20,6,,1,,2,False,0.6896551724137931,0.0,0.0,0.3076923076923077,1.0,0.0,0.0,1.0,0.0,1.0,0.0,1.0,0.0,0.0,5.0,4.0,20.0,0.35,7.0,1844,20,3.2084898308774146,1.3353,273.29600000000005,5.0,1.0,2.0,3.0,5.0,O=C(O)c1ccc2nn[nH]c2c1NCCC1=CNCC1,0.0,102.93
0.0,0.25,1.0,25.0,0.0,18.0,0.0,4.0,21,26,21,1,,1,,3,False,0.8076923076923077,0.0,0.0,0.6666666666666666,1.0,0.0,0.0,1.0,0.0,1.0,0.0,1.0,0.0,0.0,4.0,2.0,22.0,0.18181818181818182,4.0,1845,21,4.488581494057632,1.9426999999999996,302.41800000000006,2.0,3.0,2.0,4.0,1.0,OC1COCCN1C1CCCc2ccc3c(c2CC1)NCC3,0.0,44.730000000000004
0.0,0.5,2.0,23.0,0.0,16.0,0.0,4.0,23,36,26,5,1,1,,3,False,0.6388888888888888,0.0,0.0,0.4375,1.0,0.0,0.0,1.0,0.0,1.0,0.0,1.0,0.0,0.0,3.0,2.0,20.0,0.2,4.0,1846,23,2.968739098840174,2.2176,269.34799999999996,3.0,2.0,1.0,4.0,2.0,COc1cn[nH]c1C12NCCC1CCc1ccccc12,0.0,49.94
0.0,1.0,2.0,20.0,0.0,16.0,0.0,2.0,22,35,24,9,,1,,1,False,0.6285714285714286,1.0,0.0,0.1875,0.0,0.0,0.0,1.0,0.0,0.0,0.0,1.0,0.0,0.0,2.0,0.0,19.0,0.15789473684210525,3.0,1847,22,11.467734527411794,3.6498000000000026,258.29200000000003,0.0,0.0,2.0,2.0,5.0,COc1cc(C(=O)CCc2ccccc2)ccc1F,0.0,26.3
0.0,0.6666666666666666,2.0,22.0,0.0,20.0,0.0,3.0,16,25,17,5,,1,,2,False,0.64,0.0,0.0,0.3,1.0,0.0,0.0,1.0,0.0,1.0,0.0,1.0,0.0,0.0,0.0,0.0,20.0,0.0,0.0,1848,16,4.3097448870185175,5.1837000000000035,260.38,0.0,1.0,0.0,3.0,0.0,CC1=CCC(C#Cc2cccc3ccccc23)CC1C,0.0,0.0
0.0,0.6666666666666666,2.0,25.0,0.0,21.0,0.0,3.0,14,22,14,5,,2,,1,False,0.6363636363636364,0.0,0.0,0.42857142857142855,0.0,0.0,0.0,1.0,0.0,0.0,0.0,1.0,0.0,0.0,2.0,1.0,23.0,0.08695652173913043,2.0,1849,14,1.9572508420656993,3.8529000000000027,308.46899999999994,2.0,1.0,0.0,3.0,7.0,c1ccc(Cc2cccc(CNCCN3CCCCC3)c2)cc1,0.0,15.27
0.0,0.25,1.0,24.0,0.0,16.0,0.0,4.0,22,33,23,6,,,,4,False,0.6666666666666666,0.0,0.0,0.5,1.0,0.0,0.0,1.0,0.0,1.0,0.0,1.0,0.0,0.0,3.0,1.0,21.0,0.23809523809523808,5.0,1850,22,1.8786944238080678,2.3232,285.34700000000004,3.0,3.0,2.0,4.0,1.0,CC=Cc1n[nH]c2c1C=C1C3CC(C)OC3CC(=O)N1C2,0.0,58.22
0.0,0.0,0.0,20.0,0.0,13.0,0.0,2.0,16,29,16,11,,,,2,False,0.5517241379310345,2.0,0.0,0.7692307692307693,1.0,0.0,0.0,0.0,0.0,1.0,0.0,1.0,0.0,0.0,4.0,0.0,19.0,0.3157894736842105,6.0,1851,16,2.965334899884882,2.0633999999999997,274.311,2.0,2.0,2.0,2.0,4.0,CCC12N(C)C(C)=NC1(C=CCOC)OCC2(F)F,0.0,34.06
0.0,0.5,1.0,22.0,0.0,18.0,0.0,2.0,20,30,20,8,,1,,1,False,0.6666666666666666,0.0,0.0,0.4444444444444444,0.0,0.0,0.0,1.0,0.0,0.0,0.0,1.0,0.0,0.0,3.0,3.0,21.0,0.14285714285714285,3.0,1852,20,3.4291348305547285,4.251400000000003,287.40299999999996,1.0,1.0,2.0,2.0,4.0,CCC(N)Cc1cccc(C2=C(C)CCCC(O)=C2O)c1,0.0,66.48
0.0,1.0,2.0,22.0,0.0,15.0,0.0,2.0,15,26,15,9,,1,,1,False,0.5769230769230769,0.0,0.0,0.2,0.0,0.0,0.0,1.0,0.0,0.0,0.0,1.0,0.0,0.0,6.0,1.0,21.0,0.2857142857142857,6.0,1853,15,3.3520254096330984,2.2733,288.303,2.0,0.0,4.0,2.0,6.0,CCOc1cc(OC=O)ccc1-c1cc(N)cc(OC)n1,0.0,83.67
0.0,0.2,1.0,24.0,2.0,10.0,0.0,5.0,9,25,13,6,1,,,5,False,0.36,0.0,0.0,0.3,1.0,0.0,0.0,1.0,1.0,1.0,0.0,1.0,0.0,1.0,8.0,4.0,20.0,0.5,10.0,1854,9,3.8640119241772957,-3.7470999999999988,273.212,7.0,4.0,3.0,5.0,0.0,O=C1NCC2=NNC34N=c5ncoc5=C(N3)C(=O)C24N1,2.0,133.01
0.0,0.5,1.0,17.0,0.0,12.0,0.0,2.0,19,31,22,7,,1,,1,False,0.6129032258064516,0.0,0.0,0.16666666666666666,0.0,0.0,0.0,1.0,0.0,0.0,0.0,1.0,0.0,0.0,3.0,1.0,16.0,0.25,4.0,1855,19,4.08427260379627,1.0382999999999998,217.224,1.0,1.0,3.0,2.0,3.0,O=C1C=C(COc2ccccc2)CC(=O)N1,0.0,55.400000000000006
0.0,0.5,1.0,18.0,0.0,12.0,0.0,2.0,18,26,18,6,,1,,1,False,0.6923076923076923,0.0,0.0,0.5,0.0,0.0,0.0,1.0,0.0,0.0,0.0,1.0,0.0,0.0,4.0,0.0,17.0,0.29411764705882354,5.0,1856,18,2.7319328415545265,1.4488999999999999,237.25499999999997,1.0,1.0,4.0,2.0,3.0,O=C(OCC(=O)N1CCCCC1)c1ccoc1,0.0,59.75000000000001
0.0,0.0,0.0,17.0,0.0,14.0,0.0,1.0,14,28,15,12,,,,1,False,0.5,0.0,0.0,0.9285714285714286,0.0,0.0,0.0,0.0,0.0,0.0,0.0,1.0,0.0,0.0,2.0,1.0,17.0,0.17647058823529413,3.0,1857,14,3.1192533471685366,2.9994000000000014,241.37499999999997,1.0,1.0,2.0,1.0,6.0,CC(C)CCCCN1CCCC(C)(C(=O)O)C1,0.0,40.540000000000006
0.0,1.0,2.0,22.0,0.0,14.0,0.0,2.0,13,24,13,9,,1,,1,False,0.5416666666666666,0.0,0.0,0.21428571428571427,0.0,0.0,0.0,1.0,0.0,0.0,0.0,1.0,0.0,0.0,6.0,3.0,21.0,0.3333333333333333,7.0,1858,13,5.437723778252869,1.70682,288.3070000000001,4.0,0.0,3.0,2.0,3.0,COc1cc(-c2nc(O)c(C)nc2N)ccc1NC(C)=O,0.0,110.36000000000001
0.0,1.0,2.0,20.0,0.0,14.0,0.0,2.0,17,33,19,12,,,,2,False,0.5151515151515151,0.0,0.0,0.42857142857142855,1.0,0.0,0.0,1.0,0.0,1.0,0.0,1.0,0.0,0.0,4.0,2.0,19.0,0.2631578947368421,5.0,1859,17,6.352405727767756,1.8096999999999999,261.32499999999993,3.0,0.0,2.0,2.0,7.0,CCn1cnc2cc(NCCCC(=O)CO)ccc21,0.0,67.15
0.0,0.6666666666666666,2.0,23.0,0.0,17.0,0.0,3.0,22,35,24,8,,1,,2,False,0.6285714285714286,2.0,0.0,0.17647058823529413,1.0,0.0,0.0,1.0,0.0,1.0,0.0,1.0,0.0,0.0,2.0,1.0,21.0,0.19047619047619047,4.0,1860,22,3.4221436774555447,3.5316000000000027,287.309,1.0,1.0,1.0,3.0,3.0,OC1CN(CC=Cc2ccccc2)c2cc(F)cc(F)c21,0.0,23.47
0.0,1.0,2.0,19.0,0.0,9.0,0.0,2.0,3,12,3,7,,1,,1,False,0.25,0.0,0.0,0.2222222222222222,0.0,0.0,0.0,1.0,0.0,0.0,0.0,1.0,0.0,0.0,9.0,2.0,18.0,0.5,9.0,1861,3,2.486671142415649,0.3697999999999998,251.20200000000003,5.0,0.0,4.0,2.0,5.0,CC(=O)C(Oc1ncnc(NO)n1)c1ncco1,0.0,123.26
0.0,1.0,2.0,16.0,0.0,9.0,0.0,2.0,21,32,23,6,1,1,,1,False,0.65625,0.0,0.0,0.0,0.0,0.0,0.0,1.0,0.0,0.0,0.0,1.0,0.0,0.0,5.0,0.0,15.0,0.4,6.0,1862,21,3.8228709312860407,0.5038800000000001,199.17300000000003,5.0,0.0,1.0,2.0,1.0,N#CC(=O)n1nnnc1-c1ccccc1,0.0,84.46
0.0,0.5,1.0,15.0,0.0,14.0,0.0,2.0,12,24,15,6,1,1,,1,False,0.5,0.0,0.0,0.42857142857142855,0.0,0.0,0.0,1.0,0.0,0.0,0.0,1.0,0.0,0.0,0.0,0.0,14.0,0.0,0.0,1863,12,2.2585184684061064,4.062300000000003,186.29799999999994,0.0,1.0,0.0,2.0,2.0,CCc1cccc(C2=CCCC2C)c1,0.0,0.0
0.0,0.0,0.0,21.0,0.0,15.0,0.0,2.0,17,30,18,10,,1,,1,False,0.5666666666666667,0.0,0.0,0.8666666666666667,0.0,0.0,0.0,0.0,0.0,0.0,0.0,1.0,0.0,0.0,5.0,2.0,20.0,0.25,5.0,1864,17,3.1891159544733165,1.1301000000000012,283.416,3.0,2.0,2.0,2.0,6.0,CCOCC1(OC)CN(CC)CCC1C1=CNNC1C,0.0,45.760000000000005
0.0,0.5,1.0,16.0,0.0,12.0,0.0,2.0,15,31,21,8,,1,,1,False,0.4838709677419355,0.0,0.0,0.5,0.0,0.0,0.0,1.0,0.0,0.0,0.0,1.0,0.0,0.0,3.0,0.0,15.0,0.2,3.0,1865,15,1.8602830305774392,1.9219,207.2729999999999,1.0,1.0,2.0,2.0,2.0,COc1ccccc1N1CCCOCC1,0.0,21.700000000000003
0.0,0.0,0.0,17.0,0.0,15.0,0.0,1.0,15,27,15,11,,,,1,False,0.5555555555555556,0.0,0.0,0.8666666666666667,0.0,0.0,0.0,0.0,0.0,0.0,0.0,1.0,0.0,0.0,2.0,1.0,17.0,0.11764705882352941,2.0,1866,15,3.6218122381110147,3.875200000000003,239.40299999999996,1.0,1.0,1.0,1.0,7.0,CCC(CC)CCCNC1(C)COC=C(C)C1,0.0,21.259999999999998
0.0,0.6666666666666666,2.0,20.0,0.0,12.0,0.0,3.0,20,29,21,4,1,2,,1,False,0.6896551724137931,1.0,0.0,0.3333333333333333,0.0,0.0,0.0,1.0,0.0,0.0,0.0,1.0,0.0,0.0,3.0,2.0,18.0,0.3333333333333333,6.0,1867,20,3.334639719875428,2.1472999999999995,248.26100000000002,4.0,1.0,1.0,3.0,3.0,FCc1cc(C=C2OCCC2c2ncc[nH]2)n[nH]1,0.0,66.59
0.0,1.0,1.0,11.0,0.0,9.0,0.0,1.0,21,31,23,7,,,,1,False,0.6774193548387096,0.0,0.0,0.3333333333333333,0.0,0.0,0.0,1.0,0.0,0.0,0.0,1.0,0.0,0.0,2.0,0.0,11.0,0.18181818181818182,2.0,1868,21,2.5369135993307994,2.0938999999999997,152.19299999999996,0.0,0.0,2.0,1.0,3.0,CCOc1ccccc1OC,0.0,18.46
0.0,1.0,1.0,10.0,0.0,6.0,0.0,1.0,22,33,24,7,1,,,1,False,0.6666666666666666,0.0,0.0,0.3333333333333333,0.0,0.0,0.0,1.0,0.0,0.0,0.0,1.0,0.0,0.0,2.0,1.0,10.0,0.4,4.0,1869,22,3.3162841282424833,0.27611999999999975,140.142,2.0,0.0,2.0,1.0,2.0,Cc1cnn(CC(=O)O)c1,0.0,55.120000000000005
0.0,0.6666666666666666,2.0,22.0,0.0,14.0,0.0,3.0,20,32,23,6,,2,,1,False,0.625,0.0,0.0,0.42857142857142855,1.0,0.0,0.0,1.0,0.0,1.0,0.0,1.0,0.0,0.0,5.0,0.0,20.0,0.3,6.0,1870,20,4.122413209184557,1.79962,272.30800000000005,4.0,1.0,2.0,3.0,2.0,COC(C)=C1CCC(c2ccc3nc(C)nn3n2)C1=O,0.0,69.38
0.0,1.0,3.0,21.0,0.0,11.0,0.0,3.0,23,31,23,5,,1,,2,False,0.7419354838709677,0.0,0.0,0.09090909090909091,1.0,0.0,0.0,1.0,0.0,1.0,0.0,1.0,0.0,0.0,5.0,2.0,19.0,0.42105263157894735,8.0,1871,23,3.750796888171503,0.1296999999999996,259.225,5.0,0.0,3.0,3.0,3.0,O=C(O)c1cn(-n2nnc3ccccc32)nc1CO,0.0,106.06
0.0,0.6666666666666666,2.0,23.0,0.0,14.0,0.0,3.0,18,31,20,7,1,2,,1,False,0.5806451612903226,0.0,0.0,0.35714285714285715,0.0,0.0,0.0,1.0,0.0,0.0,0.0,1.0,0.0,0.0,6.0,2.0,21.0,0.3333333333333333,7.0,1872,18,10.838245107780667,1.0963999999999998,289.291,3.0,1.0,4.0,3.0,2.0,CC(=O)N1CC(O)CC1c1ncoc1-c1ncccc1O,0.0,99.69000000000001
0.0,0.5,1.0,17.0,0.0,10.0,0.0,2.0,17,29,19,7,1,1,,1,False,0.5862068965517241,0.0,0.0,0.6,0.0,0.0,0.0,1.0,0.0,0.0,0.0,1.0,0.0,0.0,4.0,2.0,16.0,0.375,6.0,1873,17,1.917738762886764,0.3662999999999997,225.24800000000002,3.0,1.0,3.0,2.0,2.0,CCC1COCCN1C(=O)c1cn[nH]c1O,0.0,78.45
0.0,0.3333333333333333,1.0,23.0,0.0,18.0,0.0,3.0,18,28,18,7,,1,,2,False,0.6428571428571429,0.0,0.0,0.5,1.0,0.0,0.0,1.0,0.0,1.0,0.0,1.0,0.0,0.0,2.0,1.0,21.0,0.14285714285714285,3.0,1874,18,2.553975933791481,3.9684000000000035,285.3869999999999,1.0,2.0,2.0,3.0,2.0,CC(C)=C(C)c1ccc(N2CC3CCCC3C2=O)c(O)c1,0.0,40.540000000000006
0.0,0.3333333333333333,1.0,23.0,0.0,14.0,0.0,3.0,20,35,23,9,,,,3,False,0.5714285714285714,0.0,0.0,0.5,1.0,0.0,0.0,1.0,0.0,1.0,0.0,1.0,0.0,1.0,7.0,2.0,21.0,0.3333333333333333,7.0,1875,20,2.3930038878638573,0.5175000000000001,290.323,4.0,2.0,3.0,3.0,2.0,CNc1nc2c(cc1C=O)N=COC21CCN(C)CC1O,1.0,87.05
0.0,0.25,1.0,23.0,0.0,18.0,0.0,4.0,15,30,20,6,,1,,3,False,0.5,0.0,0.0,0.5555555555555556,1.0,0.0,0.0,1.0,0.0,1.0,0.0,1.0,0.0,0.0,2.0,0.0,20.0,0.1,2.0,1876,15,2.5990536698623266,3.894300000000003,269.388,1.0,3.0,1.0,4.0,1.0,CC1CCC2C(C1)CC1OC(c3ccccc3)=CCN12,0.0,12.47
0.0,1.0,2.0,20.0,0.0,17.0,0.0,2.0,19,32,21,9,,1,,1,False,0.59375,0.0,0.0,0.17647058823529413,0.0,0.0,0.0,1.0,0.0,0.0,0.0,1.0,0.0,0.0,2.0,1.0,19.0,0.10526315789473684,2.0,1877,19,2.6166821588385747,3.714400000000002,253.345,1.0,0.0,1.0,2.0,4.0,CCc1ccc(C(N)=Cc2cccc(OC)c2)cc1,0.0,35.25
0.0,0.6666666666666666,2.0,21.0,0.0,17.0,0.0,3.0,22,34,26,5,,2,,1,False,0.6470588235294118,0.0,0.0,0.17647058823529413,0.0,0.0,0.0,1.0,0.0,0.0,0.0,1.0,0.0,0.0,2.0,0.0,19.0,0.10526315789473684,2.0,1878,22,2.423054899990389,3.6346200000000026,248.329,2.0,1.0,0.0,3.0,2.0,Cc1ccc(C2=NC(c3ccccc3)=NCC2)cc1,0.0,24.72
0.0,1.0,2.0,16.0,0.0,11.0,0.0,2.0,15,22,16,4,,1,,1,False,0.6818181818181818,0.0,0.0,0.09090909090909091,0.0,0.0,0.0,1.0,0.0,0.0,0.0,1.0,0.0,0.0,4.0,1.0,15.0,0.26666666666666666,4.0,1879,15,2.1884900883022285,1.7276,201.229,3.0,0.0,1.0,2.0,3.0,NCc1ccc(Oc2ccccc2)nn1,0.0,61.03
0.0,1.0,3.0,21.0,0.0,15.0,0.0,3.0,17,23,17,3,,1,,2,False,0.7391304347826086,0.0,0.0,0.0,1.0,0.0,0.0,1.0,0.0,1.0,0.0,1.0,0.0,0.0,4.0,1.0,19.0,0.21052631578947367,4.0,1880,17,1.7186877860964924,2.874080000000001,247.257,3.0,0.0,1.0,3.0,1.0,N#Cc1cc(O)cc(-c2ccnc3ccccc23)n1,0.0,69.8
0.0,0.3333333333333333,1.0,23.0,0.0,19.0,0.0,3.0,18,24,18,3,,2,,1,False,0.75,0.0,0.0,0.5789473684210527,0.0,0.0,0.0,1.0,0.0,0.0,0.0,1.0,0.0,0.0,2.0,1.0,21.0,0.09523809523809523,2.0,1881,18,2.41998711259586,3.808500000000003,285.431,1.0,2.0,1.0,3.0,3.0,CC(N)C1(c2ccccc2)CCC(C2=CCCOC2)CC1,0.0,35.25
0.0,0.4,2.0,26.0,5.0,16.0,0.0,5.0,20,28,20,3,,,,5,False,0.7142857142857143,0.0,0.0,0.0625,1.0,0.0,0.0,1.0,1.0,1.0,0.0,1.0,0.0,0.0,5.0,2.0,22.0,0.2727272727272727,6.0,1882,20,2.732570480684689,2.34147,287.28200000000004,5.0,3.0,1.0,5.0,1.0,N=C(O)c1cnc2c(n1)C1=C3C=CC=NC1c1nc3ccc1-2,0.0,95.11
0.0,0.75,3.0,27.0,0.0,21.0,0.0,4.0,17,25,17,4,,2,,2,False,0.68,1.0,0.0,0.2857142857142857,1.0,0.0,0.0,1.0,0.0,1.0,0.0,1.0,0.0,0.0,1.0,0.0,24.0,0.125,3.0,1883,17,2.039103399098016,4.651420000000004,320.41099999999994,2.0,1.0,0.0,4.0,4.0,Cc1ccc(F)cc1C(Cc1ccc2c(c1)CCC2)n1ccnc1,0.0,17.82
0.0,0.6666666666666666,2.0,26.0,0.0,18.0,0.0,3.0,20,37,25,9,,2,,1,False,0.5405405405405406,0.0,0.0,0.3333333333333333,0.0,0.0,0.0,1.0,0.0,0.0,0.0,1.0,0.0,0.0,4.0,2.0,24.0,0.25,6.0,1884,20,3.513581022276433,2.4904,326.4,4.0,1.0,2.0,3.0,4.0,CCN(O)C(=O)c1cc(C2=C(C)CNCC2)n(-c2ccccc2)n1,0.0,70.39
0.0,0.6666666666666666,2.0,21.0,0.0,14.0,0.0,3.0,23,31,23,5,,1,,2,False,0.7419354838709677,1.0,0.0,0.14285714285714285,1.0,0.0,0.0,1.0,0.0,1.0,0.0,1.0,0.0,0.0,3.0,0.0,19.0,0.2631578947368421,5.0,1885,23,3.1430152106260683,2.4247200000000007,258.252,2.0,1.0,2.0,3.0,2.0,COc1cc2n(c1C)C(c1cccnc1F)=CC2=O,0.0,44.120000000000005
0.0,1.0,2.0,22.0,0.0,15.0,0.0,2.0,18,34,20,12,,1,,1,False,0.5294117647058824,0.0,0.0,0.3333333333333333,0.0,0.0,0.0,1.0,0.0,0.0,0.0,1.0,0.0,0.0,5.0,1.0,21.0,0.2857142857142857,6.0,1886,18,2.970135330743225,2.3463000000000003,290.3190000000001,2.0,0.0,4.0,2.0,6.0,CCc1[nH]c(COC(=O)c2ccc(OC)cc2)nc1OC,0.0,73.44000000000001
0.0,1.0,2.0,15.0,0.0,8.0,0.0,2.0,17,23,17,3,1,1,,1,False,0.782608695652174,0.0,0.0,0.0,0.0,0.0,0.0,1.0,0.0,0.0,0.0,1.0,0.0,0.0,5.0,2.0,14.0,0.42857142857142855,6.0,1887,17,3.1947451442119066,0.13629999999999987,190.16200000000003,4.0,0.0,2.0,2.0,2.0,O=C(c1cc[nH]n1)c1nccnc1O,0.0,91.76
0.0,1.0,3.0,22.0,0.0,13.0,0.0,3.0,23,32,24,5,,1,,2,False,0.71875,0.0,0.0,0.07692307692307693,1.0,0.0,0.0,1.0,0.0,1.0,0.0,1.0,0.0,0.0,6.0,2.0,20.0,0.35,7.0,1888,23,2.765808264018016,0.9708999999999999,269.264,5.0,0.0,2.0,3.0,2.0,COc1ccc(-c2nc3nc(N)ncc3c(=O)[nH]2)cc1,0.0,106.78
0.0,0.5,1.0,22.0,0.0,16.0,0.0,2.0,20,32,20,10,,1,,1,False,0.625,0.0,0.0,0.625,0.0,0.0,0.0,1.0,0.0,0.0,0.0,1.0,0.0,0.0,5.0,3.0,21.0,0.23809523809523808,5.0,1889,20,3.751742830576507,-0.12889999999999846,294.395,2.0,1.0,3.0,2.0,8.0,CN1CC(O)C(NC(COCCO)Cc2ccccc2)C1,0.0,64.96000000000001
0.0,0.0,0.0,25.0,0.0,17.0,0.0,3.0,18,31,20,8,,1,,2,False,0.5806451612903226,0.0,0.0,0.7058823529411765,1.0,0.0,0.0,0.0,0.0,1.0,1.0,1.0,0.0,0.0,6.0,0.0,23.0,0.2608695652173913,6.0,1890,18,2.5104317432856766,1.4765,318.42100000000016,4.0,3.0,2.0,3.0,2.0,CC(C)(C)N1CCN=C1C(=O)C1=NCC2=CCOCCCCN21,0.0,57.50000000000001
0.0,1.0,2.0,18.0,0.0,14.0,0.0,2.0,14,24,15,7,,1,,1,False,0.5833333333333334,0.0,0.0,0.21428571428571427,0.0,0.0,0.0,1.0,0.0,0.0,0.0,1.0,0.0,0.0,3.0,0.0,17.0,0.17647058823529413,3.0,1891,14,2.155375726352988,3.4269200000000017,229.27900000000002,1.0,0.0,2.0,2.0,5.0,C=CC(OCc1cnoc1C)c1ccccc1,0.0,35.260000000000005
0.0,1.0,1.0,15.0,0.0,11.0,0.0,1.0,20,30,20,9,,,,1,False,0.6666666666666666,0.0,0.0,0.18181818181818182,0.0,0.0,0.0,1.0,0.0,0.0,0.0,1.0,0.0,0.0,3.0,2.0,15.0,0.26666666666666666,4.0,1892,20,3.2068385114015556,1.5490000000000002,207.22899999999998,1.0,0.0,3.0,1.0,5.0,CNOCC=Cc1ccc(C(=O)O)cc1,0.0,58.56
0.0,1.0,3.0,22.0,0.0,16.0,0.0,3.0,22,30,23,4,,2,,1,False,0.7333333333333333,1.0,0.0,0.0625,0.0,0.0,0.0,1.0,0.0,0.0,0.0,1.0,0.0,0.0,2.0,1.0,20.0,0.2,4.0,1893,22,3.4413009898013205,4.316520000000002,268.291,2.0,0.0,1.0,3.0,3.0,Cc1ccccc1-c1c[nH]c(Oc2ccccc2F)n1,0.0,37.91
0.0,1.0,3.0,24.0,0.0,18.0,0.0,3.0,21,32,22,6,1,2,,1,False,0.65625,1.0,0.0,0.16666666666666666,0.0,0.0,0.0,1.0,0.0,0.0,0.0,1.0,0.0,0.0,2.0,0.0,22.0,0.18181818181818182,4.0,1894,21,3.6217740426681226,4.249400000000003,296.34499999999997,2.0,0.0,1.0,3.0,4.0,CCc1nn(-c2ccc(OC)c(F)c2)cc1-c1ccccc1,0.0,27.05
0.0,0.5,1.0,21.0,0.0,14.0,0.0,2.0,21,31,21,8,,1,,1,False,0.6774193548387096,0.0,0.0,0.2857142857142857,0.0,0.0,0.0,1.0,0.0,0.0,0.0,1.0,0.0,0.0,4.0,2.0,20.0,0.3,6.0,1895,21,3.047309096952911,1.3593,276.29200000000003,2.0,1.0,4.0,2.0,2.0,CC1(C)NC(=O)C=CN1C(=O)Oc1ccccc1CO,0.0,78.87
0.0,0.6666666666666666,2.0,22.0,0.0,17.0,0.0,3.0,18,27,19,5,,1,,2,False,0.6666666666666666,0.0,0.0,0.17647058823529413,1.0,0.0,0.0,1.0,0.0,1.0,0.0,1.0,0.0,0.0,3.0,0.0,20.0,0.15,3.0,1896,18,2.486428783397854,3.636800000000002,268.31199999999995,0.0,1.0,3.0,3.0,3.0,COc1ccc(C2=Cc3ccc(OC)cc3OC2)cc1,0.0,27.69
0.0,0.3333333333333333,1.0,18.0,0.0,13.0,0.0,3.0,20,25,20,2,,1,,2,False,0.8,0.0,0.0,0.23076923076923078,1.0,0.0,0.0,1.0,0.0,1.0,0.0,1.0,0.0,0.0,2.0,0.0,16.0,0.1875,3.0,1897,20,3.3578502720351784,1.0787999999999998,213.23600000000002,1.0,2.0,2.0,3.0,1.0,O=C1C=CC(=O)N1C1Cc2ccccc2C1,0.0,37.38
0.0,1.0,1.0,16.0,0.0,11.0,0.0,1.0,22,33,22,10,,,,1,False,0.6666666666666666,1.0,0.0,0.36363636363636365,0.0,0.0,0.0,1.0,0.0,0.0,0.0,1.0,0.0,0.0,4.0,0.0,16.0,0.3125,5.0,1898,22,3.0925608905301663,1.7761999999999998,228.21899999999994,0.0,0.0,4.0,1.0,5.0,CCOc1cccc(F)c1OCC(=O)OC,0.0,44.760000000000005
0.0,0.6666666666666666,2.0,22.0,0.0,15.0,0.0,3.0,19,34,22,9,,1,,2,False,0.5588235294117647,0.0,0.0,0.2,1.0,0.0,0.0,1.0,0.0,1.0,0.0,1.0,0.0,0.0,3.0,1.0,20.0,0.25,5.0,1899,19,8.547871095431148,2.1626199999999995,269.30400000000003,3.0,1.0,2.0,3.0,3.0,COCC=C1C(=O)Nc2c(C)nn(-c3ccccc3)c21,0.0,56.15
0.0,0.6666666666666666,2.0,25.0,0.0,18.0,0.0,3.0,20,37,23,11,,1,,2,False,0.5405405405405406,0.0,0.0,0.2222222222222222,1.0,0.0,0.0,1.0,0.0,1.0,0.0,1.0,0.0,0.0,3.0,1.0,23.0,0.21739130434782608,5.0,1900,20,3.728209349185719,2.4744,310.35300000000007,2.0,1.0,3.0,3.0,4.0,COCC(=O)Nc1cccc2c1N(C(=O)c1ccccc1)CC2,0.0,58.64
0.0,1.0,1.0,13.0,0.0,9.0,0.0,1.0,19,27,19,7,,,,1,False,0.7037037037037037,1.0,0.0,0.2222222222222222,0.0,0.0,0.0,1.0,0.0,0.0,0.0,1.0,0.0,0.0,2.0,1.0,13.0,0.3076923076923077,4.0,1901,19,1.7761544450944748,1.5978,184.16599999999997,0.0,0.0,3.0,1.0,3.0,COC(C(=O)O)c1ccc(F)cc1,0.0,46.53
0.0,1.0,1.0,20.0,0.0,13.0,0.0,1.0,15,30,15,14,,,,1,False,0.5,0.0,0.0,0.5384615384615384,0.0,0.0,0.0,1.0,0.0,0.0,0.0,1.0,0.0,0.0,7.0,3.0,20.0,0.35,7.0,1902,15,2.6880388929830663,0.1432000000000005,286.328,2.0,0.0,5.0,1.0,11.0,CNCOc1ccc(OCNCOCCO)c(OC)c1,0.0,81.21000000000001
0.0,0.5,1.0,17.0,0.0,13.0,0.0,2.0,17,27,19,6,,1,,1,False,0.6296296296296297,0.0,0.0,0.5384615384615384,0.0,0.0,0.0,1.0,0.0,0.0,0.0,1.0,0.0,0.0,3.0,1.0,16.0,0.1875,3.0,1903,17,9.862173200310867,2.3945000000000007,218.3,2.0,1.0,1.0,2.0,2.0,CC(C)c1cnc(C2CCC=CC2O)cn1,0.0,46.010000000000005
0.0,1.0,1.0,18.0,0.0,13.0,0.0,1.0,19,32,19,12,,,,1,False,0.59375,0.0,0.0,0.38461538461538464,0.0,0.0,0.0,1.0,0.0,0.0,0.0,1.0,0.0,0.0,3.0,2.0,18.0,0.2777777777777778,5.0,1904,19,2.3890983912689103,1.4364999999999992,251.28199999999998,1.0,0.0,4.0,1.0,8.0,O=C(O)CCC(=O)NCCCOc1ccccc1,0.0,75.63
0.0,0.6666666666666666,2.0,20.0,0.0,16.0,0.0,3.0,22,30,24,3,,1,,2,False,0.7333333333333333,0.0,0.0,0.25,1.0,0.0,0.0,1.0,0.0,1.0,0.0,1.0,0.0,0.0,2.0,1.0,18.0,0.1111111111111111,2.0,1905,22,2.527083731524047,2.715700000000001,238.334,2.0,1.0,0.0,3.0,1.0,CN1CCNCC=C1c1ccc2ccccc2c1,0.0,15.27
0.0,0.5,1.0,19.0,0.0,12.0,0.0,2.0,22,36,25,9,,1,,1,False,0.6111111111111112,0.0,0.0,0.25,0.0,0.0,0.0,1.0,0.0,0.0,0.0,1.0,0.0,0.0,6.0,1.0,18.0,0.3333333333333333,6.0,1906,22,4.10743732091037,1.3929799999999999,244.25400000000002,4.0,1.0,2.0,2.0,2.0,COc1ccc(N=C2CN=CN(O)C2C#N)cc1,0.0,81.21000000000001
0.0,0.5,1.0,17.0,0.0,13.0,0.0,2.0,21,30,22,6,,1,,1,False,0.7,0.0,0.0,0.3076923076923077,0.0,0.0,0.0,1.0,0.0,0.0,0.0,1.0,0.0,0.0,2.0,1.0,16.0,0.1875,3.0,1907,21,5.110358562830356,2.6971000000000007,217.26799999999997,1.0,1.0,2.0,2.0,4.0,COc1ccc(NC=O)c(C2CC=CC2)c1,0.0,38.33
0.0,0.6666666666666666,2.0,22.0,0.0,19.0,0.0,3.0,17,23,17,3,,2,,1,False,0.7391304347826086,0.0,0.0,0.3684210526315789,0.0,0.0,0.0,1.0,0.0,0.0,0.0,1.0,0.0,0.0,1.0,0.0,20.0,0.05,1.0,1908,17,2.2762749832839706,5.5850000000000035,266.38399999999996,0.0,1.0,1.0,3.0,3.0,CC(=Cc1ccco1)C1(c2ccccc2)CCCCC1,0.0,13.14
0.0,0.3333333333333333,1.0,22.0,0.0,15.0,0.0,3.0,21,31,22,6,,1,,2,False,0.6774193548387096,0.0,0.0,0.26666666666666666,1.0,0.0,0.0,1.0,0.0,1.0,0.0,1.0,0.0,0.0,5.0,2.0,20.0,0.25,5.0,1909,21,2.92678619883039,1.7085,270.33599999999996,4.0,2.0,1.0,3.0,2.0,C=CC1N=C(Oc2ccc(N)cc2)C2=C(CCN2)N1C,0.0,62.88
0.0,0.0,0.0,12.0,0.0,8.0,0.0,1.0,23,30,23,6,,,,1,False,0.7666666666666667,0.0,0.0,0.75,0.0,0.0,0.0,0.0,0.0,0.0,0.0,1.0,0.0,0.0,4.0,1.0,12.0,0.3333333333333333,4.0,1910,23,2.1180010814519834,0.32979999999999987,170.21199999999996,2.0,1.0,2.0,1.0,2.0,CCC1=NNCC(C)(OC)C1=O,0.0,50.690000000000005
0.0,1.0,2.0,17.0,0.0,13.0,0.0,2.0,21,29,22,5,,1,,1,False,0.7241379310344828,0.0,0.0,0.07692307692307693,0.0,0.0,0.0,1.0,0.0,0.0,0.0,1.0,0.0,0.0,3.0,0.0,16.0,0.1875,3.0,1911,21,2.5970158716550493,2.3212,213.23600000000002,1.0,0.0,2.0,2.0,3.0,COc1ccc(C(=O)c2ccccc2)cn1,0.0,39.19
0.0,0.3333333333333333,1.0,23.0,0.0,12.0,0.0,3.0,21,32,21,7,1,1,,2,False,0.6875,0.0,0.0,0.4166666666666667,1.0,0.0,0.0,1.0,0.0,1.0,0.0,1.0,0.0,0.0,7.0,3.0,21.0,0.42857142857142855,9.0,1912,21,2.4205748310721056,-1.5022999999999989,290.283,6.0,2.0,3.0,3.0,3.0,CCn1nnnc1C(=O)C=C1C2=C(NCC2)NC(=O)C1O,0.0,122.03000000000002
0.0,1.0,2.0,15.0,0.0,12.0,0.0,2.0,21,30,23,5,,1,,1,False,0.7,0.0,0.0,0.08333333333333333,0.0,0.0,0.0,1.0,0.0,0.0,0.0,1.0,0.0,0.0,1.0,0.0,14.0,0.14285714285714285,2.0,1913,21,2.741833015833837,2.679900000000001,185.226,1.0,0.0,1.0,2.0,2.0,CC(=O)c1cccc(-n2cccc2)c1,0.0,22.0
0.0,0.6666666666666666,2.0,21.0,0.0,10.0,0.0,3.0,15,26,15,8,,,,3,False,0.5769230769230769,1.0,0.0,0.2,1.0,1.0,0.0,1.0,0.0,1.0,0.0,1.0,1.0,0.0,8.0,1.0,19.0,0.47368421052631576,9.0,1914,15,2.7397331371306004,1.5717999999999996,269.188,3.0,1.0,5.0,3.0,4.0,COON(O)c1nc(OC)c2c(F)cc3c(c2n1)O3,0.0,89.47000000000001
0.0,0.0,0.0,4.0,0.0,1.0,0.0,0.0,21,26,21,4,1,,,,False,0.8076923076923077,4.0,0.0,1.0,0.0,0.0,0.0,0.0,0.0,0.0,0.0,0.0,0.0,0.0,0.0,0.0,5.0,0.8,4.0,1915,21,3.3999869929552076,1.4756999999999998,88.00300000000001,0.0,0.0,0.0,0.0,0.0,FC(F)(F)F,0.0,0.0
0.0,1.0,3.0,20.0,0.0,14.0,0.0,3.0,23,35,26,6,,1,,2,False,0.6571428571428571,0.0,0.0,0.0,1.0,0.0,0.0,1.0,0.0,1.0,0.0,1.0,0.0,0.0,3.0,2.0,18.0,0.2222222222222222,4.0,1916,23,1.976636043038231,2.4994999999999994,238.246,2.0,0.0,2.0,3.0,2.0,O=C(c1ccccc1)c1ccc(O)c2[nH]ncc12,0.0,65.97999999999999
0.0,0.5,1.0,19.0,0.0,13.0,0.0,2.0,22,33,23,7,1,1,,1,False,0.6666666666666666,0.0,0.0,0.46153846153846156,0.0,0.0,0.0,1.0,0.0,0.0,0.0,1.0,0.0,0.0,4.0,2.0,18.0,0.2777777777777778,5.0,1917,22,2.9323061406842177,0.5112199999999996,250.298,2.0,1.0,3.0,2.0,4.0,Cc1ccc(OCCN2CCNC(=O)C2)c(O)c1,0.0,61.8
0.0,1.0,2.0,21.0,0.0,18.0,0.0,2.0,22,34,22,10,,,,2,False,0.6470588235294118,0.0,0.0,0.3888888888888889,1.0,0.0,0.0,1.0,0.0,1.0,0.0,1.0,0.0,0.0,2.0,1.0,20.0,0.1,2.0,1918,22,2.965552698188222,5.1784200000000045,268.404,2.0,0.0,0.0,2.0,5.0,CCCNc1ccc2nccc(C=C(C)CC)c2c1C,0.0,24.92
0.0,0.25,1.0,24.0,0.0,17.0,0.0,4.0,15,23,15,4,,,,4,False,0.6521739130434783,0.0,0.0,0.17647058823529413,1.0,0.0,0.0,1.0,0.0,1.0,0.0,1.0,0.0,0.0,3.0,1.0,21.0,0.19047619047619047,4.0,1919,15,2.4099104789424586,2.7337000000000007,277.327,3.0,3.0,1.0,4.0,1.0,CC(=O)NC1=CC2=C(C1)c1ccccc1C1C=CC=NN21,0.0,44.7
0.0,1.0,3.0,21.0,0.0,13.0,0.0,3.0,23,38,27,8,,1,,2,False,0.6052631578947368,0.0,0.0,0.15384615384615385,1.0,0.0,0.0,1.0,0.0,1.0,0.0,1.0,0.0,0.0,5.0,1.0,19.0,0.3157894736842105,6.0,1920,23,2.7024399412669413,1.9767999999999994,257.24899999999997,3.0,0.0,3.0,3.0,3.0,CCOc1cccc(-c2ncc3c(=O)[nH]oc3n2)c1,0.0,81.01
0.0,0.2,1.0,25.0,2.0,18.0,0.0,5.0,15,25,17,3,,,,5,False,0.6,0.0,0.0,0.6666666666666666,1.0,0.0,0.0,1.0,1.0,1.0,0.0,1.0,0.0,1.0,2.0,2.0,21.0,0.14285714285714285,3.0,1921,15,1.9281905472148,3.349800000000002,285.387,1.0,4.0,2.0,5.0,0.0,OC12Cc3cc[nH]c3OC13CC=CCC31CCCC(C2)C1,2.0,45.25
0.0,0.5,2.0,24.0,0.0,18.0,0.0,4.0,18,26,19,3,,1,,3,False,0.6923076923076923,0.0,0.0,0.3888888888888889,1.0,0.0,0.0,1.0,0.0,1.0,0.0,1.0,0.0,0.0,2.0,2.0,21.0,0.14285714285714285,3.0,1922,18,4.073433747927334,3.6190700000000016,279.387,3.0,2.0,0.0,4.0,1.0,N=C(c1cc2c(c3ccccc13)NCC2)N1CCCCC1,0.0,39.120000000000005
0.0,1.0,1.0,12.0,0.0,9.0,0.0,1.0,18,25,18,6,,,,1,False,0.72,0.0,0.0,0.3333333333333333,0.0,0.0,0.0,1.0,0.0,0.0,0.0,1.0,0.0,0.0,3.0,0.0,12.0,0.25,3.0,1923,18,3.0686914781162495,1.7124,168.19199999999998,0.0,0.0,3.0,1.0,3.0,COc1cccc(OC)c1OC,0.0,27.69
0.0,0.5,1.0,15.0,0.0,9.0,0.0,2.0,13,22,14,5,1,,,2,False,0.5909090909090909,0.0,0.0,0.2222222222222222,1.0,0.0,0.0,1.0,0.0,1.0,0.0,1.0,0.0,0.0,5.0,2.0,14.0,0.35714285714285715,5.0,1924,13,2.7709874076649856,1.3417999999999999,189.222,5.0,1.0,0.0,2.0,2.0,CNN=Cc1ccc2c(c1)N=NNC2,0.0,61.14
0.0,1.0,4.0,22.0,0.0,15.0,0.0,4.0,22,29,22,3,,,,4,False,0.7586206896551724,0.0,0.0,0.0,1.0,0.0,0.0,1.0,0.0,1.0,0.0,1.0,0.0,0.0,4.0,1.0,19.0,0.21052631578947367,4.0,1925,22,3.146739827563391,1.8428,249.22500000000002,1.0,0.0,3.0,4.0,0.0,O=c1ccc2nc3c(c(O)c12)c(=O)c1ccccc13,0.0,67.25999999999999
0.0,0.2,1.0,22.0,4.0,16.0,0.0,4.0,14,26,16,6,,,,4,False,0.5384615384615384,0.0,0.0,0.4375,1.0,0.0,0.0,1.0,1.0,1.0,0.0,1.0,0.0,0.0,2.0,0.0,19.0,0.15789473684210525,3.0,1926,14,1.9223848560189558,2.2731000000000003,255.317,1.0,4.0,2.0,5.0,1.0,COC12CCC3C(=O)N(C)C1C=Cc1cccc3c12,0.0,29.54
0.0,0.5,1.0,18.0,0.0,12.0,0.0,2.0,23,32,24,6,,1,,1,False,0.71875,1.0,0.0,0.25,0.0,0.0,0.0,1.0,0.0,0.0,0.0,1.0,0.0,0.0,3.0,2.0,17.0,0.29411764705882354,5.0,1927,23,3.741667069722987,2.0022,237.22999999999996,1.0,1.0,3.0,2.0,2.0,O=C(O)c1cc(F)cc(C2=CCN(O)CC2)c1,0.0,60.769999999999996
0.0,0.5,2.0,24.0,0.0,16.0,0.0,4.0,10,28,16,8,,1,,3,False,0.35714285714285715,0.0,0.0,0.3125,1.0,0.0,0.0,1.0,0.0,1.0,0.0,1.0,0.0,0.0,5.0,0.0,21.0,0.23809523809523808,5.0,1928,10,11.439010044606425,2.1786000000000003,277.331,5.0,2.0,0.0,4.0,2.0,CCc1nncc(C2C3=NN=CC3Cc3ccccc32)n1,0.0,63.39
0.0,1.0,1.0,16.0,0.0,12.0,0.0,1.0,11,22,11,10,,,,1,False,0.5,0.0,0.0,0.25,0.0,0.0,0.0,1.0,0.0,0.0,0.0,1.0,0.0,0.0,3.0,2.0,16.0,0.25,4.0,1929,11,2.661034990354632,1.7526999999999997,219.24,1.0,0.0,3.0,1.0,3.0,CC#CCC(=O)Nc1c(O)cccc1OC,0.0,58.56
0.0,1.0,3.0,21.0,0.0,13.0,0.0,3.0,20,27,20,4,,1,,2,False,0.7407407407407407,1.0,0.0,0.15384615384615385,1.0,0.0,0.0,1.0,0.0,1.0,0.0,1.0,0.0,0.0,4.0,0.0,19.0,0.3157894736842105,6.0,1930,20,2.7049865750893183,2.3533,258.25600000000003,4.0,0.0,1.0,3.0,3.0,CCOc1cc(-n2nnc3ccncc32)ccc1F,0.0,52.83
0.0,1.0,2.0,24.0,0.0,18.0,0.0,2.0,11,24,11,11,,1,,1,False,0.4583333333333333,0.0,0.0,0.3333333333333333,0.0,0.0,0.0,1.0,0.0,0.0,0.0,1.0,0.0,0.0,5.0,2.0,23.0,0.21739130434782608,5.0,1931,11,1.7312479370977853,2.7532000000000014,313.401,3.0,0.0,2.0,2.0,9.0,CCC(NCCOc1ccnc(NC)c1)C(=O)c1ccccc1,0.0,63.25
0.0,0.0,0.0,18.0,0.0,12.0,0.0,1.0,16,29,16,12,,,,1,False,0.5517241379310345,0.0,0.0,0.5833333333333334,0.0,0.0,0.0,0.0,0.0,0.0,0.0,1.0,0.0,0.0,4.0,2.0,18.0,0.3333333333333333,6.0,1932,16,2.795555075438816,-0.7835999999999987,254.28599999999994,2.0,1.0,4.0,1.0,5.0,CC(C)C1=CCCN(C(C(N)=O)C(=O)CO)C1=O,0.0,100.69999999999999
0.0,0.3333333333333333,1.0,22.0,0.0,17.0,0.0,3.0,18,27,19,5,,1,,2,False,0.6666666666666666,0.0,0.0,0.5294117647058824,1.0,0.0,0.0,1.0,0.0,1.0,0.0,1.0,0.0,0.0,3.0,0.0,20.0,0.15,3.0,1933,18,3.1574202827677342,3.3013000000000012,274.35999999999996,0.0,2.0,3.0,3.0,2.0,COc1ccccc1C1C=C(C)CC2OCC(C)OC21,0.0,27.69
0.0,0.5,1.0,23.0,0.0,15.0,0.0,2.0,19,33,20,11,,1,,1,False,0.5757575757575758,3.0,0.0,0.4666666666666667,0.0,0.0,0.0,1.0,0.0,0.0,0.0,1.0,0.0,0.0,4.0,1.0,22.0,0.3181818181818182,7.0,1934,19,3.601811759671048,3.5138200000000017,317.3070000000001,1.0,1.0,3.0,2.0,6.0,Cc1ccc(OC(F)(F)F)c(OCOCC2=CNCCC2)c1,0.0,39.72
0.0,0.5,2.0,20.0,0.0,12.0,0.0,4.0,20,26,21,1,,1,,3,False,0.7692307692307693,0.0,0.0,0.25,1.0,0.0,0.0,1.0,0.0,1.0,0.0,1.0,0.0,0.0,4.0,1.0,17.0,0.29411764705882354,5.0,1935,20,3.3857327828159103,1.3559,226.23900000000003,4.0,2.0,1.0,4.0,1.0,C1=NOC2c3nn[nH]c3CC12c1ccccc1,0.0,63.160000000000004
0.0,0.75,3.0,25.0,4.0,13.0,0.0,4.0,18,26,18,4,,1,,3,False,0.6923076923076923,0.0,0.0,0.23076923076923078,1.0,0.0,0.0,1.0,1.0,1.0,0.0,1.0,0.0,0.0,8.0,0.0,22.0,0.4090909090909091,9.0,1936,18,3.4369225287026746,0.8779999999999997,302.24600000000004,4.0,1.0,5.0,4.0,3.0,COc1cn(Cc2c3c4onc(c4oc2=O)OC=CC3)nn1,0.0,105.41000000000001
0.0,0.25,1.0,26.0,2.0,17.0,0.0,4.0,23,30,23,2,1,,,4,False,0.8,0.0,0.0,0.4117647058823529,1.0,0.0,0.0,1.0,1.0,1.0,1.0,1.0,0.0,1.0,5.0,3.0,23.0,0.2608695652173913,6.0,1937,23,3.3780003565492804,0.8439999999999999,313.35700000000014,3.0,3.0,3.0,4.0,0.0,O=C1N=CNC23NC=CCC2C(O)c2ccccc2CC1CO3,1.0,82.95
0.0,0.6666666666666666,2.0,22.0,0.0,16.0,0.0,3.0,22,37,26,8,,1,,2,False,0.5945945945945946,0.0,0.0,0.25,1.0,0.0,0.0,1.0,0.0,1.0,0.0,1.0,0.0,0.0,4.0,0.0,20.0,0.2,4.0,1938,22,2.8517763784218273,3.7177000000000024,267.332,3.0,1.0,1.0,3.0,5.0,c1ccc(COCCN2Cc3ccccc3N=N2)cc1,0.0,37.19
0.0,1.0,4.0,23.0,0.0,14.0,0.0,4.0,21,30,22,4,,,,4,False,0.7,0.0,0.0,0.07142857142857142,1.0,0.0,0.0,1.0,0.0,1.0,0.0,1.0,0.0,0.0,5.0,1.0,20.0,0.3,6.0,1939,21,3.280086662467311,2.2260999999999997,267.24399999999997,3.0,0.0,3.0,4.0,1.0,COc1c2cnccc2cc2oc(=O)c3[nH]ncc3c12,0.0,81.01
0.0,0.5,2.0,22.0,0.0,17.0,0.0,4.0,20,26,20,2,,,,4,False,0.7692307692307693,0.0,0.0,0.29411764705882354,1.0,0.0,0.0,1.0,0.0,1.0,0.0,1.0,0.0,0.0,2.0,0.0,19.0,0.10526315789473684,2.0,1940,20,2.537467884981045,3.5732000000000017,252.31299999999996,0.0,2.0,2.0,4.0,1.0,COc1cccc2c1C1COCC1c1ccccc1-2,0.0,18.46
0.0,0.3333333333333333,1.0,20.0,0.0,13.0,0.0,3.0,23,31,24,4,,2,,1,False,0.7419354838709677,0.0,0.0,0.23076923076923078,1.0,0.0,0.0,1.0,0.0,1.0,0.0,1.0,0.0,0.0,5.0,2.0,18.0,0.2777777777777778,5.0,1941,23,1.826507504362135,1.206,243.266,3.0,2.0,2.0,3.0,2.0,CC1C(C(=O)c2cccnc2O)=CN2NC=CC12,0.0,65.46
0.0,0.0,0.0,22.0,0.0,16.0,0.0,3.0,10,17,10,4,,,,3,False,0.5882352941176471,0.0,0.0,0.75,1.0,0.0,0.0,0.0,0.0,1.0,0.0,1.0,0.0,1.0,4.0,3.0,20.0,0.2,4.0,1942,10,2.2707006738650026,2.2518700000000003,274.41200000000003,4.0,3.0,0.0,3.0,0.0,CN=C1C=C(N)C2(CCCC1=N)CCNC1CCCC12,1.0,74.25999999999999
0.0,1.0,3.0,21.0,0.0,17.0,0.0,3.0,16,23,16,4,,1,,2,False,0.6956521739130435,0.0,0.0,0.17647058823529413,1.0,0.0,0.0,1.0,0.0,1.0,0.0,1.0,0.0,0.0,2.0,0.0,19.0,0.10526315789473684,2.0,1943,16,3.2776559137781414,4.806920000000003,252.31299999999996,0.0,0.0,2.0,3.0,3.0,CCOc1cccc2cc(-c3ccoc3C)ccc12,0.0,22.37
0.0,1.0,2.0,21.0,0.0,18.0,0.0,2.0,16,26,16,8,,1,,1,False,0.6153846153846154,0.0,0.0,0.2222222222222222,0.0,0.0,0.0,1.0,0.0,0.0,0.0,1.0,0.0,0.0,2.0,1.0,20.0,0.1,2.0,1944,16,2.7870896549325854,3.5930000000000026,267.372,1.0,0.0,1.0,2.0,7.0,COCCNCc1ccc(C=Cc2ccccc2)cc1,0.0,21.259999999999998
0.0,1.0,3.0,20.0,0.0,16.0,0.0,3.0,12,25,19,3,,2,,1,False,0.48,0.0,0.0,0.0625,0.0,0.0,0.0,1.0,0.0,0.0,0.0,1.0,0.0,0.0,2.0,0.0,18.0,0.1111111111111111,2.0,1945,12,4.1860077011869485,4.317020000000003,235.286,1.0,0.0,1.0,3.0,2.0,Cc1cccc(-c2conc2-c2ccccc2)c1,0.0,26.03
0.0,1.0,1.0,17.0,0.0,13.0,0.0,1.0,22,34,22,11,,,,1,False,0.6470588235294118,0.0,0.0,0.5384615384615384,0.0,0.0,0.0,1.0,0.0,0.0,0.0,1.0,0.0,0.0,2.0,1.0,17.0,0.23529411764705882,4.0,1946,22,3.414484564480538,1.8454,236.31499999999997,2.0,0.0,2.0,1.0,7.0,C=CCCCCCn1cc(CC)c(=O)[nH]c1=O,0.0,54.86
0.0,1.0,2.0,20.0,0.0,15.0,0.0,2.0,22,33,23,8,,1,,1,False,0.6666666666666666,0.0,0.0,0.13333333333333333,0.0,0.0,0.0,1.0,0.0,0.0,0.0,1.0,0.0,0.0,3.0,1.0,19.0,0.21052631578947367,4.0,1947,22,2.4595133235105653,2.729000000000001,258.27299999999997,0.0,0.0,4.0,2.0,6.0,O=C(O)COc1ccccc1OCc1ccccc1,0.0,55.760000000000005
0.0,0.5,1.0,20.0,0.0,13.0,0.0,2.0,22,34,23,9,,1,,1,False,0.6470588235294118,0.0,0.0,0.3076923076923077,0.0,0.0,0.0,1.0,0.0,0.0,0.0,1.0,0.0,0.0,5.0,2.0,19.0,0.3157894736842105,6.0,1948,22,3.366809167243553,1.865,265.265,1.0,1.0,5.0,2.0,3.0,COC1(C)C(C(=O)O)=C(C)ON1c1cccc(O)c1,0.0,79.23
0.0,0.3333333333333333,1.0,21.0,0.0,15.0,0.0,3.0,22,27,22,2,,1,,2,False,0.8148148148148148,0.0,0.0,0.26666666666666666,1.0,0.0,0.0,1.0,0.0,1.0,0.0,1.0,0.0,0.0,3.0,0.0,19.0,0.21052631578947367,4.0,1949,22,4.154965656193955,1.9452,253.30500000000004,3.0,2.0,1.0,3.0,1.0,CC1=CCC(=O)N2C(c3ccccn3)=NCC2C=C1,0.0,45.56
0.0,1.0,1.0,10.0,0.0,5.0,0.0,1.0,15,22,15,5,1,,,1,False,0.7272727272727273,0.0,0.0,0.4,0.0,0.0,0.0,1.0,0.0,0.0,0.0,1.0,0.0,0.0,3.0,1.0,10.0,0.5,5.0,1950,15,3.473067542440183,-0.22650000000000037,140.14600000000002,4.0,0.0,1.0,1.0,1.0,CC(=O)Nc1ncnn1C,0.0,59.81
0.0,0.0,0.0,11.0,0.0,8.0,0.0,0.0,19,30,19,11,,,,,False,0.6333333333333333,0.0,0.0,0.625,0.0,0.0,0.0,0.0,0.0,0.0,0.0,0.0,0.0,0.0,3.0,2.0,12.0,0.3333333333333333,4.0,1951,19,3.648083593197163,-0.13810000000000017,172.18,0.0,0.0,4.0,0.0,5.0,CC#CC(O)COCCC(=O)O,0.0,66.76
0.0,0.5,1.0,23.0,0.0,17.0,0.0,2.0,15,27,15,10,,1,,1,False,0.5555555555555556,0.0,0.0,0.47058823529411764,0.0,0.0,0.0,1.0,0.0,0.0,0.0,1.0,0.0,0.0,4.0,3.0,22.0,0.22727272727272727,5.0,1952,15,3.448459632884411,2.08807,303.40600000000006,3.0,1.0,2.0,2.0,7.0,CC(O)CNC1=CN(C(=N)CCCc2ccccc2)CCO1,0.0,68.58
0.0,1.0,3.0,24.0,0.0,17.0,0.0,3.0,23,42,29,10,,2,,1,False,0.5476190476190477,0.0,0.0,0.058823529411764705,0.0,0.0,0.0,1.0,0.0,0.0,0.0,1.0,0.0,0.0,5.0,2.0,22.0,0.22727272727272727,5.0,1953,23,3.176242861508475,3.9724000000000013,292.34200000000004,4.0,0.0,1.0,3.0,5.0,COc1ccc(Nc2cncc(Nc3ccncc3)c2)cc1,0.0,59.07
0.0,0.2,1.0,24.0,0.0,14.0,0.0,5.0,21,31,23,3,,,,5,False,0.6774193548387096,0.0,0.0,0.5,2.0,0.0,0.0,1.0,0.0,1.0,0.0,1.0,0.0,1.0,5.0,3.0,20.0,0.3,6.0,1954,21,1.899480663760238,-0.2979999999999994,272.30800000000005,4.0,4.0,2.0,5.0,0.0,O=C1N2Oc3ccccc3C2NC12CNC1NCCC12,1.0,65.63
0.0,0.25,1.0,25.0,0.0,15.0,0.0,4.0,16,24,16,4,,2,,2,False,0.6666666666666666,0.0,0.0,0.4666666666666667,1.0,1.0,0.0,1.0,0.0,1.0,0.0,1.0,1.0,0.0,7.0,1.0,22.0,0.3181818181818182,7.0,1955,16,2.7762501313534753,0.5678999999999998,305.286,1.0,3.0,6.0,4.0,3.0,COc1cccc(C2ON=C(C34OCOC3C4=O)CC2O)c1,0.0,86.58
0.0,0.3333333333333333,1.0,22.0,0.0,17.0,0.0,3.0,23,32,25,4,,2,,1,False,0.71875,0.0,0.0,0.29411764705882354,0.0,0.0,0.0,1.0,0.0,0.0,0.0,1.0,0.0,0.0,3.0,0.0,20.0,0.15,3.0,1956,23,2.9283669559122085,3.9867000000000035,267.328,1.0,2.0,2.0,3.0,3.0,O=C(C1=CC=NCC1)c1occc1C1=CCCCC=C1,0.0,42.57
0.0,0.25,1.0,22.0,0.0,13.0,0.0,4.0,14,24,15,4,1,1,,3,False,0.5833333333333334,0.0,0.0,0.3076923076923077,2.0,0.0,1.0,1.0,0.0,1.0,0.0,1.0,1.0,0.0,5.0,0.0,19.0,0.3157894736842105,6.0,1957,14,8.772002374995884,1.4423,256.265,4.0,3.0,2.0,4.0,1.0,CC=C1CCC2(n3nnc4c3C=C4)OC(=O)C=CN12,0.0,60.25
0.0,1.0,2.0,24.0,0.0,17.0,0.0,2.0,21,34,21,11,,1,,1,False,0.6176470588235294,0.0,0.0,0.17647058823529413,0.0,0.0,0.0,1.0,0.0,0.0,0.0,1.0,0.0,0.0,4.0,3.0,23.0,0.2608695652173913,6.0,1958,21,3.3303458374781134,2.6602000000000006,313.357,3.0,0.0,3.0,2.0,6.0,CCC(=O)N(Nc1ccccc1)C(C(=O)O)c1ccc(N)cc1,0.0,95.66
0.0,0.6,3.0,25.0,0.0,19.0,0.0,5.0,13,26,17,4,,,,5,False,0.5,0.0,0.0,0.21052631578947367,1.0,0.0,0.0,1.0,0.0,1.0,0.0,1.0,0.0,0.0,1.0,1.0,21.0,0.09523809523809523,2.0,1959,13,3.3600171906194043,4.403300000000003,272.351,2.0,2.0,0.0,5.0,0.0,C1=CC2c3ccccc3CCC2c2cc3cn[nH]c3cc21,0.0,28.68
0.0,0.4,2.0,24.0,4.0,16.0,0.0,4.0,18,32,20,7,1,1,,3,False,0.5625,0.0,0.0,0.25,1.0,0.0,0.0,1.0,1.0,1.0,0.0,1.0,0.0,0.0,4.0,0.0,21.0,0.23809523809523808,5.0,1960,18,3.1528426526318176,1.9334,281.31500000000005,3.0,3.0,2.0,5.0,3.0,COCc1c2nn3c1N(C)C(C=C2c1ccccc1)C3=O,0.0,47.36
0.0,0.0,0.0,19.0,0.0,12.0,0.0,3.0,16,24,16,5,,,,3,False,0.6666666666666666,0.0,0.0,0.6666666666666666,1.0,0.0,0.0,0.0,0.0,1.0,0.0,1.0,0.0,0.0,5.0,2.0,17.0,0.29411764705882354,5.0,1961,16,4.519251087985556,0.0823999999999998,240.255,0.0,3.0,5.0,3.0,1.0,COC12CC=CC1(O)OC1C(O)C=C(C)OC12,0.0,68.15
0.0,1.0,4.0,24.0,0.0,15.0,0.0,4.0,22,27,22,1,,1,,3,False,0.8148148148148148,0.0,0.0,0.0,2.0,0.0,0.0,1.0,0.0,1.0,0.0,1.0,0.0,0.0,6.0,1.0,21.0,0.2857142857142857,6.0,1962,22,1.9213064856760569,2.7116000000000007,274.28700000000003,6.0,0.0,0.0,4.0,2.0,c1cc(Nc2ncnc3ccnnc23)c2cnccc2c1,0.0,76.48
0.0,0.0,0.0,20.0,2.0,14.0,0.0,3.0,16,26,17,5,1,1,,2,False,0.6153846153846154,0.0,0.0,0.7857142857142857,1.0,0.0,0.0,0.0,1.0,1.0,0.0,1.0,0.0,0.0,4.0,2.0,18.0,0.2222222222222222,4.0,1963,16,2.178560946818509,0.9657999999999995,248.37399999999997,4.0,3.0,0.0,3.0,2.0,CC=C(C)C12CNCN=C(NC1)C2N1CCCC1,0.0,39.660000000000004
0.0,0.3333333333333333,1.0,23.0,0.0,16.0,0.0,3.0,23,35,25,7,,2,,1,False,0.6571428571428571,2.0,0.0,0.5625,0.0,0.0,0.0,1.0,0.0,0.0,0.0,1.0,0.0,0.0,2.0,0.0,21.0,0.23809523809523808,5.0,1964,23,3.6109513258549812,3.7878000000000034,295.32900000000006,1.0,2.0,2.0,3.0,2.0,CC1CC(N2C(=O)OCC2(C)c2ccccc2)C(F)(F)C1,0.0,29.540000000000003
0.0,0.6666666666666666,2.0,25.0,0.0,18.0,0.0,3.0,23,34,24,7,,1,,2,False,0.6764705882352942,1.0,0.0,0.2222222222222222,1.0,0.0,0.0,1.0,0.0,1.0,0.0,1.0,0.0,0.0,3.0,1.0,23.0,0.21739130434782608,5.0,1965,23,3.5662463999079574,2.9423000000000012,311.35999999999996,3.0,1.0,1.0,3.0,2.0,CN(C)C(=O)c1cc(F)ccc1C1=NCCc2ccccc2N1,0.0,44.7
0.0,0.5,1.0,17.0,0.0,12.0,0.0,2.0,23,33,25,6,,1,,1,False,0.696969696969697,0.0,0.0,0.25,0.0,0.0,0.0,1.0,0.0,0.0,0.0,1.0,0.0,0.0,4.0,1.0,16.0,0.25,4.0,1966,23,2.3834851706186804,1.9902999999999997,220.224,0.0,1.0,4.0,2.0,2.0,CC1CC=C(Oc2cccc(O)c2)C(=O)O1,0.0,55.760000000000005
0.0,1.0,3.0,21.0,0.0,16.0,0.0,3.0,23,30,23,4,,1,,2,False,0.7666666666666667,0.0,0.0,0.0625,1.0,0.0,0.0,1.0,0.0,1.0,0.0,1.0,0.0,0.0,2.0,1.0,19.0,0.15789473684210525,3.0,1967,23,3.086280567170209,3.760200000000002,251.285,1.0,0.0,2.0,3.0,2.0,CC(=O)Oc1ccccc1-c1c[nH]c2ccccc12,0.0,42.09
0.0,0.6666666666666666,2.0,25.0,0.0,19.0,0.0,3.0,22,31,23,5,,3,,,False,0.7096774193548387,0.0,0.0,0.21052631578947367,0.0,0.0,0.0,1.0,0.0,0.0,0.0,1.0,0.0,0.0,4.0,0.0,23.0,0.17391304347826086,4.0,1968,22,3.3354622833554965,2.4803000000000006,307.34900000000005,1.0,1.0,3.0,3.0,2.0,O=C(C#Cc1ccccc1)Oc1ccc(N2CCOCC2)cc1,0.0,38.769999999999996
0.0,1.0,3.0,21.0,0.0,13.0,0.0,3.0,20,26,21,2,,2,,1,False,0.7692307692307693,0.0,0.0,0.0,0.0,0.0,0.0,1.0,0.0,0.0,0.0,1.0,0.0,0.0,6.0,0.0,19.0,0.3157894736842105,6.0,1969,20,10.961240324369632,2.120899999999999,251.24900000000002,5.0,0.0,1.0,3.0,3.0,c1ccc(Oc2ncnc(-c3ccncc3)n2)nc1,0.0,73.68
0.0,1.0,2.0,15.0,0.0,12.0,0.0,2.0,23,27,23,2,,1,,1,False,0.8518518518518519,1.0,0.0,0.0,0.0,0.0,0.0,1.0,0.0,0.0,0.0,1.0,0.0,0.0,1.0,0.0,14.0,0.14285714285714285,2.0,1970,23,3.3827784592600736,3.618000000000002,188.20100000000002,0.0,0.0,1.0,2.0,2.0,Fc1cccc(Oc2ccccc2)c1,0.0,9.23
0.0,0.5,2.0,24.0,2.0,18.0,0.0,4.0,18,24,18,2,,1,,3,False,0.75,0.0,0.0,0.3333333333333333,1.0,0.0,0.0,1.0,1.0,1.0,0.0,1.0,0.0,0.0,3.0,0.0,21.0,0.14285714285714285,3.0,1971,18,3.4369062069409018,3.437700000000002,278.355,2.0,2.0,1.0,4.0,2.0,COc1ccc2c(c1)CC=C1CCC2(c2cccnn2)C1,0.0,35.010000000000005
0.0,0.6666666666666666,2.0,18.0,0.0,12.0,0.0,3.0,22,29,23,3,,1,,2,False,0.7586206896551724,0.0,0.0,0.4166666666666667,1.0,0.0,0.0,1.0,0.0,1.0,0.0,1.0,0.0,0.0,4.0,0.0,16.0,0.25,4.0,1972,22,3.294583242080072,2.4366000000000003,218.256,2.0,1.0,2.0,3.0,2.0,COc1cc(N2CCCC2)cc2cnoc12,0.0,38.5
0.0,1.0,1.0,14.0,0.0,12.0,0.0,1.0,14,23,14,8,,,,1,False,0.6086956521739131,0.0,0.0,0.4166666666666667,0.0,0.0,0.0,1.0,0.0,0.0,0.0,1.0,0.0,0.0,1.0,1.0,14.0,0.14285714285714285,2.0,1973,14,3.3554524528823224,2.4625000000000004,191.27400000000003,1.0,0.0,1.0,1.0,4.0,CC(C)CCNC(=O)c1ccccc1,0.0,29.1
0.0,0.5,1.0,16.0,0.0,11.0,0.0,2.0,21,29,21,6,,,,2,False,0.7241379310344828,0.0,0.0,0.36363636363636365,1.0,0.0,0.0,1.0,0.0,1.0,0.0,1.0,0.0,0.0,4.0,0.0,15.0,0.26666666666666666,4.0,1974,21,4.013181725587502,1.7371,208.21300000000002,0.0,1.0,4.0,2.0,3.0,CC(=O)OCCC1Oc2ccccc2O1,0.0,44.760000000000005
0.0,0.0,0.0,24.0,0.0,17.0,0.0,3.0,19,25,19,3,,,,3,False,0.76,0.0,0.0,0.47058823529411764,1.0,1.0,0.0,0.0,0.0,1.0,1.0,1.0,1.0,0.0,4.0,1.0,22.0,0.22727272727272727,5.0,1975,19,2.4974461319186703,3.0588000000000015,304.342,0.0,3.0,5.0,3.0,1.0,O=C(O)C1=CC=C2OC2C2=C1COOCCCCCCC=C2,0.0,68.29
0.0,0.0,0.0,20.0,0.0,15.0,0.0,4.0,20,26,21,1,,,,4,False,0.7692307692307693,0.0,0.0,0.6,1.0,0.0,0.0,0.0,0.0,1.0,0.0,1.0,0.0,1.0,2.0,1.0,17.0,0.11764705882352941,2.0,1976,20,2.4648455550416553,2.7502000000000004,229.32299999999995,1.0,4.0,1.0,4.0,0.0,C1=CC2COC3=C4C(CCCCC42C=C1)CN3,1.0,21.259999999999998
0.0,1.0,2.0,22.0,0.0,18.0,0.0,2.0,21,34,22,10,,1,,1,False,0.6176470588235294,0.0,0.0,0.2777777777777778,0.0,0.0,0.0,1.0,0.0,0.0,0.0,1.0,0.0,0.0,2.0,1.0,21.0,0.14285714285714285,3.0,1977,21,10.326692847807381,4.253900000000003,283.37100000000004,1.0,0.0,2.0,2.0,4.0,CCOc1cc(C(C)=C(C)C)cc(-c2ccc[nH]c2=O)c1,0.0,42.09
0.0,0.3333333333333333,1.0,23.0,0.0,19.0,0.0,3.0,23,32,23,6,,1,,2,False,0.71875,0.0,0.0,0.47368421052631576,1.0,0.0,0.0,1.0,0.0,1.0,0.0,1.0,0.0,0.0,2.0,1.0,21.0,0.09523809523809523,2.0,1978,23,2.460133038999492,3.677500000000002,282.43100000000004,2.0,2.0,0.0,3.0,4.0,CCCC=CC1=C(c2ccccc2)NC2CN(C)CCC12,0.0,15.27
0.0,0.0,0.0,13.0,0.0,7.0,0.0,1.0,21,31,22,8,,,,1,False,0.6774193548387096,0.0,0.0,0.5714285714285714,0.0,0.0,0.0,0.0,0.0,0.0,0.0,1.0,0.0,0.0,3.0,2.0,13.0,0.46153846153846156,6.0,1979,21,2.731799163895373,-1.9631999999999987,185.183,3.0,1.0,3.0,1.0,2.0,CC(=O)NC1CN(C=O)CC(=O)N1,0.0,78.51
0.0,0.5,1.0,20.0,0.0,14.0,0.0,2.0,16,27,17,8,,1,,1,False,0.5925925925925926,0.0,0.0,0.5714285714285714,0.0,0.0,0.0,1.0,0.0,0.0,0.0,1.0,0.0,0.0,5.0,3.0,19.0,0.2631578947368421,5.0,1980,16,2.8529715937492037,0.8535999999999997,267.325,1.0,1.0,4.0,2.0,4.0,CCNC1COCC(c2cccc(OC)c2O)C1O,0.0,70.95
0.0,1.0,2.0,18.0,0.0,11.0,0.0,2.0,21,30,22,6,,1,,1,False,0.7,3.0,0.0,0.09090909090909091,0.0,0.0,0.0,1.0,0.0,0.0,0.0,1.0,0.0,0.0,3.0,1.0,17.0,0.35294117647058826,6.0,1981,21,3.6768590769183107,2.868000000000001,240.18399999999997,2.0,0.0,1.0,2.0,1.0,Oc1cccc(-c2ccc(C(F)(F)F)nn2)c1,0.0,46.010000000000005
0.0,0.0,0.0,24.0,6.0,14.0,0.0,5.0,14,23,14,4,,,,5,False,0.6086956521739131,0.0,0.0,0.5,1.0,1.0,0.0,0.0,1.0,1.0,0.0,1.0,1.0,0.0,6.0,0.0,20.0,0.3,6.0,1982,14,3.7443136182570314,-0.1938000000000002,272.26,2.0,6.0,4.0,6.0,1.0,COC1C2=NCCC3=C4C(=O)C1C(=O)C(C1OC1=C3)N24,0.0,71.49999999999999
0.0,1.0,2.0,19.0,0.0,13.0,0.0,2.0,18,29,19,8,,1,,1,False,0.6206896551724138,0.0,0.0,0.3076923076923077,0.0,0.0,0.0,1.0,0.0,0.0,0.0,1.0,0.0,0.0,4.0,1.0,18.0,0.2777777777777778,5.0,1983,18,4.796547018537798,2.1962,248.28199999999998,2.0,0.0,3.0,2.0,5.0,CCc1cccc(OCn2cncc2O)c1OC,0.0,56.510000000000005
0.0,1.0,2.0,18.0,0.0,13.0,0.0,2.0,12,20,12,6,,1,,1,False,0.6,0.0,0.0,0.23076923076923078,0.0,0.0,0.0,1.0,0.0,0.0,0.0,1.0,0.0,0.0,4.0,1.0,17.0,0.23529411764705882,4.0,1984,12,2.951083545829006,1.3283999999999998,228.251,2.0,0.0,2.0,2.0,4.0,C#Cc1cc(CO)c(CCc2cnccn2)o1,0.0,59.150000000000006
0.0,0.0,0.0,26.0,0.0,18.0,0.0,5.0,19,27,20,2,,,,5,False,0.7037037037037037,0.0,0.0,0.7222222222222222,2.0,0.0,0.0,0.0,0.0,1.0,0.0,1.0,0.0,1.0,3.0,1.0,22.0,0.18181818181818182,4.0,1985,19,2.6757611684159417,2.1850000000000005,300.40200000000004,2.0,5.0,2.0,5.0,0.0,O=C1NC=C2CCCC3C2C1=CCC31CCN2CCOC2C1,1.0,41.57000000000001
0.0,0.25,1.0,25.0,0.0,16.0,0.0,4.0,14,31,23,4,,1,,3,False,0.45161290322580644,0.0,0.0,0.1875,2.0,0.0,0.0,1.0,0.0,1.0,0.0,1.0,0.0,0.0,6.0,0.0,22.0,0.2727272727272727,6.0,1986,14,2.1934039975980495,1.6359000000000001,295.298,3.0,3.0,3.0,4.0,3.0,O=CC1CN2C(Oc3ccc4c(c3)OCC=C4)=CC=NC2=N1,0.0,63.49
0.0,0.6666666666666666,2.0,22.0,2.0,15.0,0.0,3.0,17,25,17,5,,1,,2,False,0.68,0.0,0.0,0.13333333333333333,1.0,0.0,0.0,1.0,1.0,1.0,0.0,1.0,0.0,0.0,4.0,2.0,20.0,0.25,5.0,1987,17,3.392496632251874,1.5198999999999998,267.288,3.0,1.0,2.0,3.0,3.0,O=C1NC(=NCCc2cccc(O)c2)c2cccc1n2,0.0,74.58
0.0,1.0,2.0,13.0,0.0,12.0,0.0,2.0,22,30,24,4,,,,2,False,0.7333333333333333,0.0,0.0,0.16666666666666666,1.0,0.0,0.0,1.0,0.0,1.0,0.0,1.0,0.0,0.0,0.0,0.0,12.0,0.0,0.0,1988,22,2.4799542093484996,3.4022000000000014,156.22799999999998,0.0,0.0,0.0,2.0,1.0,CCc1ccc2ccccc2c1,0.0,0.0
0.0,0.0,0.0,29.0,7.0,19.0,0.0,6.0,20,30,22,2,,,,6,False,0.6666666666666666,0.0,0.0,0.8947368421052632,1.0,0.0,0.0,0.0,1.0,1.0,1.0,1.0,0.0,1.0,5.0,1.0,24.0,0.20833333333333334,5.0,1989,20,3.888319410501072,3.0261000000000013,329.44400000000013,3.0,6.0,2.0,6.0,0.0,C1CCC2CCC3=C4N=NC5NC6CC(CC6(COC1)C35)C4OC2,1.0,55.21000000000001
0.0,0.5,1.0,22.0,0.0,16.0,0.0,2.0,17,31,17,12,,,,2,False,0.5483870967741935,0.0,0.0,0.375,1.0,0.0,0.0,1.0,0.0,1.0,0.0,1.0,0.0,0.0,5.0,0.0,21.0,0.23809523809523808,5.0,1990,17,2.383429264704071,2.3222000000000005,290.31500000000005,0.0,1.0,5.0,2.0,6.0,COCc1cc(OCC=C(C)C(C)=O)c2c(c1)OCC2=O,0.0,61.830000000000005
0.0,1.0,1.0,20.0,0.0,17.0,0.0,1.0,23,38,23,14,,,,1,False,0.6052631578947368,0.0,0.0,0.5294117647058824,0.0,0.0,0.0,1.0,0.0,0.0,0.0,1.0,0.0,0.0,2.0,1.0,20.0,0.15,3.0,1991,23,2.4015057928437082,4.328400000000003,275.392,1.0,0.0,2.0,1.0,8.0,CCCCCc1cccc(C=C(CC(=O)O)C(C)C)n1,0.0,50.19
0.0,1.0,3.0,21.0,0.0,15.0,0.0,3.0,21,28,21,4,,1,,2,False,0.75,0.0,0.0,0.06666666666666667,1.0,0.0,0.0,1.0,0.0,1.0,0.0,1.0,0.0,0.0,3.0,0.0,19.0,0.21052631578947367,4.0,1992,21,1.8455448025037826,2.8680000000000003,252.273,2.0,0.0,2.0,3.0,4.0,O=CCc1ccccc1Oc1ccnc2cccn12,0.0,43.599999999999994
0.0,0.5,1.0,19.0,0.0,15.0,0.0,2.0,23,31,23,6,,1,,1,False,0.7419354838709677,0.0,0.0,0.4666666666666667,0.0,0.0,0.0,1.0,0.0,0.0,0.0,1.0,0.0,0.0,3.0,0.0,18.0,0.16666666666666666,3.0,1993,23,2.892402739934308,2.3493000000000004,247.33799999999994,1.0,1.0,2.0,2.0,5.0,C=Cc1ccc(C(COC)N2CCOCC2)cc1,0.0,21.700000000000003
0.0,0.5,1.0,18.0,0.0,13.0,0.0,2.0,22,31,23,6,,1,,1,False,0.7096774193548387,2.0,0.0,0.5384615384615384,0.0,0.0,0.0,1.0,0.0,0.0,0.0,1.0,0.0,0.0,2.0,1.0,17.0,0.23529411764705882,4.0,1994,22,3.3295820274457157,3.1251000000000015,242.26499999999993,0.0,1.0,2.0,2.0,2.0,COc1cc(F)c(C2(O)CCCCC2)cc1F,0.0,29.46
0.0,0.3333333333333333,1.0,18.0,0.0,12.0,0.0,3.0,19,28,21,4,,1,,2,False,0.6785714285714286,0.0,0.0,0.25,1.0,0.0,0.0,1.0,0.0,1.0,0.0,1.0,0.0,0.0,4.0,1.0,16.0,0.25,4.0,1995,19,2.5960763717672166,2.2558,212.256,4.0,2.0,0.0,3.0,3.0,c1ccc(CCC2=C3N=NN=C3CN2)cc1,0.0,49.11
0.0,1.0,3.0,23.0,0.0,16.0,0.0,3.0,22,31,22,6,,1,,2,False,0.7096774193548387,0.0,0.0,0.125,1.0,0.0,0.0,1.0,0.0,1.0,0.0,1.0,0.0,0.0,4.0,1.0,21.0,0.23809523809523808,5.0,1996,22,2.931612366007116,2.771280000000001,279.299,3.0,0.0,2.0,3.0,4.0,N#CCOCc1cc2cccnc2n1-c1cccc(O)c1,0.0,71.07
0.0,0.75,3.0,26.0,0.0,20.0,0.0,4.0,20,25,20,1,,3,,1,False,0.8,0.0,0.0,0.2,0.0,0.0,1.0,1.0,0.0,0.0,0.0,1.0,1.0,0.0,3.0,0.0,23.0,0.13043478260869565,3.0,1997,20,3.5887465063710615,3.743000000000002,301.3930000000001,3.0,1.0,0.0,4.0,4.0,c1ccc(CN2CC(c3ccc(-c4ccccc4)nn3)C2)cc1,0.0,29.020000000000003
0.0,0.5,1.0,16.0,0.0,11.0,0.0,2.0,22,26,22,2,,,,2,False,0.8461538461538461,2.0,0.0,0.45454545454545453,1.0,0.0,0.0,1.0,0.0,1.0,1.0,1.0,0.0,0.0,2.0,0.0,15.0,0.26666666666666666,4.0,1998,22,3.6709012546069397,2.3064,214.21099999999996,0.0,1.0,2.0,2.0,0.0,Fc1ccc2c(c1F)CCOCCCO2,0.0,18.46
0.0,0.5,1.0,17.0,0.0,8.0,0.0,2.0,22,31,22,7,,,,2,False,0.7096774193548387,0.0,0.0,0.5,1.0,0.0,0.0,1.0,0.0,1.0,0.0,1.0,0.0,0.0,8.0,3.0,16.0,0.5,8.0,1999,22,5.2773847705827714,-0.6948000000000001,229.19199999999998,3.0,1.0,5.0,2.0,1.0,COC(=NO)c1noc2c1COC(N)C2O,0.0,123.33
