canonical_smiles,head_pka,n_base_sites
CCCCC/C=C\C/C=C\CCCCCCCC(=O)N(CCCCCCC/C=C\CCCCCCCC)C(C(=O)NC(C)(C)C)C1CCN(C)CC1,9.187738,1
CCCCC/C=C\C/C=C\CCCCCCCC(=O)N(CCCCCCC/C=C\CCCCCCCC)C(C(=O)NC(C)(C)C)C1CCNCC1,10.278099,1
CCCCC/C=C\C/C=C\CCCCCCCC(=O)N(CCCCCCC/C=C\CCCCCCCC)C(C(=O)NC(C)(C)C)N(C)C,5.6024404,1
CCCCC/C=C\C/C=C\CCCCCCCC(=O)N(CCCCCCC/C=C\CCCCCCCC)C(C(=O)NC(C)(C)C)N1CCCCC1,6.981654,1
CCCCC/C=C\C/C=C\CCCCCCCC(=O)N(CCCCCCC/C=C\CCCCCCCC)C(C(=O)NC(C)(C)C)N1CCOCC1,4.61608,1
CCCCC/C=C\C/C=C\CCCCCCCC(=O)N(CCCCCCC/C=C\CCCCCCCC)C(C(=O)NC(C)(C)C)c1cc(C)nn1C,,0
CCCCC/C=C\C/C=C\CCCCCCCC(=O)N(CCCCCCC/C=C\CCCCCCCC)C(C(=O)NC(C)(C)CC(C)(C)C)C1CCN(C)CC1,9.167425,1
CCCCC/C=C\C/C=C\CCCCCCCC(=O)N(CCCCCCC/C=C\CCCCCCCC)C(C(=O)NC(C)(C)CC(C)(C)C)C1CCNCC1,10.243066,1
CCCCC/C=C\C/C=C\CCCCCCCC(=O)N(CCCCCCC/C=C\CCCCCCCC)C(C(=O)NC(C)(C)CC(C)(C)C)N(C)C,5.625388,1
CCCCC/C=C\C/C=C\CCCCCCCC(=O)N(CCCCCCC/C=C\CCCCCCCC)C(C(=O)NC(C)(C)CC(C)(C)C)N1CCCCC1,6.985631,1
CCCCC/C=C\C/C=C\CCCCCCCC(=O)N(CCCCCCC/C=C\CCCCCCCC)C(C(=O)NC(C)(C)CC(C)(C)C)N1CCOCC1,4.624242,1
CCCCC/C=C\C/C=C\CCCCCCCC(=O)N(CCCCCCC/C=C\CCCCCCCC)C(C(=O)NC(C)(C)CC(C)(C)C)c1cc(C)nn1C,,0
CCCCC/C=C\C/C=C\CCCCCCCC(=O)N(CCCCCCC/C=C\CCCCCCCC)C(C(=O)NC12C[C@H]3C[C@@H](C1)C[C@@H](C2)C3)C1CCN(C)CC1,9.194741,1
CCCCC/C=C\C/C=C\CCCCCCCC(=O)N(CCCCCCC/C=C\CCCCCCCC)C(C(=O)NC12C[C@H]3C[C@@H](C1)C[C@@H](C2)C3)C1CCNCC1,10.299017,1
CCCCC/C=C\C/C=C\CCCCCCCC(=O)N(CCCCCCC/C=C\CCCCCCCC)C(C(=O)NC12C[C@H]3C[C@@H](C1)C[C@@H](C2)C3)N(C)C,5.647558,1
CCCCC/C=C\C/C=C\CCCCCCCC(=O)N(CCCCCCC/C=C\CCCCCCCC)C(C(=O)NC12C[C@H]3C[C@@H](C1)C[C@@H](C2)C3)N1CCCCC1,6.868171,1
CCCCC/C=C\C/C=C\CCCCCCCC(=O)N(CCCCCCC/C=C\CCCCCCCC)C(C(=O)NC12C[C@H]3C[C@@H](C1)C[C@@H](C2)C3)N1CCOCC1,4.6225047,1
CCCCC/C=C\C/C=C\CCCCCCCC(=O)N(CCCCCCC/C=C\CCCCCCCC)C(C(=O)NC12C[C@H]3C[C@@H](C1)C[C@@H](C2)C3)c1cc(C)nn1C,,0
CCCCC/C=C\C/C=C\CCCCCCCC(=O)N(CCCCCCC/C=C\CCCCCCCC)C(C(=O)NC1CCCCC1)C1CCN(C)CC1,9.203378,1
CCCCC/C=C\C/C=C\CCCCCCCC(=O)N(CCCCCCC/C=C\CCCCCCCC)C(C(=O)NC1CCCCC1)C1CCNCC1,10.296271,1
CCCCC/C=C\C/C=C\CCCCCCCC(=O)N(CCCCCCC/C=C\CCCCCCCC)C(C(=O)NC1CCCCC1)N(C)C,5.6190033,1
CCCCC/C=C\C/C=C\CCCCCCCC(=O)N(CCCCCCC/C=C\CCCCCCCC)C(C(=O)NC1CCCCC1)N1CCCCC1,7.05535,1
CCCCC/C=C\C/C=C\CCCCCCCC(=O)N(CCCCCCC/C=C\CCCCCCCC)C(C(=O)NC1CCCCC1)N1CCOCC1,4.6021223,1
CCCCC/C=C\C/C=C\CCCCCCCC(=O)N(CCCCCCC/C=C\CCCCCCCC)C(C(=O)NC1CCCCC1)c1cc(C)nn1C,,0
CCCCC/C=C\C/C=C\CCCCCCCC(=O)N(CCCCCCC/C=C\CCCCCCCC)C(C(=O)NCC(=O)OC)C1CCN(C)CC1,9.139609,1
CCCCC/C=C\C/C=C\CCCCCCCC(=O)N(CCCCCCC/C=C\CCCCCCCC)C(C(=O)NCC(=O)OC)C1CCNCC1,10.215404,1
CCCCC/C=C\C/C=C\CCCCCCCC(=O)N(CCCCCCC/C=C\CCCCCCCC)C(C(=O)NCC(=O)OC)N(C)C,5.369403,1
CCCCC/C=C\C/C=C\CCCCCCCC(=O)N(CCCCCCC/C=C\CCCCCCCC)C(C(=O)NCC(=O)OC)N1CCCCC1,6.8995657,1
CCCCC/C=C\C/C=C\CCCCCCCC(=O)N(CCCCCCC/C=C\CCCCCCCC)C(C(=O)NCC(=O)OC)N1CCOCC1,4.3858585,1
CCCCC/C=C\C/C=C\CCCCCCCC(=O)N(CCCCCCC/C=C\CCCCCCCC)C(C(=O)NCC(=O)OC)c1cc(C)nn1C,,0
CCCCC/C=C\C/C=C\CCCCCCCC(=O)N(CCCCCCC/C=C\CCCCCCCC)C(C(=O)NCCN1CCOCC1)C1CCN(C)CC1,9.266118,2
CCCCC/C=C\C/C=C\CCCCCCCC(=O)N(CCCCCCC/C=C\CCCCCCCC)C(C(=O)NCCN1CCOCC1)C1CCNCC1,9.892558,2
CCCCC/C=C\C/C=C\CCCCCCCC(=O)N(CCCCCCC/C=C\CCCCCCCC)C(C(=O)NCCN1CCOCC1)N(C)C,6.7878933,2
CCCCC/C=C\C/C=C\CCCCCCCC(=O)N(CCCCCCC/C=C\CCCCCCCC)C(C(=O)NCCN1CCOCC1)N1CCCCC1,7.380255,2
CCCCC/C=C\C/C=C\CCCCCCCC(=O)N(CCCCCCC/C=C\CCCCCCCC)C(C(=O)NCCN1CCOCC1)N1CCOCC1,6.843092,2
CCCCC/C=C\C/C=C\CCCCCCCC(=O)N(CCCCCCC/C=C\CCCCCCCC)C(C(=O)NCCN1CCOCC1)c1cc(C)nn1C,6.6706686,2
CCCCC/C=C\C/C=C\CCCCCCCC(=O)N(CCCCCCC/C=C\CCCCCCCC)C(CC1CCCN1CC)C(=O)NC(C)(C)C,10.07835,1
CCCCC/C=C\C/C=C\CCCCCCCC(=O)N(CCCCCCC/C=C\CCCCCCCC)C(CC1CCCN1CC)C(=O)NC(C)(C)CC(C)(C)C,10.0438385,1
CCCCC/C=C\C/C=C\CCCCCCCC(=O)N(CCCCCCC/C=C\CCCCCCCC)C(CC1CCCN1CC)C(=O)NC12C[C@H]3C[C@@H](C1)C[C@@H](C2)C3,10.102931,1
CCCCC/C=C\C/C=C\CCCCCCCC(=O)N(CCCCCCC/C=C\CCCCCCCC)C(CC1CCCN1CC)C(=O)NC1CCCCC1,10.125351,1
CCCCC/C=C\C/C=C\CCCCCCCC(=O)N(CCCCCCC/C=C\CCCCCCCC)C(CC1CCCN1CC)C(=O)NCC(=O)OC,10.009047,1
CCCCC/C=C\C/C=C\CCCCCCCC(=O)N(CCCCCCC/C=C\CCCCCCCC)C(CC1CCCN1CC)C(=O)NCCN1CCOCC1,10.182593,2
CCCCC/C=C\C/C=C\CCCCCCCC(=O)N(CCCCCCC/C=C\CCCCCCCC)C(CCCN(C)C)C(=O)NC(C)(C)C,9.693378,1
CCCCC/C=C\C/C=C\CCCCCCCC(=O)N(CCCCCCC/C=C\CCCCCCCC)C(CCCN(C)C)C(=O)NC(C)(C)CC(C)(C)C,9.682185,1
CCCCC/C=C\C/C=C\CCCCCCCC(=O)N(CCCCCCC/C=C\CCCCCCCC)C(CCCN(C)C)C(=O)NC12C[C@H]3C[C@@H](C1)C[C@@H](C2)C3,9.72071,1
CCCCC/C=C\C/C=C\CCCCCCCC(=O)N(CCCCCCC/C=C\CCCCCCCC)C(CCCN(C)C)C(=O)NC1CCCCC1,9.685807,1
CCCCC/C=C\C/C=C\CCCCCCCC(=O)N(CCCCCCC/C=C\CCCCCCCC)C(CCCN(C)C)C(=O)NCC(=O)OC,9.652947,1
CCCCC/C=C\C/C=C\CCCCCCCC(=O)N(CCCCCCC/C=C\CCCCCCCC)C(CCCN(C)C)C(=O)NCCN1CCOCC1,9.411136,2
CCCCC/C=C\C/C=C\CCCCCCCC(=O)N(CCCCCCC/C=C\CCCCCCCC)C(CCCN(C)CCCN)C(=O)NC(C)(C)C,10.449144,2
CCCCC/C=C\C/C=C\CCCCCCCC(=O)N(CCCCCCC/C=C\CCCCCCCC)C(CCCN(C)CCCN)C(=O)NC(C)(C)CC(C)(C)C,10.447967,2
CCCCC/C=C\C/C=C\CCCCCCCC(=O)N(CCCCCCC/C=C\CCCCCCCC)C(CCCN(C)CCCN)C(=O)NC12C[C@H]3C[C@@H](C1)C[C@@H](C2)C3,10.442772,2
CCCCC/C=C\C/C=C\CCCCCCCC(=O)N(CCCCCCC/C=C\CCCCCCCC)C(CCCN(C)CCCN)C(=O)NC1CCCCC1,10.45419,2
CCCCC/C=C\C/C=C\CCCCCCCC(=O)N(CCCCCCC/C=C\CCCCCCCC)C(CCCN(C)CCCN)C(=O)NCC(=O)OC,10.460196,2
CCCCC/C=C\C/C=C\CCCCCCCC(=O)N(CCCCCCC/C=C\CCCCCCCC)C(CCCN(C)CCCN)C(=O)NCCN1CCOCC1,10.322316,3
CCCCC/C=C\C/C=C\CCCCCCCC(=O)N(CCCCCCC/C=C\CCCCCCCC)C(CCCN(CC)CC)C(=O)NC(C)(C)C,10.245975,1
CCCCC/C=C\C/C=C\CCCCCCCC(=O)N(CCCCCCC/C=C\CCCCCCCC)C(CCCN(CC)CC)C(=O)NC(C)(C)CC(C)(C)C,10.230662,1
CCCCC/C=C\C/C=C\CCCCCCCC(=O)N(CCCCCCC/C=C\CCCCCCCC)C(CCCN(CC)CC)C(=O)NC12C[C@H]3C[C@@H](C1)C[C@@H](C2)C3,10.2771635,1
CCCCC/C=C\C/C=C\CCCCCCCC(=O)N(CCCCCCC/C=C\CCCCCCCC)C(CCCN(CC)CC)C(=O)NC1CCCCC1,10.234227,1
CCCCC/C=C\C/C=C\CCCCCCCC(=O)N(CCCCCCC/C=C\CCCCCCCC)C(CCCN(CC)CC)C(=O)NCC(=O)OC,10.184987,1
CCCCC/C=C\C/C=C\CCCCCCCC(=O)N(CCCCCCC/C=C\CCCCCCCC)C(CCCN(CC)CC)C(=O)NCCN1CCOCC1,9.5810795,2
CCCCC/C=C\C/C=C\CCCCCCCC(=O)N(CCCCCCC/C=C\CCCCCCCC)C(CCCN(CCCC)CCCC)C(=O)NC(C)(C)C,9.909344,1
CCCCC/C=C\C/C=C\CCCCCCCC(=O)N(CCCCCCC/C=C\CCCCCCCC)C(CCCN(CCCC)CCCC)C(=O)NC(C)(C)CC(C)(C)C,9.879676,1
CCCCC/C=C\C/C=C\CCCCCCCC(=O)N(CCCCCCC/C=C\CCCCCCCC)C(CCCN(CCCC)CCCC)C(=O)NC12C[C@H]3C[C@@H](C1)C[C@@H](C2)C3,9.913843,1
CCCCC/C=C\C/C=C\CCCCCCCC(=O)N(CCCCCCC/C=C\CCCCCCCC)C(CCCN(CCCC)CCCC)C(=O)NC1CCCCC1,9.915556,1
CCCCC/C=C\C/C=C\CCCCCCCC(=O)N(CCCCCCC/C=C\CCCCCCCC)C(CCCN(CCCC)CCCC)C(=O)NCC(=O)OC,9.887407,1
CCCCC/C=C\C/C=C\CCCCCCCC(=O)N(CCCCCCC/C=C\CCCCCCCC)C(CCCN(CCCC)CCCC)C(=O)NCCN1CCOCC1,9.850955,2
CCCCC/C=C\C/C=C\CCCCCCCC(=O)N(CCCCCCC/C=C\CCCCCCCC)C(CCCN1CCCC1)C(=O)NC(C)(C)C,10.469613,1
CCCCC/C=C\C/C=C\CCCCCCCC(=O)N(CCCCCCC/C=C\CCCCCCCC)C(CCCN1CCCC1)C(=O)NC(C)(C)CC(C)(C)C,10.444066,1
CCCCC/C=C\C/C=C\CCCCCCCC(=O)N(CCCCCCC/C=C\CCCCCCCC)C(CCCN1CCCC1)C(=O)NC12C[C@H]3C[C@@H](C1)C[C@@H](C2)C3,10.493929,1
CCCCC/C=C\C/C=C\CCCCCCCC(=O)N(CCCCCCC/C=C\CCCCCCCC)C(CCCN1CCCC1)C(=O)NC1CCCCC1,10.489389,1
CCCCC/C=C\C/C=C\CCCCCCCC(=O)N(CCCCCCC/C=C\CCCCCCCC)C(CCCN1CCCC1)C(=O)NCC(=O)OC,10.4304085,1
CCCCC/C=C\C/C=C\CCCCCCCC(=O)N(CCCCCCC/C=C\CCCCCCCC)C(CCCN1CCCC1)C(=O)NCCN1CCOCC1,10.34824,2
CCCCC/C=C\C/C=C\CCCCCCCC(=O)N(CCCCCCC/C=C\CCCCCCCC)C(CCCN1CCOCC1)C(=O)NC(C)(C)C,7.51576,1
CCCCC/C=C\C/C=C\CCCCCCCC(=O)N(CCCCCCC/C=C\CCCCCCCC)C(CCCN1CCOCC1)C(=O)NC(C)(C)CC(C)(C)C,7.485719,1
CCCCC/C=C\C/C=C\CCCCCCCC(=O)N(CCCCCCC/C=C\CCCCCCCC)C(CCCN1CCOCC1)C(=O)NC12C[C@H]3C[C@@H](C1)C[C@@H](C2)C3,7.5153875,1
CCCCC/C=C\C/C=C\CCCCCCCC(=O)N(CCCCCCC/C=C\CCCCCCCC)C(CCCN1CCOCC1)C(=O)NC1CCCCC1,7.516647,1
CCCCC/C=C\C/C=C\CCCCCCCC(=O)N(CCCCCCC/C=C\CCCCCCCC)C(CCCN1CCOCC1)C(=O)NCC(=O)OC,7.4873576,1
CCCCC/C=C\C/C=C\CCCCCCCC(=O)N(CCCCCCC/C=C\CCCCCCCC)C(CCCN1CCOCC1)C(=O)NCCN1CCOCC1,7.7017307,2
CCCCC/C=C\C/C=C\CCCCCCCC(=O)N(CCCCCCC/C=C\CCCCCCCC)C(CCN(C(C)C)C(C)C)C(=O)NC(C)(C)C,10.079168,1
CCCCC/C=C\C/C=C\CCCCCCCC(=O)N(CCCCCCC/C=C\CCCCCCCC)C(CCN(C(C)C)C(C)C)C(=O)NC(C)(C)CC(C)(C)C,10.017737,1
CCCCC/C=C\C/C=C\CCCCCCCC(=O)N(CCCCCCC/C=C\CCCCCCCC)C(CCN(C(C)C)C(C)C)C(=O)NC12C[C@H]3C[C@@H](C1)C[C@@H](C2)C3,10.186882,1
CCCCC/C=C\C/C=C\CCCCCCCC(=O)N(CCCCCCC/C=C\CCCCCCCC)C(CCN(C(C)C)C(C)C)C(=O)NC1CCCCC1,10.12986,1
CCCCC/C=C\C/C=C\CCCCCCCC(=O)N(CCCCCCC/C=C\CCCCCCCC)C(CCN(C(C)C)C(C)C)C(=O)NCC(=O)OC,10.016374,1
CCCCC/C=C\C/C=C\CCCCCCCC(=O)N(CCCCCCC/C=C\CCCCCCCC)C(CCN(C(C)C)C(C)C)C(=O)NCCN1CCOCC1,9.605553,2
CCCCC/C=C\C/C=C\CCCCCCCC(=O)N(CCCCCCC/C=C\CCCCCCCC)C(CCN(C)C)C(=O)NC(C)(C)C,9.06833,1
CCCCC/C=C\C/C=C\CCCCCCCC(=O)N(CCCCCCC/C=C\CCCCCCCC)C(CCN(C)C)C(=O)NC(C)(C)CC(C)(C)C,9.044112,1
CCCCC/C=C\C/C=C\CCCCCCCC(=O)N(CCCCCCC/C=C\CCCCCCCC)C(CCN(C)C)C(=O)NC12C[C@H]3C[C@@H](C1)C[C@@H](C2)C3,9.188717,1
CCCCC/C=C\C/C=C\CCCCCCCC(=O)N(CCCCCCC/C=C\CCCCCCCC)C(CCN(C)C)C(=O)NC1CCCCC1,9.105761,1
CCCCC/C=C\C/C=C\CCCCCCCC(=O)N(CCCCCCC/C=C\CCCCCCCC)C(CCN(C)C)C(=O)NCC(=O)OC,9.031133,1
CCCCC/C=C\C/C=C\CCCCCCCC(=O)N(CCCCCCC/C=C\CCCCCCCC)C(CCN(C)C)C(=O)NCCN1CCOCC1,9.178387,2
CCCCC/C=C\C/C=C\CCCCCCCC(=O)N(CCCCCCC/C=C\CCCCCCCC)C(CCN(CC)CC)C(=O)NC(C)(C)C,9.662616,1
CCCCC/C=C\C/C=C\CCCCCCCC(=O)N(CCCCCCC/C=C\CCCCCCCC)C(CCN(CC)CC)C(=O)NC(C)(C)CC(C)(C)C,9.617459,1
CCCCC/C=C\C/C=C\CCCCCCCC(=O)N(CCCCCCC/C=C\CCCCCCCC)C(CCN(CC)CC)C(=O)NC12C[C@H]3C[C@@H](C1)C[C@@H](C2)C3,9.780276,1
CCCCC/C=C\C/C=C\CCCCCCCC(=O)N(CCCCCCC/C=C\CCCCCCCC)C(CCN(CC)CC)C(=O)NC1CCCCC1,9.703879,1
CCCCC/C=C\C/C=C\CCCCCCCC(=O)N(CCCCCCC/C=C\CCCCCCCC)C(CCN(CC)CC)C(=O)NCC(=O)OC,9.619832,1
CCCCC/C=C\C/C=C\CCCCCCCC(=O)N(CCCCCCC/C=C\CCCCCCCC)C(CCN(CC)CC)C(=O)NCCN1CCOCC1,9.4731655,2
CCCCC/C=C\C/C=C\CCCCCCCC(=O)N(CCCCCCC/C=C\CCCCCCCC)C(CCN(CCN)CCN)C(=O)NC(C)(C)C,9.860588,3
CCCCC/C=C\C/C=C\CCCCCCCC(=O)N(CCCCCCC/C=C\CCCCCCCC)C(CCN(CCN)CCN)C(=O)NC(C)(C)CC(C)(C)C,9.851868,3
CCCCC/C=C\C/C=C\CCCCCCCC(=O)N(CCCCCCC/C=C\CCCCCCCC)C(CCN(CCN)CCN)C(=O)NC12C[C@H]3C[C@@H](C1)C[C@@H](C2)C3,9.860083,3
CCCCC/C=C\C/C=C\CCCCCCCC(=O)N(CCCCCCC/C=C\CCCCCCCC)C(CCN(CCN)CCN)C(=O)NC1CCCCC1,9.874849,3
CCCCC/C=C\C/C=C\CCCCCCCC(=O)N(CCCCCCC/C=C\CCCCCCCC)C(CCN(CCN)CCN)C(=O)NCC(=O)OC,9.845942,3
CCCCC/C=C\C/C=C\CCCCCCCC(=O)N(CCCCCCC/C=C\CCCCCCCC)C(CCN(CCN)CCN)C(=O)NCCN1CCOCC1,9.789778,4
CCCCC/C=C\C/C=C\CCCCCCCC(=O)N(CCCCCCC/C=C\CCCCCCCC)C(CCN1CCCC1)C(=O)NC(C)(C)C,9.889632,1
CCCCC/C=C\C/C=C\CCCCCCCC(=O)N(CCCCCCC/C=C\CCCCCCCC)C(CCN1CCCC1)C(=O)NC(C)(C)CC(C)(C)C,9.861788,1
CCCCC/C=C\C/C=C\CCCCCCCC(=O)N(CCCCCCC/C=C\CCCCCCCC)C(CCN1CCCC1)C(=O)NC12C[C@H]3C[C@@H](C1)C[C@@H](C2)C3,9.931709,1
CCCCC/C=C\C/C=C\CCCCCCCC(=O)N(CCCCCCC/C=C\CCCCCCCC)C(CCN1CCCC1)C(=O)NC1CCCCC1,9.9311495,1
CCCCC/C=C\C/C=C\CCCCCCCC(=O)N(CCCCCCC/C=C\CCCCCCCC)C(CCN1CCCC1)C(=O)NCC(=O)OC,9.836274,1
CCCCC/C=C\C/C=C\CCCCCCCC(=O)N(CCCCCCC/C=C\CCCCCCCC)C(CCN1CCCC1)C(=O)NCCN1CCOCC1,10.129685,2
CCCCC/C=C\C/C=C\CCCCCCCC(=O)N(CCCCCCC/C=C\CCCCCCCC)C(CCN1CCCCC1)C(=O)NC(C)(C)C,9.258527,1
CCCCC/C=C\C/C=C\CCCCCCCC(=O)N(CCCCCCC/C=C\CCCCCCCC)C(CCN1CCCCC1)C(=O)NC(C)(C)CC(C)(C)C,9.230092,1
CCCCC/C=C\C/C=C\CCCCCCCC(=O)N(CCCCCCC/C=C\CCCCCCCC)C(CCN1CCCCC1)C(=O)NC12C[C@H]3C[C@@H](C1)C[C@@H](C2)C3,9.278823,1
CCCCC/C=C\C/C=C\CCCCCCCC(=O)N(CCCCCCC/C=C\CCCCCCCC)C(CCN1CCCCC1)C(=O)NC1CCCCC1,9.284856,1
CCCCC/C=C\C/C=C\CCCCCCCC(=O)N(CCCCCCC/C=C\CCCCCCCC)C(CCN1CCCCC1)C(=O)NCC(=O)OC,9.220783,1
CCCCC/C=C\C/C=C\CCCCCCCC(=O)N(CCCCCCC/C=C\CCCCCCCC)C(CCN1CCCCC1)C(=O)NCCN1CCOCC1,9.423934,2
CCCCC/C=C\C/C=C\CCCCCCCC(=O)N(CCCCCCC/C=C\CCCCCCCC)C(CCN1CCNCC1)C(=O)NC(C)(C)C,9.254284,2
CCCCC/C=C\C/C=C\CCCCCCCC(=O)N(CCCCCCC/C=C\CCCCCCCC)C(CCN1CCNCC1)C(=O)NC(C)(C)CC(C)(C)C,9.241095,2
CCCCC/C=C\C/C=C\CCCCCCCC(=O)N(CCCCCCC/C=C\CCCCCCCC)C(CCN1CCNCC1)C(=O)NC12C[C@H]3C[C@@H](C1)C[C@@H](C2)C3,9.248232,2
CCCCC/C=C\C/C=C\CCCCCCCC(=O)N(CCCCCCC/C=C\CCCCCCCC)C(CCN1CCNCC1)C(=O)NC1CCCCC1,9.27154,2
CCCCC/C=C\C/C=C\CCCCCCCC(=O)N(CCCCCCC/C=C\CCCCCCCC)C(CCN1CCNCC1)C(=O)NCC(=O)OC,9.23621,2
CCCCC/C=C\C/C=C\CCCCCCCC(=O)N(CCCCCCC/C=C\CCCCCCCC)C(CCN1CCNCC1)C(=O)NCCN1CCOCC1,9.302139,3
CCCCC/C=C\C/C=C\CCCCCCCC(=O)N(CCCCCCCCC)C(C(=O)NC(C)(C)C)C1CCN(C)CC1,9.164852,1
CCCCC/C=C\C/C=C\CCCCCCCC(=O)N(CCCCCCCCC)C(C(=O)NC(C)(C)C)C1CCNCC1,10.247751,1
CCCCC/C=C\C/C=C\CCCCCCCC(=O)N(CCCCCCCCC)C(C(=O)NC(C)(C)C)N(C)C,5.5958815,1
CCCCC/C=C\C/C=C\CCCCCCCC(=O)N(CCCCCCCCC)C(C(=O)NC(C)(C)C)N1CCCCC1,6.9681616,1
CCCCC/C=C\C/C=C\CCCCCCCC(=O)N(CCCCCCCCC)C(C(=O)NC(C)(C)C)N1CCOCC1,4.6053643,1
CCCCC/C=C\C/C=C\CCCCCCCC(=O)N(CCCCCCCCC)C(C(=O)NC(C)(C)C)c1cc(C)nn1C,,0
CCCCC/C=C\C/C=C\CCCCCCCC(=O)N(CCCCCCCCC)C(C(=O)NC(C)(C)CC(C)(C)C)C1CCN(C)CC1,9.143444,1
CCCCC/C=C\C/C=C\CCCCCCCC(=O)N(CCCCCCCCC)C(C(=O)NC(C)(C)CC(C)(C)C)C1CCNCC1,10.211129,1
CCCCC/C=C\C/C=C\CCCCCCCC(=O)N(CCCCCCCCC)C(C(=O)NC(C)(C)CC(C)(C)C)N(C)C,5.6190677,1
CCCCC/C=C\C/C=C\CCCCCCCC(=O)N(CCCCCCCCC)C(C(=O)NC(C)(C)CC(C)(C)C)N1CCCCC1,6.972521,1
CCCCC/C=C\C/C=C\CCCCCCCC(=O)N(CCCCCCCCC)C(C(=O)NC(C)(C)CC(C)(C)C)N1CCOCC1,4.615182,1
CCCCC/C=C\C/C=C\CCCCCCCC(=O)N(CCCCCCCCC)C(C(=O)NC(C)(C)CC(C)(C)C)c1cc(C)nn1C,,0
CCCCC/C=C\C/C=C\CCCCCCCC(=O)N(CCCCCCCCC)C(C(=O)NC12C[C@H]3C[C@@H](C1)C[C@@H](C2)C3)C1CCN(C)CC1,9.170905,1
CCCCC/C=C\C/C=C\CCCCCCCC(=O)N(CCCCCCCCC)C(C(=O)NC12C[C@H]3C[C@@H](C1)C[C@@H](C2)C3)C1CCNCC1,10.263304,1
CCCCC/C=C\C/C=C\CCCCCCCC(=O)N(CCCCCCCCC)C(C(=O)NC12C[C@H]3C[C@@H](C1)C[C@@H](C2)C3)N(C)C,5.642143,1
CCCCC/C=C\C/C=C\CCCCCCCC(=O)N(CCCCCCCCC)C(C(=O)NC12C[C@H]3C[C@@H](C1)C[C@@H](C2)C3)N1CCCCC1,6.8538504,1
CCCCC/C=C\C/C=C\CCCCCCCC(=O)N(CCCCCCCCC)C(C(=O)NC12C[C@H]3C[C@@H](C1)C[C@@H](C2)C3)N1CCOCC1,4.6122828,1
CCCCC/C=C\C/C=C\CCCCCCCC(=O)N(CCCCCCCCC)C(C(=O)NC12C[C@H]3C[C@@H](C1)C[C@@H](C2)C3)c1cc(C)nn1C,,0
CCCCC/C=C\C/C=C\CCCCCCCC(=O)N(CCCCCCCCC)C(C(=O)NC1CCCCC1)C1CCN(C)CC1,9.181551,1
CCCCC/C=C\C/C=C\CCCCCCCC(=O)N(CCCCCCCCC)C(C(=O)NC1CCCCC1)C1CCNCC1,10.263738,1
CCCCC/C=C\C/C=C\CCCCCCCC(=O)N(CCCCCCCCC)C(C(=O)NC1CCCCC1)N(C)C,5.6134834,1
CCCCC/C=C\C/C=C\CCCCCCCC(=O)N(CCCCCCCCC)C(C(=O)NC1CCCCC1)N1CCCCC1,7.0391746,1
CCCCC/C=C\C/C=C\CCCCCCCC(=O)N(CCCCCCCCC)C(C(=O)NC1CCCCC1)N1CCOCC1,4.591749,1
CCCCC/C=C\C/C=C\CCCCCCCC(=O)N(CCCCCCCCC)C(C(=O)NC1CCCCC1)c1cc(C)nn1C,,0
CCCCC/C=C\C/C=C\CCCCCCCC(=O)N(CCCCCCCCC)C(C(=O)NCC(=O)OC)C1CCN(C)CC1,9.121458,1
CCCCC/C=C\C/C=C\CCCCCCCC(=O)N(CCCCCCCCC)C(C(=O)NCC(=O)OC)C1CCNCC1,10.183714,1
CCCCC/C=C\C/C=C\CCCCCCCC(=O)N(CCCCCCCCC)C(C(=O)NCC(=O)OC)N(C)C,5.363148,1
CCCCC/C=C\C/C=C\CCCCCCCC(=O)N(CCCCCCCCC)C(C(=O)NCC(=O)OC)N1CCCCC1,6.8848596,1
CCCCC/C=C\C/C=C\CCCCCCCC(=O)N(CCCCCCCCC)C(C(=O)NCC(=O)OC)N1CCOCC1,4.3723598,1
CCCCC/C=C\C/C=C\CCCCCCCC(=O)N(CCCCCCCCC)C(C(=O)NCC(=O)OC)c1cc(C)nn1C,,0
CCCCC/C=C\C/C=C\CCCCCCCC(=O)N(CCCCCCCCC)C(C(=O)NCCN1CCOCC1)C1CCN(C)CC1,9.261001,2
CCCCC/C=C\C/C=C\CCCCCCCC(=O)N(CCCCCCCCC)C(C(=O)NCCN1CCOCC1)C1CCNCC1,9.88133,2
CCCCC/C=C\C/C=C\CCCCCCCC(=O)N(CCCCCCCCC)C(C(=O)NCCN1CCOCC1)N(C)C,6.7691803,2
CCCCC/C=C\C/C=C\CCCCCCCC(=O)N(CCCCCCCCC)C(C(=O)NCCN1CCOCC1)N1CCCCC1,7.370207,2
CCCCC/C=C\C/C=C\CCCCCCCC(=O)N(CCCCCCCCC)C(C(=O)NCCN1CCOCC1)N1CCOCC1,6.8318863,2
CCCCC/C=C\C/C=C\CCCCCCCC(=O)N(CCCCCCCCC)C(C(=O)NCCN1CCOCC1)c1cc(C)nn1C,6.6617174,2
CCCCC/C=C\C/C=C\CCCCCCCC(=O)N(CCCCCCCCC)C(CC1CCCN1CC)C(=O)NC(C)(C)C,10.047325,1
CCCCC/C=C\C/C=C\CCCCCCCC(=O)N(CCCCCCCCC)C(CC1CCCN1CC)C(=O)NC(C)(C)CC(C)(C)C,10.008757,1
CCCCC/C=C\C/C=C\CCCCCCCC(=O)N(CCCCCCCCC)C(CC1CCCN1CC)C(=O)NC12C[C@H]3C[C@@H](C1)C[C@@H](C2)C3,10.068856,1
CCCCC/C=C\C/C=C\CCCCCCCC(=O)N(CCCCCCCCC)C(CC1CCCN1CC)C(=O)NC1CCCCC1,10.095443,1
CCCCC/C=C\C/C=C\CCCCCCCC(=O)N(CCCCCCCCC)C(CC1CCCN1CC)C(=O)NCC(=O)OC,9.973852,1
CCCCC/C=C\C/C=C\CCCCCCCC(=O)N(CCCCCCCCC)C(CC1CCCN1CC)C(=O)NCCN1CCOCC1,10.163008,2
CCCCC/C=C\C/C=C\CCCCCCCC(=O)N(CCCCCCCCC)C(CCCN(C)C)C(=O)NC(C)(C)C,9.695746,1
CCCCC/C=C\C/C=C\CCCCCCCC(=O)N(CCCCCCCCC)C(CCCN(C)C)C(=O)NC(C)(C)CC(C)(C)C,9.6692505,1
CCCCC/C=C\C/C=C\CCCCCCCC(=O)N(CCCCCCCCC)C(CCCN(C)C)C(=O)NC12C[C@H]3C[C@@H](C1)C[C@@H](C2)C3,9.708143,1
CCCCC/C=C\C/C=C\CCCCCCCC(=O)N(CCCCCCCCC)C(CCCN(C)C)C(=O)NC1CCCCC1,9.68575,1
CCCCC/C=C\C/C=C\CCCCCCCC(=O)N(CCCCCCCCC)C(CCCN(C)C)C(=O)NCC(=O)OC,9.653696,1
CCCCC/C=C\C/C=C\CCCCCCCC(=O)N(CCCCCCCCC)C(CCCN(C)C)C(=O)NCCN1CCOCC1,9.404458,2
CCCCC/C=C\C/C=C\CCCCCCCC(=O)N(CCCCCCCCC)C(CCCN(C)CCCN)C(=O)NC(C)(C)C,10.449662,2
CCCCC/C=C\C/C=C\CCCCCCCC(=O)N(CCCCCCCCC)C(CCCN(C)CCCN)C(=O)NC(C)(C)CC(C)(C)C,10.448481,2
CCCCC/C=C\C/C=C\CCCCCCCC(=O)N(CCCCCCCCC)C(CCCN(C)CCCN)C(=O)NC12C[C@H]3C[C@@H](C1)C[C@@H](C2)C3,10.443283,2
CCCCC/C=C\C/C=C\CCCCCCCC(=O)N(CCCCCCCCC)C(CCCN(C)CCCN)C(=O)NC1CCCCC1,10.454714,2
CCCCC/C=C\C/C=C\CCCCCCCC(=O)N(CCCCCCCCC)C(CCCN(C)CCCN)C(=O)NCC(=O)OC,10.460729,2
CCCCC/C=C\C/C=C\CCCCCCCC(=O)N(CCCCCCCCC)C(CCCN(C)CCCN)C(=O)NCCN1CCOCC1,10.32049,3
CCCCC/C=C\C/C=C\CCCCCCCC(=O)N(CCCCCCCCC)C(CCCN(CC)CC)C(=O)NC(C)(C)C,10.208607,1
CCCCC/C=C\C/C=C\CCCCCCCC(=O)N(CCCCCCCCC)C(CCCN(CC)CC)C(=O)NC(C)(C)CC(C)(C)C,10.185767,1
CCCCC/C=C\C/C=C\CCCCCCCC(=O)N(CCCCCCCCC)C(CCCN(CC)CC)C(=O)NC12C[C@H]3C[C@@H](C1)C[C@@H](C2)C3,10.230434,1
CCCCC/C=C\C/C=C\CCCCCCCC(=O)N(CCCCCCCCC)C(CCCN(CC)CC)C(=O)NC1CCCCC1,10.193167,1
CCCCC/C=C\C/C=C\CCCCCCCC(=O)N(CCCCCCCCC)C(CCCN(CC)CC)C(=O)NCC(=O)OC,10.14873,1
CCCCC/C=C\C/C=C\CCCCCCCC(=O)N(CCCCCCCCC)C(CCCN(CC)CC)C(=O)NCCN1CCOCC1,9.5681305,2
CCCCC/C=C\C/C=C\CCCCCCCC(=O)N(CCCCCCCCC)C(CCCN(CCCC)CCCC)C(=O)NC(C)(C)C,9.914895,1
CCCCC/C=C\C/C=C\CCCCCCCC(=O)N(CCCCCCCCC)C(CCCN(CCCC)CCCC)C(=O)NC(C)(C)CC(C)(C)C,9.884645,1
CCCCC/C=C\C/C=C\CCCCCCCC(=O)N(CCCCCCCCC)C(CCCN(CCCC)CCCC)C(=O)NC12C[C@H]3C[C@@H](C1)C[C@@H](C2)C3,9.919358,1
CCCCC/C=C\C/C=C\CCCCCCCC(=O)N(CCCCCCCCC)C(CCCN(CCCC)CCCC)C(=O)NC1CCCCC1,9.9210825,1
CCCCC/C=C\C/C=C\CCCCCCCC(=O)N(CCCCCCCCC)C(CCCN(CCCC)CCCC)C(=O)NCC(=O)OC,9.893357,1
CCCCC/C=C\C/C=C\CCCCCCCC(=O)N(CCCCCCCCC)C(CCCN(CCCC)CCCC)C(=O)NCCN1CCOCC1,9.848293,2
CCCCC/C=C\C/C=C\CCCCCCCC(=O)N(CCCCCCCCC)C(CCCN1CCCC1)C(=O)NC(C)(C)C,10.463475,1
CCCCC/C=C\C/C=C\CCCCCCCC(=O)N(CCCCCCCCC)C(CCCN1CCCC1)C(=O)NC(C)(C)CC(C)(C)C,10.43528,1
CCCCC/C=C\C/C=C\CCCCCCCC(=O)N(CCCCCCCCC)C(CCCN1CCCC1)C(=O)NC12C[C@H]3C[C@@H](C1)C[C@@H](C2)C3,10.488468,1
CCCCC/C=C\C/C=C\CCCCCCCC(=O)N(CCCCCCCCC)C(CCCN1CCCC1)C(=O)NC1CCCCC1,10.483409,1
CCCCC/C=C\C/C=C\CCCCCCCC(=O)N(CCCCCCCCC)C(CCCN1CCCC1)C(=O)NCC(=O)OC,10.423824,1
CCCCC/C=C\C/C=C\CCCCCCCC(=O)N(CCCCCCCCC)C(CCCN1CCCC1)C(=O)NCCN1CCOCC1,10.336232,2
CCCCC/C=C\C/C=C\CCCCCCCC(=O)N(CCCCCCCCC)C(CCCN1CCOCC1)C(=O)NC(C)(C)C,7.4890165,1
CCCCC/C=C\C/C=C\CCCCCCCC(=O)N(CCCCCCCCC)C(CCCN1CCOCC1)C(=O)NC(C)(C)CC(C)(C)C,7.459339,1
CCCCC/C=C\C/C=C\CCCCCCCC(=O)N(CCCCCCCCC)C(CCCN1CCOCC1)C(=O)NC12C[C@H]3C[C@@H](C1)C[C@@H](C2)C3,7.48914,1
CCCCC/C=C\C/C=C\CCCCCCCC(=O)N(CCCCCCCCC)C(CCCN1CCOCC1)C(=O)NC1CCCCC1,7.489811,1
CCCCC/C=C\C/C=C\CCCCCCCC(=O)N(CCCCCCCCC)C(CCCN1CCOCC1)C(=O)NCC(=O)OC,7.460585,1
CCCCC/C=C\C/C=C\CCCCCCCC(=O)N(CCCCCCCCC)C(CCCN1CCOCC1)C(=O)NCCN1CCOCC1,7.68662,2
CCCCC/C=C\C/C=C\CCCCCCCC(=O)N(CCCCCCCCC)C(CCN(C(C)C)C(C)C)C(=O)NC(C)(C)C,10.006319,1
CCCCC/C=C\C/C=C\CCCCCCCC(=O)N(CCCCCCCCC)C(CCN(C(C)C)C(C)C)C(=O)NC(C)(C)CC(C)(C)C,9.943528,1
CCCCC/C=C\C/C=C\CCCCCCCC(=O)N(CCCCCCCCC)C(CCN(C(C)C)C(C)C)C(=O)NC12C[C@H]3C[C@@H](C1)C[C@@H](C2)C3,10.10885,1
CCCCC/C=C\C/C=C\CCCCCCCC(=O)N(CCCCCCCCC)C(CCN(C(C)C)C(C)C)C(=O)NC1CCCCC1,10.056554,1
CCCCC/C=C\C/C=C\CCCCCCCC(=O)N(CCCCCCCCC)C(CCN(C(C)C)C(C)C)C(=O)NCC(=O)OC,9.946125,1
CCCCC/C=C\C/C=C\CCCCCCCC(=O)N(CCCCCCCCC)C(CCN(C(C)C)C(C)C)C(=O)NCCN1CCOCC1,9.585453,2
CCCCC/C=C\C/C=C\CCCCCCCC(=O)N(CCCCCCCCC)C(CCN(C)C)C(=O)NC(C)(C)C,9.019393,1
CCCCC/C=C\C/C=C\CCCCCCCC(=O)N(CCCCCCCCC)C(CCN(C)C)C(=O)NC(C)(C)CC(C)(C)C,8.99191,1
CCCCC/C=C\C/C=C\CCCCCCCC(=O)N(CCCCCCCCC)C(CCN(C)C)C(=O)NC12C[C@H]3C[C@@H](C1)C[C@@H](C2)C3,9.132608,1
CCCCC/C=C\C/C=C\CCCCCCCC(=O)N(CCCCCCCCC)C(CCN(C)C)C(=O)NC1CCCCC1,9.063465,1
CCCCC/C=C\C/C=C\CCCCCCCC(=O)N(CCCCCCCCC)C(CCN(C)C)C(=O)NCC(=O)OC,8.990546,1
CCCCC/C=C\C/C=C\CCCCCCCC(=O)N(CCCCCCCCC)C(CCN(C)C)C(=O)NCCN1CCOCC1,9.153841,2
CCCCC/C=C\C/C=C\CCCCCCCC(=O)N(CCCCCCCCC)C(CCN(CC)CC)C(=O)NC(C)(C)C,9.609158,1
CCCCC/C=C\C/C=C\CCCCCCCC(=O)N(CCCCCCCCC)C(CCN(CC)CC)C(=O)NC(C)(C)CC(C)(C)C,9.562221,1
CCCCC/C=C\C/C=C\CCCCCCCC(=O)N(CCCCCCCCC)C(CCN(CC)CC)C(=O)NC12C[C@H]3C[C@@H](C1)C[C@@H](C2)C3,9.710739,1
CCCCC/C=C\C/C=C\CCCCCCCC(=O)N(CCCCCCCCC)C(CCN(CC)CC)C(=O)NC1CCCCC1,9.651553,1
CCCCC/C=C\C/C=C\CCCCCCCC(=O)N(CCCCCCCCC)C(CCN(CC)CC)C(=O)NCC(=O)OC,9.562856,1
CCCCC/C=C\C/C=C\CCCCCCCC(=O)N(CCCCCCCCC)C(CCN(CC)CC)C(=O)NCCN1CCOCC1,9.45111,2
CCCCC/C=C\C/C=C\CCCCCCCC(=O)N(CCCCCCCCC)C(CCN(CCN)CCN)C(=O)NC(C)(C)C,9.860925,3
CCCCC/C=C\C/C=C\CCCCCCCC(=O)N(CCCCCCCCC)C(CCN(CCN)CCN)C(=O)NC(C)(C)CC(C)(C)C,9.852174,3
CCCCC/C=C\C/C=C\CCCCCCCC(=O)N(CCCCCCCCC)C(CCN(CCN)CCN)C(=O)NC12C[C@H]3C[C@@H](C1)C[C@@H](C2)C3,9.860413,3
CCCCC/C=C\C/C=C\CCCCCCCC(=O)N(CCCCCCCCC)C(CCN(CCN)CCN)C(=O)NC1CCCCC1,9.87523,3
CCCCC/C=C\C/C=C\CCCCCCCC(=O)N(CCCCCCCCC)C(CCN(CCN)CCN)C(=O)NCC(=O)OC,9.846232,3
CCCCC/C=C\C/C=C\CCCCCCCC(=O)N(CCCCCCCCC)C(CCN(CCN)CCN)C(=O)NCCN1CCOCC1,9.789506,4
CCCCC/C=C\C/C=C\CCCCCCCC(=O)N(CCCCCCCCC)C(CCN1CCCC1)C(=O)NC(C)(C)C,9.873937,1
CCCCC/C=C\C/C=C\CCCCCCCC(=O)N(CCCCCCCCC)C(CCN1CCCC1)C(=O)NC(C)(C)CC(C)(C)C,9.846025,1
CCCCC/C=C\C/C=C\CCCCCCCC(=O)N(CCCCCCCCC)C(CCN1CCCC1)C(=O)NC12C[C@H]3C[C@@H](C1)C[C@@H](C2)C3,9.913933,1
CCCCC/C=C\C/C=C\CCCCCCCC(=O)N(CCCCCCCCC)C(CCN1CCCC1)C(=O)NC1CCCCC1,9.915827,1
CCCCC/C=C\C/C=C\CCCCCCCC(=O)N(CCCCCCCCC)C(CCN1CCCC1)C(=O)NCC(=O)OC,9.819509,1
CCCCC/C=C\C/C=C\CCCCCCCC(=O)N(CCCCCCCCC)C(CCN1CCCC1)C(=O)NCCN1CCOCC1,10.113633,2
CCCCC/C=C\C/C=C\CCCCCCCC(=O)N(CCCCCCCCC)C(CCN1CCCCC1)C(=O)NC(C)(C)C,9.245183,1
CCCCC/C=C\C/C=C\CCCCCCCC(=O)N(CCCCCCCCC)C(CCN1CCCCC1)C(=O)NC(C)(C)CC(C)(C)C,9.218337,1
CCCCC/C=C\C/C=C\CCCCCCCC(=O)N(CCCCCCCCC)C(CCN1CCCCC1)C(=O)NC12C[C@H]3C[C@@H](C1)C[C@@H](C2)C3,9.26564,1
CCCCC/C=C\C/C=C\CCCCCCCC(=O)N(CCCCCCCCC)C(CCN1CCCCC1)C(=O)NC1CCCCC1,9.271167,1
CCCCC/C=C\C/C=C\CCCCCCCC(=O)N(CCCCCCCCC)C(CCN1CCCCC1)C(=O)NCC(=O)OC,9.207848,1
CCCCC/C=C\C/C=C\CCCCCCCC(=O)N(CCCCCCCCC)C(CCN1CCCCC1)C(=O)NCCN1CCOCC1,9.414075,2
CCCCC/C=C\C/C=C\CCCCCCCC(=O)N(CCCCCCCCC)C(CCN1CCNCC1)C(=O)NC(C)(C)C,9.255896,2
CCCCC/C=C\C/C=C\CCCCCCCC(=O)N(CCCCCCCCC)C(CCN1CCNCC1)C(=O)NC(C)(C)CC(C)(C)C,9.242642,2
CCCCC/C=C\C/C=C\CCCCCCCC(=O)N(CCCCCCCCC)C(CCN1CCNCC1)C(=O)NC12C[C@H]3C[C@@H](C1)C[C@@H](C2)C3,9.249799,2
CCCCC/C=C\C/C=C\CCCCCCCC(=O)N(CCCCCCCCC)C(CCN1CCNCC1)C(=O)NC1CCCCC1,9.273226,2
CCCCC/C=C\C/C=C\CCCCCCCC(=O)N(CCCCCCCCC)C(CCN1CCNCC1)C(=O)NCC(=O)OC,9.237739,2
CCCCC/C=C\C/C=C\CCCCCCCC(=O)N(CCCCCCCCC)C(CCN1CCNCC1)C(=O)NCCN1CCOCC1,9.301935,3
CCCCC/C=C\C/C=C\CCCCCCCC(=O)N(CCCCCOC(=O)C(CCCCCC)CCCCCCCC)C(C(=O)NC(C)(C)C)C1CCN(C)CC1,9.208324,1
CCCCC/C=C\C/C=C\CCCCCCCC(=O)N(CCCCCOC(=O)C(CCCCCC)CCCCCCCC)C(C(=O)NC(C)(C)C)C1CCNCC1,10.309367,1
CCCCC/C=C\C/C=C\CCCCCCCC(=O)N(CCCCCOC(=O)C(CCCCCC)CCCCCCCC)C(C(=O)NC(C)(C)C)N(C)C,5.599306,1
CCCCC/C=C\C/C=C\CCCCCCCC(=O)N(CCCCCOC(=O)C(CCCCCC)CCCCCCCC)C(C(=O)NC(C)(C)C)N1CCCCC1,6.976378,1
CCCCC/C=C\C/C=C\CCCCCCCC(=O)N(CCCCCOC(=O)C(CCCCCC)CCCCCCCC)C(C(=O)NC(C)(C)C)N1CCOCC1,4.6178083,1
CCCCC/C=C\C/C=C\CCCCCCCC(=O)N(CCCCCOC(=O)C(CCCCCC)CCCCCCCC)C(C(=O)NC(C)(C)C)c1cc(C)nn1C,,0
CCCCC/C=C\C/C=C\CCCCCCCC(=O)N(CCCCCOC(=O)C(CCCCCC)CCCCCCCC)C(C(=O)NC(C)(C)CC(C)(C)C)C1CCN(C)CC1,9.187699,1
CCCCC/C=C\C/C=C\CCCCCCCC(=O)N(CCCCCOC(=O)C(CCCCCC)CCCCCCCC)C(C(=O)NC(C)(C)CC(C)(C)C)C1CCNCC1,10.277085,1
CCCCC/C=C\C/C=C\CCCCCCCC(=O)N(CCCCCOC(=O)C(CCCCCC)CCCCCCCC)C(C(=O)NC(C)(C)CC(C)(C)C)N(C)C,5.621967,1
CCCCC/C=C\C/C=C\CCCCCCCC(=O)N(CCCCCOC(=O)C(CCCCCC)CCCCCCCC)C(C(=O)NC(C)(C)CC(C)(C)C)N1CCCCC1,6.9803376,1
CCCCC/C=C\C/C=C\CCCCCCCC(=O)N(CCCCCOC(=O)C(CCCCCC)CCCCCCCC)C(C(=O)NC(C)(C)CC(C)(C)C)N1CCOCC1,4.62455,1
CCCCC/C=C\C/C=C\CCCCCCCC(=O)N(CCCCCOC(=O)C(CCCCCC)CCCCCCCC)C(C(=O)NC(C)(C)CC(C)(C)C)c1cc(C)nn1C,,0
CCCCC/C=C\C/C=C\CCCCCCCC(=O)N(CCCCCOC(=O)C(CCCCCC)CCCCCCCC)C(C(=O)NC12C[C@H]3C[C@@H](C1)C[C@@H](C2)C3)C1CCN(C)CC1,9.214739,1
CCCCC/C=C\C/C=C\CCCCCCCC(=O)N(CCCCCOC(=O)C(CCCCCC)CCCCCCCC)C(C(=O)NC12C[C@H]3C[C@@H](C1)C[C@@H](C2)C3)C1CCNCC1,10.332052,1
CCCCC/C=C\C/C=C\CCCCCCCC(=O)N(CCCCCOC(=O)C(CCCCCC)CCCCCCCC)C(C(=O)NC12C[C@H]3C[C@@H](C1)C[C@@H](C2)C3)N(C)C,5.6447263,1
CCCCC/C=C\C/C=C\CCCCCCCC(=O)N(CCCCCOC(=O)C(CCCCCC)CCCCCCCC)C(C(=O)NC12C[C@H]3C[C@@H](C1)C[C@@H](C2)C3)N1CCCCC1,6.8714714,1
CCCCC/C=C\C/C=C\CCCCCCCC(=O)N(CCCCCOC(=O)C(CCCCCC)CCCCCCCC)C(C(=O)NC12C[C@H]3C[C@@H](C1)C[C@@H](C2)C3)N1CCOCC1,4.624131,1
CCCCC/C=C\C/C=C\CCCCCCCC(=O)N(CCCCCOC(=O)C(CCCCCC)CCCCCCCC)C(C(=O)NC12C[C@H]3C[C@@H](C1)C[C@@H](C2)C3)c1cc(C)nn1C,,0
CCCCC/C=C\C/C=C\CCCCCCCC(=O)N(CCCCCOC(=O)C(CCCCCC)CCCCCCCC)C(C(=O)NC1CCCCC1)C1CCN(C)CC1,9.223836,1
CCCCC/C=C\C/C=C\CCCCCCCC(=O)N(CCCCCOC(=O)C(CCCCCC)CCCCCCCC)C(C(=O)NC1CCCCC1)C1CCNCC1,10.329221,1
CCCCC/C=C\C/C=C\CCCCCCCC(=O)N(CCCCCOC(=O)C(CCCCCC)CCCCCCCC)C(C(=O)NC1CCCCC1)N(C)C,5.6161585,1
CCCCC/C=C\C/C=C\CCCCCCCC(=O)N(CCCCCOC(=O)C(CCCCCC)CCCCCCCC)C(C(=O)NC1CCCCC1)N1CCCCC1,7.0591035,1
CCCCC/C=C\C/C=C\CCCCCCCC(=O)N(CCCCCOC(=O)C(CCCCCC)CCCCCCCC)C(C(=O)NC1CCCCC1)N1CCOCC1,4.6030655,1
CCCCC/C=C\C/C=C\CCCCCCCC(=O)N(CCCCCOC(=O)C(CCCCCC)CCCCCCCC)C(C(=O)NC1CCCCC1)c1cc(C)nn1C,,0
CCCCC/C=C\C/C=C\CCCCCCCC(=O)N(CCCCCOC(=O)C(CCCCCC)CCCCCCCC)C(C(=O)NCC(=O)OC)C1CCN(C)CC1,9.160159,1
CCCCC/C=C\C/C=C\CCCCCCCC(=O)N(CCCCCOC(=O)C(CCCCCC)CCCCCCCC)C(C(=O)NCC(=O)OC)C1CCNCC1,10.249888,1
CCCCC/C=C\C/C=C\CCCCCCCC(=O)N(CCCCCOC(=O)C(CCCCCC)CCCCCCCC)C(C(=O)NCC(=O)OC)N(C)C,5.3693733,1
CCCCC/C=C\C/C=C\CCCCCCCC(=O)N(CCCCCOC(=O)C(CCCCCC)CCCCCCCC)C(C(=O)NCC(=O)OC)N1CCCCC1,6.8954477,1
CCCCC/C=C\C/C=C\CCCCCCCC(=O)N(CCCCCOC(=O)C(CCCCCC)CCCCCCCC)C(C(=O)NCC(=O)OC)N1CCOCC1,4.3903623,1
CCCCC/C=C\C/C=C\CCCCCCCC(=O)N(CCCCCOC(=O)C(CCCCCC)CCCCCCCC)C(C(=O)NCC(=O)OC)c1cc(C)nn1C,,0
CCCCC/C=C\C/C=C\CCCCCCCC(=O)N(CCCCCOC(=O)C(CCCCCC)CCCCCCCC)C(C(=O)NCCN1CCOCC1)C1CCN(C)CC1,9.267147,2
CCCCC/C=C\C/C=C\CCCCCCCC(=O)N(CCCCCOC(=O)C(CCCCCC)CCCCCCCC)C(C(=O)NCCN1CCOCC1)C1CCNCC1,9.904354,2
CCCCC/C=C\C/C=C\CCCCCCCC(=O)N(CCCCCOC(=O)C(CCCCCC)CCCCCCCC)C(C(=O)NCCN1CCOCC1)N(C)C,6.8091,2
CCCCC/C=C\C/C=C\CCCCCCCC(=O)N(CCCCCOC(=O)C(CCCCCC)CCCCCCCC)C(C(=O)NCCN1CCOCC1)N1CCCCC1,7.3771358,2
CCCCC/C=C\C/C=C\CCCCCCCC(=O)N(CCCCCOC(=O)C(CCCCCC)CCCCCCCC)C(C(=O)NCCN1CCOCC1)N1CCOCC1,6.8625956,2
CCCCC/C=C\C/C=C\CCCCCCCC(=O)N(CCCCCOC(=O)C(CCCCCC)CCCCCCCC)C(C(=O)NCCN1CCOCC1)c1cc(C)nn1C,6.683261,2
CCCCC/C=C\C/C=C\CCCCCCCC(=O)N(CCCCCOC(=O)C(CCCCCC)CCCCCCCC)C(CC1CCCN1CC)C(=O)NC(C)(C)C,10.099524,1
CCCCC/C=C\C/C=C\CCCCCCCC(=O)N(CCCCCOC(=O)C(CCCCCC)CCCCCCCC)C(CC1CCCN1CC)C(=O)NC(C)(C)CC(C)(C)C,10.065112,1
CCCCC/C=C\C/C=C\CCCCCCCC(=O)N(CCCCCOC(=O)C(CCCCCC)CCCCCCCC)C(CC1CCCN1CC)C(=O)NC12C[C@H]3C[C@@H](C1)C[C@@H](C2)C3,10.125154,1
CCCCC/C=C\C/C=C\CCCCCCCC(=O)N(CCCCCOC(=O)C(CCCCCC)CCCCCCCC)C(CC1CCCN1CC)C(=O)NC1CCCCC1,10.145862,1
CCCCC/C=C\C/C=C\CCCCCCCC(=O)N(CCCCCOC(=O)C(CCCCCC)CCCCCCCC)C(CC1CCCN1CC)C(=O)NCC(=O)OC,10.030908,1
CCCCC/C=C\C/C=C\CCCCCCCC(=O)N(CCCCCOC(=O)C(CCCCCC)CCCCCCCC)C(CC1CCCN1CC)C(=O)NCCN1CCOCC1,10.193756,2
CCCCC/C=C\C/C=C\CCCCCCCC(=O)N(CCCCCOC(=O)C(CCCCCC)CCCCCCCC)C(CCCN(C)C)C(=O)NC(C)(C)C,9.728794,1
CCCCC/C=C\C/C=C\CCCCCCCC(=O)N(CCCCCOC(=O)C(CCCCCC)CCCCCCCC)C(CCCN(C)C)C(=O)NC(C)(C)CC(C)(C)C,9.736938,1
CCCCC/C=C\C/C=C\CCCCCCCC(=O)N(CCCCCOC(=O)C(CCCCCC)CCCCCCCC)C(CCCN(C)C)C(=O)NC12C[C@H]3C[C@@H](C1)C[C@@H](C2)C3,9.775511,1
CCCCC/C=C\C/C=C\CCCCCCCC(=O)N(CCCCCOC(=O)C(CCCCCC)CCCCCCCC)C(CCCN(C)C)C(=O)NC1CCCCC1,9.724385,1
CCCCC/C=C\C/C=C\CCCCCCCC(=O)N(CCCCCOC(=O)C(CCCCCC)CCCCCCCC)C(CCCN(C)C)C(=O)NCC(=O)OC,9.689815,1
CCCCC/C=C\C/C=C\CCCCCCCC(=O)N(CCCCCOC(=O)C(CCCCCC)CCCCCCCC)C(CCCN(C)C)C(=O)NCCN1CCOCC1,9.419555,2
CCCCC/C=C\C/C=C\CCCCCCCC(=O)N(CCCCCOC(=O)C(CCCCCC)CCCCCCCC)C(CCCN(C)CCCN)C(=O)NC(C)(C)C,10.4485,2
CCCCC/C=C\C/C=C\CCCCCCCC(=O)N(CCCCCOC(=O)C(CCCCCC)CCCCCCCC)C(CCCN(C)CCCN)C(=O)NC(C)(C)CC(C)(C)C,10.447333,2
CCCCC/C=C\C/C=C\CCCCCCCC(=O)N(CCCCCOC(=O)C(CCCCCC)CCCCCCCC)C(CCCN(C)CCCN)C(=O)NC12C[C@H]3C[C@@H](C1)C[C@@H](C2)C3,10.442153,2
CCCCC/C=C\C/C=C\CCCCCCCC(=O)N(CCCCCOC(=O)C(CCCCCC)CCCCCCCC)C(CCCN(C)CCCN)C(=O)NC1CCCCC1,10.453523,2
CCCCC/C=C\C/C=C\CCCCCCCC(=O)N(CCCCCOC(=O)C(CCCCCC)CCCCCCCC)C(CCCN(C)CCCN)C(=O)NCC(=O)OC,10.459498,2
CCCCC/C=C\C/C=C\CCCCCCCC(=O)N(CCCCCOC(=O)C(CCCCCC)CCCCCCCC)C(CCCN(C)CCCN)C(=O)NCCN1CCOCC1,10.326725,3
CCCCC/C=C\C/C=C\CCCCCCCC(=O)N(CCCCCOC(=O)C(CCCCCC)CCCCCCCC)C(CCCN(CC)CC)C(=O)NC(C)(C)C,10.299163,1
CCCCC/C=C\C/C=C\CCCCCCCC(=O)N(CCCCCOC(=O)C(CCCCCC)CCCCCCCC)C(CCCN(CC)CC)C(=O)NC(C)(C)CC(C)(C)C,10.281628,1
CCCCC/C=C\C/C=C\CCCCCCCC(=O)N(CCCCCOC(=O)C(CCCCCC)CCCCCCCC)C(CCCN(CC)CC)C(=O)NC12C[C@H]3C[C@@H](C1)C[C@@H](C2)C3,10.32798,1
CCCCC/C=C\C/C=C\CCCCCCCC(=O)N(CCCCCOC(=O)C(CCCCCC)CCCCCCCC)C(CCCN(CC)CC)C(=O)NC1CCCCC1,10.293644,1
CCCCC/C=C\C/C=C\CCCCCCCC(=O)N(CCCCCOC(=O)C(CCCCCC)CCCCCCCC)C(CCCN(CC)CC)C(=O)NCC(=O)OC,10.237408,1
CCCCC/C=C\C/C=C\CCCCCCCC(=O)N(CCCCCOC(=O)C(CCCCCC)CCCCCCCC)C(CCCN(CC)CC)C(=O)NCCN1CCOCC1,9.589855,2
CCCCC/C=C\C/C=C\CCCCCCCC(=O)N(CCCCCOC(=O)C(CCCCCC)CCCCCCCC)C(CCCN(CCCC)CCCC)C(=O)NC(C)(C)C,9.909329,1
CCCCC/C=C\C/C=C\CCCCCCCC(=O)N(CCCCCOC(=O)C(CCCCCC)CCCCCCCC)C(CCCN(CCCC)CCCC)C(=O)NC(C)(C)CC(C)(C)C,9.88607,1
CCCCC/C=C\C/C=C\CCCCCCCC(=O)N(CCCCCOC(=O)C(CCCCCC)CCCCCCCC)C(CCCN(CCCC)CCCC)C(=O)NC12C[C@H]3C[C@@H](C1)C[C@@H](C2)C3,9.91798,1
CCCCC/C=C\C/C=C\CCCCCCCC(=O)N(CCCCCOC(=O)C(CCCCCC)CCCCCCCC)C(CCCN(CCCC)CCCC)C(=O)NC1CCCCC1,9.915471,1
CCCCC/C=C\C/C=C\CCCCCCCC(=O)N(CCCCCOC(=O)C(CCCCCC)CCCCCCCC)C(CCCN(CCCC)CCCC)C(=O)NCC(=O)OC,9.887666,1
CCCCC/C=C\C/C=C\CCCCCCCC(=O)N(CCCCCOC(=O)C(CCCCCC)CCCCCCCC)C(CCCN(CCCC)CCCC)C(=O)NCCN1CCOCC1,9.853998,2
CCCCC/C=C\C/C=C\CCCCCCCC(=O)N(CCCCCOC(=O)C(CCCCCC)CCCCCCCC)C(CCCN1CCCC1)C(=O)NC(C)(C)C,10.476953,1
CCCCC/C=C\C/C=C\CCCCCCCC(=O)N(CCCCCOC(=O)C(CCCCCC)CCCCCCCC)C(CCCN1CCCC1)C(=O)NC(C)(C)CC(C)(C)C,10.456342,1
CCCCC/C=C\C/C=C\CCCCCCCC(=O)N(CCCCCOC(=O)C(CCCCCC)CCCCCCCC)C(CCCN1CCCC1)C(=O)NC12C[C@H]3C[C@@H](C1)C[C@@H](C2)C3,10.500046,1
CCCCC/C=C\C/C=C\CCCCCCCC(=O)N(CCCCCOC(=O)C(CCCCCC)CCCCCCCC)C(CCCN1CCCC1)C(=O)NC1CCCCC1,10.495698,1
CCCCC/C=C\C/C=C\CCCCCCCC(=O)N(CCCCCOC(=O)C(CCCCCC)CCCCCCCC)C(CCCN1CCCC1)C(=O)NCC(=O)OC,10.437382,1
CCCCC/C=C\C/C=C\CCCCCCCC(=O)N(CCCCCOC(=O)C(CCCCCC)CCCCCCCC)C(CCCN1CCCC1)C(=O)NCCN1CCOCC1,10.356539,2
CCCCC/C=C\C/C=C\CCCCCCCC(=O)N(CCCCCOC(=O)C(CCCCCC)CCCCCCCC)C(CCCN1CCOCC1)C(=O)NC(C)(C)C,7.534909,1
CCCCC/C=C\C/C=C\CCCCCCCC(=O)N(CCCCCOC(=O)C(CCCCCC)CCCCCCCC)C(CCCN1CCOCC1)C(=O)NC(C)(C)CC(C)(C)C,7.505034,1
CCCCC/C=C\C/C=C\CCCCCCCC(=O)N(CCCCCOC(=O)C(CCCCCC)CCCCCCCC)C(CCCN1CCOCC1)C(=O)NC12C[C@H]3C[C@@H](C1)C[C@@H](C2)C3,7.5343304,1
CCCCC/C=C\C/C=C\CCCCCCCC(=O)N(CCCCCOC(=O)C(CCCCCC)CCCCCCCC)C(CCCN1CCOCC1)C(=O)NC1CCCCC1,7.5358553,1
CCCCC/C=C\C/C=C\CCCCCCCC(=O)N(CCCCCOC(=O)C(CCCCCC)CCCCCCCC)C(CCCN1CCOCC1)C(=O)NCC(=O)OC,7.5067167,1
CCCCC/C=C\C/C=C\CCCCCCCC(=O)N(CCCCCOC(=O)C(CCCCCC)CCCCCCCC)C(CCCN1CCOCC1)C(=O)NCCN1CCOCC1,7.711083,2
CCCCC/C=C\C/C=C\CCCCCCCC(=O)N(CCCCCOC(=O)C(CCCCCC)CCCCCCCC)C(CCN(C(C)C)C(C)C)C(=O)NC(C)(C)C,10.13781,1
CCCCC/C=C\C/C=C\CCCCCCCC(=O)N(CCCCCOC(=O)C(CCCCCC)CCCCCCCC)C(CCN(C(C)C)C(C)C)C(=O)NC(C)(C)CC(C)(C)C,10.076173,1
CCCCC/C=C\C/C=C\CCCCCCCC(=O)N(CCCCCOC(=O)C(CCCCCC)CCCCCCCC)C(CCN(C(C)C)C(C)C)C(=O)NC12C[C@H]3C[C@@H](C1)C[C@@H](C2)C3,10.247532,1
CCCCC/C=C\C/C=C\CCCCCCCC(=O)N(CCCCCOC(=O)C(CCCCCC)CCCCCCCC)C(CCN(C(C)C)C(C)C)C(=O)NC1CCCCC1,10.187602,1
CCCCC/C=C\C/C=C\CCCCCCCC(=O)N(CCCCCOC(=O)C(CCCCCC)CCCCCCCC)C(CCN(C(C)C)C(C)C)C(=O)NCC(=O)OC,10.072279,1
CCCCC/C=C\C/C=C\CCCCCCCC(=O)N(CCCCCOC(=O)C(CCCCCC)CCCCCCCC)C(CCN(C(C)C)C(C)C)C(=O)NCCN1CCOCC1,9.618761,2
CCCCC/C=C\C/C=C\CCCCCCCC(=O)N(CCCCCOC(=O)C(CCCCCC)CCCCCCCC)C(CCN(C)C)C(=O)NC(C)(C)C,9.108409,1
CCCCC/C=C\C/C=C\CCCCCCCC(=O)N(CCCCCOC(=O)C(CCCCCC)CCCCCCCC)C(CCN(C)C)C(=O)NC(C)(C)CC(C)(C)C,9.08416,1
CCCCC/C=C\C/C=C\CCCCCCCC(=O)N(CCCCCOC(=O)C(CCCCCC)CCCCCCCC)C(CCN(C)C)C(=O)NC12C[C@H]3C[C@@H](C1)C[C@@H](C2)C3,9.231982,1
CCCCC/C=C\C/C=C\CCCCCCCC(=O)N(CCCCCOC(=O)C(CCCCCC)CCCCCCCC)C(CCN(C)C)C(=O)NC1CCCCC1,9.146683,1
CCCCC/C=C\C/C=C\CCCCCCCC(=O)N(CCCCCOC(=O)C(CCCCCC)CCCCCCCC)C(CCN(C)C)C(=O)NCC(=O)OC,9.074704,1
CCCCC/C=C\C/C=C\CCCCCCCC(=O)N(CCCCCOC(=O)C(CCCCCC)CCCCCCCC)C(CCN(C)C)C(=O)NCCN1CCOCC1,9.192609,2
CCCCC/C=C\C/C=C\CCCCCCCC(=O)N(CCCCCOC(=O)C(CCCCCC)CCCCCCCC)C(CCN(CC)CC)C(=O)NC(C)(C)C,9.716561,1
CCCCC/C=C\C/C=C\CCCCCCCC(=O)N(CCCCCOC(=O)C(CCCCCC)CCCCCCCC)C(CCN(CC)CC)C(=O)NC(C)(C)CC(C)(C)C,9.673497,1
CCCCC/C=C\C/C=C\CCCCCCCC(=O)N(CCCCCOC(=O)C(CCCCCC)CCCCCCCC)C(CCN(CC)CC)C(=O)NC12C[C@H]3C[C@@H](C1)C[C@@H](C2)C3,9.837772,1
CCCCC/C=C\C/C=C\CCCCCCCC(=O)N(CCCCCOC(=O)C(CCCCCC)CCCCCCCC)C(CCN(CC)CC)C(=O)NC1CCCCC1,9.7574415,1
CCCCC/C=C\C/C=C\CCCCCCCC(=O)N(CCCCCOC(=O)C(CCCCCC)CCCCCCCC)C(CCN(CC)CC)C(=O)NCC(=O)OC,9.677503,1
CCCCC/C=C\C/C=C\CCCCCCCC(=O)N(CCCCCOC(=O)C(CCCCCC)CCCCCCCC)C(CCN(CC)CC)C(=O)NCCN1CCOCC1,9.484273,2
CCCCC/C=C\C/C=C\CCCCCCCC(=O)N(CCCCCOC(=O)C(CCCCCC)CCCCCCCC)C(CCN(CCN)CCN)C(=O)NC(C)(C)C,9.858865,3
CCCCC/C=C\C/C=C\CCCCCCCC(=O)N(CCCCCOC(=O)C(CCCCCC)CCCCCCCC)C(CCN(CCN)CCN)C(=O)NC(C)(C)CC(C)(C)C,9.85018,3
CCCCC/C=C\C/C=C\CCCCCCCC(=O)N(CCCCCOC(=O)C(CCCCCC)CCCCCCCC)C(CCN(CCN)CCN)C(=O)NC12C[C@H]3C[C@@H](C1)C[C@@H](C2)C3,9.858368,3
CCCCC/C=C\C/C=C\CCCCCCCC(=O)N(CCCCCOC(=O)C(CCCCCC)CCCCCCCC)C(CCN(CCN)CCN)C(=O)NC1CCCCC1,9.873075,3
CCCCC/C=C\C/C=C\CCCCCCCC(=O)N(CCCCCOC(=O)C(CCCCCC)CCCCCCCC)C(CCN(CCN)CCN)C(=O)NCC(=O)OC,9.844273,3
CCCCC/C=C\C/C=C\CCCCCCCC(=O)N(CCCCCOC(=O)C(CCCCCC)CCCCCCCC)C(CCN(CCN)CCN)C(=O)NCCN1CCOCC1,9.788521,4
CCCCC/C=C\C/C=C\CCCCCCCC(=O)N(CCCCCOC(=O)C(CCCCCC)CCCCCCCC)C(CCN1CCCC1)C(=O)NC(C)(C)C,9.902972,1
CCCCC/C=C\C/C=C\CCCCCCCC(=O)N(CCCCCOC(=O)C(CCCCCC)CCCCCCCC)C(CCN1CCCC1)C(=O)NC(C)(C)CC(C)(C)C,9.874997,1
CCCCC/C=C\C/C=C\CCCCCCCC(=O)N(CCCCCOC(=O)C(CCCCCC)CCCCCCCC)C(CCN1CCCC1)C(=O)NC12C[C@H]3C[C@@H](C1)C[C@@H](C2)C3,9.947637,1
CCCCC/C=C\C/C=C\CCCCCCCC(=O)N(CCCCCOC(=O)C(CCCCCC)CCCCCCCC)C(CCN1CCCC1)C(=O)NC1CCCCC1,9.9448595,1
CCCCC/C=C\C/C=C\CCCCCCCC(=O)N(CCCCCOC(=O)C(CCCCCC)CCCCCCCC)C(CCN1CCCC1)C(=O)NCC(=O)OC,9.850978,1
CCCCC/C=C\C/C=C\CCCCCCCC(=O)N(CCCCCOC(=O)C(CCCCCC)CCCCCCCC)C(CCN1CCCC1)C(=O)NCCN1CCOCC1,10.145127,2
CCCCC/C=C\C/C=C\CCCCCCCC(=O)N(CCCCCOC(=O)C(CCCCCC)CCCCCCCC)C(CCN1CCCCC1)C(=O)NC(C)(C)C,9.276618,1
CCCCC/C=C\C/C=C\CCCCCCCC(=O)N(CCCCCOC(=O)C(CCCCCC)CCCCCCCC)C(CCN1CCCCC1)C(=O)NC(C)(C)CC(C)(C)C,9.248242,1
CCCCC/C=C\C/C=C\CCCCCCCC(=O)N(CCCCCOC(=O)C(CCCCCC)CCCCCCCC)C(CCN1CCCCC1)C(=O)NC12C[C@H]3C[C@@H](C1)C[C@@H](C2)C3,9.296229,1
CCCCC/C=C\C/C=C\CCCCCCCC(=O)N(CCCCCOC(=O)C(CCCCCC)CCCCCCCC)C(CCN1CCCCC1)C(=O)NC1CCCCC1,9.3026905,1
CCCCC/C=C\C/C=C\CCCCCCCC(=O)N(CCCCCOC(=O)C(CCCCCC)CCCCCCCC)C(CCN1CCCCC1)C(=O)NCC(=O)OC,9.239204,1
CCCCC/C=C\C/C=C\CCCCCCCC(=O)N(CCCCCOC(=O)C(CCCCCC)CCCCCCCC)C(CCN1CCCCC1)C(=O)NCCN1CCOCC1,9.430853,2
CCCCC/C=C\C/C=C\CCCCCCCC(=O)N(CCCCCOC(=O)C(CCCCCC)CCCCCCCC)C(CCN1CCNCC1)C(=O)NC(C)(C)C,9.250334,2
CCCCC/C=C\C/C=C\CCCCCCCC(=O)N(CCCCCOC(=O)C(CCCCCC)CCCCCCCC)C(CCN1CCNCC1)C(=O)NC(C)(C)CC(C)(C)C,9.237502,2
CCCCC/C=C\C/C=C\CCCCCCCC(=O)N(CCCCCOC(=O)C(CCCCCC)CCCCCCCC)C(CCN1CCNCC1)C(=O)NC12C[C@H]3C[C@@H](C1)C[C@@H](C2)C3,9.245322,2
CCCCC/C=C\C/C=C\CCCCCCCC(=O)N(CCCCCOC(=O)C(CCCCCC)CCCCCCCC)C(CCN1CCNCC1)C(=O)NC1CCCCC1,9.267503,2
CCCCC/C=C\C/C=C\CCCCCCCC(=O)N(CCCCCOC(=O)C(CCCCCC)CCCCCCCC)C(CCN1CCNCC1)C(=O)NCC(=O)OC,9.232351,2
CCCCC/C=C\C/C=C\CCCCCCCC(=O)N(CCCCCOC(=O)C(CCCCCC)CCCCCCCC)C(CCN1CCNCC1)C(=O)NCCN1CCOCC1,9.305899,3
CCCCC/C=C\C/C=C\CCCCCCCC(=O)N(CCCCCOC(=O)CCCCCCCCCCC)C(C(=O)NC(C)(C)C)C1CCN(C)CC1,9.194039,1
CCCCC/C=C\C/C=C\CCCCCCCC(=O)N(CCCCCOC(=O)CCCCCCCCCCC)C(C(=O)NC(C)(C)C)C1CCNCC1,10.288617,1
CCCCC/C=C\C/C=C\CCCCCCCC(=O)N(CCCCCOC(=O)CCCCCCCCCCC)C(C(=O)NC(C)(C)C)N(C)C,5.5946116,1
CCCCC/C=C\C/C=C\CCCCCCCC(=O)N(CCCCCOC(=O)CCCCCCCCCCC)C(C(=O)NC(C)(C)C)N1CCCCC1,6.9719973,1
CCCCC/C=C\C/C=C\CCCCCCCC(=O)N(CCCCCOC(=O)CCCCCCCCCCC)C(C(=O)NC(C)(C)C)N1CCOCC1,4.6112037,1
CCCCC/C=C\C/C=C\CCCCCCCC(=O)N(CCCCCOC(=O)CCCCCCCCCCC)C(C(=O)NC(C)(C)C)c1cc(C)nn1C,,0
CCCCC/C=C\C/C=C\CCCCCCCC(=O)N(CCCCCOC(=O)CCCCCCCCCCC)C(C(=O)NC(C)(C)CC(C)(C)C)C1CCN(C)CC1,9.173551,1
CCCCC/C=C\C/C=C\CCCCCCCC(=O)N(CCCCCOC(=O)CCCCCCCCCCC)C(C(=O)NC(C)(C)CC(C)(C)C)C1CCNCC1,10.252264,1
CCCCC/C=C\C/C=C\CCCCCCCC(=O)N(CCCCCOC(=O)CCCCCCCCCCC)C(C(=O)NC(C)(C)CC(C)(C)C)N(C)C,5.6176076,1
CCCCC/C=C\C/C=C\CCCCCCCC(=O)N(CCCCCOC(=O)CCCCCCCCCCC)C(C(=O)NC(C)(C)CC(C)(C)C)N1CCCCC1,6.9760084,1
CCCCC/C=C\C/C=C\CCCCCCCC(=O)N(CCCCCOC(=O)CCCCCCCCCCC)C(C(=O)NC(C)(C)CC(C)(C)C)N1CCOCC1,4.618555,1
CCCCC/C=C\C/C=C\CCCCCCCC(=O)N(CCCCCOC(=O)CCCCCCCCCCC)C(C(=O)NC(C)(C)CC(C)(C)C)c1cc(C)nn1C,,0
CCCCC/C=C\C/C=C\CCCCCCCC(=O)N(CCCCCOC(=O)CCCCCCCCCCC)C(C(=O)NC12C[C@H]3C[C@@H](C1)C[C@@H](C2)C3)C1CCN(C)CC1,9.200888,1
CCCCC/C=C\C/C=C\CCCCCCCC(=O)N(CCCCCOC(=O)CCCCCCCCCCC)C(C(=O)NC12C[C@H]3C[C@@H](C1)C[C@@H](C2)C3)C1CCNCC1,10.308793,1
CCCCC/C=C\C/C=C\CCCCCCCC(=O)N(CCCCCOC(=O)CCCCCCCCCCC)C(C(=O)NC12C[C@H]3C[C@@H](C1)C[C@@H](C2)C3)N(C)C,5.640832,1
CCCCC/C=C\C/C=C\CCCCCCCC(=O)N(CCCCCOC(=O)CCCCCCCCCCC)C(C(=O)NC12C[C@H]3C[C@@H](C1)C[C@@H](C2)C3)N1CCCCC1,6.8620596,1
CCCCC/C=C\C/C=C\CCCCCCCC(=O)N(CCCCCOC(=O)CCCCCCCCCCC)C(C(=O)NC12C[C@H]3C[C@@H](C1)C[C@@H](C2)C3)N1CCOCC1,4.6176705,1
CCCCC/C=C\C/C=C\CCCCCCCC(=O)N(CCCCCOC(=O)CCCCCCCCCCC)C(C(=O)NC12C[C@H]3C[C@@H](C1)C[C@@H](C2)C3)c1cc(C)nn1C,,0
CCCCC/C=C\C/C=C\CCCCCCCC(=O)N(CCCCCOC(=O)CCCCCCCCCCC)C(C(=O)NC1CCCCC1)C1CCN(C)CC1,9.209704,1
CCCCC/C=C\C/C=C\CCCCCCCC(=O)N(CCCCCOC(=O)CCCCCCCCCCC)C(C(=O)NC1CCCCC1)C1CCNCC1,10.306332,1
CCCCC/C=C\C/C=C\CCCCCCCC(=O)N(CCCCCOC(=O)CCCCCCCCCCC)C(C(=O)NC1CCCCC1)N(C)C,5.6127577,1
CCCCC/C=C\C/C=C\CCCCCCCC(=O)N(CCCCCOC(=O)CCCCCCCCCCC)C(C(=O)NC1CCCCC1)N1CCCCC1,7.0485244,1
CCCCC/C=C\C/C=C\CCCCCCCC(=O)N(CCCCCOC(=O)CCCCCCCCCCC)C(C(=O)NC1CCCCC1)N1CCOCC1,4.596674,1
CCCCC/C=C\C/C=C\CCCCCCCC(=O)N(CCCCCOC(=O)CCCCCCCCCCC)C(C(=O)NC1CCCCC1)c1cc(C)nn1C,,0
CCCCC/C=C\C/C=C\CCCCCCCC(=O)N(CCCCCOC(=O)CCCCCCCCCCC)C(C(=O)NCC(=O)OC)C1CCN(C)CC1,9.145714,1
CCCCC/C=C\C/C=C\CCCCCCCC(=O)N(CCCCCOC(=O)CCCCCCCCCCC)C(C(=O)NCC(=O)OC)C1CCNCC1,10.225824,1
CCCCC/C=C\C/C=C\CCCCCCCC(=O)N(CCCCCOC(=O)CCCCCCCCCCC)C(C(=O)NCC(=O)OC)N(C)C,5.3647,1
CCCCC/C=C\C/C=C\CCCCCCCC(=O)N(CCCCCOC(=O)CCCCCCCCCCC)C(C(=O)NCC(=O)OC)N1CCCCC1,6.8900385,1
CCCCC/C=C\C/C=C\CCCCCCCC(=O)N(CCCCCOC(=O)CCCCCCCCCCC)C(C(=O)NCC(=O)OC)N1CCOCC1,4.3818226,1
CCCCC/C=C\C/C=C\CCCCCCCC(=O)N(CCCCCOC(=O)CCCCCCCCCCC)C(C(=O)NCC(=O)OC)c1cc(C)nn1C,,0
CCCCC/C=C\C/C=C\CCCCCCCC(=O)N(CCCCCOC(=O)CCCCCCCCCCC)C(C(=O)NCCN1CCOCC1)C1CCN(C)CC1,9.2679825,2
CCCCC/C=C\C/C=C\CCCCCCCC(=O)N(CCCCCOC(=O)CCCCCCCCCCC)C(C(=O)NCCN1CCOCC1)C1CCNCC1,9.896866,2
CCCCC/C=C\C/C=C\CCCCCCCC(=O)N(CCCCCOC(=O)CCCCCCCCCCC)C(C(=O)NCCN1CCOCC1)N(C)C,6.792093,2
CCCCC/C=C\C/C=C\CCCCCCCC(=O)N(CCCCCOC(=O)CCCCCCCCCCC)C(C(=O)NCCN1CCOCC1)N1CCCCC1,7.373608,2
CCCCC/C=C\C/C=C\CCCCCCCC(=O)N(CCCCCOC(=O)CCCCCCCCCCC)C(C(=O)NCCN1CCOCC1)N1CCOCC1,6.845642,2
CCCCC/C=C\C/C=C\CCCCCCCC(=O)N(CCCCCOC(=O)CCCCCCCCCCC)C(C(=O)NCCN1CCOCC1)c1cc(C)nn1C,6.673012,2
CCCCC/C=C\C/C=C\CCCCCCCC(=O)N(CCCCCOC(=O)CCCCCCCCCCC)C(CC1CCCN1CC)C(=O)NC(C)(C)C,10.086143,1
CCCCC/C=C\C/C=C\CCCCCCCC(=O)N(CCCCCOC(=O)CCCCCCCCCCC)C(CC1CCCN1CC)C(=O)NC(C)(C)CC(C)(C)C,10.051543,1
CCCCC/C=C\C/C=C\CCCCCCCC(=O)N(CCCCCOC(=O)CCCCCCCCCCC)C(CC1CCCN1CC)C(=O)NC12C[C@H]3C[C@@H](C1)C[C@@H](C2)C3,10.110296,1
CCCCC/C=C\C/C=C\CCCCCCCC(=O)N(CCCCCOC(=O)CCCCCCCCCCC)C(CC1CCCN1CC)C(=O)NC1CCCCC1,10.13302,1
CCCCC/C=C\C/C=C\CCCCCCCC(=O)N(CCCCCOC(=O)CCCCCCCCCCC)C(CC1CCCN1CC)C(=O)NCC(=O)OC,10.017193,1
CCCCC/C=C\C/C=C\CCCCCCCC(=O)N(CCCCCOC(=O)CCCCCCCCCCC)C(CC1CCCN1CC)C(=O)NCCN1CCOCC1,10.187729,2
CCCCC/C=C\C/C=C\CCCCCCCC(=O)N(CCCCCOC(=O)CCCCCCCCCCC)C(CCCN(C)C)C(=O)NC(C)(C)C,9.697462,1
CCCCC/C=C\C/C=C\CCCCCCCC(=O)N(CCCCCOC(=O)CCCCCCCCCCC)C(CCCN(C)C)C(=O)NC(C)(C)CC(C)(C)C,9.691936,1
CCCCC/C=C\C/C=C\CCCCCCCC(=O)N(CCCCCOC(=O)CCCCCCCCCCC)C(CCCN(C)C)C(=O)NC12C[C@H]3C[C@@H](C1)C[C@@H](C2)C3,9.732966,1
CCCCC/C=C\C/C=C\CCCCCCCC(=O)N(CCCCCOC(=O)CCCCCCCCCCC)C(CCCN(C)C)C(=O)NC1CCCCC1,9.690851,1
CCCCC/C=C\C/C=C\CCCCCCCC(=O)N(CCCCCOC(=O)CCCCCCCCCCC)C(CCCN(C)C)C(=O)NCC(=O)OC,9.659073,1
CCCCC/C=C\C/C=C\CCCCCCCC(=O)N(CCCCCOC(=O)CCCCCCCCCCC)C(CCCN(C)C)C(=O)NCCN1CCOCC1,9.41379,2
CCCCC/C=C\C/C=C\CCCCCCCC(=O)N(CCCCCOC(=O)CCCCCCCCCCC)C(CCCN(C)CCCN)C(=O)NC(C)(C)C,10.448419,2
CCCCC/C=C\C/C=C\CCCCCCCC(=O)N(CCCCCOC(=O)CCCCCCCCCCC)C(CCCN(C)CCCN)C(=O)NC(C)(C)CC(C)(C)C,10.447249,2
CCCCC/C=C\C/C=C\CCCCCCCC(=O)N(CCCCCOC(=O)CCCCCCCCCCC)C(CCCN(C)CCCN)C(=O)NC12C[C@H]3C[C@@H](C1)C[C@@H](C2)C3,10.442048,2
CCCCC/C=C\C/C=C\CCCCCCCC(=O)N(CCCCCOC(=O)CCCCCCCCCCC)C(CCCN(C)CCCN)C(=O)NC1CCCCC1,10.453457,2
CCCCC/C=C\C/C=C\CCCCCCCC(=O)N(CCCCCOC(=O)CCCCCCCCCCC)C(CCCN(C)CCCN)C(=O)NCC(=O)OC,10.459455,2
CCCCC/C=C\C/C=C\CCCCCCCC(=O)N(CCCCCOC(=O)CCCCCCCCCCC)C(CCCN(C)CCCN)C(=O)NCCN1CCOCC1,10.322635,3
CCCCC/C=C\C/C=C\CCCCCCCC(=O)N(CCCCCOC(=O)CCCCCCCCCCC)C(CCCN(CC)CC)C(=O)NC(C)(C)C,10.2556925,1
CCCCC/C=C\C/C=C\CCCCCCCC(=O)N(CCCCCOC(=O)CCCCCCCCCCC)C(CCCN(CC)CC)C(=O)NC(C)(C)CC(C)(C)C,10.239919,1
CCCCC/C=C\C/C=C\CCCCCCCC(=O)N(CCCCCOC(=O)CCCCCCCCCCC)C(CCCN(CC)CC)C(=O)NC12C[C@H]3C[C@@H](C1)C[C@@H](C2)C3,10.28813,1
CCCCC/C=C\C/C=C\CCCCCCCC(=O)N(CCCCCOC(=O)CCCCCCCCCCC)C(CCCN(CC)CC)C(=O)NC1CCCCC1,10.246624,1
CCCCC/C=C\C/C=C\CCCCCCCC(=O)N(CCCCCOC(=O)CCCCCCCCCCC)C(CCCN(CC)CC)C(=O)NCC(=O)OC,10.192241,1
CCCCC/C=C\C/C=C\CCCCCCCC(=O)N(CCCCCOC(=O)CCCCCCCCCCC)C(CCCN(CC)CC)C(=O)NCCN1CCOCC1,9.584173,2
CCCCC/C=C\C/C=C\CCCCCCCC(=O)N(CCCCCOC(=O)CCCCCCCCCCC)C(CCCN(CCCC)CCCC)C(=O)NC(C)(C)C,9.910436,1
CCCCC/C=C\C/C=C\CCCCCCCC(=O)N(CCCCCOC(=O)CCCCCCCCCCC)C(CCCN(CCCC)CCCC)C(=O)NC(C)(C)CC(C)(C)C,9.880774,1
CCCCC/C=C\C/C=C\CCCCCCCC(=O)N(CCCCCOC(=O)CCCCCCCCCCC)C(CCCN(CCCC)CCCC)C(=O)NC12C[C@H]3C[C@@H](C1)C[C@@H](C2)C3,9.914917,1
CCCCC/C=C\C/C=C\CCCCCCCC(=O)N(CCCCCOC(=O)CCCCCCCCCCC)C(CCCN(CCCC)CCCC)C(=O)NC1CCCCC1,9.916649,1
CCCCC/C=C\C/C=C\CCCCCCCC(=O)N(CCCCCOC(=O)CCCCCCCCCCC)C(CCCN(CCCC)CCCC)C(=O)NCC(=O)OC,9.888512,1
CCCCC/C=C\C/C=C\CCCCCCCC(=O)N(CCCCCOC(=O)CCCCCCCCCCC)C(CCCN(CCCC)CCCC)C(=O)NCCN1CCOCC1,9.851614,2
CCCCC/C=C\C/C=C\CCCCCCCC(=O)N(CCCCCOC(=O)CCCCCCCCCCC)C(CCCN1CCCC1)C(=O)NC(C)(C)C,10.472255,1
CCCCC/C=C\C/C=C\CCCCCCCC(=O)N(CCCCCOC(=O)CCCCCCCCCCC)C(CCCN1CCCC1)C(=O)NC(C)(C)CC(C)(C)C,10.447406,1
CCCCC/C=C\C/C=C\CCCCCCCC(=O)N(CCCCCOC(=O)CCCCCCCCCCC)C(CCCN1CCCC1)C(=O)NC12C[C@H]3C[C@@H](C1)C[C@@H](C2)C3,10.496497,1
CCCCC/C=C\C/C=C\CCCCCCCC(=O)N(CCCCCOC(=O)CCCCCCCCCCC)C(CCCN1CCCC1)C(=O)NC1CCCCC1,10.492019,1
CCCCC/C=C\C/C=C\CCCCCCCC(=O)N(CCCCCOC(=O)CCCCCCCCCCC)C(CCCN1CCCC1)C(=O)NCC(=O)OC,10.433242,1
CCCCC/C=C\C/C=C\CCCCCCCC(=O)N(CCCCCOC(=O)CCCCCCCCCCC)C(CCCN1CCCC1)C(=O)NCCN1CCOCC1,10.351953,2
CCCCC/C=C\C/C=C\CCCCCCCC(=O)N(CCCCCOC(=O)CCCCCCCCCCC)C(CCCN1CCOCC1)C(=O)NC(C)(C)C,7.522197,1
CCCCC/C=C\C/C=C\CCCCCCCC(=O)N(CCCCCOC(=O)CCCCCCCCCCC)C(CCCN1CCOCC1)C(=O)NC(C)(C)CC(C)(C)C,7.4920235,1
CCCCC/C=C\C/C=C\CCCCCCCC(=O)N(CCCCCOC(=O)CCCCCCCCCCC)C(CCCN1CCOCC1)C(=O)NC12C[C@H]3C[C@@H](C1)C[C@@H](C2)C3,7.5216722,1
CCCCC/C=C\C/C=C\CCCCCCCC(=O)N(CCCCCOC(=O)CCCCCCCCCCC)C(CCCN1CCOCC1)C(=O)NC1CCCCC1,7.523108,1
CCCCC/C=C\C/C=C\CCCCCCCC(=O)N(CCCCCOC(=O)CCCCCCCCCCC)C(CCCN1CCOCC1)C(=O)NCC(=O)OC,7.4937563,1
CCCCC/C=C\C/C=C\CCCCCCCC(=O)N(CCCCCOC(=O)CCCCCCCCCCC)C(CCCN1CCOCC1)C(=O)NCCN1CCOCC1,7.7047806,2
CCCCC/C=C\C/C=C\CCCCCCCC(=O)N(CCCCCOC(=O)CCCCCCCCCCC)C(CCN(C(C)C)C(C)C)C(=O)NC(C)(C)C,10.092644,1
CCCCC/C=C\C/C=C\CCCCCCCC(=O)N(CCCCCOC(=O)CCCCCCCCCCC)C(CCN(C(C)C)C(C)C)C(=O)NC(C)(C)CC(C)(C)C,10.031129,1
CCCCC/C=C\C/C=C\CCCCCCCC(=O)N(CCCCCOC(=O)CCCCCCCCCCC)C(CCN(C(C)C)C(C)C)C(=O)NC12C[C@H]3C[C@@H](C1)C[C@@H](C2)C3,10.202631,1
CCCCC/C=C\C/C=C\CCCCCCCC(=O)N(CCCCCOC(=O)CCCCCCCCCCC)C(CCN(C(C)C)C(C)C)C(=O)NC1CCCCC1,10.142941,1
CCCCC/C=C\C/C=C\CCCCCCCC(=O)N(CCCCCOC(=O)CCCCCCCCCCC)C(CCN(C(C)C)C(C)C)C(=O)NCC(=O)OC,10.03051,1
CCCCC/C=C\C/C=C\CCCCCCCC(=O)N(CCCCCOC(=O)CCCCCCCCCCC)C(CCN(C(C)C)C(C)C)C(=O)NCCN1CCOCC1,9.609553,2
CCCCC/C=C\C/C=C\CCCCCCCC(=O)N(CCCCCOC(=O)CCCCCCCCCCC)C(CCN(C)C)C(=O)NC(C)(C)C,9.076833,1
CCCCC/C=C\C/C=C\CCCCCCCC(=O)N(CCCCCOC(=O)CCCCCCCCCCC)C(CCN(C)C)C(=O)NC(C)(C)CC(C)(C)C,9.052295,1
CCCCC/C=C\C/C=C\CCCCCCCC(=O)N(CCCCCOC(=O)CCCCCCCCCCC)C(CCN(C)C)C(=O)NC12C[C@H]3C[C@@H](C1)C[C@@H](C2)C3,9.19939,1
CCCCC/C=C\C/C=C\CCCCCCCC(=O)N(CCCCCOC(=O)CCCCCCCCCCC)C(CCN(C)C)C(=O)NC1CCCCC1,9.114381,1
CCCCC/C=C\C/C=C\CCCCCCCC(=O)N(CCCCCOC(=O)CCCCCCCCCCC)C(CCN(C)C)C(=O)NCC(=O)OC,9.039613,1
CCCCC/C=C\C/C=C\CCCCCCCC(=O)N(CCCCCOC(=O)CCCCCCCCCCC)C(CCN(C)C)C(=O)NCCN1CCOCC1,9.183184,2
CCCCC/C=C\C/C=C\CCCCCCCC(=O)N(CCCCCOC(=O)CCCCCCCCCCC)C(CCN(CC)CC)C(=O)NC(C)(C)C,9.6735325,1
CCCCC/C=C\C/C=C\CCCCCCCC(=O)N(CCCCCOC(=O)CCCCCCCCCCC)C(CCN(CC)CC)C(=O)NC(C)(C)CC(C)(C)C,9.630602,1
CCCCC/C=C\C/C=C\CCCCCCCC(=O)N(CCCCCOC(=O)CCCCCCCCCCC)C(CCN(CC)CC)C(=O)NC12C[C@H]3C[C@@H](C1)C[C@@H](C2)C3,9.796651,1
CCCCC/C=C\C/C=C\CCCCCCCC(=O)N(CCCCCOC(=O)CCCCCCCCCCC)C(CCN(CC)CC)C(=O)NC1CCCCC1,9.715074,1
CCCCC/C=C\C/C=C\CCCCCCCC(=O)N(CCCCCOC(=O)CCCCCCCCCCC)C(CCN(CC)CC)C(=O)NCC(=O)OC,9.633171,1
CCCCC/C=C\C/C=C\CCCCCCCC(=O)N(CCCCCOC(=O)CCCCCCCCCCC)C(CCN(CC)CC)C(=O)NCCN1CCOCC1,9.4769125,2
CCCCC/C=C\C/C=C\CCCCCCCC(=O)N(CCCCCOC(=O)CCCCCCCCCCC)C(CCN(CCN)CCN)C(=O)NC(C)(C)C,9.860045,3
CCCCC/C=C\C/C=C\CCCCCCCC(=O)N(CCCCCOC(=O)CCCCCCCCCCC)C(CCN(CCN)CCN)C(=O)NC(C)(C)CC(C)(C)C,9.851333,3
CCCCC/C=C\C/C=C\CCCCCCCC(=O)N(CCCCCOC(=O)CCCCCCCCCCC)C(CCN(CCN)CCN)C(=O)NC12C[C@H]3C[C@@H](C1)C[C@@H](C2)C3,9.859546,3
CCCCC/C=C\C/C=C\CCCCCCCC(=O)N(CCCCCOC(=O)CCCCCCCCCCC)C(CCN(CCN)CCN)C(=O)NC1CCCCC1,9.874299,3
CCCCC/C=C\C/C=C\CCCCCCCC(=O)N(CCCCCOC(=O)CCCCCCCCCCC)C(CCN(CCN)CCN)C(=O)NCC(=O)OC,9.845411,3
CCCCC/C=C\C/C=C\CCCCCCCC(=O)N(CCCCCOC(=O)CCCCCCCCCCC)C(CCN(CCN)CCN)C(=O)NCCN1CCOCC1,9.789467,4
CCCCC/C=C\C/C=C\CCCCCCCC(=O)N(CCCCCOC(=O)CCCCCCCCCCC)C(CCN1CCCC1)C(=O)NC(C)(C)C,9.893449,1
CCCCC/C=C\C/C=C\CCCCCCCC(=O)N(CCCCCOC(=O)CCCCCCCCCCC)C(CCN1CCCC1)C(=O)NC(C)(C)CC(C)(C)C,9.865541,1
CCCCC/C=C\C/C=C\CCCCCCCC(=O)N(CCCCCOC(=O)CCCCCCCCCCC)C(CCN1CCCC1)C(=O)NC12C[C@H]3C[C@@H](C1)C[C@@H](C2)C3,9.935087,1
CCCCC/C=C\C/C=C\CCCCCCCC(=O)N(CCCCCOC(=O)CCCCCCCCCCC)C(CCN1CCCC1)C(=O)NC1CCCCC1,9.935294,1
CCCCC/C=C\C/C=C\CCCCCCCC(=O)N(CCCCCOC(=O)CCCCCCCCCCC)C(CCN1CCCC1)C(=O)NCC(=O)OC,9.840522,1
CCCCC/C=C\C/C=C\CCCCCCCC(=O)N(CCCCCOC(=O)CCCCCCCCCCC)C(CCN1CCCC1)C(=O)NCCN1CCOCC1,10.135078,2
CCCCC/C=C\C/C=C\CCCCCCCC(=O)N(CCCCCOC(=O)CCCCCCCCCCC)C(CCN1CCCCC1)C(=O)NC(C)(C)C,9.262651,1
CCCCC/C=C\C/C=C\CCCCCCCC(=O)N(CCCCCOC(=O)CCCCCCCCCCC)C(CCN1CCCCC1)C(=O)NC(C)(C)CC(C)(C)C,9.234141,1
CCCCC/C=C\C/C=C\CCCCCCCC(=O)N(CCCCCOC(=O)CCCCCCCCCCC)C(CCN1CCCCC1)C(=O)NC12C[C@H]3C[C@@H](C1)C[C@@H](C2)C3,9.282754,1
CCCCC/C=C\C/C=C\CCCCCCCC(=O)N(CCCCCOC(=O)CCCCCCCCCCC)C(CCN1CCCCC1)C(=O)NC1CCCCC1,9.288996,1
CCCCC/C=C\C/C=C\CCCCCCCC(=O)N(CCCCCOC(=O)CCCCCCCCCCC)C(CCN1CCCCC1)C(=O)NCC(=O)OC,9.224881,1
CCCCC/C=C\C/C=C\CCCCCCCC(=O)N(CCCCCOC(=O)CCCCCCCCCCC)C(CCN1CCCCC1)C(=O)NCCN1CCOCC1,9.425356,2
CCCCC/C=C\C/C=C\CCCCCCCC(=O)N(CCCCCOC(=O)CCCCCCCCCCC)C(CCN1CCNCC1)C(=O)NC(C)(C)C,9.253503,2
CCCCC/C=C\C/C=C\CCCCCCCC(=O)N(CCCCCOC(=O)CCCCCCCCCCC)C(CCN1CCNCC1)C(=O)NC(C)(C)CC(C)(C)C,9.240325,2
CCCCC/C=C\C/C=C\CCCCCCCC(=O)N(CCCCCOC(=O)CCCCCCCCCCC)C(CCN1CCNCC1)C(=O)NC12C[C@H]3C[C@@H](C1)C[C@@H](C2)C3,9.247479,2
CCCCC/C=C\C/C=C\CCCCCCCC(=O)N(CCCCCOC(=O)CCCCCCCCCCC)C(CCN1CCNCC1)C(=O)NC1CCCCC1,9.270742,2
CCCCC/C=C\C/C=C\CCCCCCCC(=O)N(CCCCCOC(=O)CCCCCCCCCCC)C(CCN1CCNCC1)C(=O)NCC(=O)OC,9.235441,2
CCCCC/C=C\C/C=C\CCCCCCCC(=O)N(CCCCCOC(=O)CCCCCCCCCCC)C(CCN1CCNCC1)C(=O)NCCN1CCOCC1,9.302002,3
CCCCCCCC/C=C\CCCCCCCC(=O)N(CCCCCCC/C=C\CCCCCCCC)C(C(=O)NC(C)(C)C)C1CCN(C)CC1,9.198652,1
CCCCCCCC/C=C\CCCCCCCC(=O)N(CCCCCCC/C=C\CCCCCCCC)C(C(=O)NC(C)(C)C)C1CCNCC1,10.295079,1
CCCCCCCC/C=C\CCCCCCCC(=O)N(CCCCCCC/C=C\CCCCCCCC)C(C(=O)NC(C)(C)C)N(C)C,5.6061993,1
CCCCCCCC/C=C\CCCCCCCC(=O)N(CCCCCCC/C=C\CCCCCCCC)C(C(=O)NC(C)(C)C)N1CCCCC1,6.9877696,1
CCCCCCCC/C=C\CCCCCCCC(=O)N(CCCCCCC/C=C\CCCCCCCC)C(C(=O)NC(C)(C)C)N1CCOCC1,4.621899,1
CCCCCCCC/C=C\CCCCCCCC(=O)N(CCCCCCC/C=C\CCCCCCCC)C(C(=O)NC(C)(C)C)c1cc(C)nn1C,,0
CCCCCCCC/C=C\CCCCCCCC(=O)N(CCCCCCC/C=C\CCCCCCCC)C(C(=O)NC(C)(C)CC(C)(C)C)C1CCN(C)CC1,9.178153,1
CCCCCCCC/C=C\CCCCCCCC(=O)N(CCCCCCC/C=C\CCCCCCCC)C(C(=O)NC(C)(C)CC(C)(C)C)C1CCNCC1,10.259942,1
CCCCCCCC/C=C\CCCCCCCC(=O)N(CCCCCCC/C=C\CCCCCCCC)C(C(=O)NC(C)(C)CC(C)(C)C)N(C)C,5.629043,1
CCCCCCCC/C=C\CCCCCCCC(=O)N(CCCCCCC/C=C\CCCCCCCC)C(C(=O)NC(C)(C)CC(C)(C)C)N1CCCCC1,6.991694,1
CCCCCCCC/C=C\CCCCCCCC(=O)N(CCCCCCC/C=C\CCCCCCCC)C(C(=O)NC(C)(C)CC(C)(C)C)N1CCOCC1,4.6290126,1
CCCCCCCC/C=C\CCCCCCCC(=O)N(CCCCCCC/C=C\CCCCCCCC)C(C(=O)NC(C)(C)CC(C)(C)C)c1cc(C)nn1C,,0
CCCCCCCC/C=C\CCCCCCCC(=O)N(CCCCCCC/C=C\CCCCCCCC)C(C(=O)NC12C[C@H]3C[C@@H](C1)C[C@@H](C2)C3)C1CCN(C)CC1,9.205345,1
CCCCCCCC/C=C\CCCCCCCC(=O)N(CCCCCCC/C=C\CCCCCCCC)C(C(=O)NC12C[C@H]3C[C@@H](C1)C[C@@H](C2)C3)C1CCNCC1,10.314914,1
CCCCCCCC/C=C\CCCCCCCC(=O)N(CCCCCCC/C=C\CCCCCCCC)C(C(=O)NC12C[C@H]3C[C@@H](C1)C[C@@H](C2)C3)N(C)C,5.650643,1
CCCCCCCC/C=C\CCCCCCCC(=O)N(CCCCCCC/C=C\CCCCCCCC)C(C(=O)NC12C[C@H]3C[C@@H](C1)C[C@@H](C2)C3)N1CCCCC1,6.874098,1
CCCCCCCC/C=C\CCCCCCCC(=O)N(CCCCCCC/C=C\CCCCCCCC)C(C(=O)NC12C[C@H]3C[C@@H](C1)C[C@@H](C2)C3)N1CCOCC1,4.627568,1
CCCCCCCC/C=C\CCCCCCCC(=O)N(CCCCCCC/C=C\CCCCCCCC)C(C(=O)NC12C[C@H]3C[C@@H](C1)C[C@@H](C2)C3)c1cc(C)nn1C,,0
CCCCCCCC/C=C\CCCCCCCC(=O)N(CCCCCCC/C=C\CCCCCCCC)C(C(=O)NC1CCCCC1)C1CCN(C)CC1,9.214238,1
CCCCCCCC/C=C\CCCCCCCC(=O)N(CCCCCCC/C=C\CCCCCCCC)C(C(=O)NC1CCCCC1)C1CCNCC1,10.312888,1
CCCCCCCC/C=C\CCCCCCCC(=O)N(CCCCCCC/C=C\CCCCCCCC)C(C(=O)NC1CCCCC1)N(C)C,5.622068,1
CCCCCCCC/C=C\CCCCCCCC(=O)N(CCCCCCC/C=C\CCCCCCCC)C(C(=O)NC1CCCCC1)N1CCCCC1,7.0636787,1
CCCCCCCC/C=C\CCCCCCCC(=O)N(CCCCCCC/C=C\CCCCCCCC)C(C(=O)NC1CCCCC1)N1CCOCC1,4.60734,1
CCCCCCCC/C=C\CCCCCCCC(=O)N(CCCCCCC/C=C\CCCCCCCC)C(C(=O)NC1CCCCC1)c1cc(C)nn1C,,0
CCCCCCCC/C=C\CCCCCCCC(=O)N(CCCCCCC/C=C\CCCCCCCC)C(C(=O)NCC(=O)OC)C1CCN(C)CC1,9.150172,1
CCCCCCCC/C=C\CCCCCCCC(=O)N(CCCCCCC/C=C\CCCCCCCC)C(C(=O)NCC(=O)OC)C1CCNCC1,10.232705,1
CCCCCCCC/C=C\CCCCCCCC(=O)N(CCCCCCC/C=C\CCCCCCCC)C(C(=O)NCC(=O)OC)N(C)C,5.372828,1
CCCCCCCC/C=C\CCCCCCCC(=O)N(CCCCCCC/C=C\CCCCCCCC)C(C(=O)NCC(=O)OC)N1CCCCC1,6.9062,1
CCCCCCCC/C=C\CCCCCCCC(=O)N(CCCCCCC/C=C\CCCCCCCC)C(C(=O)NCC(=O)OC)N1CCOCC1,4.3921204,1
CCCCCCCC/C=C\CCCCCCCC(=O)N(CCCCCCC/C=C\CCCCCCCC)C(C(=O)NCC(=O)OC)c1cc(C)nn1C,,0
CCCCCCCC/C=C\CCCCCCCC(=O)N(CCCCCCC/C=C\CCCCCCCC)C(C(=O)NCCN1CCOCC1)C1CCN(C)CC1,9.267407,2
CCCCCCCC/C=C\CCCCCCCC(=O)N(CCCCCCC/C=C\CCCCCCCC)C(C(=O)NCCN1CCOCC1)C1CCNCC1,9.898317,2
CCCCCCCC/C=C\CCCCCCCC(=O)N(CCCCCCC/C=C\CCCCCCCC)C(C(=O)NCCN1CCOCC1)N(C)C,6.797661,2
CCCCCCCC/C=C\CCCCCCCC(=O)N(CCCCCCC/C=C\CCCCCCCC)C(C(=O)NCCN1CCOCC1)N1CCCCC1,7.3839455,2
CCCCCCCC/C=C\CCCCCCCC(=O)N(CCCCCCC/C=C\CCCCCCCC)C(C(=O)NCCN1CCOCC1)N1CCOCC1,6.850931,2
CCCCCCCC/C=C\CCCCCCCC(=O)N(CCCCCCC/C=C\CCCCCCCC)C(C(=O)NCCN1CCOCC1)c1cc(C)nn1C,6.6761527,2
CCCCCCCC/C=C\CCCCCCCC(=O)N(CCCCCCC/C=C\CCCCCCCC)C(CC1CCCN1CC)C(=O)NC(C)(C)C,10.092606,1
CCCCCCCC/C=C\CCCCCCCC(=O)N(CCCCCCC/C=C\CCCCCCCC)C(CC1CCCN1CC)C(=O)NC(C)(C)CC(C)(C)C,10.05804,1
CCCCCCCC/C=C\CCCCCCCC(=O)N(CCCCCCC/C=C\CCCCCCCC)C(CC1CCCN1CC)C(=O)NC12C[C@H]3C[C@@H](C1)C[C@@H](C2)C3,10.1165695,1
CCCCCCCC/C=C\CCCCCCCC(=O)N(CCCCCCC/C=C\CCCCCCCC)C(CC1CCCN1CC)C(=O)NC1CCCCC1,10.139296,1
CCCCCCCC/C=C\CCCCCCCC(=O)N(CCCCCCC/C=C\CCCCCCCC)C(CC1CCCN1CC)C(=O)NCC(=O)OC,10.023613,1
CCCCCCCC/C=C\CCCCCCCC(=O)N(CCCCCCC/C=C\CCCCCCCC)C(CC1CCCN1CC)C(=O)NCCN1CCOCC1,10.191045,2
CCCCCCCC/C=C\CCCCCCCC(=O)N(CCCCCCC/C=C\CCCCCCCC)C(CCCN(C)C)C(=O)NC(C)(C)C,9.70717,1
CCCCCCCC/C=C\CCCCCCCC(=O)N(CCCCCCC/C=C\CCCCCCCC)C(CCCN(C)C)C(=O)NC(C)(C)CC(C)(C)C,9.708089,1
CCCCCCCC/C=C\CCCCCCCC(=O)N(CCCCCCC/C=C\CCCCCCCC)C(CCCN(C)C)C(=O)NC12C[C@H]3C[C@@H](C1)C[C@@H](C2)C3,9.747841,1
CCCCCCCC/C=C\CCCCCCCC(=O)N(CCCCCCC/C=C\CCCCCCCC)C(CCCN(C)C)C(=O)NC1CCCCC1,9.700373,1
CCCCCCCC/C=C\CCCCCCCC(=O)N(CCCCCCC/C=C\CCCCCCCC)C(CCCN(C)C)C(=O)NCC(=O)OC,9.6689625,1
CCCCCCCC/C=C\CCCCCCCC(=O)N(CCCCCCC/C=C\CCCCCCCC)C(CCCN(C)C)C(=O)NCCN1CCOCC1,9.416017,2
CCCCCCCC/C=C\CCCCCCCC(=O)N(CCCCCCC/C=C\CCCCCCCC)C(CCCN(C)CCCN)C(=O)NC(C)(C)C,10.449074,2
CCCCCCCC/C=C\CCCCCCCC(=O)N(CCCCCCC/C=C\CCCCCCCC)C(CCCN(C)CCCN)C(=O)NC(C)(C)CC(C)(C)C,10.447899,2
CCCCCCCC/C=C\CCCCCCCC(=O)N(CCCCCCC/C=C\CCCCCCCC)C(CCCN(C)CCCN)C(=O)NC12C[C@H]3C[C@@H](C1)C[C@@H](C2)C3,10.44271,2
CCCCCCCC/C=C\CCCCCCCC(=O)N(CCCCCCC/C=C\CCCCCCCC)C(CCCN(C)CCCN)C(=O)NC1CCCCC1,10.45411,2
CCCCCCCC/C=C\CCCCCCCC(=O)N(CCCCCCC/C=C\CCCCCCCC)C(CCCN(C)CCCN)C(=O)NCC(=O)OC,10.460106,2
CCCCCCCC/C=C\CCCCCCCC(=O)N(CCCCCCC/C=C\CCCCCCCC)C(CCCN(C)CCCN)C(=O)NCCN1CCOCC1,10.324349,3
CCCCCCCC/C=C\CCCCCCCC(=O)N(CCCCCCC/C=C\CCCCCCCC)C(CCCN(CC)CC)C(=O)NC(C)(C)C,10.27108,1
CCCCCCCC/C=C\CCCCCCCC(=O)N(CCCCCCC/C=C\CCCCCCCC)C(CCCN(CC)CC)C(=O)NC(C)(C)CC(C)(C)C,10.254706,1
CCCCCCCC/C=C\CCCCCCCC(=O)N(CCCCCCC/C=C\CCCCCCCC)C(CCCN(CC)CC)C(=O)NC12C[C@H]3C[C@@H](C1)C[C@@H](C2)C3,10.302325,1
CCCCCCCC/C=C\CCCCCCCC(=O)N(CCCCCCC/C=C\CCCCCCCC)C(CCCN(CC)CC)C(=O)NC1CCCCC1,10.263178,1
CCCCCCCC/C=C\CCCCCCCC(=O)N(CCCCCCC/C=C\CCCCCCCC)C(CCCN(CC)CC)C(=O)NCC(=O)OC,10.209841,1
CCCCCCCC/C=C\CCCCCCCC(=O)N(CCCCCCC/C=C\CCCCCCCC)C(CCCN(CC)CC)C(=O)NCCN1CCOCC1,9.58581,2
CCCCCCCC/C=C\CCCCCCCC(=O)N(CCCCCCC/C=C\CCCCCCCC)C(CCCN(CCCC)CCCC)C(=O)NC(C)(C)C,9.907668,1
CCCCCCCC/C=C\CCCCCCCC(=O)N(CCCCCCC/C=C\CCCCCCCC)C(CCCN(CCCC)CCCC)C(=O)NC(C)(C)CC(C)(C)C,9.879195,1
CCCCCCCC/C=C\CCCCCCCC(=O)N(CCCCCCC/C=C\CCCCCCCC)C(CCCN(CCCC)CCCC)C(=O)NC12C[C@H]3C[C@@H](C1)C[C@@H](C2)C3,9.912176,1
CCCCCCCC/C=C\CCCCCCCC(=O)N(CCCCCCC/C=C\CCCCCCCC)C(CCCN(CCCC)CCCC)C(=O)NC1CCCCC1,9.913844,1
CCCCCCCC/C=C\CCCCCCCC(=O)N(CCCCCCC/C=C\CCCCCCCC)C(CCCN(CCCC)CCCC)C(=O)NCC(=O)OC,9.885875,1
CCCCCCCC/C=C\CCCCCCCC(=O)N(CCCCCCC/C=C\CCCCCCCC)C(CCCN(CCCC)CCCC)C(=O)NCCN1CCOCC1,9.852405,2
CCCCCCCC/C=C\CCCCCCCC(=O)N(CCCCCCC/C=C\CCCCCCCC)C(CCCN1CCCC1)C(=O)NC(C)(C)C,10.47323,1
CCCCCCCC/C=C\CCCCCCCC(=O)N(CCCCCCC/C=C\CCCCCCCC)C(CCCN1CCCC1)C(=O)NC(C)(C)CC(C)(C)C,10.451031,1
CCCCCCCC/C=C\CCCCCCCC(=O)N(CCCCCCC/C=C\CCCCCCCC)C(CCCN1CCCC1)C(=O)NC12C[C@H]3C[C@@H](C1)C[C@@H](C2)C3,10.497333,1
CCCCCCCC/C=C\CCCCCCCC(=O)N(CCCCCCC/C=C\CCCCCCCC)C(CCCN1CCCC1)C(=O)NC1CCCCC1,10.492897,1
CCCCCCCC/C=C\CCCCCCCC(=O)N(CCCCCCC/C=C\CCCCCCCC)C(CCCN1CCCC1)C(=O)NCC(=O)OC,10.4342375,1
CCCCCCCC/C=C\CCCCCCCC(=O)N(CCCCCCC/C=C\CCCCCCCC)C(CCCN1CCCC1)C(=O)NCCN1CCOCC1,10.352997,2
CCCCCCCC/C=C\CCCCCCCC(=O)N(CCCCCCC/C=C\CCCCCCCC)C(CCCN1CCOCC1)C(=O)NC(C)(C)C,7.5263762,1
CCCCCCCC/C=C\CCCCCCCC(=O)N(CCCCCCC/C=C\CCCCCCCC)C(CCCN1CCOCC1)C(=O)NC(C)(C)CC(C)(C)C,7.4962597,1
CCCCCCCC/C=C\CCCCCCCC(=O)N(CCCCCCC/C=C\CCCCCCCC)C(CCCN1CCOCC1)C(=O)NC12C[C@H]3C[C@@H](C1)C[C@@H](C2)C3,7.5258617,1
CCCCCCCC/C=C\CCCCCCCC(=O)N(CCCCCCC/C=C\CCCCCCCC)C(CCCN1CCOCC1)C(=O)NC1CCCCC1,7.5272985,1
CCCCCCCC/C=C\CCCCCCCC(=O)N(CCCCCCC/C=C\CCCCCCCC)C(CCCN1CCOCC1)C(=O)NCC(=O)OC,7.4980493,1
CCCCCCCC/C=C\CCCCCCCC(=O)N(CCCCCCC/C=C\CCCCCCCC)C(CCCN1CCOCC1)C(=O)NCCN1CCOCC1,7.70722,2
CCCCCCCC/C=C\CCCCCCCC(=O)N(CCCCCCC/C=C\CCCCCCCC)C(CCN(C(C)C)C(C)C)C(=O)NC(C)(C)C,10.111299,1
CCCCCCCC/C=C\CCCCCCCC(=O)N(CCCCCCC/C=C\CCCCCCCC)C(CCN(C(C)C)C(C)C)C(=O)NC(C)(C)CC(C)(C)C,10.049687,1
CCCCCCCC/C=C\CCCCCCCC(=O)N(CCCCCCC/C=C\CCCCCCCC)C(CCN(C(C)C)C(C)C)C(=O)NC12C[C@H]3C[C@@H](C1)C[C@@H](C2)C3,10.219174,1
CCCCCCCC/C=C\CCCCCCCC(=O)N(CCCCCCC/C=C\CCCCCCCC)C(CCN(C(C)C)C(C)C)C(=O)NC1CCCCC1,10.161615,1
CCCCCCCC/C=C\CCCCCCCC(=O)N(CCCCCCC/C=C\CCCCCCCC)C(CCN(C(C)C)C(C)C)C(=O)NCC(=O)OC,10.045377,1
CCCCCCCC/C=C\CCCCCCCC(=O)N(CCCCCCC/C=C\CCCCCCCC)C(CCN(C(C)C)C(C)C)C(=O)NCCN1CCOCC1,9.614682,2
CCCCCCCC/C=C\CCCCCCCC(=O)N(CCCCCCC/C=C\CCCCCCCC)C(CCN(C)C)C(=O)NC(C)(C)C,9.090697,1
CCCCCCCC/C=C\CCCCCCCC(=O)N(CCCCCCC/C=C\CCCCCCCC)C(CCN(C)C)C(=O)NC(C)(C)CC(C)(C)C,9.065841,1
CCCCCCCC/C=C\CCCCCCCC(=O)N(CCCCCCC/C=C\CCCCCCCC)C(CCN(C)C)C(=O)NC12C[C@H]3C[C@@H](C1)C[C@@H](C2)C3,9.211767,1
CCCCCCCC/C=C\CCCCCCCC(=O)N(CCCCCCC/C=C\CCCCCCCC)C(CCN(C)C)C(=O)NC1CCCCC1,9.128212,1
CCCCCCCC/C=C\CCCCCCCC(=O)N(CCCCCCC/C=C\CCCCCCCC)C(CCN(C)C)C(=O)NCC(=O)OC,9.052808,1
CCCCCCCC/C=C\CCCCCCCC(=O)N(CCCCCCC/C=C\CCCCCCCC)C(CCN(C)C)C(=O)NCCN1CCOCC1,9.187491,2
CCCCCCCC/C=C\CCCCCCCC(=O)N(CCCCCCC/C=C\CCCCCCCC)C(CCN(CC)CC)C(=O)NC(C)(C)C,9.688822,1
CCCCCCCC/C=C\CCCCCCCC(=O)N(CCCCCCC/C=C\CCCCCCCC)C(CCN(CC)CC)C(=O)NC(C)(C)CC(C)(C)C,9.645718,1
CCCCCCCC/C=C\CCCCCCCC(=O)N(CCCCCCC/C=C\CCCCCCCC)C(CCN(CC)CC)C(=O)NC12C[C@H]3C[C@@H](C1)C[C@@H](C2)C3,9.80868,1
CCCCCCCC/C=C\CCCCCCCC(=O)N(CCCCCCC/C=C\CCCCCCCC)C(CCN(CC)CC)C(=O)NC1CCCCC1,9.729855,1
CCCCCCCC/C=C\CCCCCCCC(=O)N(CCCCCCC/C=C\CCCCCCCC)C(CCN(CC)CC)C(=O)NCC(=O)OC,9.647638,1
CCCCCCCC/C=C\CCCCCCCC(=O)N(CCCCCCC/C=C\CCCCCCCC)C(CCN(CC)CC)C(=O)NCCN1CCOCC1,9.481376,2
CCCCCCCC/C=C\CCCCCCCC(=O)N(CCCCCCC/C=C\CCCCCCCC)C(CCN(CCN)CCN)C(=O)NC(C)(C)C,9.860731,3
CCCCCCCC/C=C\CCCCCCCC(=O)N(CCCCCCC/C=C\CCCCCCCC)C(CCN(CCN)CCN)C(=O)NC(C)(C)CC(C)(C)C,9.852026,3
CCCCCCCC/C=C\CCCCCCCC(=O)N(CCCCCCC/C=C\CCCCCCCC)C(CCN(CCN)CCN)C(=O)NC12C[C@H]3C[C@@H](C1)C[C@@H](C2)C3,9.860228,3
CCCCCCCC/C=C\CCCCCCCC(=O)N(CCCCCCC/C=C\CCCCCCCC)C(CCN(CCN)CCN)C(=O)NC1CCCCC1,9.874974,3
CCCCCCCC/C=C\CCCCCCCC(=O)N(CCCCCCC/C=C\CCCCCCCC)C(CCN(CCN)CCN)C(=O)NCC(=O)OC,9.846113,3
CCCCCCCC/C=C\CCCCCCCC(=O)N(CCCCCCC/C=C\CCCCCCCC)C(CCN(CCN)CCN)C(=O)NCCN1CCOCC1,9.789985,4
CCCCCCCC/C=C\CCCCCCCC(=O)N(CCCCCCC/C=C\CCCCCCCC)C(CCN1CCCC1)C(=O)NC(C)(C)C,9.897463,1
CCCCCCCC/C=C\CCCCCCCC(=O)N(CCCCCCC/C=C\CCCCCCCC)C(CCN1CCCC1)C(=O)NC(C)(C)CC(C)(C)C,9.869385,1
CCCCCCCC/C=C\CCCCCCCC(=O)N(CCCCCCC/C=C\CCCCCCCC)C(CCN1CCCC1)C(=O)NC12C[C@H]3C[C@@H](C1)C[C@@H](C2)C3,9.941224,1
CCCCCCCC/C=C\CCCCCCCC(=O)N(CCCCCCC/C=C\CCCCCCCC)C(CCN1CCCC1)C(=O)NC1CCCCC1,9.939358,1
CCCCCCCC/C=C\CCCCCCCC(=O)N(CCCCCCC/C=C\CCCCCCCC)C(CCN1CCCC1)C(=O)NCC(=O)OC,9.844903,1
CCCCCCCC/C=C\CCCCCCCC(=O)N(CCCCCCC/C=C\CCCCCCCC)C(CCN1CCCC1)C(=O)NCCN1CCOCC1,10.13858,2
CCCCCCCC/C=C\CCCCCCCC(=O)N(CCCCCCC/C=C\CCCCCCCC)C(CCN1CCCCC1)C(=O)NC(C)(C)C,9.268345,1
CCCCCCCC/C=C\CCCCCCCC(=O)N(CCCCCCC/C=C\CCCCCCCC)C(CCN1CCCCC1)C(=O)NC(C)(C)CC(C)(C)C,9.239802,1
CCCCCCCC/C=C\CCCCCCCC(=O)N(CCCCCCC/C=C\CCCCCCCC)C(CCN1CCCCC1)C(=O)NC12C[C@H]3C[C@@H](C1)C[C@@H](C2)C3,9.288181,1
CCCCCCCC/C=C\CCCCCCCC(=O)N(CCCCCCC/C=C\CCCCCCCC)C(CCN1CCCCC1)C(=O)NC1CCCCC1,9.294622,1
CCCCCCCC/C=C\CCCCCCCC(=O)N(CCCCCCC/C=C\CCCCCCCC)C(CCN1CCCCC1)C(=O)NCC(=O)OC,9.230629,1
CCCCCCCC/C=C\CCCCCCCC(=O)N(CCCCCCC/C=C\CCCCCCCC)C(CCN1CCCCC1)C(=O)NCCN1CCOCC1,9.428834,2
CCCCCCCC/C=C\CCCCCCCC(=O)N(CCCCCCC/C=C\CCCCCCCC)C(CCN1CCNCC1)C(=O)NC(C)(C)C,9.253599,2
CCCCCCCC/C=C\CCCCCCCC(=O)N(CCCCCCC/C=C\CCCCCCCC)C(CCN1CCNCC1)C(=O)NC(C)(C)CC(C)(C)C,9.24044,2
CCCCCCCC/C=C\CCCCCCCC(=O)N(CCCCCCC/C=C\CCCCCCCC)C(CCN1CCNCC1)C(=O)NC12C[C@H]3C[C@@H](C1)C[C@@H](C2)C3,9.248144,2
CCCCCCCC/C=C\CCCCCCCC(=O)N(CCCCCCC/C=C\CCCCCCCC)C(CCN1CCNCC1)C(=O)NC1CCCCC1,9.270819,2
CCCCCCCC/C=C\CCCCCCCC(=O)N(CCCCCCC/C=C\CCCCCCCC)C(CCN1CCNCC1)C(=O)NCC(=O)OC,9.235564,2
CCCCCCCC/C=C\CCCCCCCC(=O)N(CCCCCCC/C=C\CCCCCCCC)C(CCN1CCNCC1)C(=O)NCCN1CCOCC1,9.30372,3
CCCCCCCC/C=C\CCCCCCCC(=O)N(CCCCCCCCC)C(C(=O)NC(C)(C)C)C1CCN(C)CC1,9.174514,1
CCCCCCCC/C=C\CCCCCCCC(=O)N(CCCCCCCCC)C(C(=O)NC(C)(C)C)C1CCNCC1,10.257946,1
CCCCCCCC/C=C\CCCCCCCC(=O)N(CCCCCCCCC)C(C(=O)NC(C)(C)C)N(C)C,5.59972,1
CCCCCCCC/C=C\CCCCCCCC(=O)N(CCCCCCCCC)C(C(=O)NC(C)(C)C)N1CCCCC1,6.9744925,1
CCCCCCCC/C=C\CCCCCCCC(=O)N(CCCCCCCCC)C(C(=O)NC(C)(C)C)N1CCOCC1,4.6108856,1
CCCCCCCC/C=C\CCCCCCCC(=O)N(CCCCCCCCC)C(C(=O)NC(C)(C)C)c1cc(C)nn1C,,0
CCCCCCCC/C=C\CCCCCCCC(=O)N(CCCCCCCCC)C(C(=O)NC(C)(C)CC(C)(C)C)C1CCN(C)CC1,9.154523,1
CCCCCCCC/C=C\CCCCCCCC(=O)N(CCCCCCCCC)C(C(=O)NC(C)(C)CC(C)(C)C)C1CCNCC1,10.222684,1
CCCCCCCC/C=C\CCCCCCCC(=O)N(CCCCCCCCC)C(C(=O)NC(C)(C)CC(C)(C)C)N(C)C,5.6228104,1
CCCCCCCC/C=C\CCCCCCCC(=O)N(CCCCCCCCC)C(C(=O)NC(C)(C)CC(C)(C)C)N1CCCCC1,6.9786844,1
CCCCCCCC/C=C\CCCCCCCC(=O)N(CCCCCCCCC)C(C(=O)NC(C)(C)CC(C)(C)C)N1CCOCC1,4.620629,1
CCCCCCCC/C=C\CCCCCCCC(=O)N(CCCCCCCCC)C(C(=O)NC(C)(C)CC(C)(C)C)c1cc(C)nn1C,,0
CCCCCCCC/C=C\CCCCCCCC(=O)N(CCCCCCCCC)C(C(=O)NC12C[C@H]3C[C@@H](C1)C[C@@H](C2)C3)C1CCN(C)CC1,9.181861,1
CCCCCCCC/C=C\CCCCCCCC(=O)N(CCCCCCCCC)C(C(=O)NC12C[C@H]3C[C@@H](C1)C[C@@H](C2)C3)C1CCNCC1,10.27655,1
CCCCCCCC/C=C\CCCCCCCC(=O)N(CCCCCCCCC)C(C(=O)NC12C[C@H]3C[C@@H](C1)C[C@@H](C2)C3)N(C)C,5.645259,1
CCCCCCCC/C=C\CCCCCCCC(=O)N(CCCCCCCCC)C(C(=O)NC12C[C@H]3C[C@@H](C1)C[C@@H](C2)C3)N1CCCCC1,6.85987,1
CCCCCCCC/C=C\CCCCCCCC(=O)N(CCCCCCCCC)C(C(=O)NC12C[C@H]3C[C@@H](C1)C[C@@H](C2)C3)N1CCOCC1,4.6176405,1
CCCCCCCC/C=C\CCCCCCCC(=O)N(CCCCCCCCC)C(C(=O)NC12C[C@H]3C[C@@H](C1)C[C@@H](C2)C3)c1cc(C)nn1C,,0
CCCCCCCC/C=C\CCCCCCCC(=O)N(CCCCCCCCC)C(C(=O)NC1CCCCC1)C1CCN(C)CC1,9.190145,1
CCCCCCCC/C=C\CCCCCCCC(=O)N(CCCCCCCCC)C(C(=O)NC1CCCCC1)C1CCNCC1,10.276002,1
CCCCCCCC/C=C\CCCCCCCC(=O)N(CCCCCCCCC)C(C(=O)NC1CCCCC1)N(C)C,5.616582,1
CCCCCCCC/C=C\CCCCCCCC(=O)N(CCCCCCCCC)C(C(=O)NC1CCCCC1)N1CCCCC1,7.046126,1
CCCCCCCC/C=C\CCCCCCCC(=O)N(CCCCCCCCC)C(C(=O)NC1CCCCC1)N1CCOCC1,4.597301,1
CCCCCCCC/C=C\CCCCCCCC(=O)N(CCCCCCCCC)C(C(=O)NC1CCCCC1)c1cc(C)nn1C,,0
CCCCCCCC/C=C\CCCCCCCC(=O)N(CCCCCCCCC)C(C(=O)NCC(=O)OC)C1CCN(C)CC1,9.128464,1
CCCCCCCC/C=C\CCCCCCCC(=O)N(CCCCCCCCC)C(C(=O)NCC(=O)OC)C1CCNCC1,10.1943865,1
CCCCCCCC/C=C\CCCCCCCC(=O)N(CCCCCCCCC)C(C(=O)NCC(=O)OC)N(C)C,5.3666105,1
CCCCCCCC/C=C\CCCCCCCC(=O)N(CCCCCCCCC)C(C(=O)NCC(=O)OC)N1CCCCC1,6.8917246,1
CCCCCCCC/C=C\CCCCCCCC(=O)N(CCCCCCCCC)C(C(=O)NCC(=O)OC)N1CCOCC1,4.3788285,1
CCCCCCCC/C=C\CCCCCCCC(=O)N(CCCCCCCCC)C(C(=O)NCC(=O)OC)c1cc(C)nn1C,,0
CCCCCCCC/C=C\CCCCCCCC(=O)N(CCCCCCCCC)C(C(=O)NCCN1CCOCC1)C1CCN(C)CC1,9.262321,2
CCCCCCCC/C=C\CCCCCCCC(=O)N(CCCCCCCCC)C(C(=O)NCCN1CCOCC1)C1CCNCC1,9.884964,2
CCCCCCCC/C=C\CCCCCCCC(=O)N(CCCCCCCCC)C(C(=O)NCCN1CCOCC1)N(C)C,6.779114,2
CCCCCCCC/C=C\CCCCCCCC(=O)N(CCCCCCCCC)C(C(=O)NCCN1CCOCC1)N1CCCCC1,7.374988,2
CCCCCCCC/C=C\CCCCCCCC(=O)N(CCCCCCCCC)C(C(=O)NCCN1CCOCC1)N1CCOCC1,6.8369145,2
CCCCCCCC/C=C\CCCCCCCC(=O)N(CCCCCCCCC)C(C(=O)NCCN1CCOCC1)c1cc(C)nn1C,6.667225,2
CCCCCCCC/C=C\CCCCCCCC(=O)N(CCCCCCCCC)C(CC1CCCN1CC)C(=O)NC(C)(C)C,10.057409,1
CCCCCCCC/C=C\CCCCCCCC(=O)N(CCCCCCCCC)C(CC1CCCN1CC)C(=O)NC(C)(C)CC(C)(C)C,10.023268,1
CCCCCCCC/C=C\CCCCCCCC(=O)N(CCCCCCCCC)C(CC1CCCN1CC)C(=O)NC12C[C@H]3C[C@@H](C1)C[C@@H](C2)C3,10.082959,1
CCCCCCCC/C=C\CCCCCCCC(=O)N(CCCCCCCCC)C(CC1CCCN1CC)C(=O)NC1CCCCC1,10.106131,1
CCCCCCCC/C=C\CCCCCCCC(=O)N(CCCCCCCCC)C(CC1CCCN1CC)C(=O)NCC(=O)OC,9.9889145,1
CCCCCCCC/C=C\CCCCCCCC(=O)N(CCCCCCCCC)C(CC1CCCN1CC)C(=O)NCCN1CCOCC1,10.169519,2
CCCCCCCC/C=C\CCCCCCCC(=O)N(CCCCCCCCC)C(CCCN(C)C)C(=O)NC(C)(C)C,9.696808,1
CCCCCCCC/C=C\CCCCCCCC(=O)N(CCCCCCCCC)C(CCCN(C)C)C(=O)NC(C)(C)CC(C)(C)C,9.670633,1
CCCCCCCC/C=C\CCCCCCCC(=O)N(CCCCCCCCC)C(CCCN(C)C)C(=O)NC12C[C@H]3C[C@@H](C1)C[C@@H](C2)C3,9.707877,1
CCCCCCCC/C=C\CCCCCCCC(=O)N(CCCCCCCCC)C(CCCN(C)C)C(=O)NC1CCCCC1,9.6869335,1
CCCCCCCC/C=C\CCCCCCCC(=O)N(CCCCCCCCC)C(CCCN(C)C)C(=O)NCC(=O)OC,9.655205,1
CCCCCCCC/C=C\CCCCCCCC(=O)N(CCCCCCCCC)C(CCCN(C)C)C(=O)NCCN1CCOCC1,9.406344,2
CCCCCCCC/C=C\CCCCCCCC(=O)N(CCCCCCCCC)C(CCCN(C)CCCN)C(=O)NC(C)(C)C,10.449592,2
CCCCCCCC/C=C\CCCCCCCC(=O)N(CCCCCCCCC)C(CCCN(C)CCCN)C(=O)NC(C)(C)CC(C)(C)C,10.448408,2
CCCCCCCC/C=C\CCCCCCCC(=O)N(CCCCCCCCC)C(CCCN(C)CCCN)C(=O)NC12C[C@H]3C[C@@H](C1)C[C@@H](C2)C3,10.443221,2
CCCCCCCC/C=C\CCCCCCCC(=O)N(CCCCCCCCC)C(CCCN(C)CCCN)C(=O)NC1CCCCC1,10.454633,2
CCCCCCCC/C=C\CCCCCCCC(=O)N(CCCCCCCCC)C(CCCN(C)CCCN)C(=O)NCC(=O)OC,10.460637,2
CCCCCCCC/C=C\CCCCCCCC(=O)N(CCCCCCCCC)C(CCCN(C)CCCN)C(=O)NCCN1CCOCC1,10.32253,3
CCCCCCCC/C=C\CCCCCCCC(=O)N(CCCCCCCCC)C(CCCN(CC)CC)C(=O)NC(C)(C)C,10.225316,1
CCCCCCCC/C=C\CCCCCCCC(=O)N(CCCCCCCCC)C(CCCN(CC)CC)C(=O)NC(C)(C)CC(C)(C)C,10.210919,1
CCCCCCCC/C=C\CCCCCCCC(=O)N(CCCCCCCCC)C(CCCN(CC)CC)C(=O)NC12C[C@H]3C[C@@H](C1)C[C@@H](C2)C3,10.255651,1
CCCCCCCC/C=C\CCCCCCCC(=O)N(CCCCCCCCC)C(CCCN(CC)CC)C(=O)NC1CCCCC1,10.213292,1
CCCCCCCC/C=C\CCCCCCCC(=O)N(CCCCCCCCC)C(CCCN(CC)CC)C(=O)NCC(=O)OC,10.164885,1
CCCCCCCC/C=C\CCCCCCCC(=O)N(CCCCCCCCC)C(CCCN(CC)CC)C(=O)NCCN1CCOCC1,9.5728245,2
CCCCCCCC/C=C\CCCCCCCC(=O)N(CCCCCCCCC)C(CCCN(CCCC)CCCC)C(=O)NC(C)(C)C,9.913966,1
CCCCCCCC/C=C\CCCCCCCC(=O)N(CCCCCCCCC)C(CCCN(CCCC)CCCC)C(=O)NC(C)(C)CC(C)(C)C,9.883907,1
CCCCCCCC/C=C\CCCCCCCC(=O)N(CCCCCCCCC)C(CCCN(CCCC)CCCC)C(=O)NC12C[C@H]3C[C@@H](C1)C[C@@H](C2)C3,9.918423,1
CCCCCCCC/C=C\CCCCCCCC(=O)N(CCCCCCCCC)C(CCCN(CCCC)CCCC)C(=O)NC1CCCCC1,9.92012,1
CCCCCCCC/C=C\CCCCCCCC(=O)N(CCCCCCCCC)C(CCCN(CCCC)CCCC)C(=O)NCC(=O)OC,9.892246,1
CCCCCCCC/C=C\CCCCCCCC(=O)N(CCCCCCCCC)C(CCCN(CCCC)CCCC)C(=O)NCCN1CCOCC1,9.849765,2
CCCCCCCC/C=C\CCCCCCCC(=O)N(CCCCCCCCC)C(CCCN1CCCC1)C(=O)NC(C)(C)C,10.46717,1
CCCCCCCC/C=C\CCCCCCCC(=O)N(CCCCCCCCC)C(CCCN1CCCC1)C(=O)NC(C)(C)CC(C)(C)C,10.439059,1
CCCCCCCC/C=C\CCCCCCCC(=O)N(CCCCCCCCC)C(CCCN1CCCC1)C(=O)NC12C[C@H]3C[C@@H](C1)C[C@@H](C2)C3,10.49177,1
CCCCCCCC/C=C\CCCCCCCC(=O)N(CCCCCCCCC)C(CCCN1CCCC1)C(=O)NC1CCCCC1,10.487021,1
CCCCCCCC/C=C\CCCCCCCC(=O)N(CCCCCCCCC)C(CCCN1CCCC1)C(=O)NCC(=O)OC,10.427769,1
CCCCCCCC/C=C\CCCCCCCC(=O)N(CCCCCCCCC)C(CCCN1CCCC1)C(=O)NCCN1CCOCC1,10.341061,2
CCCCCCCC/C=C\CCCCCCCC(=O)N(CCCCCCCCC)C(CCCN1CCOCC1)C(=O)NC(C)(C)C,7.4999347,1
CCCCCCCC/C=C\CCCCCCCC(=O)N(CCCCCCCCC)C(CCCN1CCOCC1)C(=O)NC(C)(C)CC(C)(C)C,7.4701705,1
CCCCCCCC/C=C\CCCCCCCC(=O)N(CCCCCCCCC)C(CCCN1CCOCC1)C(=O)NC12C[C@H]3C[C@@H](C1)C[C@@H](C2)C3,7.499903,1
CCCCCCCC/C=C\CCCCCCCC(=O)N(CCCCCCCCC)C(CCCN1CCOCC1)C(=O)NC1CCCCC1,7.500764,1
CCCCCCCC/C=C\CCCCCCCC(=O)N(CCCCCCCCC)C(CCCN1CCOCC1)C(=O)NCC(=O)OC,7.471574,1
CCCCCCCC/C=C\CCCCCCCC(=O)N(CCCCCCCCC)C(CCCN1CCOCC1)C(=O)NCCN1CCOCC1,7.6922016,2
CCCCCCCC/C=C\CCCCCCCC(=O)N(CCCCCCCCC)C(CCN(C(C)C)C(C)C)C(=O)NC(C)(C)C,10.037191,1
CCCCCCCC/C=C\CCCCCCCC(=O)N(CCCCCCCCC)C(CCN(C(C)C)C(C)C)C(=O)NC(C)(C)CC(C)(C)C,9.976606,1
CCCCCCCC/C=C\CCCCCCCC(=O)N(CCCCCCCCC)C(CCN(C(C)C)C(C)C)C(=O)NC12C[C@H]3C[C@@H](C1)C[C@@H](C2)C3,10.143172,1
CCCCCCCC/C=C\CCCCCCCC(=O)N(CCCCCCCCC)C(CCN(C(C)C)C(C)C)C(=O)NC1CCCCC1,10.088603,1
CCCCCCCC/C=C\CCCCCCCC(=O)N(CCCCCCCCC)C(CCN(C(C)C)C(C)C)C(=O)NCC(=O)OC,9.977537,1
CCCCCCCC/C=C\CCCCCCCC(=O)N(CCCCCCCCC)C(CCN(C(C)C)C(C)C)C(=O)NCCN1CCOCC1,9.592065,2
CCCCCCCC/C=C\CCCCCCCC(=O)N(CCCCCCCCC)C(CCN(C)C)C(=O)NC(C)(C)C,9.0382395,1
CCCCCCCC/C=C\CCCCCCCC(=O)N(CCCCCCCCC)C(CCN(C)C)C(=O)NC(C)(C)CC(C)(C)C,9.01494,1
CCCCCCCC/C=C\CCCCCCCC(=O)N(CCCCCCCCC)C(CCN(C)C)C(=O)NC12C[C@H]3C[C@@H](C1)C[C@@H](C2)C3,9.156925,1
CCCCCCCC/C=C\CCCCCCCC(=O)N(CCCCCCCCC)C(CCN(C)C)C(=O)NC1CCCCC1,9.076277,1
CCCCCCCC/C=C\CCCCCCCC(=O)N(CCCCCCCCC)C(CCN(C)C)C(=O)NCC(=O)OC,9.00343,1
CCCCCCCC/C=C\CCCCCCCC(=O)N(CCCCCCCCC)C(CCN(C)C)C(=O)NCCN1CCOCC1,9.16317,2
CCCCCCCC/C=C\CCCCCCCC(=O)N(CCCCCCCCC)C(CCN(CC)CC)C(=O)NC(C)(C)C,9.633039,1
CCCCCCCC/C=C\CCCCCCCC(=O)N(CCCCCCCCC)C(CCN(CC)CC)C(=O)NC(C)(C)CC(C)(C)C,9.585816,1
CCCCCCCC/C=C\CCCCCCCC(=O)N(CCCCCCCCC)C(CCN(CC)CC)C(=O)NC12C[C@H]3C[C@@H](C1)C[C@@H](C2)C3,9.739643,1
CCCCCCCC/C=C\CCCCCCCC(=O)N(CCCCCCCCC)C(CCN(CC)CC)C(=O)NC1CCCCC1,9.6750555,1
CCCCCCCC/C=C\CCCCCCCC(=O)N(CCCCCCCCC)C(CCN(CC)CC)C(=O)NCC(=O)OC,9.587182,1
CCCCCCCC/C=C\CCCCCCCC(=O)N(CCCCCCCCC)C(CCN(CC)CC)C(=O)NCCN1CCOCC1,9.458443,2
CCCCCCCC/C=C\CCCCCCCC(=O)N(CCCCCCCCC)C(CCN(CCN)CCN)C(=O)NC(C)(C)C,9.861072,3
CCCCCCCC/C=C\CCCCCCCC(=O)N(CCCCCCCCC)C(CCN(CCN)CCN)C(=O)NC(C)(C)CC(C)(C)C,9.852335,3
CCCCCCCC/C=C\CCCCCCCC(=O)N(CCCCCCCCC)C(CCN(CCN)CCN)C(=O)NC12C[C@H]3C[C@@H](C1)C[C@@H](C2)C3,9.8605585,3
CCCCCCCC/C=C\CCCCCCCC(=O)N(CCCCCCCCC)C(CCN(CCN)CCN)C(=O)NC1CCCCC1,9.875357,3
CCCCCCCC/C=C\CCCCCCCC(=O)N(CCCCCCCCC)C(CCN(CCN)CCN)C(=O)NCC(=O)OC,9.846402,3
CCCCCCCC/C=C\CCCCCCCC(=O)N(CCCCCCCCC)C(CCN(CCN)CCN)C(=O)NCCN1CCOCC1,9.789717,4
CCCCCCCC/C=C\CCCCCCCC(=O)N(CCCCCCCCC)C(CCN1CCCC1)C(=O)NC(C)(C)C,9.881269,1
CCCCCCCC/C=C\CCCCCCCC(=O)N(CCCCCCCCC)C(CCN1CCCC1)C(=O)NC(C)(C)CC(C)(C)C,9.853398,1
CCCCCCCC/C=C\CCCCCCCC(=O)N(CCCCCCCCC)C(CCN1CCCC1)C(=O)NC12C[C@H]3C[C@@H](C1)C[C@@H](C2)C3,9.922988,1
CCCCCCCC/C=C\CCCCCCCC(=O)N(CCCCCCCCC)C(CCN1CCCC1)C(=O)NC1CCCCC1,9.923312,1
CCCCCCCC/C=C\CCCCCCCC(=O)N(CCCCCCCCC)C(CCN1CCCC1)C(=O)NCC(=O)OC,9.827809,1
CCCCCCCC/C=C\CCCCCCCC(=O)N(CCCCCCCCC)C(CCN1CCCC1)C(=O)NCCN1CCOCC1,10.119993,2
CCCCCCCC/C=C\CCCCCCCC(=O)N(CCCCCCCCC)C(CCN1CCCCC1)C(=O)NC(C)(C)C,9.253118,1
CCCCCCCC/C=C\CCCCCCCC(=O)N(CCCCCCCCC)C(CCN1CCCCC1)C(=O)NC(C)(C)CC(C)(C)C,9.225507,1
CCCCCCCC/C=C\CCCCCCCC(=O)N(CCCCCCCCC)C(CCN1CCCCC1)C(=O)NC12C[C@H]3C[C@@H](C1)C[C@@H](C2)C3,9.273715,1
CCCCCCCC/C=C\CCCCCCCC(=O)N(CCCCCCCCC)C(CCN1CCCCC1)C(=O)NC1CCCCC1,9.279557,1
CCCCCCCC/C=C\CCCCCCCC(=O)N(CCCCCCCCC)C(CCN1CCCCC1)C(=O)NCC(=O)OC,9.215937,1
CCCCCCCC/C=C\CCCCCCCC(=O)N(CCCCCCCCC)C(CCN1CCCCC1)C(=O)NCCN1CCOCC1,9.418585,2
CCCCCCCC/C=C\CCCCCCCC(=O)N(CCCCCCCCC)C(CCN1CCNCC1)C(=O)NC(C)(C)C,9.255206,2
CCCCCCCC/C=C\CCCCCCCC(=O)N(CCCCCCCCC)C(CCN1CCNCC1)C(=O)NC(C)(C)CC(C)(C)C,9.241982,2
CCCCCCCC/C=C\CCCCCCCC(=O)N(CCCCCCCCC)C(CCN1CCNCC1)C(=O)NC12C[C@H]3C[C@@H](C1)C[C@@H](C2)C3,9.249124,2
CCCCCCCC/C=C\CCCCCCCC(=O)N(CCCCCCCCC)C(CCN1CCNCC1)C(=O)NC1CCCCC1,9.272499,2
CCCCCCCC/C=C\CCCCCCCC(=O)N(CCCCCCCCC)C(CCN1CCNCC1)C(=O)NCC(=O)OC,9.237089,2
CCCCCCCC/C=C\CCCCCCCC(=O)N(CCCCCCCCC)C(CCN1CCNCC1)C(=O)NCCN1CCOCC1,9.303211,3
CCCCCCCC/C=C\CCCCCCCC(=O)N(CCCCCOC(=O)C(CCCCCC)CCCCCCCC)C(C(=O)NC(C)(C)C)C1CCN(C)CC1,9.218877,1
CCCCCCCC/C=C\CCCCCCCC(=O)N(CCCCCOC(=O)C(CCCCCC)CCCCCCCC)C(C(=O)NC(C)(C)C)C1CCNCC1,10.327542,1
CCCCCCCC/C=C\CCCCCCCC(=O)N(CCCCCOC(=O)C(CCCCCC)CCCCCCCC)C(C(=O)NC(C)(C)C)N(C)C,5.603038,1
CCCCCCCC/C=C\CCCCCCCC(=O)N(CCCCCOC(=O)C(CCCCCC)CCCCCCCC)C(C(=O)NC(C)(C)C)N1CCCCC1,6.982435,1
CCCCCCCC/C=C\CCCCCCCC(=O)N(CCCCCOC(=O)C(CCCCCC)CCCCCCCC)C(C(=O)NC(C)(C)C)N1CCOCC1,4.6229534,1
CCCCCCCC/C=C\CCCCCCCC(=O)N(CCCCCOC(=O)C(CCCCCC)CCCCCCCC)C(C(=O)NC(C)(C)C)c1cc(C)nn1C,,0
CCCCCCCC/C=C\CCCCCCCC(=O)N(CCCCCOC(=O)C(CCCCCC)CCCCCCCC)C(C(=O)NC(C)(C)CC(C)(C)C)C1CCN(C)CC1,9.198146,1
CCCCCCCC/C=C\CCCCCCCC(=O)N(CCCCCOC(=O)C(CCCCCC)CCCCCCCC)C(C(=O)NC(C)(C)CC(C)(C)C)C1CCNCC1,10.297342,1
CCCCCCCC/C=C\CCCCCCCC(=O)N(CCCCCOC(=O)C(CCCCCC)CCCCCCCC)C(C(=O)NC(C)(C)CC(C)(C)C)N(C)C,5.625494,1
CCCCCCCC/C=C\CCCCCCCC(=O)N(CCCCCOC(=O)C(CCCCCC)CCCCCCCC)C(C(=O)NC(C)(C)CC(C)(C)C)N1CCCCC1,6.986344,1
CCCCCCCC/C=C\CCCCCCCC(=O)N(CCCCCOC(=O)C(CCCCCC)CCCCCCCC)C(C(=O)NC(C)(C)CC(C)(C)C)N1CCOCC1,4.629392,1
CCCCCCCC/C=C\CCCCCCCC(=O)N(CCCCCOC(=O)C(CCCCCC)CCCCCCCC)C(C(=O)NC(C)(C)CC(C)(C)C)c1cc(C)nn1C,,0
CCCCCCCC/C=C\CCCCCCCC(=O)N(CCCCCOC(=O)C(CCCCCC)CCCCCCCC)C(C(=O)NC12C[C@H]3C[C@@H](C1)C[C@@H](C2)C3)C1CCN(C)CC1,9.2249975,1
CCCCCCCC/C=C\CCCCCCCC(=O)N(CCCCCOC(=O)C(CCCCCC)CCCCCCCC)C(C(=O)NC12C[C@H]3C[C@@H](C1)C[C@@H](C2)C3)C1CCNCC1,10.352353,1
CCCCCCCC/C=C\CCCCCCCC(=O)N(CCCCCOC(=O)C(CCCCCC)CCCCCCCC)C(C(=O)NC12C[C@H]3C[C@@H](C1)C[C@@H](C2)C3)N(C)C,5.647794,1
CCCCCCCC/C=C\CCCCCCCC(=O)N(CCCCCOC(=O)C(CCCCCC)CCCCCCCC)C(C(=O)NC12C[C@H]3C[C@@H](C1)C[C@@H](C2)C3)N1CCCCC1,6.879429,1
CCCCCCCC/C=C\CCCCCCCC(=O)N(CCCCCOC(=O)C(CCCCCC)CCCCCCCC)C(C(=O)NC12C[C@H]3C[C@@H](C1)C[C@@H](C2)C3)N1CCOCC1,4.629009,1
CCCCCCCC/C=C\CCCCCCCC(=O)N(CCCCCOC(=O)C(CCCCCC)CCCCCCCC)C(C(=O)NC12C[C@H]3C[C@@H](C1)C[C@@H](C2)C3)c1cc(C)nn1C,,0
CCCCCCCC/C=C\CCCCCCCC(=O)N(CCCCCOC(=O)C(CCCCCC)CCCCCCCC)C(C(=O)NC1CCCCC1)C1CCN(C)CC1,9.234327,1
CCCCCCCC/C=C\CCCCCCCC(=O)N(CCCCCOC(=O)C(CCCCCC)CCCCCCCC)C(C(=O)NC1CCCCC1)C1CCNCC1,10.350325,1
CCCCCCCC/C=C\CCCCCCCC(=O)N(CCCCCOC(=O)C(CCCCCC)CCCCCCCC)C(C(=O)NC1CCCCC1)N(C)C,5.6192045,1
CCCCCCCC/C=C\CCCCCCCC(=O)N(CCCCCOC(=O)C(CCCCCC)CCCCCCCC)C(C(=O)NC1CCCCC1)N1CCCCC1,7.0673137,1
CCCCCCCC/C=C\CCCCCCCC(=O)N(CCCCCOC(=O)C(CCCCCC)CCCCCCCC)C(C(=O)NC1CCCCC1)N1CCOCC1,4.607865,1
CCCCCCCC/C=C\CCCCCCCC(=O)N(CCCCCOC(=O)C(CCCCCC)CCCCCCCC)C(C(=O)NC1CCCCC1)c1cc(C)nn1C,,0
CCCCCCCC/C=C\CCCCCCCC(=O)N(CCCCCOC(=O)C(CCCCCC)CCCCCCCC)C(C(=O)NCC(=O)OC)C1CCN(C)CC1,9.171166,1
CCCCCCCC/C=C\CCCCCCCC(=O)N(CCCCCOC(=O)C(CCCCCC)CCCCCCCC)C(C(=O)NCC(=O)OC)C1CCNCC1,10.27122,1
CCCCCCCC/C=C\CCCCCCCC(=O)N(CCCCCOC(=O)C(CCCCCC)CCCCCCCC)C(C(=O)NCC(=O)OC)N(C)C,5.372765,1
CCCCCCCC/C=C\CCCCCCCC(=O)N(CCCCCOC(=O)C(CCCCCC)CCCCCCCC)C(C(=O)NCC(=O)OC)N1CCCCC1,6.902011,1
CCCCCCCC/C=C\CCCCCCCC(=O)N(CCCCCOC(=O)C(CCCCCC)CCCCCCCC)C(C(=O)NCC(=O)OC)N1CCOCC1,4.396525,1
CCCCCCCC/C=C\CCCCCCCC(=O)N(CCCCCOC(=O)C(CCCCCC)CCCCCCCC)C(C(=O)NCC(=O)OC)c1cc(C)nn1C,,0
CCCCCCCC/C=C\CCCCCCCC(=O)N(CCCCCOC(=O)C(CCCCCC)CCCCCCCC)C(C(=O)NCCN1CCOCC1)C1CCN(C)CC1,9.268497,2
CCCCCCCC/C=C\CCCCCCCC(=O)N(CCCCCOC(=O)C(CCCCCC)CCCCCCCC)C(C(=O)NCCN1CCOCC1)C1CCNCC1,9.909999,2
CCCCCCCC/C=C\CCCCCCCC(=O)N(CCCCCOC(=O)C(CCCCCC)CCCCCCCC)C(C(=O)NCCN1CCOCC1)N(C)C,6.818683,2
CCCCCCCC/C=C\CCCCCCCC(=O)N(CCCCCOC(=O)C(CCCCCC)CCCCCCCC)C(C(=O)NCCN1CCOCC1)N1CCCCC1,7.3807983,2
CCCCCCCC/C=C\CCCCCCCC(=O)N(CCCCCOC(=O)C(CCCCCC)CCCCCCCC)C(C(=O)NCCN1CCOCC1)N1CCOCC1,6.8735127,2
CCCCCCCC/C=C\CCCCCCCC(=O)N(CCCCCOC(=O)C(CCCCCC)CCCCCCCC)C(C(=O)NCCN1CCOCC1)c1cc(C)nn1C,6.688656,2
CCCCCCCC/C=C\CCCCCCCC(=O)N(CCCCCOC(=O)C(CCCCCC)CCCCCCCC)C(CC1CCCN1CC)C(=O)NC(C)(C)C,10.113551,1
CCCCCCCC/C=C\CCCCCCCC(=O)N(CCCCCOC(=O)C(CCCCCC)CCCCCCCC)C(CC1CCCN1CC)C(=O)NC(C)(C)CC(C)(C)C,10.08041,1
CCCCCCCC/C=C\CCCCCCCC(=O)N(CCCCCOC(=O)C(CCCCCC)CCCCCCCC)C(CC1CCCN1CC)C(=O)NC12C[C@H]3C[C@@H](C1)C[C@@H](C2)C3,10.141514,1
CCCCCCCC/C=C\CCCCCCCC(=O)N(CCCCCOC(=O)C(CCCCCC)CCCCCCCC)C(CC1CCCN1CC)C(=O)NC1CCCCC1,10.15951,1
CCCCCCCC/C=C\CCCCCCCC(=O)N(CCCCCOC(=O)C(CCCCCC)CCCCCCCC)C(CC1CCCN1CC)C(=O)NCC(=O)OC,10.045563,1
CCCCCCCC/C=C\CCCCCCCC(=O)N(CCCCCOC(=O)C(CCCCCC)CCCCCCCC)C(CC1CCCN1CC)C(=O)NCCN1CCOCC1,10.202082,2
CCCCCCCC/C=C\CCCCCCCC(=O)N(CCCCCOC(=O)C(CCCCCC)CCCCCCCC)C(CCCN(C)C)C(=O)NC(C)(C)C,9.757715,1
CCCCCCCC/C=C\CCCCCCCC(=O)N(CCCCCOC(=O)C(CCCCCC)CCCCCCCC)C(CCCN(C)C)C(=O)NC(C)(C)CC(C)(C)C,9.763051,1
CCCCCCCC/C=C\CCCCCCCC(=O)N(CCCCCOC(=O)C(CCCCCC)CCCCCCCC)C(CCCN(C)C)C(=O)NC12C[C@H]3C[C@@H](C1)C[C@@H](C2)C3,9.801861,1
CCCCCCCC/C=C\CCCCCCCC(=O)N(CCCCCOC(=O)C(CCCCCC)CCCCCCCC)C(CCCN(C)C)C(=O)NC1CCCCC1,9.753712,1
CCCCCCCC/C=C\CCCCCCCC(=O)N(CCCCCOC(=O)C(CCCCCC)CCCCCCCC)C(CCCN(C)C)C(=O)NCC(=O)OC,9.718263,1
CCCCCCCC/C=C\CCCCCCCC(=O)N(CCCCCOC(=O)C(CCCCCC)CCCCCCCC)C(CCCN(C)C)C(=O)NCCN1CCOCC1,9.424473,2
CCCCCCCC/C=C\CCCCCCCC(=O)N(CCCCCOC(=O)C(CCCCCC)CCCCCCCC)C(CCCN(C)CCCN)C(=O)NC(C)(C)C,10.448431,2
CCCCCCCC/C=C\CCCCCCCC(=O)N(CCCCCOC(=O)C(CCCCCC)CCCCCCCC)C(CCCN(C)CCCN)C(=O)NC(C)(C)CC(C)(C)C,10.447267,2
CCCCCCCC/C=C\CCCCCCCC(=O)N(CCCCCOC(=O)C(CCCCCC)CCCCCCCC)C(CCCN(C)CCCN)C(=O)NC12C[C@H]3C[C@@H](C1)C[C@@H](C2)C3,10.442093,2
CCCCCCCC/C=C\CCCCCCCC(=O)N(CCCCCOC(=O)C(CCCCCC)CCCCCCCC)C(CCCN(C)CCCN)C(=O)NC1CCCCC1,10.453443,2
CCCCCCCC/C=C\CCCCCCCC(=O)N(CCCCCOC(=O)C(CCCCCC)CCCCCCCC)C(CCCN(C)CCCN)C(=O)NCC(=O)OC,10.459411,2
CCCCCCCC/C=C\CCCCCCCC(=O)N(CCCCCOC(=O)C(CCCCCC)CCCCCCCC)C(CCCN(C)CCCN)C(=O)NCCN1CCOCC1,10.328744,3
CCCCCCCC/C=C\CCCCCCCC(=O)N(CCCCCOC(=O)C(CCCCCC)CCCCCCCC)C(CCCN(CC)CC)C(=O)NC(C)(C)C,10.3244705,1
CCCCCCCC/C=C\CCCCCCCC(=O)N(CCCCCOC(=O)C(CCCCCC)CCCCCCCC)C(CCCN(CC)CC)C(=O)NC(C)(C)CC(C)(C)C,10.305924,1
CCCCCCCC/C=C\CCCCCCCC(=O)N(CCCCCOC(=O)C(CCCCCC)CCCCCCCC)C(CCCN(CC)CC)C(=O)NC12C[C@H]3C[C@@H](C1)C[C@@H](C2)C3,10.351735,1
CCCCCCCC/C=C\CCCCCCCC(=O)N(CCCCCOC(=O)C(CCCCCC)CCCCCCCC)C(CCCN(CC)CC)C(=O)NC1CCCCC1,10.3205,1
CCCCCCCC/C=C\CCCCCCCC(=O)N(CCCCCOC(=O)C(CCCCCC)CCCCCCCC)C(CCCN(CC)CC)C(=O)NCC(=O)OC,10.263398,1
CCCCCCCC/C=C\CCCCCCCC(=O)N(CCCCCOC(=O)C(CCCCCC)CCCCCCCC)C(CCCN(CC)CC)C(=O)NCCN1CCOCC1,9.594298,2
CCCCCCCC/C=C\CCCCCCCC(=O)N(CCCCCOC(=O)C(CCCCCC)CCCCCCCC)C(CCCN(CCCC)CCCC)C(=O)NC(C)(C)C,9.907679,1
CCCCCCCC/C=C\CCCCCCCC(=O)N(CCCCCOC(=O)C(CCCCCC)CCCCCCCC)C(CCCN(CCCC)CCCC)C(=O)NC(C)(C)CC(C)(C)C,9.890415,1
CCCCCCCC/C=C\CCCCCCCC(=O)N(CCCCCOC(=O)C(CCCCCC)CCCCCCCC)C(CCCN(CCCC)CCCC)C(=O)NC12C[C@H]3C[C@@H](C1)C[C@@H](C2)C3,9.921799,1
CCCCCCCC/C=C\CCCCCCCC(=O)N(CCCCCOC(=O)C(CCCCCC)CCCCCCCC)C(CCCN(CCCC)CCCC)C(=O)NC1CCCCC1,9.914454,1
CCCCCCCC/C=C\CCCCCCCC(=O)N(CCCCCOC(=O)C(CCCCCC)CCCCCCCC)C(CCCN(CCCC)CCCC)C(=O)NCC(=O)OC,9.886199,1
CCCCCCCC/C=C\CCCCCCCC(=O)N(CCCCCOC(=O)C(CCCCCC)CCCCCCCC)C(CCCN(CCCC)CCCC)C(=O)NCCN1CCOCC1,9.856114,2
CCCCCCCC/C=C\CCCCCCCC(=O)N(CCCCCOC(=O)C(CCCCCC)CCCCCCCC)C(CCCN1CCCC1)C(=O)NC(C)(C)C,10.483794,1
CCCCCCCC/C=C\CCCCCCCC(=O)N(CCCCCOC(=O)C(CCCCCC)CCCCCCCC)C(CCCN1CCCC1)C(=O)NC(C)(C)CC(C)(C)C,10.463174,1
CCCCCCCC/C=C\CCCCCCCC(=O)N(CCCCCOC(=O)C(CCCCCC)CCCCCCCC)C(CCCN1CCCC1)C(=O)NC12C[C@H]3C[C@@H](C1)C[C@@H](C2)C3,10.505555,1
CCCCCCCC/C=C\CCCCCCCC(=O)N(CCCCCOC(=O)C(CCCCCC)CCCCCCCC)C(CCCN1CCCC1)C(=O)NC1CCCCC1,10.501414,1
CCCCCCCC/C=C\CCCCCCCC(=O)N(CCCCCOC(=O)C(CCCCCC)CCCCCCCC)C(CCCN1CCCC1)C(=O)NCC(=O)OC,10.443971,1
CCCCCCCC/C=C\CCCCCCCC(=O)N(CCCCCOC(=O)C(CCCCCC)CCCCCCCC)C(CCCN1CCCC1)C(=O)NCCN1CCOCC1,10.361228,2
CCCCCCCC/C=C\CCCCCCCC(=O)N(CCCCCOC(=O)C(CCCCCC)CCCCCCCC)C(CCCN1CCOCC1)C(=O)NC(C)(C)C,7.545381,1
CCCCCCCC/C=C\CCCCCCCC(=O)N(CCCCCOC(=O)C(CCCCCC)CCCCCCCC)C(CCCN1CCOCC1)C(=O)NC(C)(C)CC(C)(C)C,7.515813,1
CCCCCCCC/C=C\CCCCCCCC(=O)N(CCCCCOC(=O)C(CCCCCC)CCCCCCCC)C(CCCN1CCOCC1)C(=O)NC12C[C@H]3C[C@@H](C1)C[C@@H](C2)C3,7.544874,1
CCCCCCCC/C=C\CCCCCCCC(=O)N(CCCCCOC(=O)C(CCCCCC)CCCCCCCC)C(CCCN1CCOCC1)C(=O)NC1CCCCC1,7.546247,1
CCCCCCCC/C=C\CCCCCCCC(=O)N(CCCCCOC(=O)C(CCCCCC)CCCCCCCC)C(CCCN1CCOCC1)C(=O)NCC(=O)OC,7.5176473,1
CCCCCCCC/C=C\CCCCCCCC(=O)N(CCCCCOC(=O)C(CCCCCC)CCCCCCCC)C(CCCN1CCOCC1)C(=O)NCCN1CCOCC1,7.716492,2
CCCCCCCC/C=C\CCCCCCCC(=O)N(CCCCCOC(=O)C(CCCCCC)CCCCCCCC)C(CCN(C(C)C)C(C)C)C(=O)NC(C)(C)C,10.168342,1
CCCCCCCC/C=C\CCCCCCCC(=O)N(CCCCCOC(=O)C(CCCCCC)CCCCCCCC)C(CCN(C(C)C)C(C)C)C(=O)NC(C)(C)CC(C)(C)C,10.10711,1
CCCCCCCC/C=C\CCCCCCCC(=O)N(CCCCCOC(=O)C(CCCCCC)CCCCCCCC)C(CCN(C(C)C)C(C)C)C(=O)NC12C[C@H]3C[C@@H](C1)C[C@@H](C2)C3,10.277344,1
CCCCCCCC/C=C\CCCCCCCC(=O)N(CCCCCOC(=O)C(CCCCCC)CCCCCCCC)C(CCN(C(C)C)C(C)C)C(=O)NC1CCCCC1,10.217533,1
CCCCCCCC/C=C\CCCCCCCC(=O)N(CCCCCOC(=O)C(CCCCCC)CCCCCCCC)C(CCN(C(C)C)C(C)C)C(=O)NCC(=O)OC,10.10575,1
CCCCCCCC/C=C\CCCCCCCC(=O)N(CCCCCOC(=O)C(CCCCCC)CCCCCCCC)C(CCN(C(C)C)C(C)C)C(=O)NCCN1CCOCC1,9.6277,2
CCCCCCCC/C=C\CCCCCCCC(=O)N(CCCCCOC(=O)C(CCCCCC)CCCCCCCC)C(CCN(C)C)C(=O)NC(C)(C)C,9.131654,1
CCCCCCCC/C=C\CCCCCCCC(=O)N(CCCCCOC(=O)C(CCCCCC)CCCCCCCC)C(CCN(C)C)C(=O)NC(C)(C)CC(C)(C)C,9.108182,1
CCCCCCCC/C=C\CCCCCCCC(=O)N(CCCCCOC(=O)C(CCCCCC)CCCCCCCC)C(CCN(C)C)C(=O)NC12C[C@H]3C[C@@H](C1)C[C@@H](C2)C3,9.256339,1
CCCCCCCC/C=C\CCCCCCCC(=O)N(CCCCCOC(=O)C(CCCCCC)CCCCCCCC)C(CCN(C)C)C(=O)NC1CCCCC1,9.172202,1
CCCCCCCC/C=C\CCCCCCCC(=O)N(CCCCCOC(=O)C(CCCCCC)CCCCCCCC)C(CCN(C)C)C(=O)NCC(=O)OC,9.100965,1
CCCCCCCC/C=C\CCCCCCCC(=O)N(CCCCCOC(=O)C(CCCCCC)CCCCCCCC)C(CCN(C)C)C(=O)NCCN1CCOCC1,9.201541,2
CCCCCCCC/C=C\CCCCCCCC(=O)N(CCCCCOC(=O)C(CCCCCC)CCCCCCCC)C(CCN(CC)CC)C(=O)NC(C)(C)C,9.745753,1
CCCCCCCC/C=C\CCCCCCCC(=O)N(CCCCCOC(=O)C(CCCCCC)CCCCCCCC)C(CCN(CC)CC)C(=O)NC(C)(C)CC(C)(C)C,9.703524,1
CCCCCCCC/C=C\CCCCCCCC(=O)N(CCCCCOC(=O)C(CCCCCC)CCCCCCCC)C(CCN(CC)CC)C(=O)NC12C[C@H]3C[C@@H](C1)C[C@@H](C2)C3,9.866578,1
CCCCCCCC/C=C\CCCCCCCC(=O)N(CCCCCOC(=O)C(CCCCCC)CCCCCCCC)C(CCN(CC)CC)C(=O)NC1CCCCC1,9.787664,1
CCCCCCCC/C=C\CCCCCCCC(=O)N(CCCCCOC(=O)C(CCCCCC)CCCCCCCC)C(CCN(CC)CC)C(=O)NCC(=O)OC,9.708395,1
CCCCCCCC/C=C\CCCCCCCC(=O)N(CCCCCOC(=O)C(CCCCCC)CCCCCCCC)C(CCN(CC)CC)C(=O)NCCN1CCOCC1,9.492877,2
CCCCCCCC/C=C\CCCCCCCC(=O)N(CCCCCOC(=O)C(CCCCCC)CCCCCCCC)C(CCN(CCN)CCN)C(=O)NC(C)(C)C,9.859015,3
CCCCCCCC/C=C\CCCCCCCC(=O)N(CCCCCOC(=O)C(CCCCCC)CCCCCCCC)C(CCN(CCN)CCN)C(=O)NC(C)(C)CC(C)(C)C,9.85034,3
CCCCCCCC/C=C\CCCCCCCC(=O)N(CCCCCOC(=O)C(CCCCCC)CCCCCCCC)C(CCN(CCN)CCN)C(=O)NC12C[C@H]3C[C@@H](C1)C[C@@H](C2)C3,9.858519,3
CCCCCCCC/C=C\CCCCCCCC(=O)N(CCCCCOC(=O)C(CCCCCC)CCCCCCCC)C(CCN(CCN)CCN)C(=O)NC1CCCCC1,9.873203,3
CCCCCCCC/C=C\CCCCCCCC(=O)N(CCCCCOC(=O)C(CCCCCC)CCCCCCCC)C(CCN(CCN)CCN)C(=O)NCC(=O)OC,9.844442,3
CCCCCCCC/C=C\CCCCCCCC(=O)N(CCCCCOC(=O)C(CCCCCC)CCCCCCCC)C(CCN(CCN)CCN)C(=O)NCCN1CCOCC1,9.78873,4
CCCCCCCC/C=C\CCCCCCCC(=O)N(CCCCCOC(=O)C(CCCCCC)CCCCCCCC)C(CCN1CCCC1)C(=O)NC(C)(C)C,9.9107485,1
CCCCCCCC/C=C\CCCCCCCC(=O)N(CCCCCOC(=O)C(CCCCCC)CCCCCCCC)C(CCN1CCCC1)C(=O)NC(C)(C)CC(C)(C)C,9.882804,1
CCCCCCCC/C=C\CCCCCCCC(=O)N(CCCCCOC(=O)C(CCCCCC)CCCCCCCC)C(CCN1CCCC1)C(=O)NC12C[C@H]3C[C@@H](C1)C[C@@H](C2)C3,9.958751,1
CCCCCCCC/C=C\CCCCCCCC(=O)N(CCCCCOC(=O)C(CCCCCC)CCCCCCCC)C(CCN1CCCC1)C(=O)NC1CCCCC1,9.952875,1
CCCCCCCC/C=C\CCCCCCCC(=O)N(CCCCCOC(=O)C(CCCCCC)CCCCCCCC)C(CCN1CCCC1)C(=O)NCC(=O)OC,9.8594055,1
CCCCCCCC/C=C\CCCCCCCC(=O)N(CCCCCOC(=O)C(CCCCCC)CCCCCCCC)C(CCN1CCCC1)C(=O)NCCN1CCOCC1,10.154507,2
CCCCCCCC/C=C\CCCCCCCC(=O)N(CCCCCOC(=O)C(CCCCCC)CCCCCCCC)C(CCN1CCCCC1)C(=O)NC(C)(C)C,9.286081,1
CCCCCCCC/C=C\CCCCCCCC(=O)N(CCCCCOC(=O)C(CCCCCC)CCCCCCCC)C(CCN1CCCCC1)C(=O)NC(C)(C)CC(C)(C)C,9.256525,1
CCCCCCCC/C=C\CCCCCCCC(=O)N(CCCCCOC(=O)C(CCCCCC)CCCCCCCC)C(CCN1CCCCC1)C(=O)NC12C[C@H]3C[C@@H](C1)C[C@@H](C2)C3,9.30536,1
CCCCCCCC/C=C\CCCCCCCC(=O)N(CCCCCOC(=O)C(CCCCCC)CCCCCCCC)C(CCN1CCCCC1)C(=O)NC1CCCCC1,9.312065,1
CCCCCCCC/C=C\CCCCCCCC(=O)N(CCCCCOC(=O)C(CCCCCC)CCCCCCCC)C(CCN1CCCCC1)C(=O)NCC(=O)OC,9.248804,1
CCCCCCCC/C=C\CCCCCCCC(=O)N(CCCCCOC(=O)C(CCCCCC)CCCCCCCC)C(CCN1CCCCC1)C(=O)NCCN1CCOCC1,9.436234,2
CCCCCCCC/C=C\CCCCCCCC(=O)N(CCCCCOC(=O)C(CCCCCC)CCCCCCCC)C(CCN1CCNCC1)C(=O)NC(C)(C)C,9.249754,2
CCCCCCCC/C=C\CCCCCCCC(=O)N(CCCCCOC(=O)C(CCCCCC)CCCCCCCC)C(CCN1CCNCC1)C(=O)NC(C)(C)CC(C)(C)C,9.237436,2
CCCCCCCC/C=C\CCCCCCCC(=O)N(CCCCCOC(=O)C(CCCCCC)CCCCCCCC)C(CCN1CCNCC1)C(=O)NC12C[C@H]3C[C@@H](C1)C[C@@H](C2)C3,9.245242,2
CCCCCCCC/C=C\CCCCCCCC(=O)N(CCCCCOC(=O)C(CCCCCC)CCCCCCCC)C(CCN1CCNCC1)C(=O)NC1CCCCC1,9.2668085,2
CCCCCCCC/C=C\CCCCCCCC(=O)N(CCCCCOC(=O)C(CCCCCC)CCCCCCCC)C(CCN1CCNCC1)C(=O)NCC(=O)OC,9.231717,2
CCCCCCCC/C=C\CCCCCCCC(=O)N(CCCCCOC(=O)C(CCCCCC)CCCCCCCC)C(CCN1CCNCC1)C(=O)NCCN1CCOCC1,9.307458,3
CCCCCCCC/C=C\CCCCCCCC(=O)N(CCCCCOC(=O)CCCCCCCCCCC)C(C(=O)NC(C)(C)C)C1CCN(C)CC1,9.2048855,1
CCCCCCCC/C=C\CCCCCCCC(=O)N(CCCCCOC(=O)CCCCCCCCCCC)C(C(=O)NC(C)(C)C)C1CCNCC1,10.305454,1
CCCCCCCC/C=C\CCCCCCCC(=O)N(CCCCCOC(=O)CCCCCCCCCCC)C(C(=O)NC(C)(C)C)N(C)C,5.598373,1
CCCCCCCC/C=C\CCCCCCCC(=O)N(CCCCCOC(=O)CCCCCCCCCCC)C(C(=O)NC(C)(C)C)N1CCCCC1,6.978102,1
CCCCCCCC/C=C\CCCCCCCC(=O)N(CCCCCOC(=O)CCCCCCCCCCC)C(C(=O)NC(C)(C)C)N1CCOCC1,4.616969,1
CCCCCCCC/C=C\CCCCCCCC(=O)N(CCCCCOC(=O)CCCCCCCCCCC)C(C(=O)NC(C)(C)C)c1cc(C)nn1C,,0
CCCCCCCC/C=C\CCCCCCCC(=O)N(CCCCCOC(=O)CCCCCCCCCCC)C(C(=O)NC(C)(C)CC(C)(C)C)C1CCN(C)CC1,9.184214,1
CCCCCCCC/C=C\CCCCCCCC(=O)N(CCCCCOC(=O)CCCCCCCCCCC)C(C(=O)NC(C)(C)CC(C)(C)C)C1CCNCC1,10.270352,1
CCCCCCCC/C=C\CCCCCCCC(=O)N(CCCCCOC(=O)CCCCCCCCCCC)C(C(=O)NC(C)(C)CC(C)(C)C)N(C)C,5.621282,1
CCCCCCCC/C=C\CCCCCCCC(=O)N(CCCCCOC(=O)CCCCCCCCCCC)C(C(=O)NC(C)(C)CC(C)(C)C)N1CCCCC1,6.9820623,1
CCCCCCCC/C=C\CCCCCCCC(=O)N(CCCCCOC(=O)CCCCCCCCCCC)C(C(=O)NC(C)(C)CC(C)(C)C)N1CCOCC1,4.623485,1
CCCCCCCC/C=C\CCCCCCCC(=O)N(CCCCCOC(=O)CCCCCCCCCCC)C(C(=O)NC(C)(C)CC(C)(C)C)c1cc(C)nn1C,,0
CCCCCCCC/C=C\CCCCCCCC(=O)N(CCCCCOC(=O)CCCCCCCCCCC)C(C(=O)NC12C[C@H]3C[C@@H](C1)C[C@@H](C2)C3)C1CCN(C)CC1,9.211425,1
CCCCCCCC/C=C\CCCCCCCC(=O)N(CCCCCOC(=O)CCCCCCCCCCC)C(C(=O)NC12C[C@H]3C[C@@H](C1)C[C@@H](C2)C3)C1CCNCC1,10.32568,1
CCCCCCCC/C=C\CCCCCCCC(=O)N(CCCCCOC(=O)CCCCCCCCCCC)C(C(=O)NC12C[C@H]3C[C@@H](C1)C[C@@H](C2)C3)N(C)C,5.6439185,1
CCCCCCCC/C=C\CCCCCCCC(=O)N(CCCCCOC(=O)CCCCCCCCCCC)C(C(=O)NC12C[C@H]3C[C@@H](C1)C[C@@H](C2)C3)N1CCCCC1,6.8700914,1
CCCCCCCC/C=C\CCCCCCCC(=O)N(CCCCCOC(=O)CCCCCCCCCCC)C(C(=O)NC12C[C@H]3C[C@@H](C1)C[C@@H](C2)C3)N1CCOCC1,4.622595,1
CCCCCCCC/C=C\CCCCCCCC(=O)N(CCCCCOC(=O)CCCCCCCCCCC)C(C(=O)NC12C[C@H]3C[C@@H](C1)C[C@@H](C2)C3)c1cc(C)nn1C,,0
CCCCCCCC/C=C\CCCCCCCC(=O)N(CCCCCOC(=O)CCCCCCCCCCC)C(C(=O)NC1CCCCC1)C1CCN(C)CC1,9.220494,1
CCCCCCCC/C=C\CCCCCCCC(=O)N(CCCCCOC(=O)CCCCCCCCCCC)C(C(=O)NC1CCCCC1)C1CCNCC1,10.323228,1
CCCCCCCC/C=C\CCCCCCCC(=O)N(CCCCCOC(=O)CCCCCCCCCCC)C(C(=O)NC1CCCCC1)N(C)C,5.6158214,1
CCCCCCCC/C=C\CCCCCCCC(=O)N(CCCCCOC(=O)CCCCCCCCCCC)C(C(=O)NC1CCCCC1)N1CCCCC1,7.05682,1
CCCCCCCC/C=C\CCCCCCCC(=O)N(CCCCCOC(=O)CCCCCCCCCCC)C(C(=O)NC1CCCCC1)N1CCOCC1,4.601772,1
CCCCCCCC/C=C\CCCCCCCC(=O)N(CCCCCOC(=O)CCCCCCCCCCC)C(C(=O)NC1CCCCC1)c1cc(C)nn1C,,0
CCCCCCCC/C=C\CCCCCCCC(=O)N(CCCCCOC(=O)CCCCCCCCCCC)C(C(=O)NCC(=O)OC)C1CCN(C)CC1,9.15638,1
CCCCCCCC/C=C\CCCCCCCC(=O)N(CCCCCOC(=O)CCCCCCCCCCC)C(C(=O)NCC(=O)OC)C1CCNCC1,10.242986,1
CCCCCCCC/C=C\CCCCCCCC(=O)N(CCCCCOC(=O)CCCCCCCCCCC)C(C(=O)NCC(=O)OC)N(C)C,5.3681197,1
CCCCCCCC/C=C\CCCCCCCC(=O)N(CCCCCOC(=O)CCCCCCCCCCC)C(C(=O)NCC(=O)OC)N1CCCCC1,6.8966584,1
CCCCCCCC/C=C\CCCCCCCC(=O)N(CCCCCOC(=O)CCCCCCCCCCC)C(C(=O)NCC(=O)OC)N1CCOCC1,4.388053,1
CCCCCCCC/C=C\CCCCCCCC(=O)N(CCCCCOC(=O)CCCCCCCCCCC)C(C(=O)NCC(=O)OC)c1cc(C)nn1C,,0
CCCCCCCC/C=C\CCCCCCCC(=O)N(CCCCCOC(=O)CCCCCCCCCCC)C(C(=O)NCCN1CCOCC1)C1CCN(C)CC1,9.269263,2
CCCCCCCC/C=C\CCCCCCCC(=O)N(CCCCCOC(=O)CCCCCCCCCCC)C(C(=O)NCCN1CCOCC1)C1CCNCC1,9.902597,2
CCCCCCCC/C=C\CCCCCCCC(=O)N(CCCCCOC(=O)CCCCCCCCCCC)C(C(=O)NCCN1CCOCC1)N(C)C,6.8018312,2
CCCCCCCC/C=C\CCCCCCCC(=O)N(CCCCCOC(=O)CCCCCCCCCCC)C(C(=O)NCCN1CCOCC1)N1CCCCC1,7.3772964,2
CCCCCCCC/C=C\CCCCCCCC(=O)N(CCCCCOC(=O)CCCCCCCCCCC)C(C(=O)NCCN1CCOCC1)N1CCOCC1,6.855226,2
CCCCCCCC/C=C\CCCCCCCC(=O)N(CCCCCOC(=O)CCCCCCCCCCC)C(C(=O)NCCN1CCOCC1)c1cc(C)nn1C,6.678476,2
CCCCCCCC/C=C\CCCCCCCC(=O)N(CCCCCOC(=O)CCCCCCCCCCC)C(CC1CCCN1CC)C(=O)NC(C)(C)C,10.100307,1
CCCCCCCC/C=C\CCCCCCCC(=O)N(CCCCCOC(=O)CCCCCCCCCCC)C(CC1CCCN1CC)C(=O)NC(C)(C)CC(C)(C)C,10.065659,1
CCCCCCCC/C=C\CCCCCCCC(=O)N(CCCCCOC(=O)CCCCCCCCCCC)C(CC1CCCN1CC)C(=O)NC12C[C@H]3C[C@@H](C1)C[C@@H](C2)C3,10.125311,1
CCCCCCCC/C=C\CCCCCCCC(=O)N(CCCCCOC(=O)CCCCCCCCCCC)C(CC1CCCN1CC)C(=O)NC1CCCCC1,10.146958,1
CCCCCCCC/C=C\CCCCCCCC(=O)N(CCCCCOC(=O)CCCCCCCCCCC)C(CC1CCCN1CC)C(=O)NCC(=O)OC,10.031667,1
CCCCCCCC/C=C\CCCCCCCC(=O)N(CCCCCOC(=O)CCCCCCCCCCC)C(CC1CCCN1CC)C(=O)NCCN1CCOCC1,10.196144,2
CCCCCCCC/C=C\CCCCCCCC(=O)N(CCCCCOC(=O)CCCCCCCCCCC)C(CCCN(C)C)C(=O)NC(C)(C)C,9.71622,1
CCCCCCCC/C=C\CCCCCCCC(=O)N(CCCCCOC(=O)CCCCCCCCCCC)C(CCCN(C)C)C(=O)NC(C)(C)CC(C)(C)C,9.719578,1
CCCCCCCC/C=C\CCCCCCCC(=O)N(CCCCCOC(=O)CCCCCCCCCCC)C(CCCN(C)C)C(=O)NC12C[C@H]3C[C@@H](C1)C[C@@H](C2)C3,9.759917,1
CCCCCCCC/C=C\CCCCCCCC(=O)N(CCCCCOC(=O)CCCCCCCCCCC)C(CCCN(C)C)C(=O)NC1CCCCC1,9.709173,1
CCCCCCCC/C=C\CCCCCCCC(=O)N(CCCCCOC(=O)CCCCCCCCCCC)C(CCCN(C)C)C(=O)NCC(=O)OC,9.677614,1
CCCCCCCC/C=C\CCCCCCCC(=O)N(CCCCCOC(=O)CCCCCCCCCCC)C(CCCN(C)C)C(=O)NCCN1CCOCC1,9.4187,2
CCCCCCCC/C=C\CCCCCCCC(=O)N(CCCCCOC(=O)CCCCCCCCCCC)C(CCCN(C)CCCN)C(=O)NC(C)(C)C,10.448348,2
CCCCCCCC/C=C\CCCCCCCC(=O)N(CCCCCOC(=O)CCCCCCCCCCC)C(CCCN(C)CCCN)C(=O)NC(C)(C)CC(C)(C)C,10.447183,2
CCCCCCCC/C=C\CCCCCCCC(=O)N(CCCCCOC(=O)CCCCCCCCCCC)C(CCCN(C)CCCN)C(=O)NC12C[C@H]3C[C@@H](C1)C[C@@H](C2)C3,10.441991,2
CCCCCCCC/C=C\CCCCCCCC(=O)N(CCCCCOC(=O)CCCCCCCCCCC)C(CCCN(C)CCCN)C(=O)NC1CCCCC1,10.453377,2
CCCCCCCC/C=C\CCCCCCCC(=O)N(CCCCCOC(=O)CCCCCCCCCCC)C(CCCN(C)CCCN)C(=O)NCC(=O)OC,10.459368,2
CCCCCCCC/C=C\CCCCCCCC(=O)N(CCCCCOC(=O)CCCCCCCCCCC)C(CCCN(C)CCCN)C(=O)NCCN1CCOCC1,10.324667,3
CCCCCCCC/C=C\CCCCCCCC(=O)N(CCCCCOC(=O)CCCCCCCCCCC)C(CCCN(CC)CC)C(=O)NC(C)(C)C,10.280612,1
CCCCCCCC/C=C\CCCCCCCC(=O)N(CCCCCOC(=O)CCCCCCCCCCC)C(CCCN(CC)CC)C(=O)NC(C)(C)CC(C)(C)C,10.263796,1
CCCCCCCC/C=C\CCCCCCCC(=O)N(CCCCCOC(=O)CCCCCCCCCCC)C(CCCN(CC)CC)C(=O)NC12C[C@H]3C[C@@H](C1)C[C@@H](C2)C3,10.3140135,1
CCCCCCCC/C=C\CCCCCCCC(=O)N(CCCCCOC(=O)CCCCCCCCCCC)C(CCCN(CC)CC)C(=O)NC1CCCCC1,10.275703,1
CCCCCCCC/C=C\CCCCCCCC(=O)N(CCCCCOC(=O)CCCCCCCCCCC)C(CCCN(CC)CC)C(=O)NCC(=O)OC,10.219048,1
CCCCCCCC/C=C\CCCCCCCC(=O)N(CCCCCOC(=O)CCCCCCCCCCC)C(CCCN(CC)CC)C(=O)NCCN1CCOCC1,9.588841,2
CCCCCCCC/C=C\CCCCCCCC(=O)N(CCCCCOC(=O)CCCCCCCCCCC)C(CCCN(CCCC)CCCC)C(=O)NC(C)(C)C,9.908759,1
CCCCCCCC/C=C\CCCCCCCC(=O)N(CCCCCOC(=O)CCCCCCCCCCC)C(CCCN(CCCC)CCCC)C(=O)NC(C)(C)CC(C)(C)C,9.881937,1
CCCCCCCC/C=C\CCCCCCCC(=O)N(CCCCCOC(=O)CCCCCCCCCCC)C(CCCN(CCCC)CCCC)C(=O)NC12C[C@H]3C[C@@H](C1)C[C@@H](C2)C3,9.914148,1
CCCCCCCC/C=C\CCCCCCCC(=O)N(CCCCCOC(=O)CCCCCCCCCCC)C(CCCN(CCCC)CCCC)C(=O)NC1CCCCC1,9.914931,1
CCCCCCCC/C=C\CCCCCCCC(=O)N(CCCCCOC(=O)CCCCCCCCCCC)C(CCCN(CCCC)CCCC)C(=O)NCC(=O)OC,9.886975,1
CCCCCCCC/C=C\CCCCCCCC(=O)N(CCCCCOC(=O)CCCCCCCCCCC)C(CCCN(CCCC)CCCC)C(=O)NCCN1CCOCC1,9.85318,2
CCCCCCCC/C=C\CCCCCCCC(=O)N(CCCCCOC(=O)CCCCCCCCCCC)C(CCCN1CCCC1)C(=O)NC(C)(C)C,10.475854,1
CCCCCCCC/C=C\CCCCCCCC(=O)N(CCCCCOC(=O)CCCCCCCCCCC)C(CCCN1CCCC1)C(=O)NC(C)(C)CC(C)(C)C,10.454343,1
CCCCCCCC/C=C\CCCCCCCC(=O)N(CCCCCOC(=O)CCCCCCCCCCC)C(CCCN1CCCC1)C(=O)NC12C[C@H]3C[C@@H](C1)C[C@@H](C2)C3,10.499882,1
CCCCCCCC/C=C\CCCCCCCC(=O)N(CCCCCOC(=O)CCCCCCCCCCC)C(CCCN1CCCC1)C(=O)NC1CCCCC1,10.495507,1
CCCCCCCC/C=C\CCCCCCCC(=O)N(CCCCCOC(=O)CCCCCCCCCCC)C(CCCN1CCCC1)C(=O)NCC(=O)OC,10.43705,1
CCCCCCCC/C=C\CCCCCCCC(=O)N(CCCCCOC(=O)CCCCCCCCCCC)C(CCCN1CCCC1)C(=O)NCCN1CCOCC1,10.356693,2
CCCCCCCC/C=C\CCCCCCCC(=O)N(CCCCCOC(=O)CCCCCCCCCCC)C(CCCN1CCOCC1)C(=O)NC(C)(C)C,7.5327587,1
CCCCCCCC/C=C\CCCCCCCC(=O)N(CCCCCOC(=O)CCCCCCCCCCC)C(CCCN1CCOCC1)C(=O)NC(C)(C)CC(C)(C)C,7.5025105,1
CCCCCCCC/C=C\CCCCCCCC(=O)N(CCCCCOC(=O)CCCCCCCCCCC)C(CCCN1CCOCC1)C(=O)NC12C[C@H]3C[C@@H](C1)C[C@@H](C2)C3,7.532095,1
CCCCCCCC/C=C\CCCCCCCC(=O)N(CCCCCOC(=O)CCCCCCCCCCC)C(CCCN1CCOCC1)C(=O)NC1CCCCC1,7.5337033,1
CCCCCCCC/C=C\CCCCCCCC(=O)N(CCCCCOC(=O)CCCCCCCCCCC)C(CCCN1CCOCC1)C(=O)NCC(=O)OC,7.5043945,1
CCCCCCCC/C=C\CCCCCCCC(=O)N(CCCCCOC(=O)CCCCCCCCCCC)C(CCCN1CCOCC1)C(=O)NCCN1CCOCC1,7.7102532,2
CCCCCCCC/C=C\CCCCCCCC(=O)N(CCCCCOC(=O)CCCCCCCCCCC)C(CCN(C(C)C)C(C)C)C(=O)NC(C)(C)C,10.124608,1
CCCCCCCC/C=C\CCCCCCCC(=O)N(CCCCCOC(=O)CCCCCCCCCCC)C(CCN(C(C)C)C(C)C)C(=O)NC(C)(C)CC(C)(C)C,10.062713,1
CCCCCCCC/C=C\CCCCCCCC(=O)N(CCCCCOC(=O)CCCCCCCCCCC)C(CCN(C(C)C)C(C)C)C(=O)NC12C[C@H]3C[C@@H](C1)C[C@@H](C2)C3,10.23458,1
CCCCCCCC/C=C\CCCCCCCC(=O)N(CCCCCOC(=O)CCCCCCCCCCC)C(CCN(C(C)C)C(C)C)C(=O)NC1CCCCC1,10.174478,1
CCCCCCCC/C=C\CCCCCCCC(=O)N(CCCCCOC(=O)CCCCCCCCCCC)C(CCN(C(C)C)C(C)C)C(=O)NCC(=O)OC,10.0591955,1
CCCCCCCC/C=C\CCCCCCCC(=O)N(CCCCCOC(=O)CCCCCCCCCCC)C(CCN(C(C)C)C(C)C)C(=O)NCCN1CCOCC1,9.618645,2
CCCCCCCC/C=C\CCCCCCCC(=O)N(CCCCCOC(=O)CCCCCCCCCCC)C(CCN(C)C)C(=O)NC(C)(C)C,9.099033,1
CCCCCCCC/C=C\CCCCCCCC(=O)N(CCCCCOC(=O)CCCCCCCCCCC)C(CCN(C)C)C(=O)NC(C)(C)CC(C)(C)C,9.073866,1
CCCCCCCC/C=C\CCCCCCCC(=O)N(CCCCCOC(=O)CCCCCCCCCCC)C(CCN(C)C)C(=O)NC12C[C@H]3C[C@@H](C1)C[C@@H](C2)C3,9.222232,1
CCCCCCCC/C=C\CCCCCCCC(=O)N(CCCCCOC(=O)CCCCCCCCCCC)C(CCN(C)C)C(=O)NC1CCCCC1,9.136636,1
CCCCCCCC/C=C\CCCCCCCC(=O)N(CCCCCOC(=O)CCCCCCCCCCC)C(CCN(C)C)C(=O)NCC(=O)OC,9.063913,1
CCCCCCCC/C=C\CCCCCCCC(=O)N(CCCCCOC(=O)CCCCCCCCCCC)C(CCN(C)C)C(=O)NCCN1CCOCC1,9.192249,2
CCCCCCCC/C=C\CCCCCCCC(=O)N(CCCCCOC(=O)CCCCCCCCCCC)C(CCN(CC)CC)C(=O)NC(C)(C)C,9.701797,1
CCCCCCCC/C=C\CCCCCCCC(=O)N(CCCCCOC(=O)CCCCCCCCCCC)C(CCN(CC)CC)C(=O)NC(C)(C)CC(C)(C)C,9.658701,1
CCCCCCCC/C=C\CCCCCCCC(=O)N(CCCCCOC(=O)CCCCCCCCCCC)C(CCN(CC)CC)C(=O)NC12C[C@H]3C[C@@H](C1)C[C@@H](C2)C3,9.824744,1
CCCCCCCC/C=C\CCCCCCCC(=O)N(CCCCCOC(=O)CCCCCCCCCCC)C(CCN(CC)CC)C(=O)NC1CCCCC1,9.742924,1
CCCCCCCC/C=C\CCCCCCCC(=O)N(CCCCCOC(=O)CCCCCCCCCCC)C(CCN(CC)CC)C(=O)NCC(=O)OC,9.662065,1
CCCCCCCC/C=C\CCCCCCCC(=O)N(CCCCCOC(=O)CCCCCCCCCCC)C(CCN(CC)CC)C(=O)NCCN1CCOCC1,9.485289,2
CCCCCCCC/C=C\CCCCCCCC(=O)N(CCCCCOC(=O)CCCCCCCCCCC)C(CCN(CCN)CCN)C(=O)NC(C)(C)C,9.860197,3
CCCCCCCC/C=C\CCCCCCCC(=O)N(CCCCCOC(=O)CCCCCCCCCCC)C(CCN(CCN)CCN)C(=O)NC(C)(C)CC(C)(C)C,9.851494,3
CCCCCCCC/C=C\CCCCCCCC(=O)N(CCCCCOC(=O)CCCCCCCCCCC)C(CCN(CCN)CCN)C(=O)NC12C[C@H]3C[C@@H](C1)C[C@@H](C2)C3,9.85969,3
CCCCCCCC/C=C\CCCCCCCC(=O)N(CCCCCOC(=O)CCCCCCCCCCC)C(CCN(CCN)CCN)C(=O)NC1CCCCC1,9.874426,3
CCCCCCCC/C=C\CCCCCCCC(=O)N(CCCCCOC(=O)CCCCCCCCCCC)C(CCN(CCN)CCN)C(=O)NCC(=O)OC,9.845581,3
CCCCCCCC/C=C\CCCCCCCC(=O)N(CCCCCOC(=O)CCCCCCCCCCC)C(CCN(CCN)CCN)C(=O)NCCN1CCOCC1,9.789675,4
CCCCCCCC/C=C\CCCCCCCC(=O)N(CCCCCOC(=O)CCCCCCCCCCC)C(CCN1CCCC1)C(=O)NC(C)(C)C,9.901371,1
CCCCCCCC/C=C\CCCCCCCC(=O)N(CCCCCOC(=O)CCCCCCCCCCC)C(CCN1CCCC1)C(=O)NC(C)(C)CC(C)(C)C,9.873277,1
CCCCCCCC/C=C\CCCCCCCC(=O)N(CCCCCOC(=O)CCCCCCCCCCC)C(CCN1CCCC1)C(=O)NC12C[C@H]3C[C@@H](C1)C[C@@H](C2)C3,9.944563,1
CCCCCCCC/C=C\CCCCCCCC(=O)N(CCCCCOC(=O)CCCCCCCCCCC)C(CCN1CCCC1)C(=O)NC1CCCCC1,9.94346,1
CCCCCCCC/C=C\CCCCCCCC(=O)N(CCCCCOC(=O)CCCCCCCCCCC)C(CCN1CCCC1)C(=O)NCC(=O)OC,9.849108,1
CCCCCCCC/C=C\CCCCCCCC(=O)N(CCCCCOC(=O)CCCCCCCCCCC)C(CCN1CCCC1)C(=O)NCCN1CCOCC1,10.143987,2
CCCCCCCC/C=C\CCCCCCCC(=O)N(CCCCCOC(=O)CCCCCCCCCCC)C(CCN1CCCCC1)C(=O)NC(C)(C)C,9.272457,1
CCCCCCCC/C=C\CCCCCCCC(=O)N(CCCCCOC(=O)CCCCCCCCCCC)C(CCN1CCCCC1)C(=O)NC(C)(C)CC(C)(C)C,9.243808,1
CCCCCCCC/C=C\CCCCCCCC(=O)N(CCCCCOC(=O)CCCCCCCCCCC)C(CCN1CCCCC1)C(=O)NC12C[C@H]3C[C@@H](C1)C[C@@H](C2)C3,9.292073,1
CCCCCCCC/C=C\CCCCCCCC(=O)N(CCCCCOC(=O)CCCCCCCCCCC)C(CCN1CCCCC1)C(=O)NC1CCCCC1,9.2987175,1
CCCCCCCC/C=C\CCCCCCCC(=O)N(CCCCCOC(=O)CCCCCCCCCCC)C(CCN1CCCCC1)C(=O)NCC(=O)OC,9.234683,1
CCCCCCCC/C=C\CCCCCCCC(=O)N(CCCCCOC(=O)CCCCCCCCCCC)C(CCN1CCCCC1)C(=O)NCCN1CCOCC1,9.4307995,2
CCCCCCCC/C=C\CCCCCCCC(=O)N(CCCCCOC(=O)CCCCCCCCCCC)C(CCN1CCNCC1)C(=O)NC(C)(C)C,9.25282,2
CCCCCCCC/C=C\CCCCCCCC(=O)N(CCCCCOC(=O)CCCCCCCCCCC)C(CCN1CCNCC1)C(=O)NC(C)(C)CC(C)(C)C,9.239674,2
CCCCCCCC/C=C\CCCCCCCC(=O)N(CCCCCOC(=O)CCCCCCCCCCC)C(CCN1CCNCC1)C(=O)NC12C[C@H]3C[C@@H](C1)C[C@@H](C2)C3,9.247395,2
CCCCCCCC/C=C\CCCCCCCC(=O)N(CCCCCOC(=O)CCCCCCCCCCC)C(CCN1CCNCC1)C(=O)NC1CCCCC1,9.270024,2
CCCCCCCC/C=C\CCCCCCCC(=O)N(CCCCCOC(=O)CCCCCCCCCCC)C(CCN1CCNCC1)C(=O)NCC(=O)OC,9.234796,2
CCCCCCCC/C=C\CCCCCCCC(=O)N(CCCCCOC(=O)CCCCCCCCCCC)C(CCN1CCNCC1)C(=O)NCCN1CCOCC1,9.303581,3
CCCCCCCC/C=C\CCCCCCCN(C(=O)C(CCCCCC)CCCCCCCC)C(C(=O)NC(C)(C)C)C1CCN(C)CC1,9.177488,1
CCCCCCCC/C=C\CCCCCCCN(C(=O)C(CCCCCC)CCCCCCCC)C(C(=O)NC(C)(C)C)C1CCNCC1,10.262482,1
CCCCCCCC/C=C\CCCCCCCN(C(=O)C(CCCCCC)CCCCCCCC)C(C(=O)NC(C)(C)C)N(C)C,5.670099,1
CCCCCCCC/C=C\CCCCCCCN(C(=O)C(CCCCCC)CCCCCCCC)C(C(=O)NC(C)(C)C)N1CCCCC1,6.9789076,1
CCCCCCCC/C=C\CCCCCCCN(C(=O)C(CCCCCC)CCCCCCCC)C(C(=O)NC(C)(C)C)N1CCOCC1,4.6183705,1
CCCCCCCC/C=C\CCCCCCCN(C(=O)C(CCCCCC)CCCCCCCC)C(C(=O)NC(C)(C)C)c1cc(C)nn1C,,0
CCCCCCCC/C=C\CCCCCCCN(C(=O)C(CCCCCC)CCCCCCCC)C(C(=O)NC(C)(C)CC(C)(C)C)C1CCN(C)CC1,9.157731,1
CCCCCCCC/C=C\CCCCCCCN(C(=O)C(CCCCCC)CCCCCCCC)C(C(=O)NC(C)(C)CC(C)(C)C)C1CCNCC1,10.228941,1
CCCCCCCC/C=C\CCCCCCCN(C(=O)C(CCCCCC)CCCCCCCC)C(C(=O)NC(C)(C)CC(C)(C)C)N(C)C,5.690255,1
CCCCCCCC/C=C\CCCCCCCN(C(=O)C(CCCCCC)CCCCCCCC)C(C(=O)NC(C)(C)CC(C)(C)C)N1CCCCC1,6.9833426,1
CCCCCCCC/C=C\CCCCCCCN(C(=O)C(CCCCCC)CCCCCCCC)C(C(=O)NC(C)(C)CC(C)(C)C)N1CCOCC1,4.6259084,1
CCCCCCCC/C=C\CCCCCCCN(C(=O)C(CCCCCC)CCCCCCCC)C(C(=O)NC(C)(C)CC(C)(C)C)c1cc(C)nn1C,,0
CCCCCCCC/C=C\CCCCCCCN(C(=O)C(CCCCCC)CCCCCCCC)C(C(=O)NC12C[C@H]3C[C@@H](C1)C[C@@H](C2)C3)C1CCN(C)CC1,9.184783,1
CCCCCCCC/C=C\CCCCCCCN(C(=O)C(CCCCCC)CCCCCCCC)C(C(=O)NC12C[C@H]3C[C@@H](C1)C[C@@H](C2)C3)C1CCNCC1,10.282376,1
CCCCCCCC/C=C\CCCCCCCN(C(=O)C(CCCCCC)CCCCCCCC)C(C(=O)NC12C[C@H]3C[C@@H](C1)C[C@@H](C2)C3)N(C)C,5.690661,1
CCCCCCCC/C=C\CCCCCCCN(C(=O)C(CCCCCC)CCCCCCCC)C(C(=O)NC12C[C@H]3C[C@@H](C1)C[C@@H](C2)C3)N1CCCCC1,6.8666306,1
CCCCCCCC/C=C\CCCCCCCN(C(=O)C(CCCCCC)CCCCCCCC)C(C(=O)NC12C[C@H]3C[C@@H](C1)C[C@@H](C2)C3)N1CCOCC1,4.6102285,1
CCCCCCCC/C=C\CCCCCCCN(C(=O)C(CCCCCC)CCCCCCCC)C(C(=O)NC12C[C@H]3C[C@@H](C1)C[C@@H](C2)C3)c1cc(C)nn1C,,0
CCCCCCCC/C=C\CCCCCCCN(C(=O)C(CCCCCC)CCCCCCCC)C(C(=O)NC1CCCCC1)C1CCN(C)CC1,9.192986,1
CCCCCCCC/C=C\CCCCCCCN(C(=O)C(CCCCCC)CCCCCCCC)C(C(=O)NC1CCCCC1)C1CCNCC1,10.279126,1
CCCCCCCC/C=C\CCCCCCCN(C(=O)C(CCCCCC)CCCCCCCC)C(C(=O)NC1CCCCC1)N(C)C,5.679988,1
CCCCCCCC/C=C\CCCCCCCN(C(=O)C(CCCCCC)CCCCCCCC)C(C(=O)NC1CCCCC1)N1CCCCC1,7.0709624,1
CCCCCCCC/C=C\CCCCCCCN(C(=O)C(CCCCCC)CCCCCCCC)C(C(=O)NC1CCCCC1)N1CCOCC1,4.6056304,1
CCCCCCCC/C=C\CCCCCCCN(C(=O)C(CCCCCC)CCCCCCCC)C(C(=O)NC1CCCCC1)c1cc(C)nn1C,,0
CCCCCCCC/C=C\CCCCCCCN(C(=O)C(CCCCCC)CCCCCCCC)C(C(=O)NCC(=O)OC)C1CCN(C)CC1,9.129369,1
CCCCCCCC/C=C\CCCCCCCN(C(=O)C(CCCCCC)CCCCCCCC)C(C(=O)NCC(=O)OC)C1CCNCC1,10.199421,1
CCCCCCCC/C=C\CCCCCCCN(C(=O)C(CCCCCC)CCCCCCCC)C(C(=O)NCC(=O)OC)N(C)C,5.436631,1
CCCCCCCC/C=C\CCCCCCCN(C(=O)C(CCCCCC)CCCCCCCC)C(C(=O)NCC(=O)OC)N1CCCCC1,6.9001293,1
CCCCCCCC/C=C\CCCCCCCN(C(=O)C(CCCCCC)CCCCCCCC)C(C(=O)NCC(=O)OC)N1CCOCC1,4.386054,1
CCCCCCCC/C=C\CCCCCCCN(C(=O)C(CCCCCC)CCCCCCCC)C(C(=O)NCC(=O)OC)c1cc(C)nn1C,,0
CCCCCCCC/C=C\CCCCCCCN(C(=O)C(CCCCCC)CCCCCCCC)C(C(=O)NCCN1CCOCC1)C1CCN(C)CC1,9.255141,2
CCCCCCCC/C=C\CCCCCCCN(C(=O)C(CCCCCC)CCCCCCCC)C(C(=O)NCCN1CCOCC1)C1CCNCC1,9.881284,2
CCCCCCCC/C=C\CCCCCCCN(C(=O)C(CCCCCC)CCCCCCCC)C(C(=O)NCCN1CCOCC1)N(C)C,6.7835903,2
CCCCCCCC/C=C\CCCCCCCN(C(=O)C(CCCCCC)CCCCCCCC)C(C(=O)NCCN1CCOCC1)N1CCCCC1,7.4001036,2
CCCCCCCC/C=C\CCCCCCCN(C(=O)C(CCCCCC)CCCCCCCC)C(C(=O)NCCN1CCOCC1)N1CCOCC1,6.838479,2
CCCCCCCC/C=C\CCCCCCCN(C(=O)C(CCCCCC)CCCCCCCC)C(C(=O)NCCN1CCOCC1)c1cc(C)nn1C,6.669264,2
CCCCCCCC/C=C\CCCCCCCN(C(=O)C(CCCCCC)CCCCCCCC)C(CC1CCCN1CC)C(=O)NC(C)(C)C,10.100266,1
CCCCCCCC/C=C\CCCCCCCN(C(=O)C(CCCCCC)CCCCCCCC)C(CC1CCCN1CC)C(=O)NC(C)(C)CC(C)(C)C,10.065208,1
CCCCCCCC/C=C\CCCCCCCN(C(=O)C(CCCCCC)CCCCCCCC)C(CC1CCCN1CC)C(=O)NC12C[C@H]3C[C@@H](C1)C[C@@H](C2)C3,10.123284,1
CCCCCCCC/C=C\CCCCCCCN(C(=O)C(CCCCCC)CCCCCCCC)C(CC1CCCN1CC)C(=O)NC1CCCCC1,10.147482,1
CCCCCCCC/C=C\CCCCCCCN(C(=O)C(CCCCCC)CCCCCCCC)C(CC1CCCN1CC)C(=O)NCC(=O)OC,10.028833,1
CCCCCCCC/C=C\CCCCCCCN(C(=O)C(CCCCCC)CCCCCCCC)C(CC1CCCN1CC)C(=O)NCCN1CCOCC1,10.189488,2
CCCCCCCC/C=C\CCCCCCCN(C(=O)C(CCCCCC)CCCCCCCC)C(CCCN(C)C)C(=O)NC(C)(C)C,9.697585,1
CCCCCCCC/C=C\CCCCCCCN(C(=O)C(CCCCCC)CCCCCCCC)C(CCCN(C)C)C(=O)NC(C)(C)CC(C)(C)C,9.687349,1
CCCCCCCC/C=C\CCCCCCCN(C(=O)C(CCCCCC)CCCCCCCC)C(CCCN(C)C)C(=O)NC12C[C@H]3C[C@@H](C1)C[C@@H](C2)C3,9.718669,1
CCCCCCCC/C=C\CCCCCCCN(C(=O)C(CCCCCC)CCCCCCCC)C(CCCN(C)C)C(=O)NC1CCCCC1,9.689401,1
CCCCCCCC/C=C\CCCCCCCN(C(=O)C(CCCCCC)CCCCCCCC)C(CCCN(C)C)C(=O)NCC(=O)OC,9.656891,1
CCCCCCCC/C=C\CCCCCCCN(C(=O)C(CCCCCC)CCCCCCCC)C(CCCN(C)C)C(=O)NCCN1CCOCC1,9.40239,2
CCCCCCCC/C=C\CCCCCCCN(C(=O)C(CCCCCC)CCCCCCCC)C(CCCN(C)CCCN)C(=O)NC(C)(C)C,10.448184,2
CCCCCCCC/C=C\CCCCCCCN(C(=O)C(CCCCCC)CCCCCCCC)C(CCCN(C)CCCN)C(=O)NC(C)(C)CC(C)(C)C,10.447019,2
CCCCCCCC/C=C\CCCCCCCN(C(=O)C(CCCCCC)CCCCCCCC)C(CCCN(C)CCCN)C(=O)NC12C[C@H]3C[C@@H](C1)C[C@@H](C2)C3,10.441849,2
CCCCCCCC/C=C\CCCCCCCN(C(=O)C(CCCCCC)CCCCCCCC)C(CCCN(C)CCCN)C(=O)NC1CCCCC1,10.453195,2
CCCCCCCC/C=C\CCCCCCCN(C(=O)C(CCCCCC)CCCCCCCC)C(CCCN(C)CCCN)C(=O)NCC(=O)OC,10.459145,2
CCCCCCCC/C=C\CCCCCCCN(C(=O)C(CCCCCC)CCCCCCCC)C(CCCN(C)CCCN)C(=O)NCCN1CCOCC1,10.326021,3
CCCCCCCC/C=C\CCCCCCCN(C(=O)C(CCCCCC)CCCCCCCC)C(CCCN(CC)CC)C(=O)NC(C)(C)C,10.248093,1
CCCCCCCC/C=C\CCCCCCCN(C(=O)C(CCCCCC)CCCCCCCC)C(CCCN(CC)CC)C(=O)NC(C)(C)CC(C)(C)C,10.23291,1
CCCCCCCC/C=C\CCCCCCCN(C(=O)C(CCCCCC)CCCCCCCC)C(CCCN(CC)CC)C(=O)NC12C[C@H]3C[C@@H](C1)C[C@@H](C2)C3,10.27465,1
CCCCCCCC/C=C\CCCCCCCN(C(=O)C(CCCCCC)CCCCCCCC)C(CCCN(CC)CC)C(=O)NC1CCCCC1,10.236827,1
CCCCCCCC/C=C\CCCCCCCN(C(=O)C(CCCCCC)CCCCCCCC)C(CCCN(CC)CC)C(=O)NCC(=O)OC,10.189367,1
CCCCCCCC/C=C\CCCCCCCN(C(=O)C(CCCCCC)CCCCCCCC)C(CCCN(CC)CC)C(=O)NCCN1CCOCC1,9.570639,2
CCCCCCCC/C=C\CCCCCCCN(C(=O)C(CCCCCC)CCCCCCCC)C(CCCN(CCCC)CCCC)C(=O)NC(C)(C)C,9.909215,1
CCCCCCCC/C=C\CCCCCCCN(C(=O)C(CCCCCC)CCCCCCCC)C(CCCN(CCCC)CCCC)C(=O)NC(C)(C)CC(C)(C)C,9.879567,1
CCCCCCCC/C=C\CCCCCCCN(C(=O)C(CCCCCC)CCCCCCCC)C(CCCN(CCCC)CCCC)C(=O)NC12C[C@H]3C[C@@H](C1)C[C@@H](C2)C3,9.913704,1
CCCCCCCC/C=C\CCCCCCCN(C(=O)C(CCCCCC)CCCCCCCC)C(CCCN(CCCC)CCCC)C(=O)NC1CCCCC1,9.915328,1
CCCCCCCC/C=C\CCCCCCCN(C(=O)C(CCCCCC)CCCCCCCC)C(CCCN(CCCC)CCCC)C(=O)NCC(=O)OC,9.887524,1
CCCCCCCC/C=C\CCCCCCCN(C(=O)C(CCCCCC)CCCCCCCC)C(CCCN(CCCC)CCCC)C(=O)NCCN1CCOCC1,9.85069,2
CCCCCCCC/C=C\CCCCCCCN(C(=O)C(CCCCCC)CCCCCCCC)C(CCCN1CCCC1)C(=O)NC(C)(C)C,10.472661,1
CCCCCCCC/C=C\CCCCCCCN(C(=O)C(CCCCCC)CCCCCCCC)C(CCCN1CCCC1)C(=O)NC(C)(C)CC(C)(C)C,10.445765,1
CCCCCCCC/C=C\CCCCCCCN(C(=O)C(CCCCCC)CCCCCCCC)C(CCCN1CCCC1)C(=O)NC12C[C@H]3C[C@@H](C1)C[C@@H](C2)C3,10.4967375,1
CCCCCCCC/C=C\CCCCCCCN(C(=O)C(CCCCCC)CCCCCCCC)C(CCCN1CCCC1)C(=O)NC1CCCCC1,10.492342,1
CCCCCCCC/C=C\CCCCCCCN(C(=O)C(CCCCCC)CCCCCCCC)C(CCCN1CCCC1)C(=O)NCC(=O)OC,10.433534,1
CCCCCCCC/C=C\CCCCCCCN(C(=O)C(CCCCCC)CCCCCCCC)C(CCCN1CCCC1)C(=O)NCCN1CCOCC1,10.342318,2
CCCCCCCC/C=C\CCCCCCCN(C(=O)C(CCCCCC)CCCCCCCC)C(CCCN1CCOCC1)C(=O)NC(C)(C)C,7.494707,1
CCCCCCCC/C=C\CCCCCCCN(C(=O)C(CCCCCC)CCCCCCCC)C(CCCN1CCOCC1)C(=O)NC(C)(C)CC(C)(C)C,7.4654303,1
CCCCCCCC/C=C\CCCCCCCN(C(=O)C(CCCCCC)CCCCCCCC)C(CCCN1CCOCC1)C(=O)NC12C[C@H]3C[C@@H](C1)C[C@@H](C2)C3,7.4948797,1
CCCCCCCC/C=C\CCCCCCCN(C(=O)C(CCCCCC)CCCCCCCC)C(CCCN1CCOCC1)C(=O)NC1CCCCC1,7.4955387,1
CCCCCCCC/C=C\CCCCCCCN(C(=O)C(CCCCCC)CCCCCCCC)C(CCCN1CCOCC1)C(=O)NCC(=O)OC,7.466748,1
CCCCCCCC/C=C\CCCCCCCN(C(=O)C(CCCCCC)CCCCCCCC)C(CCCN1CCOCC1)C(=O)NCCN1CCOCC1,7.69151,2
CCCCCCCC/C=C\CCCCCCCN(C(=O)C(CCCCCC)CCCCCCCC)C(CCN(C(C)C)C(C)C)C(=O)NC(C)(C)C,10.079871,1
CCCCCCCC/C=C\CCCCCCCN(C(=O)C(CCCCCC)CCCCCCCC)C(CCN(C(C)C)C(C)C)C(=O)NC(C)(C)CC(C)(C)C,10.015375,1
CCCCCCCC/C=C\CCCCCCCN(C(=O)C(CCCCCC)CCCCCCCC)C(CCN(C(C)C)C(C)C)C(=O)NC12C[C@H]3C[C@@H](C1)C[C@@H](C2)C3,10.181565,1
CCCCCCCC/C=C\CCCCCCCN(C(=O)C(CCCCCC)CCCCCCCC)C(CCN(C(C)C)C(C)C)C(=O)NC1CCCCC1,10.130677,1
CCCCCCCC/C=C\CCCCCCCN(C(=O)C(CCCCCC)CCCCCCCC)C(CCN(C(C)C)C(C)C)C(=O)NCC(=O)OC,10.022014,1
CCCCCCCC/C=C\CCCCCCCN(C(=O)C(CCCCCC)CCCCCCCC)C(CCN(C(C)C)C(C)C)C(=O)NCCN1CCOCC1,9.60798,2
CCCCCCCC/C=C\CCCCCCCN(C(=O)C(CCCCCC)CCCCCCCC)C(CCN(C)C)C(=O)NC(C)(C)C,9.054523,1
CCCCCCCC/C=C\CCCCCCCN(C(=O)C(CCCCCC)CCCCCCCC)C(CCN(C)C)C(=O)NC(C)(C)CC(C)(C)C,9.03071,1
CCCCCCCC/C=C\CCCCCCCN(C(=O)C(CCCCCC)CCCCCCCC)C(CCN(C)C)C(=O)NC12C[C@H]3C[C@@H](C1)C[C@@H](C2)C3,9.1744995,1
CCCCCCCC/C=C\CCCCCCCN(C(=O)C(CCCCCC)CCCCCCCC)C(CCN(C)C)C(=O)NC1CCCCC1,9.093567,1
CCCCCCCC/C=C\CCCCCCCN(C(=O)C(CCCCCC)CCCCCCCC)C(CCN(C)C)C(=O)NCC(=O)OC,9.020012,1
CCCCCCCC/C=C\CCCCCCCN(C(=O)C(CCCCCC)CCCCCCCC)C(CCN(C)C)C(=O)NCCN1CCOCC1,9.180155,2
CCCCCCCC/C=C\CCCCCCCN(C(=O)C(CCCCCC)CCCCCCCC)C(CCN(CC)CC)C(=O)NC(C)(C)C,9.66097,1
CCCCCCCC/C=C\CCCCCCCN(C(=O)C(CCCCCC)CCCCCCCC)C(CCN(CC)CC)C(=O)NC(C)(C)CC(C)(C)C,9.618248,1
CCCCCCCC/C=C\CCCCCCCN(C(=O)C(CCCCCC)CCCCCCCC)C(CCN(CC)CC)C(=O)NC12C[C@H]3C[C@@H](C1)C[C@@H](C2)C3,9.778143,1
CCCCCCCC/C=C\CCCCCCCN(C(=O)C(CCCCCC)CCCCCCCC)C(CCN(CC)CC)C(=O)NC1CCCCC1,9.702175,1
CCCCCCCC/C=C\CCCCCCCN(C(=O)C(CCCCCC)CCCCCCCC)C(CCN(CC)CC)C(=O)NCC(=O)OC,9.62101,1
CCCCCCCC/C=C\CCCCCCCN(C(=O)C(CCCCCC)CCCCCCCC)C(CCN(CC)CC)C(=O)NCCN1CCOCC1,9.473692,2
CCCCCCCC/C=C\CCCCCCCN(C(=O)C(CCCCCC)CCCCCCCC)C(CCN(CCN)CCN)C(=O)NC(C)(C)C,9.868231,3
CCCCCCCC/C=C\CCCCCCCN(C(=O)C(CCCCCC)CCCCCCCC)C(CCN(CCN)CCN)C(=O)NC(C)(C)CC(C)(C)C,9.859445,3
CCCCCCCC/C=C\CCCCCCCN(C(=O)C(CCCCCC)CCCCCCCC)C(CCN(CCN)CCN)C(=O)NC12C[C@H]3C[C@@H](C1)C[C@@H](C2)C3,9.8677,3
CCCCCCCC/C=C\CCCCCCCN(C(=O)C(CCCCCC)CCCCCCCC)C(CCN(CCN)CCN)C(=O)NC1CCCCC1,9.882653,3
CCCCCCCC/C=C\CCCCCCCN(C(=O)C(CCCCCC)CCCCCCCC)C(CCN(CCN)CCN)C(=O)NCC(=O)OC,9.854374,3
CCCCCCCC/C=C\CCCCCCCN(C(=O)C(CCCCCC)CCCCCCCC)C(CCN(CCN)CCN)C(=O)NCCN1CCOCC1,9.79587,4
CCCCCCCC/C=C\CCCCCCCN(C(=O)C(CCCCCC)CCCCCCCC)C(CCN1CCCC1)C(=O)NC(C)(C)C,9.913353,1
CCCCCCCC/C=C\CCCCCCCN(C(=O)C(CCCCCC)CCCCCCCC)C(CCN1CCCC1)C(=O)NC(C)(C)CC(C)(C)C,9.88477,1
CCCCCCCC/C=C\CCCCCCCN(C(=O)C(CCCCCC)CCCCCCCC)C(CCN1CCCC1)C(=O)NC12C[C@H]3C[C@@H](C1)C[C@@H](C2)C3,9.960833,1
CCCCCCCC/C=C\CCCCCCCN(C(=O)C(CCCCCC)CCCCCCCC)C(CCN1CCCC1)C(=O)NC1CCCCC1,9.958089,1
CCCCCCCC/C=C\CCCCCCCN(C(=O)C(CCCCCC)CCCCCCCC)C(CCN1CCCC1)C(=O)NCC(=O)OC,9.863429,1
CCCCCCCC/C=C\CCCCCCCN(C(=O)C(CCCCCC)CCCCCCCC)C(CCN1CCCC1)C(=O)NCCN1CCOCC1,10.142253,2
CCCCCCCC/C=C\CCCCCCCN(C(=O)C(CCCCCC)CCCCCCCC)C(CCN1CCCCC1)C(=O)NC(C)(C)C,9.2659025,1
CCCCCCCC/C=C\CCCCCCCN(C(=O)C(CCCCCC)CCCCCCCC)C(CCN1CCCCC1)C(=O)NC(C)(C)CC(C)(C)C,9.238261,1
CCCCCCCC/C=C\CCCCCCCN(C(=O)C(CCCCCC)CCCCCCCC)C(CCN1CCCCC1)C(=O)NC12C[C@H]3C[C@@H](C1)C[C@@H](C2)C3,9.285071,1
CCCCCCCC/C=C\CCCCCCCN(C(=O)C(CCCCCC)CCCCCCCC)C(CCN1CCCCC1)C(=O)NC1CCCCC1,9.292836,1
CCCCCCCC/C=C\CCCCCCCN(C(=O)C(CCCCCC)CCCCCCCC)C(CCN1CCCCC1)C(=O)NCC(=O)OC,9.230479,1
CCCCCCCC/C=C\CCCCCCCN(C(=O)C(CCCCCC)CCCCCCCC)C(CCN1CCCCC1)C(=O)NCCN1CCOCC1,9.425274,2
CCCCCCCC/C=C\CCCCCCCN(C(=O)C(CCCCCC)CCCCCCCC)C(CCN1CCNCC1)C(=O)NC(C)(C)C,9.26337,2
CCCCCCCC/C=C\CCCCCCCN(C(=O)C(CCCCCC)CCCCCCCC)C(CCN1CCNCC1)C(=O)NC(C)(C)CC(C)(C)C,9.250128,2
CCCCCCCC/C=C\CCCCCCCN(C(=O)C(CCCCCC)CCCCCCCC)C(CCN1CCNCC1)C(=O)NC12C[C@H]3C[C@@H](C1)C[C@@H](C2)C3,9.257145,2
CCCCCCCC/C=C\CCCCCCCN(C(=O)C(CCCCCC)CCCCCCCC)C(CCN1CCNCC1)C(=O)NC1CCCCC1,9.280708,2
CCCCCCCC/C=C\CCCCCCCN(C(=O)C(CCCCCC)CCCCCCCC)C(CCN1CCNCC1)C(=O)NCC(=O)OC,9.245997,2
CCCCCCCC/C=C\CCCCCCCN(C(=O)C(CCCCCC)CCCCCCCC)C(CCN1CCNCC1)C(=O)NCCN1CCOCC1,9.305895,3
CCCCCCCC/C=C\CCCCCCCN(C(=O)CCCCCCCCCCCCCCCCC)C(C(=O)NC(C)(C)C)C1CCN(C)CC1,9.207753,1
CCCCCCCC/C=C\CCCCCCCN(C(=O)CCCCCCCCCCCCCCCCC)C(C(=O)NC(C)(C)C)C1CCNCC1,10.308252,1
CCCCCCCC/C=C\CCCCCCCN(C(=O)CCCCCCCCCCCCCCCCC)C(C(=O)NC(C)(C)C)N(C)C,5.610605,1
CCCCCCCC/C=C\CCCCCCCN(C(=O)CCCCCCCCCCCCCCCCC)C(C(=O)NC(C)(C)C)N1CCCCC1,6.9938426,1
CCCCCCCC/C=C\CCCCCCCN(C(=O)CCCCCCCCCCCCCCCCC)C(C(=O)NC(C)(C)C)N1CCOCC1,4.629876,1
CCCCCCCC/C=C\CCCCCCCN(C(=O)CCCCCCCCCCCCCCCCC)C(C(=O)NC(C)(C)C)c1cc(C)nn1C,,0
CCCCCCCC/C=C\CCCCCCCN(C(=O)CCCCCCCCCCCCCCCCC)C(C(=O)NC(C)(C)CC(C)(C)C)C1CCN(C)CC1,9.187144,1
CCCCCCCC/C=C\CCCCCCCN(C(=O)CCCCCCCCCCCCCCCCC)C(C(=O)NC(C)(C)CC(C)(C)C)C1CCNCC1,10.276653,1
CCCCCCCC/C=C\CCCCCCCN(C(=O)CCCCCCCCCCCCCCCCC)C(C(=O)NC(C)(C)CC(C)(C)C)N(C)C,5.6332035,1
CCCCCCCC/C=C\CCCCCCCN(C(=O)CCCCCCCCCCCCCCCCC)C(C(=O)NC(C)(C)CC(C)(C)C)N1CCCCC1,6.997714,1
CCCCCCCC/C=C\CCCCCCCN(C(=O)CCCCCCCCCCCCCCCCC)C(C(=O)NC(C)(C)CC(C)(C)C)N1CCOCC1,4.63668,1
CCCCCCCC/C=C\CCCCCCCN(C(=O)CCCCCCCCCCCCCCCCC)C(C(=O)NC(C)(C)CC(C)(C)C)c1cc(C)nn1C,,0
CCCCCCCC/C=C\CCCCCCCN(C(=O)CCCCCCCCCCCCCCCCC)C(C(=O)NC12C[C@H]3C[C@@H](C1)C[C@@H](C2)C3)C1CCN(C)CC1,9.214183,1
CCCCCCCC/C=C\CCCCCCCN(C(=O)CCCCCCCCCCCCCCCCC)C(C(=O)NC12C[C@H]3C[C@@H](C1)C[C@@H](C2)C3)C1CCNCC1,10.330609,1
CCCCCCCC/C=C\CCCCCCCN(C(=O)CCCCCCCCCCCCCCCCC)C(C(=O)NC12C[C@H]3C[C@@H](C1)C[C@@H](C2)C3)N(C)C,5.654176,1
CCCCCCCC/C=C\CCCCCCCN(C(=O)CCCCCCCCCCCCCCCCC)C(C(=O)NC12C[C@H]3C[C@@H](C1)C[C@@H](C2)C3)N1CCCCC1,6.8821425,1
CCCCCCCC/C=C\CCCCCCCN(C(=O)CCCCCCCCCCCCCCCCC)C(C(=O)NC12C[C@H]3C[C@@H](C1)C[C@@H](C2)C3)N1CCOCC1,4.6341805,1
CCCCCCCC/C=C\CCCCCCCN(C(=O)CCCCCCCCCCCCCCCCC)C(C(=O)NC12C[C@H]3C[C@@H](C1)C[C@@H](C2)C3)c1cc(C)nn1C,,0
CCCCCCCC/C=C\CCCCCCCN(C(=O)CCCCCCCCCCCCCCCCC)C(C(=O)NC1CCCCC1)C1CCN(C)CC1,9.223263,1
CCCCCCCC/C=C\CCCCCCCN(C(=O)CCCCCCCCCCCCCCCCC)C(C(=O)NC1CCCCC1)C1CCNCC1,10.327798,1
CCCCCCCC/C=C\CCCCCCCN(C(=O)CCCCCCCCCCCCCCCCC)C(C(=O)NC1CCCCC1)N(C)C,5.625525,1
CCCCCCCC/C=C\CCCCCCCN(C(=O)CCCCCCCCCCCCCCCCC)C(C(=O)NC1CCCCC1)N1CCCCC1,7.0727344,1
CCCCCCCC/C=C\CCCCCCCN(C(=O)CCCCCCCCCCCCCCCCC)C(C(=O)NC1CCCCC1)N1CCOCC1,4.6151175,1
CCCCCCCC/C=C\CCCCCCCN(C(=O)CCCCCCCCCCCCCCCCC)C(C(=O)NC1CCCCC1)c1cc(C)nn1C,,0
CCCCCCCC/C=C\CCCCCCCN(C(=O)CCCCCCCCCCCCCCCCC)C(C(=O)NCC(=O)OC)C1CCN(C)CC1,9.159524,1
CCCCCCCC/C=C\CCCCCCCN(C(=O)CCCCCCCCCCCCCCCCC)C(C(=O)NCC(=O)OC)C1CCNCC1,10.2481575,1
CCCCCCCC/C=C\CCCCCCCN(C(=O)CCCCCCCCCCCCCCCCC)C(C(=O)NCC(=O)OC)N(C)C,5.3770285,1
CCCCCCCC/C=C\CCCCCCCN(C(=O)CCCCCCCCCCCCCCCCC)C(C(=O)NCC(=O)OC)N1CCCCC1,6.9129276,1
CCCCCCCC/C=C\CCCCCCCN(C(=O)CCCCCCCCCCCCCCCCC)C(C(=O)NCC(=O)OC)N1CCOCC1,4.4010997,1
CCCCCCCC/C=C\CCCCCCCN(C(=O)CCCCCCCCCCCCCCCCC)C(C(=O)NCC(=O)OC)c1cc(C)nn1C,,0
CCCCCCCC/C=C\CCCCCCCN(C(=O)CCCCCCCCCCCCCCCCC)C(C(=O)NCCN1CCOCC1)C1CCN(C)CC1,9.2674885,2
CCCCCCCC/C=C\CCCCCCCN(C(=O)CCCCCCCCCCCCCCCCC)C(C(=O)NCCN1CCOCC1)C1CCNCC1,9.903185,2
CCCCCCCC/C=C\CCCCCCCN(C(=O)CCCCCCCCCCCCCCCCC)C(C(=O)NCCN1CCOCC1)N(C)C,6.8076262,2
CCCCCCCC/C=C\CCCCCCCN(C(=O)CCCCCCCCCCCCCCCCC)C(C(=O)NCCN1CCOCC1)N1CCCCC1,7.38762,2
CCCCCCCC/C=C\CCCCCCCN(C(=O)CCCCCCCCCCCCCCCCC)C(C(=O)NCCN1CCOCC1)N1CCOCC1,6.8615975,2
CCCCCCCC/C=C\CCCCCCCN(C(=O)CCCCCCCCCCCCCCCCC)C(C(=O)NCCN1CCOCC1)c1cc(C)nn1C,6.682862,2
CCCCCCCC/C=C\CCCCCCCN(C(=O)CCCCCCCCCCCCCCCCC)C(CC1CCCN1CC)C(=O)NC(C)(C)C,10.104478,1
CCCCCCCC/C=C\CCCCCCCN(C(=O)CCCCCCCCCCCCCCCCC)C(CC1CCCN1CC)C(=O)NC(C)(C)CC(C)(C)C,10.069921,1
CCCCCCCC/C=C\CCCCCCCN(C(=O)CCCCCCCCCCCCCCCCC)C(CC1CCCN1CC)C(=O)NC12C[C@H]3C[C@@H](C1)C[C@@H](C2)C3,10.129439,1
CCCCCCCC/C=C\CCCCCCCN(C(=O)CCCCCCCCCCCCCCCCC)C(CC1CCCN1CC)C(=O)NC1CCCCC1,10.150921,1
CCCCCCCC/C=C\CCCCCCCN(C(=O)CCCCCCCCCCCCCCCCC)C(CC1CCCN1CC)C(=O)NCC(=O)OC,10.036023,1
CCCCCCCC/C=C\CCCCCCCN(C(=O)CCCCCCCCCCCCCCCCC)C(CC1CCCN1CC)C(=O)NCCN1CCOCC1,10.196478,2
CCCCCCCC/C=C\CCCCCCCN(C(=O)CCCCCCCCCCCCCCCCC)C(CCCN(C)C)C(=O)NC(C)(C)C,9.725866,1
CCCCCCCC/C=C\CCCCCCCN(C(=O)CCCCCCCCCCCCCCCCC)C(CCCN(C)C)C(=O)NC(C)(C)CC(C)(C)C,9.733934,1
CCCCCCCC/C=C\CCCCCCCN(C(=O)CCCCCCCCCCCCCCCCC)C(CCCN(C)C)C(=O)NC12C[C@H]3C[C@@H](C1)C[C@@H](C2)C3,9.772448,1
CCCCCCCC/C=C\CCCCCCCN(C(=O)CCCCCCCCCCCCCCCCC)C(CCCN(C)C)C(=O)NC1CCCCC1,9.721824,1
CCCCCCCC/C=C\CCCCCCCN(C(=O)CCCCCCCCCCCCCCCCC)C(CCCN(C)C)C(=O)NCC(=O)OC,9.687698,1
CCCCCCCC/C=C\CCCCCCCN(C(=O)CCCCCCCCCCCCCCCCC)C(CCCN(C)C)C(=O)NCCN1CCOCC1,9.419746,2
CCCCCCCC/C=C\CCCCCCCN(C(=O)CCCCCCCCCCCCCCCCC)C(CCCN(C)CCCN)C(=O)NC(C)(C)C,10.449288,2
CCCCCCCC/C=C\CCCCCCCN(C(=O)CCCCCCCCCCCCCCCCC)C(CCCN(C)CCCN)C(=O)NC(C)(C)CC(C)(C)C,10.448114,2
CCCCCCCC/C=C\CCCCCCCN(C(=O)CCCCCCCCCCCCCCCCC)C(CCCN(C)CCCN)C(=O)NC12C[C@H]3C[C@@H](C1)C[C@@H](C2)C3,10.442945,2
CCCCCCCC/C=C\CCCCCCCN(C(=O)CCCCCCCCCCCCCCCCC)C(CCCN(C)CCCN)C(=O)NC1CCCCC1,10.454311,2
CCCCCCCC/C=C\CCCCCCCN(C(=O)CCCCCCCCCCCCCCCCC)C(CCCN(C)CCCN)C(=O)NCC(=O)OC,10.46029,2
CCCCCCCC/C=C\CCCCCCCN(C(=O)CCCCCCCCCCCCCCCCC)C(CCCN(C)CCCN)C(=O)NCCN1CCOCC1,10.327709,3
CCCCCCCC/C=C\CCCCCCCN(C(=O)CCCCCCCCCCCCCCCCC)C(CCCN(CC)CC)C(=O)NC(C)(C)C,10.296331,1
CCCCCCCC/C=C\CCCCCCCN(C(=O)CCCCCCCCCCCCCCCCC)C(CCCN(CC)CC)C(=O)NC(C)(C)CC(C)(C)C,10.278935,1
CCCCCCCC/C=C\CCCCCCCN(C(=O)CCCCCCCCCCCCCCCCC)C(CCCN(CC)CC)C(=O)NC12C[C@H]3C[C@@H](C1)C[C@@H](C2)C3,10.325379,1
CCCCCCCC/C=C\CCCCCCCN(C(=O)CCCCCCCCCCCCCCCCC)C(CCCN(CC)CC)C(=O)NC1CCCCC1,10.2905655,1
CCCCCCCC/C=C\CCCCCCCN(C(=O)CCCCCCCCCCCCCCCCC)C(CCCN(CC)CC)C(=O)NCC(=O)OC,10.236534,1
CCCCCCCC/C=C\CCCCCCCN(C(=O)CCCCCCCCCCCCCCCCC)C(CCCN(CC)CC)C(=O)NCCN1CCOCC1,9.589685,2
CCCCCCCC/C=C\CCCCCCCN(C(=O)CCCCCCCCCCCCCCCCC)C(CCCN(CCCC)CCCC)C(=O)NC(C)(C)C,9.908618,1
CCCCCCCC/C=C\CCCCCCCN(C(=O)CCCCCCCCCCCCCCCCC)C(CCCN(CCCC)CCCC)C(=O)NC(C)(C)CC(C)(C)C,9.885023,1
CCCCCCCC/C=C\CCCCCCCN(C(=O)CCCCCCCCCCCCCCCCC)C(CCCN(CCCC)CCCC)C(=O)NC12C[C@H]3C[C@@H](C1)C[C@@H](C2)C3,9.917089,1
CCCCCCCC/C=C\CCCCCCCN(C(=O)CCCCCCCCCCCCCCCCC)C(CCCN(CCCC)CCCC)C(=O)NC1CCCCC1,9.914757,1
CCCCCCCC/C=C\CCCCCCCN(C(=O)CCCCCCCCCCCCCCCCC)C(CCCN(CCCC)CCCC)C(=O)NCC(=O)OC,9.886947,1
CCCCCCCC/C=C\CCCCCCCN(C(=O)CCCCCCCCCCCCCCCCC)C(CCCN(CCCC)CCCC)C(=O)NCCN1CCOCC1,9.854815,2
CCCCCCCC/C=C\CCCCCCCN(C(=O)CCCCCCCCCCCCCCCCC)C(CCCN1CCCC1)C(=O)NC(C)(C)C,10.479428,1
CCCCCCCC/C=C\CCCCCCCN(C(=O)CCCCCCCCCCCCCCCCC)C(CCCN1CCCC1)C(=O)NC(C)(C)CC(C)(C)C,10.458758,1
CCCCCCCC/C=C\CCCCCCCN(C(=O)CCCCCCCCCCCCCCCCC)C(CCCN1CCCC1)C(=O)NC12C[C@H]3C[C@@H](C1)C[C@@H](C2)C3,10.5025215,1
CCCCCCCC/C=C\CCCCCCCN(C(=O)CCCCCCCCCCCCCCCCC)C(CCCN1CCCC1)C(=O)NC1CCCCC1,10.498231,1
CCCCCCCC/C=C\CCCCCCCN(C(=O)CCCCCCCCCCCCCCCCC)C(CCCN1CCCC1)C(=O)NCC(=O)OC,10.439877,1
CCCCCCCC/C=C\CCCCCCCN(C(=O)CCCCCCCCCCCCCCCCC)C(CCCN1CCCC1)C(=O)NCCN1CCOCC1,10.357025,2
CCCCCCCC/C=C\CCCCCCCN(C(=O)CCCCCCCCCCCCCCCCC)C(CCCN1CCOCC1)C(=O)NC(C)(C)C,7.534059,1
CCCCCCCC/C=C\CCCCCCCN(C(=O)CCCCCCCCCCCCCCCCC)C(CCCN1CCOCC1)C(=O)NC(C)(C)CC(C)(C)C,7.5042124,1
CCCCCCCC/C=C\CCCCCCCN(C(=O)CCCCCCCCCCCCCCCCC)C(CCCN1CCOCC1)C(=O)NC12C[C@H]3C[C@@H](C1)C[C@@H](C2)C3,7.5334797,1
CCCCCCCC/C=C\CCCCCCCN(C(=O)CCCCCCCCCCCCCCCCC)C(CCCN1CCOCC1)C(=O)NC1CCCCC1,7.5350027,1
CCCCCCCC/C=C\CCCCCCCN(C(=O)CCCCCCCCCCCCCCCCC)C(CCCN1CCOCC1)C(=O)NCC(=O)OC,7.505884,1
CCCCCCCC/C=C\CCCCCCCN(C(=O)CCCCCCCCCCCCCCCCC)C(CCCN1CCOCC1)C(=O)NCCN1CCOCC1,7.7108817,2
CCCCCCCC/C=C\CCCCCCCN(C(=O)CCCCCCCCCCCCCCCCC)C(CCN(C(C)C)C(C)C)C(=O)NC(C)(C)C,10.132926,1
CCCCCCCC/C=C\CCCCCCCN(C(=O)CCCCCCCCCCCCCCCCC)C(CCN(C(C)C)C(C)C)C(=O)NC(C)(C)CC(C)(C)C,10.071344,1
CCCCCCCC/C=C\CCCCCCCN(C(=O)CCCCCCCCCCCCCCCCC)C(CCN(C(C)C)C(C)C)C(=O)NC12C[C@H]3C[C@@H](C1)C[C@@H](C2)C3,10.240203,1
CCCCCCCC/C=C\CCCCCCCN(C(=O)CCCCCCCCCCCCCCCCC)C(CCN(C(C)C)C(C)C)C(=O)NC1CCCCC1,10.182863,1
CCCCCCCC/C=C\CCCCCCCN(C(=O)CCCCCCCCCCCCCCCCC)C(CCN(C(C)C)C(C)C)C(=O)NCC(=O)OC,10.066514,1
CCCCCCCC/C=C\CCCCCCCN(C(=O)CCCCCCCCCCCCCCCCC)C(CCN(C(C)C)C(C)C)C(=O)NCCN1CCOCC1,9.620525,2
CCCCCCCC/C=C\CCCCCCCN(C(=O)CCCCCCCCCCCCCCCCC)C(CCN(C)C)C(=O)NC(C)(C)C,9.105681,1
CCCCCCCC/C=C\CCCCCCCN(C(=O)CCCCCCCCCCCCCCCCC)C(CCN(C)C)C(=O)NC(C)(C)CC(C)(C)C,9.080489,1
CCCCCCCC/C=C\CCCCCCCN(C(=O)CCCCCCCCCCCCCCCCC)C(CCN(C)C)C(=O)NC12C[C@H]3C[C@@H](C1)C[C@@H](C2)C3,9.226543,1
CCCCCCCC/C=C\CCCCCCCN(C(=O)CCCCCCCCCCCCCCCCC)C(CCN(C)C)C(=O)NC1CCCCC1,9.143021,1
CCCCCCCC/C=C\CCCCCCCN(C(=O)CCCCCCCCCCCCCCCCC)C(CCN(C)C)C(=O)NCC(=O)OC,9.068965,1
CCCCCCCC/C=C\CCCCCCCN(C(=O)CCCCCCCCCCCCCCCCC)C(CCN(C)C)C(=O)NCCN1CCOCC1,9.193644,2
CCCCCCCC/C=C\CCCCCCCN(C(=O)CCCCCCCCCCCCCCCCC)C(CCN(CC)CC)C(=O)NC(C)(C)C,9.709981,1
CCCCCCCC/C=C\CCCCCCCN(C(=O)CCCCCCCCCCCCCCCCC)C(CCN(CC)CC)C(=O)NC(C)(C)CC(C)(C)C,9.666812,1
CCCCCCCC/C=C\CCCCCCCN(C(=O)CCCCCCCCCCCCCCCCC)C(CCN(CC)CC)C(=O)NC12C[C@H]3C[C@@H](C1)C[C@@H](C2)C3,9.8289795,1
CCCCCCCC/C=C\CCCCCCCN(C(=O)CCCCCCCCCCCCCCCCC)C(CCN(CC)CC)C(=O)NC1CCCCC1,9.750822,1
CCCCCCCC/C=C\CCCCCCCN(C(=O)CCCCCCCCCCCCCCCCC)C(CCN(CC)CC)C(=O)NCC(=O)OC,9.667887,1
CCCCCCCC/C=C\CCCCCCCN(C(=O)CCCCCCCCCCCCCCCCC)C(CCN(CC)CC)C(=O)NCCN1CCOCC1,9.486131,2
CCCCCCCC/C=C\CCCCCCCN(C(=O)CCCCCCCCCCCCCCCCC)C(CCN(CCN)CCN)C(=O)NC(C)(C)C,9.860658,3
CCCCCCCC/C=C\CCCCCCCN(C(=O)CCCCCCCCCCCCCCCCC)C(CCN(CCN)CCN)C(=O)NC(C)(C)CC(C)(C)C,9.851969,3
CCCCCCCC/C=C\CCCCCCCN(C(=O)CCCCCCCCCCCCCCCCC)C(CCN(CCN)CCN)C(=O)NC12C[C@H]3C[C@@H](C1)C[C@@H](C2)C3,9.860153,3
CCCCCCCC/C=C\CCCCCCCN(C(=O)CCCCCCCCCCCCCCCCC)C(CCN(CCN)CCN)C(=O)NC1CCCCC1,9.874878,3
CCCCCCCC/C=C\CCCCCCCN(C(=O)CCCCCCCCCCCCCCCCC)C(CCN(CCN)CCN)C(=O)NCC(=O)OC,9.846062,3
CCCCCCCC/C=C\CCCCCCCN(C(=O)CCCCCCCCCCCCCCCCC)C(CCN(CCN)CCN)C(=O)NCCN1CCOCC1,9.7899065,4
CCCCCCCC/C=C\CCCCCCCN(C(=O)CCCCCCCCCCCCCCCCC)C(CCN1CCCC1)C(=O)NC(C)(C)C,9.906131,1
CCCCCCCC/C=C\CCCCCCCN(C(=O)CCCCCCCCCCCCCCCCC)C(CCN1CCCC1)C(=O)NC(C)(C)CC(C)(C)C,9.878074,1
CCCCCCCC/C=C\CCCCCCCN(C(=O)CCCCCCCCCCCCCCCCC)C(CCN1CCCC1)C(=O)NC12C[C@H]3C[C@@H](C1)C[C@@H](C2)C3,9.951613,1
CCCCCCCC/C=C\CCCCCCCN(C(=O)CCCCCCCCCCCCCCCCC)C(CCN1CCCC1)C(=O)NC1CCCCC1,9.948441,1
CCCCCCCC/C=C\CCCCCCCN(C(=O)CCCCCCCCCCCCCCCCC)C(CCN1CCCC1)C(=O)NCC(=O)OC,9.854396,1
CCCCCCCC/C=C\CCCCCCCN(C(=O)CCCCCCCCCCCCCCCCC)C(CCN1CCCC1)C(=O)NCCN1CCOCC1,10.145879,2
CCCCCCCC/C=C\CCCCCCCN(C(=O)CCCCCCCCCCCCCCCCC)C(CCN1CCCCC1)C(=O)NC(C)(C)C,9.276801,1
CCCCCCCC/C=C\CCCCCCCN(C(=O)CCCCCCCCCCCCCCCCC)C(CCN1CCCCC1)C(=O)NC(C)(C)CC(C)(C)C,9.248255,1
CCCCCCCC/C=C\CCCCCCCN(C(=O)CCCCCCCCCCCCCCCCC)C(CCN1CCCCC1)C(=O)NC12C[C@H]3C[C@@H](C1)C[C@@H](C2)C3,9.296289,1
CCCCCCCC/C=C\CCCCCCCN(C(=O)CCCCCCCCCCCCCCCCC)C(CCN1CCCCC1)C(=O)NC1CCCCC1,9.302978,1
CCCCCCCC/C=C\CCCCCCCN(C(=O)CCCCCCCCCCCCCCCCC)C(CCN1CCCCC1)C(=O)NCC(=O)OC,9.239205,1
CCCCCCCC/C=C\CCCCCCCN(C(=O)CCCCCCCCCCCCCCCCC)C(CCN1CCCCC1)C(=O)NCCN1CCOCC1,9.432825,2
CCCCCCCC/C=C\CCCCCCCN(C(=O)CCCCCCCCCCCCCCCCC)C(CCN1CCNCC1)C(=O)NC(C)(C)C,9.252583,2
CCCCCCCC/C=C\CCCCCCCN(C(=O)CCCCCCCCCCCCCCCCC)C(CCN1CCNCC1)C(=O)NC(C)(C)CC(C)(C)C,9.239802,2
CCCCCCCC/C=C\CCCCCCCN(C(=O)CCCCCCCCCCCCCCCCC)C(CCN1CCNCC1)C(=O)NC12C[C@H]3C[C@@H](C1)C[C@@H](C2)C3,9.247623,2
CCCCCCCC/C=C\CCCCCCCN(C(=O)CCCCCCCCCCCCCCCCC)C(CCN1CCNCC1)C(=O)NC1CCCCC1,9.269765,2
CCCCCCCC/C=C\CCCCCCCN(C(=O)CCCCCCCCCCCCCCCCC)C(CCN1CCNCC1)C(=O)NCC(=O)OC,9.234589,2
CCCCCCCC/C=C\CCCCCCCN(C(=O)CCCCCCCCCCCCCCCCC)C(CCN1CCNCC1)C(=O)NCCN1CCOCC1,9.306897,3
CCCCCCCCC(CCCCCC)C(=O)OCCCCCN(C(=O)C(CCCCCC)CCCCCCCC)C(C(=O)NC(C)(C)C)C1CCN(C)CC1,9.198112,1
CCCCCCCCC(CCCCCC)C(=O)OCCCCCN(C(=O)C(CCCCCC)CCCCCCCC)C(C(=O)NC(C)(C)C)C1CCNCC1,10.290483,1
CCCCCCCCC(CCCCCC)C(=O)OCCCCCN(C(=O)C(CCCCCC)CCCCCCCC)C(C(=O)NC(C)(C)C)N(C)C,5.6662602,1
CCCCCCCCC(CCCCCC)C(=O)OCCCCCN(C(=O)C(CCCCCC)CCCCCCCC)C(C(=O)NC(C)(C)C)N1CCCCC1,6.9735937,1
CCCCCCCCC(CCCCCC)C(=O)OCCCCCN(C(=O)C(CCCCCC)CCCCCCCC)C(C(=O)NC(C)(C)C)N1CCOCC1,4.6186695,1
CCCCCCCCC(CCCCCC)C(=O)OCCCCCN(C(=O)C(CCCCCC)CCCCCCCC)C(C(=O)NC(C)(C)C)c1cc(C)nn1C,,0
CCCCCCCCC(CCCCCC)C(=O)OCCCCCN(C(=O)C(CCCCCC)CCCCCCCC)C(C(=O)NC(C)(C)CC(C)(C)C)C1CCN(C)CC1,9.17803,1
CCCCCCCCC(CCCCCC)C(=O)OCCCCCN(C(=O)C(CCCCCC)CCCCCCCC)C(C(=O)NC(C)(C)CC(C)(C)C)C1CCNCC1,10.262172,1
CCCCCCCCC(CCCCCC)C(=O)OCCCCCN(C(=O)C(CCCCCC)CCCCCCCC)C(C(=O)NC(C)(C)CC(C)(C)C)N(C)C,5.686261,1
CCCCCCCCC(CCCCCC)C(=O)OCCCCCN(C(=O)C(CCCCCC)CCCCCCCC)C(C(=O)NC(C)(C)CC(C)(C)C)N1CCCCC1,6.9780025,1
CCCCCCCCC(CCCCCC)C(=O)OCCCCCN(C(=O)C(CCCCCC)CCCCCCCC)C(C(=O)NC(C)(C)CC(C)(C)C)N1CCOCC1,4.6260014,1
CCCCCCCCC(CCCCCC)C(=O)OCCCCCN(C(=O)C(CCCCCC)CCCCCCCC)C(C(=O)NC(C)(C)CC(C)(C)C)c1cc(C)nn1C,,0
CCCCCCCCC(CCCCCC)C(=O)OCCCCCN(C(=O)C(CCCCCC)CCCCCCCC)C(C(=O)NC12C[C@H]3C[C@@H](C1)C[C@@H](C2)C3)C1CCN(C)CC1,9.204814,1
CCCCCCCCC(CCCCCC)C(=O)OCCCCCN(C(=O)C(CCCCCC)CCCCCCCC)C(C(=O)NC12C[C@H]3C[C@@H](C1)C[C@@H](C2)C3)C1CCNCC1,10.315504,1
CCCCCCCCC(CCCCCC)C(=O)OCCCCCN(C(=O)C(CCCCCC)CCCCCCCC)C(C(=O)NC12C[C@H]3C[C@@H](C1)C[C@@H](C2)C3)N(C)C,5.686749,1
CCCCCCCCC(CCCCCC)C(=O)OCCCCCN(C(=O)C(CCCCCC)CCCCCCCC)C(C(=O)NC12C[C@H]3C[C@@H](C1)C[C@@H](C2)C3)N1CCCCC1,6.871857,1
CCCCCCCCC(CCCCCC)C(=O)OCCCCCN(C(=O)C(CCCCCC)CCCCCCCC)C(C(=O)NC12C[C@H]3C[C@@H](C1)C[C@@H](C2)C3)N1CCOCC1,4.612065,1
CCCCCCCCC(CCCCCC)C(=O)OCCCCCN(C(=O)C(CCCCCC)CCCCCCCC)C(C(=O)NC12C[C@H]3C[C@@H](C1)C[C@@H](C2)C3)c1cc(C)nn1C,,0
CCCCCCCCC(CCCCCC)C(=O)OCCCCCN(C(=O)C(CCCCCC)CCCCCCCC)C(C(=O)NC1CCCCC1)C1CCN(C)CC1,9.213482,1
CCCCCCCCC(CCCCCC)C(=O)OCCCCCN(C(=O)C(CCCCCC)CCCCCCCC)C(C(=O)NC1CCCCC1)C1CCNCC1,10.312214,1
CCCCCCCCC(CCCCCC)C(=O)OCCCCCN(C(=O)C(CCCCCC)CCCCCCCC)C(C(=O)NC1CCCCC1)N(C)C,5.675708,1
CCCCCCCCC(CCCCCC)C(=O)OCCCCCN(C(=O)C(CCCCCC)CCCCCCCC)C(C(=O)NC1CCCCC1)N1CCCCC1,7.074085,1
CCCCCCCCC(CCCCCC)C(=O)OCCCCCN(C(=O)C(CCCCCC)CCCCCCCC)C(C(=O)NC1CCCCC1)N1CCOCC1,4.606308,1
CCCCCCCCC(CCCCCC)C(=O)OCCCCCN(C(=O)C(CCCCCC)CCCCCCCC)C(C(=O)NC1CCCCC1)c1cc(C)nn1C,,0
CCCCCCCCC(CCCCCC)C(=O)OCCCCCN(C(=O)C(CCCCCC)CCCCCCCC)C(C(=O)NCC(=O)OC)C1CCN(C)CC1,9.150241,1
CCCCCCCCC(CCCCCC)C(=O)OCCCCCN(C(=O)C(CCCCCC)CCCCCCCC)C(C(=O)NCC(=O)OC)C1CCNCC1,10.233414,1
CCCCCCCCC(CCCCCC)C(=O)OCCCCCN(C(=O)C(CCCCCC)CCCCCCCC)C(C(=O)NCC(=O)OC)N(C)C,5.434913,1
CCCCCCCCC(CCCCCC)C(=O)OCCCCCN(C(=O)C(CCCCCC)CCCCCCCC)C(C(=O)NCC(=O)OC)N1CCCCC1,6.895436,1
CCCCCCCCC(CCCCCC)C(=O)OCCCCCN(C(=O)C(CCCCCC)CCCCCCCC)C(C(=O)NCC(=O)OC)N1CCOCC1,4.390797,1
CCCCCCCCC(CCCCCC)C(=O)OCCCCCN(C(=O)C(CCCCCC)CCCCCCCC)C(C(=O)NCC(=O)OC)c1cc(C)nn1C,,0
CCCCCCCCC(CCCCCC)C(=O)OCCCCCN(C(=O)C(CCCCCC)CCCCCCCC)C(C(=O)NCCN1CCOCC1)C1CCN(C)CC1,9.256262,2
CCCCCCCCC(CCCCCC)C(=O)OCCCCCN(C(=O)C(CCCCCC)CCCCCCCC)C(C(=O)NCCN1CCOCC1)C1CCNCC1,9.893139,2
CCCCCCCCC(CCCCCC)C(=O)OCCCCCN(C(=O)C(CCCCCC)CCCCCCCC)C(C(=O)NCCN1CCOCC1)N(C)C,6.804671,2
CCCCCCCCC(CCCCCC)C(=O)OCCCCCN(C(=O)C(CCCCCC)CCCCCCCC)C(C(=O)NCCN1CCOCC1)N1CCCCC1,7.3976703,2
CCCCCCCCC(CCCCCC)C(=O)OCCCCCN(C(=O)C(CCCCCC)CCCCCCCC)C(C(=O)NCCN1CCOCC1)N1CCOCC1,6.859868,2
CCCCCCCCC(CCCCCC)C(=O)OCCCCCN(C(=O)C(CCCCCC)CCCCCCCC)C(C(=O)NCCN1CCOCC1)c1cc(C)nn1C,6.6817594,2
CCCCCCCCC(CCCCCC)C(=O)OCCCCCN(C(=O)C(CCCCCC)CCCCCCCC)C(CC1CCCN1CC)C(=O)NC(C)(C)C,10.121116,1
CCCCCCCCC(CCCCCC)C(=O)OCCCCCN(C(=O)C(CCCCCC)CCCCCCCC)C(CC1CCCN1CC)C(=O)NC(C)(C)CC(C)(C)C,10.08595,1
CCCCCCCCC(CCCCCC)C(=O)OCCCCCN(C(=O)C(CCCCCC)CCCCCCCC)C(CC1CCCN1CC)C(=O)NC12C[C@H]3C[C@@H](C1)C[C@@H](C2)C3,10.14314,1
CCCCCCCCC(CCCCCC)C(=O)OCCCCCN(C(=O)C(CCCCCC)CCCCCCCC)C(CC1CCCN1CC)C(=O)NC1CCCCC1,10.167741,1
CCCCCCCCC(CCCCCC)C(=O)OCCCCCN(C(=O)C(CCCCCC)CCCCCCCC)C(CC1CCCN1CC)C(=O)NCC(=O)OC,10.05074,1
CCCCCCCCC(CCCCCC)C(=O)OCCCCCN(C(=O)C(CCCCCC)CCCCCCCC)C(CC1CCCN1CC)C(=O)NCCN1CCOCC1,10.200398,2
CCCCCCCCC(CCCCCC)C(=O)OCCCCCN(C(=O)C(CCCCCC)CCCCCCCC)C(CCCN(C)C)C(=O)NC(C)(C)C,9.7316675,1
CCCCCCCCC(CCCCCC)C(=O)OCCCCCN(C(=O)C(CCCCCC)CCCCCCCC)C(CCCN(C)C)C(=O)NC(C)(C)CC(C)(C)C,9.73697,1
CCCCCCCCC(CCCCCC)C(=O)OCCCCCN(C(=O)C(CCCCCC)CCCCCCCC)C(CCCN(C)C)C(=O)NC12C[C@H]3C[C@@H](C1)C[C@@H](C2)C3,9.769983,1
CCCCCCCCC(CCCCCC)C(=O)OCCCCCN(C(=O)C(CCCCCC)CCCCCCCC)C(CCCN(C)C)C(=O)NC1CCCCC1,9.72793,1
CCCCCCCCC(CCCCCC)C(=O)OCCCCCN(C(=O)C(CCCCCC)CCCCCCCC)C(CCCN(C)C)C(=O)NCC(=O)OC,9.691898,1
CCCCCCCCC(CCCCCC)C(=O)OCCCCCN(C(=O)C(CCCCCC)CCCCCCCC)C(CCCN(C)C)C(=O)NCCN1CCOCC1,9.409104,2
CCCCCCCCC(CCCCCC)C(=O)OCCCCCN(C(=O)C(CCCCCC)CCCCCCCC)C(CCCN(C)CCCN)C(=O)NC(C)(C)C,10.447544,2
CCCCCCCCC(CCCCCC)C(=O)OCCCCCN(C(=O)C(CCCCCC)CCCCCCCC)C(CCCN(C)CCCN)C(=O)NC(C)(C)CC(C)(C)C,10.446392,2
CCCCCCCCC(CCCCCC)C(=O)OCCCCCN(C(=O)C(CCCCCC)CCCCCCCC)C(CCCN(C)CCCN)C(=O)NC12C[C@H]3C[C@@H](C1)C[C@@H](C2)C3,10.441236,2
CCCCCCCCC(CCCCCC)C(=O)OCCCCCN(C(=O)C(CCCCCC)CCCCCCCC)C(CCCN(C)CCCN)C(=O)NC1CCCCC1,10.452535,2
CCCCCCCCC(CCCCCC)C(=O)OCCCCCN(C(=O)C(CCCCCC)CCCCCCCC)C(CCCN(C)CCCN)C(=O)NCC(=O)OC,10.458459,2
CCCCCCCCC(CCCCCC)C(=O)OCCCCCN(C(=O)C(CCCCCC)CCCCCCCC)C(CCCN(C)CCCN)C(=O)NCCN1CCOCC1,10.330395,3
CCCCCCCCC(CCCCCC)C(=O)OCCCCCN(C(=O)C(CCCCCC)CCCCCCCC)C(CCCN(CC)CC)C(=O)NC(C)(C)C,10.300467,1
CCCCCCCCC(CCCCCC)C(=O)OCCCCCN(C(=O)C(CCCCCC)CCCCCCCC)C(CCCN(CC)CC)C(=O)NC(C)(C)CC(C)(C)C,10.283133,1
CCCCCCCCC(CCCCCC)C(=O)OCCCCCN(C(=O)C(CCCCCC)CCCCCCCC)C(CCCN(CC)CC)C(=O)NC12C[C@H]3C[C@@H](C1)C[C@@H](C2)C3,10.322361,1
CCCCCCCCC(CCCCCC)C(=O)OCCCCCN(C(=O)C(CCCCCC)CCCCCCCC)C(CCCN(CC)CC)C(=O)NC1CCCCC1,10.290984,1
CCCCCCCCC(CCCCCC)C(=O)OCCCCCN(C(=O)C(CCCCCC)CCCCCCCC)C(CCCN(CC)CC)C(=O)NCC(=O)OC,10.242215,1
CCCCCCCCC(CCCCCC)C(=O)OCCCCCN(C(=O)C(CCCCCC)CCCCCCCC)C(CCCN(CC)CC)C(=O)NCCN1CCOCC1,9.57944,2
CCCCCCCCC(CCCCCC)C(=O)OCCCCCN(C(=O)C(CCCCCC)CCCCCCCC)C(CCCN(CCCC)CCCC)C(=O)NC(C)(C)C,9.909307,1
CCCCCCCCC(CCCCCC)C(=O)OCCCCCN(C(=O)C(CCCCCC)CCCCCCCC)C(CCCN(CCCC)CCCC)C(=O)NC(C)(C)CC(C)(C)C,9.889667,1
CCCCCCCCC(CCCCCC)C(=O)OCCCCCN(C(=O)C(CCCCCC)CCCCCCCC)C(CCCN(CCCC)CCCC)C(=O)NC12C[C@H]3C[C@@H](C1)C[C@@H](C2)C3,9.920846,1
CCCCCCCCC(CCCCCC)C(=O)OCCCCCN(C(=O)C(CCCCCC)CCCCCCCC)C(CCCN(CCCC)CCCC)C(=O)NC1CCCCC1,9.915373,1
CCCCCCCCC(CCCCCC)C(=O)OCCCCCN(C(=O)C(CCCCCC)CCCCCCCC)C(CCCN(CCCC)CCCC)C(=O)NCC(=O)OC,9.888347,1
CCCCCCCCC(CCCCCC)C(=O)OCCCCCN(C(=O)C(CCCCCC)CCCCCCCC)C(CCCN(CCCC)CCCC)C(=O)NCCN1CCOCC1,9.853693,2
CCCCCCCCC(CCCCCC)C(=O)OCCCCCN(C(=O)C(CCCCCC)CCCCCCCC)C(CCCN1CCCC1)C(=O)NC(C)(C)C,10.479123,1
CCCCCCCCC(CCCCCC)C(=O)OCCCCCN(C(=O)C(CCCCCC)CCCCCCCC)C(CCCN1CCCC1)C(=O)NC(C)(C)CC(C)(C)C,10.458098,1
CCCCCCCCC(CCCCCC)C(=O)OCCCCCN(C(=O)C(CCCCCC)CCCCCCCC)C(CCCN1CCCC1)C(=O)NC12C[C@H]3C[C@@H](C1)C[C@@H](C2)C3,10.502627,1
CCCCCCCCC(CCCCCC)C(=O)OCCCCCN(C(=O)C(CCCCCC)CCCCCCCC)C(CCCN1CCCC1)C(=O)NC1CCCCC1,10.498574,1
CCCCCCCCC(CCCCCC)C(=O)OCCCCCN(C(=O)C(CCCCCC)CCCCCCCC)C(CCCN1CCCC1)C(=O)NCC(=O)OC,10.441215,1
CCCCCCCCC(CCCCCC)C(=O)OCCCCCN(C(=O)C(CCCCCC)CCCCCCCC)C(CCCN1CCCC1)C(=O)NCCN1CCOCC1,10.350627,2
CCCCCCCCC(CCCCCC)C(=O)OCCCCCN(C(=O)C(CCCCCC)CCCCCCCC)C(CCCN1CCOCC1)C(=O)NC(C)(C)C,7.514012,1
CCCCCCCCC(CCCCCC)C(=O)OCCCCCN(C(=O)C(CCCCCC)CCCCCCCC)C(CCCN1CCOCC1)C(=O)NC(C)(C)CC(C)(C)C,7.4850826,1
CCCCCCCCC(CCCCCC)C(=O)OCCCCCN(C(=O)C(CCCCCC)CCCCCCCC)C(CCCN1CCOCC1)C(=O)NC12C[C@H]3C[C@@H](C1)C[C@@H](C2)C3,7.514111,1
CCCCCCCCC(CCCCCC)C(=O)OCCCCCN(C(=O)C(CCCCCC)CCCCCCCC)C(CCCN1CCOCC1)C(=O)NC1CCCCC1,7.5149064,1
CCCCCCCCC(CCCCCC)C(=O)OCCCCCN(C(=O)C(CCCCCC)CCCCCCCC)C(CCCN1CCOCC1)C(=O)NCC(=O)OC,7.486356,1
CCCCCCCCC(CCCCCC)C(=O)OCCCCCN(C(=O)C(CCCCCC)CCCCCCCC)C(CCCN1CCOCC1)C(=O)NCCN1CCOCC1,7.7009044,2
CCCCCCCCC(CCCCCC)C(=O)OCCCCCN(C(=O)C(CCCCCC)CCCCCCCC)C(CCN(C(C)C)C(C)C)C(=O)NC(C)(C)C,10.134765,1
CCCCCCCCC(CCCCCC)C(=O)OCCCCCN(C(=O)C(CCCCCC)CCCCCCCC)C(CCN(C(C)C)C(C)C)C(=O)NC(C)(C)CC(C)(C)C,10.069073,1
CCCCCCCCC(CCCCCC)C(=O)OCCCCCN(C(=O)C(CCCCCC)CCCCCCCC)C(CCN(C(C)C)C(C)C)C(=O)NC12C[C@H]3C[C@@H](C1)C[C@@H](C2)C3,10.238028,1
CCCCCCCCC(CCCCCC)C(=O)OCCCCCN(C(=O)C(CCCCCC)CCCCCCCC)C(CCN(C(C)C)C(C)C)C(=O)NC1CCCCC1,10.18463,1
CCCCCCCCC(CCCCCC)C(=O)OCCCCCN(C(=O)C(CCCCCC)CCCCCCCC)C(CCN(C(C)C)C(C)C)C(=O)NCC(=O)OC,10.077601,1
CCCCCCCCC(CCCCCC)C(=O)OCCCCCN(C(=O)C(CCCCCC)CCCCCCCC)C(CCN(C(C)C)C(C)C)C(=O)NCCN1CCOCC1,9.621119,2
CCCCCCCCC(CCCCCC)C(=O)OCCCCCN(C(=O)C(CCCCCC)CCCCCCCC)C(CCN(C)C)C(=O)NC(C)(C)C,9.095436,1
CCCCCCCCC(CCCCCC)C(=O)OCCCCCN(C(=O)C(CCCCCC)CCCCCCCC)C(CCN(C)C)C(=O)NC(C)(C)CC(C)(C)C,9.070835,1
CCCCCCCCC(CCCCCC)C(=O)OCCCCCN(C(=O)C(CCCCCC)CCCCCCCC)C(CCN(C)C)C(=O)NC12C[C@H]3C[C@@H](C1)C[C@@H](C2)C3,9.218319,1
CCCCCCCCC(CCCCCC)C(=O)OCCCCCN(C(=O)C(CCCCCC)CCCCCCCC)C(CCN(C)C)C(=O)NC1CCCCC1,9.134213,1
CCCCCCCCC(CCCCCC)C(=O)OCCCCCN(C(=O)C(CCCCCC)CCCCCCCC)C(CCN(C)C)C(=O)NCC(=O)OC,9.062588,1
CCCCCCCCC(CCCCCC)C(=O)OCCCCCN(C(=O)C(CCCCCC)CCCCCCCC)C(CCN(C)C)C(=O)NCCN1CCOCC1,9.194379,2
CCCCCCCCC(CCCCCC)C(=O)OCCCCCN(C(=O)C(CCCCCC)CCCCCCCC)C(CCN(CC)CC)C(=O)NC(C)(C)C,9.717587,1
CCCCCCCCC(CCCCCC)C(=O)OCCCCCN(C(=O)C(CCCCCC)CCCCCCCC)C(CCN(CC)CC)C(=O)NC(C)(C)CC(C)(C)C,9.673711,1
CCCCCCCCC(CCCCCC)C(=O)OCCCCCN(C(=O)C(CCCCCC)CCCCCCCC)C(CCN(CC)CC)C(=O)NC12C[C@H]3C[C@@H](C1)C[C@@H](C2)C3,9.837969,1
CCCCCCCCC(CCCCCC)C(=O)OCCCCCN(C(=O)C(CCCCCC)CCCCCCCC)C(CCN(CC)CC)C(=O)NC1CCCCC1,9.759378,1
CCCCCCCCC(CCCCCC)C(=O)OCCCCCN(C(=O)C(CCCCCC)CCCCCCCC)C(CCN(CC)CC)C(=O)NCC(=O)OC,9.678645,1
CCCCCCCCC(CCCCCC)C(=O)OCCCCCN(C(=O)C(CCCCCC)CCCCCCCC)C(CCN(CC)CC)C(=O)NCCN1CCOCC1,9.484712,2
CCCCCCCCC(CCCCCC)C(=O)OCCCCCN(C(=O)C(CCCCCC)CCCCCCCC)C(CCN(CCN)CCN)C(=O)NC(C)(C)C,9.866478,3
CCCCCCCCC(CCCCCC)C(=O)OCCCCCN(C(=O)C(CCCCCC)CCCCCCCC)C(CCN(CCN)CCN)C(=O)NC(C)(C)CC(C)(C)C,9.857732,3
CCCCCCCCC(CCCCCC)C(=O)OCCCCCN(C(=O)C(CCCCCC)CCCCCCCC)C(CCN(CCN)CCN)C(=O)NC12C[C@H]3C[C@@H](C1)C[C@@H](C2)C3,9.8658,3
CCCCCCCCC(CCCCCC)C(=O)OCCCCCN(C(=O)C(CCCCCC)CCCCCCCC)C(CCN(CCN)CCN)C(=O)NC1CCCCC1,9.880785,3
CCCCCCCCC(CCCCCC)C(=O)OCCCCCN(C(=O)C(CCCCCC)CCCCCCCC)C(CCN(CCN)CCN)C(=O)NCC(=O)OC,9.852672,3
CCCCCCCCC(CCCCCC)C(=O)OCCCCCN(C(=O)C(CCCCCC)CCCCCCCC)C(CCN(CCN)CCN)C(=O)NCCN1CCOCC1,9.794592,4
CCCCCCCCC(CCCCCC)C(=O)OCCCCCN(C(=O)C(CCCCCC)CCCCCCCC)C(CCN1CCCC1)C(=O)NC(C)(C)C,9.92652,1
CCCCCCCCC(CCCCCC)C(=O)OCCCCCN(C(=O)C(CCCCCC)CCCCCCCC)C(CCN1CCCC1)C(=O)NC(C)(C)CC(C)(C)C,9.899406,1
CCCCCCCCC(CCCCCC)C(=O)OCCCCCN(C(=O)C(CCCCCC)CCCCCCCC)C(CCN1CCCC1)C(=O)NC12C[C@H]3C[C@@H](C1)C[C@@H](C2)C3,9.976398,1
CCCCCCCCC(CCCCCC)C(=O)OCCCCCN(C(=O)C(CCCCCC)CCCCCCCC)C(CCN1CCCC1)C(=O)NC1CCCCC1,9.970572,1
CCCCCCCCC(CCCCCC)C(=O)OCCCCCN(C(=O)C(CCCCCC)CCCCCCCC)C(CCN1CCCC1)C(=O)NCC(=O)OC,9.8778,1
CCCCCCCCC(CCCCCC)C(=O)OCCCCCN(C(=O)C(CCCCCC)CCCCCCCC)C(CCN1CCCC1)C(=O)NCCN1CCOCC1,10.155357,2
CCCCCCCCC(CCCCCC)C(=O)OCCCCCN(C(=O)C(CCCCCC)CCCCCCCC)C(CCN1CCCCC1)C(=O)NC(C)(C)C,9.282342,1
CCCCCCCCC(CCCCCC)C(=O)OCCCCCN(C(=O)C(CCCCCC)CCCCCCCC)C(CCN1CCCCC1)C(=O)NC(C)(C)CC(C)(C)C,9.254645,1
CCCCCCCCC(CCCCCC)C(=O)OCCCCCN(C(=O)C(CCCCCC)CCCCCCCC)C(CCN1CCCCC1)C(=O)NC12C[C@H]3C[C@@H](C1)C[C@@H](C2)C3,9.300832,1
CCCCCCCCC(CCCCCC)C(=O)OCCCCCN(C(=O)C(CCCCCC)CCCCCCCC)C(CCN1CCCCC1)C(=O)NC1CCCCC1,9.309402,1
CCCCCCCCC(CCCCCC)C(=O)OCCCCCN(C(=O)C(CCCCCC)CCCCCCCC)C(CCN1CCCCC1)C(=O)NCC(=O)OC,9.246452,1
CCCCCCCCC(CCCCCC)C(=O)OCCCCCN(C(=O)C(CCCCCC)CCCCCCCC)C(CCN1CCCCC1)C(=O)NCCN1CCOCC1,9.431801,2
CCCCCCCCC(CCCCCC)C(=O)OCCCCCN(C(=O)C(CCCCCC)CCCCCCCC)C(CCN1CCNCC1)C(=O)NC(C)(C)C,9.259377,2
CCCCCCCCC(CCCCCC)C(=O)OCCCCCN(C(=O)C(CCCCCC)CCCCCCCC)C(CCN1CCNCC1)C(=O)NC(C)(C)CC(C)(C)C,9.246237,2
CCCCCCCCC(CCCCCC)C(=O)OCCCCCN(C(=O)C(CCCCCC)CCCCCCCC)C(CCN1CCNCC1)C(=O)NC12C[C@H]3C[C@@H](C1)C[C@@H](C2)C3,9.25395,2
CCCCCCCCC(CCCCCC)C(=O)OCCCCCN(C(=O)C(CCCCCC)CCCCCCCC)C(CCN1CCNCC1)C(=O)NC1CCCCC1,9.27665,2
CCCCCCCCC(CCCCCC)C(=O)OCCCCCN(C(=O)C(CCCCCC)CCCCCCCC)C(CCN1CCNCC1)C(=O)NCC(=O)OC,9.242091,2
CCCCCCCCC(CCCCCC)C(=O)OCCCCCN(C(=O)C(CCCCCC)CCCCCCCC)C(CCN1CCNCC1)C(=O)NCCN1CCOCC1,9.30969,3
CCCCCCCCCCCC(=O)OCCCCCN(C(=O)C(CCCCCC)CCCCCCCC)C(C(=O)NC(C)(C)C)C1CCN(C)CC1,9.183755,1
CCCCCCCCCCCC(=O)OCCCCCN(C(=O)C(CCCCCC)CCCCCCCC)C(C(=O)NC(C)(C)C)C1CCNCC1,10.27022,1
CCCCCCCCCCCC(=O)OCCCCCN(C(=O)C(CCCCCC)CCCCCCCC)C(C(=O)NC(C)(C)C)N(C)C,5.6623,1
CCCCCCCCCCCC(=O)OCCCCCN(C(=O)C(CCCCCC)CCCCCCCC)C(C(=O)NC(C)(C)C)N1CCCCC1,6.969134,1
CCCCCCCCCCCC(=O)OCCCCCN(C(=O)C(CCCCCC)CCCCCCCC)C(C(=O)NC(C)(C)C)N1CCOCC1,4.612605,1
CCCCCCCCCCCC(=O)OCCCCCN(C(=O)C(CCCCCC)CCCCCCCC)C(C(=O)NC(C)(C)C)c1cc(C)nn1C,,0
CCCCCCCCCCCC(=O)OCCCCCN(C(=O)C(CCCCCC)CCCCCCCC)C(C(=O)NC(C)(C)CC(C)(C)C)C1CCN(C)CC1,9.16382,1
CCCCCCCCCCCC(=O)OCCCCCN(C(=O)C(CCCCCC)CCCCCCCC)C(C(=O)NC(C)(C)CC(C)(C)C)C1CCNCC1,10.236425,1
CCCCCCCCCCCC(=O)OCCCCCN(C(=O)C(CCCCCC)CCCCCCCC)C(C(=O)NC(C)(C)CC(C)(C)C)N(C)C,5.682442,1
CCCCCCCCCCCC(=O)OCCCCCN(C(=O)C(CCCCCC)CCCCCCCC)C(C(=O)NC(C)(C)CC(C)(C)C)N1CCCCC1,6.9735975,1
CCCCCCCCCCCC(=O)OCCCCCN(C(=O)C(CCCCCC)CCCCCCCC)C(C(=O)NC(C)(C)CC(C)(C)C)N1CCOCC1,4.6201043,1
CCCCCCCCCCCC(=O)OCCCCCN(C(=O)C(CCCCCC)CCCCCCCC)C(C(=O)NC(C)(C)CC(C)(C)C)c1cc(C)nn1C,,0
CCCCCCCCCCCC(=O)OCCCCCN(C(=O)C(CCCCCC)CCCCCCCC)C(C(=O)NC12C[C@H]3C[C@@H](C1)C[C@@H](C2)C3)C1CCN(C)CC1,9.190895,1
CCCCCCCCCCCC(=O)OCCCCCN(C(=O)C(CCCCCC)CCCCCCCC)C(C(=O)NC12C[C@H]3C[C@@H](C1)C[C@@H](C2)C3)C1CCNCC1,10.291525,1
CCCCCCCCCCCC(=O)OCCCCCN(C(=O)C(CCCCCC)CCCCCCCC)C(C(=O)NC12C[C@H]3C[C@@H](C1)C[C@@H](C2)C3)N(C)C,5.683987,1
CCCCCCCCCCCC(=O)OCCCCCN(C(=O)C(CCCCCC)CCCCCCCC)C(C(=O)NC12C[C@H]3C[C@@H](C1)C[C@@H](C2)C3)N1CCCCC1,6.8622966,1
CCCCCCCCCCCC(=O)OCCCCCN(C(=O)C(CCCCCC)CCCCCCCC)C(C(=O)NC12C[C@H]3C[C@@H](C1)C[C@@H](C2)C3)N1CCOCC1,4.6048784,1
CCCCCCCCCCCC(=O)OCCCCCN(C(=O)C(CCCCCC)CCCCCCCC)C(C(=O)NC12C[C@H]3C[C@@H](C1)C[C@@H](C2)C3)c1cc(C)nn1C,,0
CCCCCCCCCCCC(=O)OCCCCCN(C(=O)C(CCCCCC)CCCCCCCC)C(C(=O)NC1CCCCC1)C1CCN(C)CC1,9.199274,1
CCCCCCCCCCCC(=O)OCCCCCN(C(=O)C(CCCCCC)CCCCCCCC)C(C(=O)NC1CCCCC1)C1CCNCC1,10.288632,1
CCCCCCCCCCCC(=O)OCCCCCN(C(=O)C(CCCCCC)CCCCCCCC)C(C(=O)NC1CCCCC1)N(C)C,5.672623,1
CCCCCCCCCCCC(=O)OCCCCCN(C(=O)C(CCCCCC)CCCCCCCC)C(C(=O)NC1CCCCC1)N1CCCCC1,7.0635815,1
CCCCCCCCCCCC(=O)OCCCCCN(C(=O)C(CCCCCC)CCCCCCCC)C(C(=O)NC1CCCCC1)N1CCOCC1,4.600078,1
CCCCCCCCCCCC(=O)OCCCCCN(C(=O)C(CCCCCC)CCCCCCCC)C(C(=O)NC1CCCCC1)c1cc(C)nn1C,,0
CCCCCCCCCCCC(=O)OCCCCCN(C(=O)C(CCCCCC)CCCCCCCC)C(C(=O)NCC(=O)OC)C1CCN(C)CC1,9.135438,1
CCCCCCCCCCCC(=O)OCCCCCN(C(=O)C(CCCCCC)CCCCCCCC)C(C(=O)NCC(=O)OC)C1CCNCC1,10.208801,1
CCCCCCCCCCCC(=O)OCCCCCN(C(=O)C(CCCCCC)CCCCCCCC)C(C(=O)NCC(=O)OC)N(C)C,5.4306183,1
CCCCCCCCCCCC(=O)OCCCCCN(C(=O)C(CCCCCC)CCCCCCCC)C(C(=O)NCC(=O)OC)N1CCCCC1,6.890089,1
CCCCCCCCCCCC(=O)OCCCCCN(C(=O)C(CCCCCC)CCCCCCCC)C(C(=O)NCC(=O)OC)N1CCOCC1,4.3820887,1
CCCCCCCCCCCC(=O)OCCCCCN(C(=O)C(CCCCCC)CCCCCCCC)C(C(=O)NCC(=O)OC)c1cc(C)nn1C,,0
CCCCCCCCCCCC(=O)OCCCCCN(C(=O)C(CCCCCC)CCCCCCCC)C(C(=O)NCCN1CCOCC1)C1CCN(C)CC1,9.257005,2
CCCCCCCCCCCC(=O)OCCCCCN(C(=O)C(CCCCCC)CCCCCCCC)C(C(=O)NCCN1CCOCC1)C1CCNCC1,9.885577,2
CCCCCCCCCCCC(=O)OCCCCCN(C(=O)C(CCCCCC)CCCCCCCC)C(C(=O)NCCN1CCOCC1)N(C)C,6.7877564,2
CCCCCCCCCCCC(=O)OCCCCCN(C(=O)C(CCCCCC)CCCCCCCC)C(C(=O)NCCN1CCOCC1)N1CCCCC1,7.3937054,2
CCCCCCCCCCCC(=O)OCCCCCN(C(=O)C(CCCCCC)CCCCCCCC)C(C(=O)NCCN1CCOCC1)N1CCOCC1,6.8422966,2
CCCCCCCCCCCC(=O)OCCCCCN(C(=O)C(CCCCCC)CCCCCCCC)C(C(=O)NCCN1CCOCC1)c1cc(C)nn1C,6.671583,2
CCCCCCCCCCCC(=O)OCCCCCN(C(=O)C(CCCCCC)CCCCCCCC)C(CC1CCCN1CC)C(=O)NC(C)(C)C,10.108012,1
CCCCCCCCCCCC(=O)OCCCCCN(C(=O)C(CCCCCC)CCCCCCCC)C(CC1CCCN1CC)C(=O)NC(C)(C)CC(C)(C)C,10.072718,1
CCCCCCCCCCCC(=O)OCCCCCN(C(=O)C(CCCCCC)CCCCCCCC)C(CC1CCCN1CC)C(=O)NC12C[C@H]3C[C@@H](C1)C[C@@H](C2)C3,10.130602,1
CCCCCCCCCCCC(=O)OCCCCCN(C(=O)C(CCCCCC)CCCCCCCC)C(CC1CCCN1CC)C(=O)NC1CCCCC1,10.155185,1
CCCCCCCCCCCC(=O)OCCCCCN(C(=O)C(CCCCCC)CCCCCCCC)C(CC1CCCN1CC)C(=O)NCC(=O)OC,10.036659,1
CCCCCCCCCCCC(=O)OCCCCCN(C(=O)C(CCCCCC)CCCCCCCC)C(CC1CCCN1CC)C(=O)NCCN1CCOCC1,10.194612,2
CCCCCCCCCCCC(=O)OCCCCCN(C(=O)C(CCCCCC)CCCCCCCC)C(CCCN(C)C)C(=O)NC(C)(C)C,9.69946,1
CCCCCCCCCCCC(=O)OCCCCCN(C(=O)C(CCCCCC)CCCCCCCC)C(CCCN(C)C)C(=O)NC(C)(C)CC(C)(C)C,9.69608,1
CCCCCCCCCCCC(=O)OCCCCCN(C(=O)C(CCCCCC)CCCCCCCC)C(CCCN(C)C)C(=O)NC12C[C@H]3C[C@@H](C1)C[C@@H](C2)C3,9.728362,1
CCCCCCCCCCCC(=O)OCCCCCN(C(=O)C(CCCCCC)CCCCCCCC)C(CCCN(C)C)C(=O)NC1CCCCC1,9.691109,1
CCCCCCCCCCCC(=O)OCCCCCN(C(=O)C(CCCCCC)CCCCCCCC)C(CCCN(C)C)C(=O)NCC(=O)OC,9.657908,1
CCCCCCCCCCCC(=O)OCCCCCN(C(=O)C(CCCCCC)CCCCCCCC)C(CCCN(C)C)C(=O)NCCN1CCOCC1,9.403851,2
CCCCCCCCCCCC(=O)OCCCCCN(C(=O)C(CCCCCC)CCCCCCCC)C(CCCN(C)CCCN)C(=O)NC(C)(C)C,10.44746,2
CCCCCCCCCCCC(=O)OCCCCCN(C(=O)C(CCCCCC)CCCCCCCC)C(CCCN(C)CCCN)C(=O)NC(C)(C)CC(C)(C)C,10.446305,2
CCCCCCCCCCCC(=O)OCCCCCN(C(=O)C(CCCCCC)CCCCCCCC)C(CCCN(C)CCCN)C(=O)NC12C[C@H]3C[C@@H](C1)C[C@@H](C2)C3,10.441132,2
CCCCCCCCCCCC(=O)OCCCCCN(C(=O)C(CCCCCC)CCCCCCCC)C(CCCN(C)CCCN)C(=O)NC1CCCCC1,10.452468,2
CCCCCCCCCCCC(=O)OCCCCCN(C(=O)C(CCCCCC)CCCCCCCC)C(CCCN(C)CCCN)C(=O)NCC(=O)OC,10.458411,2
CCCCCCCCCCCC(=O)OCCCCCN(C(=O)C(CCCCCC)CCCCCCCC)C(CCCN(C)CCCN)C(=O)NCCN1CCOCC1,10.326336,3
CCCCCCCCCCCC(=O)OCCCCCN(C(=O)C(CCCCCC)CCCCCCCC)C(CCCN(CC)CC)C(=O)NC(C)(C)C,10.257668,1
CCCCCCCCCCCC(=O)OCCCCCN(C(=O)C(CCCCCC)CCCCCCCC)C(CCCN(CC)CC)C(=O)NC(C)(C)CC(C)(C)C,10.242042,1
CCCCCCCCCCCC(=O)OCCCCCN(C(=O)C(CCCCCC)CCCCCCCC)C(CCCN(CC)CC)C(=O)NC12C[C@H]3C[C@@H](C1)C[C@@H](C2)C3,10.285127,1
CCCCCCCCCCCC(=O)OCCCCCN(C(=O)C(CCCCCC)CCCCCCCC)C(CCCN(CC)CC)C(=O)NC1CCCCC1,10.2469015,1
CCCCCCCCCCCC(=O)OCCCCCN(C(=O)C(CCCCCC)CCCCCCCC)C(CCCN(CC)CC)C(=O)NCC(=O)OC,10.198864,1
CCCCCCCCCCCC(=O)OCCCCCN(C(=O)C(CCCCCC)CCCCCCCC)C(CCCN(CC)CC)C(=O)NCCN1CCOCC1,9.573724,2
CCCCCCCCCCCC(=O)OCCCCCN(C(=O)C(CCCCCC)CCCCCCCC)C(CCCN(CCCC)CCCC)C(=O)NC(C)(C)C,9.910327,1
CCCCCCCCCCCC(=O)OCCCCCN(C(=O)C(CCCCCC)CCCCCCCC)C(CCCN(CCCC)CCCC)C(=O)NC(C)(C)CC(C)(C)C,9.881024,1
CCCCCCCCCCCC(=O)OCCCCCN(C(=O)C(CCCCCC)CCCCCCCC)C(CCCN(CCCC)CCCC)C(=O)NC12C[C@H]3C[C@@H](C1)C[C@@H](C2)C3,9.914776,1
CCCCCCCCCCCC(=O)OCCCCCN(C(=O)C(CCCCCC)CCCCCCCC)C(CCCN(CCCC)CCCC)C(=O)NC1CCCCC1,9.916542,1
CCCCCCCCCCCC(=O)OCCCCCN(C(=O)C(CCCCCC)CCCCCCCC)C(CCCN(CCCC)CCCC)C(=O)NCC(=O)OC,9.888626,1
CCCCCCCCCCCC(=O)OCCCCCN(C(=O)C(CCCCCC)CCCCCCCC)C(CCCN(CCCC)CCCC)C(=O)NCCN1CCOCC1,9.85135,2
CCCCCCCCCCCC(=O)OCCCCCN(C(=O)C(CCCCCC)CCCCCCCC)C(CCCN1CCCC1)C(=O)NC(C)(C)C,10.475285,1
CCCCCCCCCCCC(=O)OCCCCCN(C(=O)C(CCCCCC)CCCCCCCC)C(CCCN1CCCC1)C(=O)NC(C)(C)CC(C)(C)C,10.449081,1
CCCCCCCCCCCC(=O)OCCCCCN(C(=O)C(CCCCCC)CCCCCCCC)C(CCCN1CCCC1)C(=O)NC12C[C@H]3C[C@@H](C1)C[C@@H](C2)C3,10.499256,1
CCCCCCCCCCCC(=O)OCCCCCN(C(=O)C(CCCCCC)CCCCCCCC)C(CCCN1CCCC1)C(=O)NC1CCCCC1,10.494955,1
CCCCCCCCCCCC(=O)OCCCCCN(C(=O)C(CCCCCC)CCCCCCCC)C(CCCN1CCCC1)C(=O)NCC(=O)OC,10.436202,1
CCCCCCCCCCCC(=O)OCCCCCN(C(=O)C(CCCCCC)CCCCCCCC)C(CCCN1CCCC1)C(=O)NCCN1CCOCC1,10.346019,2
CCCCCCCCCCCC(=O)OCCCCCN(C(=O)C(CCCCCC)CCCCCCCC)C(CCCN1CCOCC1)C(=O)NC(C)(C)C,7.501126,1
CCCCCCCCCCCC(=O)OCCCCCN(C(=O)C(CCCCCC)CCCCCCCC)C(CCCN1CCOCC1)C(=O)NC(C)(C)CC(C)(C)C,7.4717145,1
CCCCCCCCCCCC(=O)OCCCCCN(C(=O)C(CCCCCC)CCCCCCCC)C(CCCN1CCOCC1)C(=O)NC12C[C@H]3C[C@@H](C1)C[C@@H](C2)C3,7.5011477,1
CCCCCCCCCCCC(=O)OCCCCCN(C(=O)C(CCCCCC)CCCCCCCC)C(CCCN1CCOCC1)C(=O)NC1CCCCC1,7.50198,1
CCCCCCCCCCCC(=O)OCCCCCN(C(=O)C(CCCCCC)CCCCCCCC)C(CCCN1CCOCC1)C(=O)NCC(=O)OC,7.473125,1
CCCCCCCCCCCC(=O)OCCCCCN(C(=O)C(CCCCCC)CCCCCCCC)C(CCCN1CCOCC1)C(=O)NCCN1CCOCC1,7.694555,2
CCCCCCCCCCCC(=O)OCCCCCN(C(=O)C(CCCCCC)CCCCCCCC)C(CCN(C(C)C)C(C)C)C(=O)NC(C)(C)C,10.093865,1
CCCCCCCCCCCC(=O)OCCCCCN(C(=O)C(CCCCCC)CCCCCCCC)C(CCN(C(C)C)C(C)C)C(=O)NC(C)(C)CC(C)(C)C,10.029075,1
CCCCCCCCCCCC(=O)OCCCCCN(C(=O)C(CCCCCC)CCCCCCCC)C(CCN(C(C)C)C(C)C)C(=O)NC12C[C@H]3C[C@@H](C1)C[C@@H](C2)C3,10.197656,1
CCCCCCCCCCCC(=O)OCCCCCN(C(=O)C(CCCCCC)CCCCCCCC)C(CCN(C(C)C)C(C)C)C(=O)NC1CCCCC1,10.144298,1
CCCCCCCCCCCC(=O)OCCCCCN(C(=O)C(CCCCCC)CCCCCCCC)C(CCN(C(C)C)C(C)C)C(=O)NCC(=O)OC,10.035962,1
CCCCCCCCCCCC(=O)OCCCCCN(C(=O)C(CCCCCC)CCCCCCCC)C(CCN(C(C)C)C(C)C)C(=O)NCCN1CCOCC1,9.61193,2
CCCCCCCCCCCC(=O)OCCCCCN(C(=O)C(CCCCCC)CCCCCCCC)C(CCN(C)C)C(=O)NC(C)(C)C,9.062998,1
CCCCCCCCCCCC(=O)OCCCCCN(C(=O)C(CCCCCC)CCCCCCCC)C(CCN(C)C)C(=O)NC(C)(C)CC(C)(C)C,9.039005,1
CCCCCCCCCCCC(=O)OCCCCCN(C(=O)C(CCCCCC)CCCCCCCC)C(CCN(C)C)C(=O)NC12C[C@H]3C[C@@H](C1)C[C@@H](C2)C3,9.1853285,1
CCCCCCCCCCCC(=O)OCCCCCN(C(=O)C(CCCCCC)CCCCCCCC)C(CCN(C)C)C(=O)NC1CCCCC1,9.102131,1
CCCCCCCCCCCC(=O)OCCCCCN(C(=O)C(CCCCCC)CCCCCCCC)C(CCN(C)C)C(=O)NCC(=O)OC,9.028552,1
CCCCCCCCCCCC(=O)OCCCCCN(C(=O)C(CCCCCC)CCCCCCCC)C(CCN(C)C)C(=O)NCCN1CCOCC1,9.184952,2
CCCCCCCCCCCC(=O)OCCCCCN(C(=O)C(CCCCCC)CCCCCCCC)C(CCN(CC)CC)C(=O)NC(C)(C)C,9.67443,1
CCCCCCCCCCCC(=O)OCCCCCN(C(=O)C(CCCCCC)CCCCCCCC)C(CCN(CC)CC)C(=O)NC(C)(C)CC(C)(C)C,9.631391,1
CCCCCCCCCCCC(=O)OCCCCCN(C(=O)C(CCCCCC)CCCCCCCC)C(CCN(CC)CC)C(=O)NC12C[C@H]3C[C@@H](C1)C[C@@H](C2)C3,9.794021,1
CCCCCCCCCCCC(=O)OCCCCCN(C(=O)C(CCCCCC)CCCCCCCC)C(CCN(CC)CC)C(=O)NC1CCCCC1,9.71582,1
CCCCCCCCCCCC(=O)OCCCCCN(C(=O)C(CCCCCC)CCCCCCCC)C(CCN(CC)CC)C(=O)NCC(=O)OC,9.634593,1
CCCCCCCCCCCC(=O)OCCCCCN(C(=O)C(CCCCCC)CCCCCCCC)C(CCN(CC)CC)C(=O)NCCN1CCOCC1,9.477345,2
CCCCCCCCCCCC(=O)OCCCCCN(C(=O)C(CCCCCC)CCCCCCCC)C(CCN(CCN)CCN)C(=O)NC(C)(C)C,9.867682,3
CCCCCCCCCCCC(=O)OCCCCCN(C(=O)C(CCCCCC)CCCCCCCC)C(CCN(CCN)CCN)C(=O)NC(C)(C)CC(C)(C)C,9.858908,3
CCCCCCCCCCCC(=O)OCCCCCN(C(=O)C(CCCCCC)CCCCCCCC)C(CCN(CCN)CCN)C(=O)NC12C[C@H]3C[C@@H](C1)C[C@@H](C2)C3,9.867102,3
CCCCCCCCCCCC(=O)OCCCCCN(C(=O)C(CCCCCC)CCCCCCCC)C(CCN(CCN)CCN)C(=O)NC1CCCCC1,9.882099,3
CCCCCCCCCCCC(=O)OCCCCCN(C(=O)C(CCCCCC)CCCCCCCC)C(CCN(CCN)CCN)C(=O)NCC(=O)OC,9.853835,3
CCCCCCCCCCCC(=O)OCCCCCN(C(=O)C(CCCCCC)CCCCCCCC)C(CCN(CCN)CCN)C(=O)NCCN1CCOCC1,9.795553,4
CCCCCCCCCCCC(=O)OCCCCCN(C(=O)C(CCCCCC)CCCCCCCC)C(CCN1CCCC1)C(=O)NC(C)(C)C,9.917251,1
CCCCCCCCCCCC(=O)OCCCCCN(C(=O)C(CCCCCC)CCCCCCCC)C(CCN1CCCC1)C(=O)NC(C)(C)CC(C)(C)C,9.888653,1
CCCCCCCCCCCC(=O)OCCCCCN(C(=O)C(CCCCCC)CCCCCCCC)C(CCN1CCCC1)C(=O)NC12C[C@H]3C[C@@H](C1)C[C@@H](C2)C3,9.964151,1
CCCCCCCCCCCC(=O)OCCCCCN(C(=O)C(CCCCCC)CCCCCCCC)C(CCN1CCCC1)C(=O)NC1CCCCC1,9.962171,1
CCCCCCCCCCCC(=O)OCCCCCN(C(=O)C(CCCCCC)CCCCCCCC)C(CCN1CCCC1)C(=O)NCC(=O)OC,9.867626,1
CCCCCCCCCCCC(=O)OCCCCCN(C(=O)C(CCCCCC)CCCCCCCC)C(CCN1CCCC1)C(=O)NCCN1CCOCC1,10.14648,2
CCCCCCCCCCCC(=O)OCCCCCN(C(=O)C(CCCCCC)CCCCCCCC)C(CCN1CCCCC1)C(=O)NC(C)(C)C,9.269012,1
CCCCCCCCCCCC(=O)OCCCCCN(C(=O)C(CCCCCC)CCCCCCCC)C(CCN1CCCCC1)C(=O)NC(C)(C)CC(C)(C)C,9.241232,1
CCCCCCCCCCCC(=O)OCCCCCN(C(=O)C(CCCCCC)CCCCCCCC)C(CCN1CCCCC1)C(=O)NC12C[C@H]3C[C@@H](C1)C[C@@H](C2)C3,9.287774,1
CCCCCCCCCCCC(=O)OCCCCCN(C(=O)C(CCCCCC)CCCCCCCC)C(CCN1CCCCC1)C(=O)NC1CCCCC1,9.296285,1
CCCCCCCCCCCC(=O)OCCCCCN(C(=O)C(CCCCCC)CCCCCCCC)C(CCN1CCCCC1)C(=O)NCC(=O)OC,9.233179,1
CCCCCCCCCCCC(=O)OCCCCCN(C(=O)C(CCCCCC)CCCCCCCC)C(CCN1CCCCC1)C(=O)NCCN1CCOCC1,9.426344,2
CCCCCCCCCCCC(=O)OCCCCCN(C(=O)C(CCCCCC)CCCCCCCC)C(CCN1CCNCC1)C(=O)NC(C)(C)C,9.262577,2
CCCCCCCCCCCC(=O)OCCCCCN(C(=O)C(CCCCCC)CCCCCCCC)C(CCN1CCNCC1)C(=O)NC(C)(C)CC(C)(C)C,9.24935,2
CCCCCCCCCCCC(=O)OCCCCCN(C(=O)C(CCCCCC)CCCCCCCC)C(CCN1CCNCC1)C(=O)NC12C[C@H]3C[C@@H](C1)C[C@@H](C2)C3,9.256362,2
CCCCCCCCCCCC(=O)OCCCCCN(C(=O)C(CCCCCC)CCCCCCCC)C(CCN1CCNCC1)C(=O)NC1CCCCC1,9.279904,2
CCCCCCCCCCCC(=O)OCCCCCN(C(=O)C(CCCCCC)CCCCCCCC)C(CCN1CCNCC1)C(=O)NCC(=O)OC,9.24522,2
CCCCCCCCCCCC(=O)OCCCCCN(C(=O)C(CCCCCC)CCCCCCCC)C(CCN1CCNCC1)C(=O)NCCN1CCOCC1,9.305756,3
CCCCCCCCCCCCCCCCCC(=O)N(CCCCCCCCC)C(C(=O)NC(C)(C)C)C1CCN(C)CC1,9.183968,1
CCCCCCCCCCCCCCCCCC(=O)N(CCCCCCCCC)C(C(=O)NC(C)(C)C)C1CCNCC1,10.269905,1
CCCCCCCCCCCCCCCCCC(=O)N(CCCCCCCCC)C(C(=O)NC(C)(C)C)N(C)C,5.6041994,1
CCCCCCCCCCCCCCCCCC(=O)N(CCCCCCCCC)C(C(=O)NC(C)(C)C)N1CCCCC1,6.980701,1
CCCCCCCCCCCCCCCCCC(=O)N(CCCCCCCCC)C(C(=O)NC(C)(C)C)N1CCOCC1,4.61903,1
CCCCCCCCCCCCCCCCCC(=O)N(CCCCCCCCC)C(C(=O)NC(C)(C)C)c1cc(C)nn1C,,0
CCCCCCCCCCCCCCCCCC(=O)N(CCCCCCCCC)C(C(=O)NC(C)(C)CC(C)(C)C)C1CCN(C)CC1,9.163849,1
CCCCCCCCCCCCCCCCCC(=O)N(CCCCCCCCC)C(C(=O)NC(C)(C)CC(C)(C)C)C1CCNCC1,10.235873,1
CCCCCCCCCCCCCCCCCC(=O)N(CCCCCCCCC)C(C(=O)NC(C)(C)CC(C)(C)C)N(C)C,5.6271844,1
CCCCCCCCCCCCCCCCCC(=O)N(CCCCCCCCC)C(C(=O)NC(C)(C)CC(C)(C)C)N1CCCCC1,6.9848065,1
CCCCCCCCCCCCCCCCCC(=O)N(CCCCCCCCC)C(C(=O)NC(C)(C)CC(C)(C)C)N1CCOCC1,4.628656,1
CCCCCCCCCCCCCCCCCC(=O)N(CCCCCCCCC)C(C(=O)NC(C)(C)CC(C)(C)C)c1cc(C)nn1C,,0
CCCCCCCCCCCCCCCCCC(=O)N(CCCCCCCCC)C(C(=O)NC12C[C@H]3C[C@@H](C1)C[C@@H](C2)C3)C1CCN(C)CC1,9.191034,1
CCCCCCCCCCCCCCCCCC(=O)N(CCCCCCCCC)C(C(=O)NC12C[C@H]3C[C@@H](C1)C[C@@H](C2)C3)C1CCNCC1,10.290016,1
CCCCCCCCCCCCCCCCCC(=O)N(CCCCCCCCC)C(C(=O)NC12C[C@H]3C[C@@H](C1)C[C@@H](C2)C3)N(C)C,5.64882,1
CCCCCCCCCCCCCCCCCC(=O)N(CCCCCCCCC)C(C(=O)NC12C[C@H]3C[C@@H](C1)C[C@@H](C2)C3)N1CCCCC1,6.8654747,1
CCCCCCCCCCCCCCCCCC(=O)N(CCCCCCCCC)C(C(=O)NC12C[C@H]3C[C@@H](C1)C[C@@H](C2)C3)N1CCOCC1,4.624466,1
CCCCCCCCCCCCCCCCCC(=O)N(CCCCCCCCC)C(C(=O)NC12C[C@H]3C[C@@H](C1)C[C@@H](C2)C3)c1cc(C)nn1C,,0
CCCCCCCCCCCCCCCCCC(=O)N(CCCCCCCCC)C(C(=O)NC1CCCCC1)C1CCN(C)CC1,9.199524,1
CCCCCCCCCCCCCCCCCC(=O)N(CCCCCCCCC)C(C(=O)NC1CCCCC1)C1CCNCC1,10.2870035,1
CCCCCCCCCCCCCCCCCC(=O)N(CCCCCCCCC)C(C(=O)NC1CCCCC1)N(C)C,5.6200705,1
CCCCCCCCCCCCCCCCCC(=O)N(CCCCCCCCC)C(C(=O)NC1CCCCC1)N1CCCCC1,7.055328,1
CCCCCCCCCCCCCCCCCC(=O)N(CCCCCCCCC)C(C(=O)NC1CCCCC1)N1CCOCC1,4.6054726,1
CCCCCCCCCCCCCCCCCC(=O)N(CCCCCCCCC)C(C(=O)NC1CCCCC1)c1cc(C)nn1C,,0
CCCCCCCCCCCCCCCCCC(=O)N(CCCCCCCCC)C(C(=O)NCC(=O)OC)C1CCN(C)CC1,9.135547,1
CCCCCCCCCCCCCCCCCC(=O)N(CCCCCCCCC)C(C(=O)NCC(=O)OC)C1CCNCC1,10.2064905,1
CCCCCCCCCCCCCCCCCC(=O)N(CCCCCCCCC)C(C(=O)NCC(=O)OC)N(C)C,5.370856,1
CCCCCCCCCCCCCCCCCC(=O)N(CCCCCCCCC)C(C(=O)NCC(=O)OC)N1CCCCC1,6.898607,1
CCCCCCCCCCCCCCCCCC(=O)N(CCCCCCCCC)C(C(=O)NCC(=O)OC)N1CCOCC1,4.388028,1
CCCCCCCCCCCCCCCCCC(=O)N(CCCCCCCCC)C(C(=O)NCC(=O)OC)c1cc(C)nn1C,,0
CCCCCCCCCCCCCCCCCC(=O)N(CCCCCCCCC)C(C(=O)NCCN1CCOCC1)C1CCN(C)CC1,9.262425,2
CCCCCCCCCCCCCCCCCC(=O)N(CCCCCCCCC)C(C(=O)NCCN1CCOCC1)C1CCNCC1,9.888677,2
CCCCCCCCCCCCCCCCCC(=O)N(CCCCCCCCC)C(C(=O)NCCN1CCOCC1)N(C)C,6.7892594,2
CCCCCCCCCCCCCCCCCC(=O)N(CCCCCCCCC)C(C(=O)NCCN1CCOCC1)N1CCCCC1,7.379138,2
CCCCCCCCCCCCCCCCCC(=O)N(CCCCCCCCC)C(C(=O)NCCN1CCOCC1)N1CCOCC1,6.842468,2
CCCCCCCCCCCCCCCCCC(=O)N(CCCCCCCCC)C(C(=O)NCCN1CCOCC1)c1cc(C)nn1C,6.673952,2
CCCCCCCCCCCCCCCCCC(=O)N(CCCCCCCCC)C(CC1CCCN1CC)C(=O)NC(C)(C)C,10.069701,1
CCCCCCCCCCCCCCCCCC(=O)N(CCCCCCCCC)C(CC1CCCN1CC)C(=O)NC(C)(C)CC(C)(C)C,10.035618,1
CCCCCCCCCCCCCCCCCC(=O)N(CCCCCCCCC)C(CC1CCCN1CC)C(=O)NC12C[C@H]3C[C@@H](C1)C[C@@H](C2)C3,10.094771,1
CCCCCCCCCCCCCCCCCC(=O)N(CCCCCCCCC)C(CC1CCCN1CC)C(=O)NC1CCCCC1,10.116536,1
CCCCCCCCCCCCCCCCCC(=O)N(CCCCCCCCC)C(CC1CCCN1CC)C(=O)NCC(=O)OC,10.0017805,1
CCCCCCCCCCCCCCCCCC(=O)N(CCCCCCCCC)C(CC1CCCN1CC)C(=O)NCCN1CCOCC1,10.174148,2
CCCCCCCCCCCCCCCCCC(=O)N(CCCCCCCCC)C(CCCN(C)C)C(=O)NC(C)(C)C,9.704207,1
CCCCCCCCCCCCCCCCCC(=O)N(CCCCCCCCC)C(CCCN(C)C)C(=O)NC(C)(C)CC(C)(C)C,9.687126,1
CCCCCCCCCCCCCCCCCC(=O)N(CCCCCCCCC)C(CCCN(C)C)C(=O)NC12C[C@H]3C[C@@H](C1)C[C@@H](C2)C3,9.721374,1
CCCCCCCCCCCCCCCCCC(=O)N(CCCCCCCCC)C(CCCN(C)C)C(=O)NC1CCCCC1,9.694581,1
CCCCCCCCCCCCCCCCCC(=O)N(CCCCCCCCC)C(CCCN(C)C)C(=O)NCC(=O)OC,9.662968,1
CCCCCCCCCCCCCCCCCC(=O)N(CCCCCCCCC)C(CCCN(C)C)C(=O)NCCN1CCOCC1,9.408202,2
CCCCCCCCCCCCCCCCCC(=O)N(CCCCCCCCC)C(CCCN(C)CCCN)C(=O)NC(C)(C)C,10.449802,2
CCCCCCCCCCCCCCCCCC(=O)N(CCCCCCCCC)C(CCCN(C)CCCN)C(=O)NC(C)(C)CC(C)(C)C,10.448624,2
CCCCCCCCCCCCCCCCCC(=O)N(CCCCCCCCC)C(CCCN(C)CCCN)C(=O)NC12C[C@H]3C[C@@H](C1)C[C@@H](C2)C3,10.443452,2
CCCCCCCCCCCCCCCCCC(=O)N(CCCCCCCCC)C(CCCN(C)CCCN)C(=O)NC1CCCCC1,10.454834,2
CCCCCCCCCCCCCCCCCC(=O)N(CCCCCCCCC)C(CCCN(C)CCCN)C(=O)NCC(=O)OC,10.46082,2
CCCCCCCCCCCCCCCCCC(=O)N(CCCCCCCCC)C(CCCN(C)CCCN)C(=O)NCCN1CCOCC1,10.325895,3
CCCCCCCCCCCCCCCCCC(=O)N(CCCCCCCCC)C(CCCN(CC)CC)C(=O)NC(C)(C)C,10.2518015,1
CCCCCCCCCCCCCCCCCC(=O)N(CCCCCCCCC)C(CCCN(CC)CC)C(=O)NC(C)(C)CC(C)(C)C,10.236273,1
CCCCCCCCCCCCCCCCCC(=O)N(CCCCCCCCC)C(CCCN(CC)CC)C(=O)NC12C[C@H]3C[C@@H](C1)C[C@@H](C2)C3,10.278982,1
CCCCCCCCCCCCCCCCCC(=O)N(CCCCCCCCC)C(CCCN(CC)CC)C(=O)NC1CCCCC1,10.240167,1
CCCCCCCCCCCCCCCCCC(=O)N(CCCCCCCCC)C(CCCN(CC)CC)C(=O)NCC(=O)OC,10.191666,1
CCCCCCCCCCCCCCCCCC(=O)N(CCCCCCCCC)C(CCCN(CC)CC)C(=O)NCCN1CCOCC1,9.576901,2
CCCCCCCCCCCCCCCCCC(=O)N(CCCCCCCCC)C(CCCN(CCCC)CCCC)C(=O)NC(C)(C)C,9.915231,1
CCCCCCCCCCCCCCCCCC(=O)N(CCCCCCCCC)C(CCCN(CCCC)CCCC)C(=O)NC(C)(C)CC(C)(C)C,9.8855,1
CCCCCCCCCCCCCCCCCC(=O)N(CCCCCCCCC)C(CCCN(CCCC)CCCC)C(=O)NC12C[C@H]3C[C@@H](C1)C[C@@H](C2)C3,9.919622,1
CCCCCCCCCCCCCCCCCC(=O)N(CCCCCCCCC)C(CCCN(CCCC)CCCC)C(=O)NC1CCCCC1,9.921449,1
CCCCCCCCCCCCCCCCCC(=O)N(CCCCCCCCC)C(CCCN(CCCC)CCCC)C(=O)NCC(=O)OC,9.893291,1
CCCCCCCCCCCCCCCCCC(=O)N(CCCCCCCCC)C(CCCN(CCCC)CCCC)C(=O)NCCN1CCOCC1,9.852196,2
CCCCCCCCCCCCCCCCCC(=O)N(CCCCCCCCC)C(CCCN1CCCC1)C(=O)NC(C)(C)C,10.472711,1
CCCCCCCCCCCCCCCCCC(=O)N(CCCCCCCCC)C(CCCN1CCCC1)C(=O)NC(C)(C)CC(C)(C)C,10.444651,1
CCCCCCCCCCCCCCCCCC(=O)N(CCCCCCCCC)C(CCCN1CCCC1)C(=O)NC12C[C@H]3C[C@@H](C1)C[C@@H](C2)C3,10.496921,1
CCCCCCCCCCCCCCCCCC(=O)N(CCCCCCCCC)C(CCCN1CCCC1)C(=O)NC1CCCCC1,10.49245,1
CCCCCCCCCCCCCCCCCC(=O)N(CCCCCCCCC)C(CCCN1CCCC1)C(=O)NCC(=O)OC,10.433533,1
CCCCCCCCCCCCCCCCCC(=O)N(CCCCCCCCC)C(CCCN1CCCC1)C(=O)NCCN1CCOCC1,10.34516,2
CCCCCCCCCCCCCCCCCC(=O)N(CCCCCCCCC)C(CCCN1CCOCC1)C(=O)NC(C)(C)C,7.5078936,1
CCCCCCCCCCCCCCCCCC(=O)N(CCCCCCCCC)C(CCCN1CCOCC1)C(=O)NC(C)(C)CC(C)(C)C,7.478132,1
CCCCCCCCCCCCCCCCCC(=O)N(CCCCCCCCC)C(CCCN1CCOCC1)C(=O)NC12C[C@H]3C[C@@H](C1)C[C@@H](C2)C3,7.5077887,1
CCCCCCCCCCCCCCCCCC(=O)N(CCCCCCCCC)C(CCCN1CCOCC1)C(=O)NC1CCCCC1,7.5087466,1
CCCCCCCCCCCCCCCCCC(=O)N(CCCCCCCCC)C(CCCN1CCOCC1)C(=O)NCC(=O)OC,7.4796515,1
CCCCCCCCCCCCCCCCCC(=O)N(CCCCCCCCC)C(CCCN1CCOCC1)C(=O)NCCN1CCOCC1,7.695949,2
CCCCCCCCCCCCCCCCCC(=O)N(CCCCCCCCC)C(CCN(C(C)C)C(C)C)C(=O)NC(C)(C)C,10.060489,1
CCCCCCCCCCCCCCCCCC(=O)N(CCCCCCCCC)C(CCN(C(C)C)C(C)C)C(=O)NC(C)(C)CC(C)(C)C,9.999708,1
CCCCCCCCCCCCCCCCCC(=O)N(CCCCCCCCC)C(CCN(C(C)C)C(C)C)C(=O)NC12C[C@H]3C[C@@H](C1)C[C@@H](C2)C3,10.165744,1
CCCCCCCCCCCCCCCCCC(=O)N(CCCCCCCCC)C(CCN(C(C)C)C(C)C)C(=O)NC1CCCCC1,10.111648,1
CCCCCCCCCCCCCCCCCC(=O)N(CCCCCCCCC)C(CCN(C(C)C)C(C)C)C(=O)NCC(=O)OC,9.999126,1
CCCCCCCCCCCCCCCCCC(=O)N(CCCCCCCCC)C(CCN(C(C)C)C(C)C)C(=O)NCCN1CCOCC1,9.5964575,2
CCCCCCCCCCCCCCCCCC(=O)N(CCCCCCCCC)C(CCN(C)C)C(=O)NC(C)(C)C,9.054044,1
CCCCCCCCCCCCCCCCCC(=O)N(CCCCCCCCC)C(CCN(C)C)C(=O)NC(C)(C)CC(C)(C)C,9.030512,1
CCCCCCCCCCCCCCCCCC(=O)N(CCCCCCCCC)C(CCN(C)C)C(=O)NC12C[C@H]3C[C@@H](C1)C[C@@H](C2)C3,9.172685,1
CCCCCCCCCCCCCCCCCC(=O)N(CCCCCCCCC)C(CCN(C)C)C(=O)NC1CCCCC1,9.09203,1
CCCCCCCCCCCCCCCCCC(=O)N(CCCCCCCCC)C(CCN(C)C)C(=O)NCC(=O)OC,9.016209,1
CCCCCCCCCCCCCCCCCC(=O)N(CCCCCCCCC)C(CCN(C)C)C(=O)NCCN1CCOCC1,9.169518,2
CCCCCCCCCCCCCCCCCC(=O)N(CCCCCCCCC)C(CCN(CC)CC)C(=O)NC(C)(C)C,9.649244,1
CCCCCCCCCCCCCCCCCC(=O)N(CCCCCCCCC)C(CCN(CC)CC)C(=O)NC(C)(C)CC(C)(C)C,9.603108,1
CCCCCCCCCCCCCCCCCC(=O)N(CCCCCCCCC)C(CCN(CC)CC)C(=O)NC12C[C@H]3C[C@@H](C1)C[C@@H](C2)C3,9.761465,1
CCCCCCCCCCCCCCCCCC(=O)N(CCCCCCCCC)C(CCN(CC)CC)C(=O)NC1CCCCC1,9.690323,1
CCCCCCCCCCCCCCCCCC(=O)N(CCCCCCCCC)C(CCN(CC)CC)C(=O)NCC(=O)OC,9.603334,1
CCCCCCCCCCCCCCCCCC(=O)N(CCCCCCCCC)C(CCN(CC)CC)C(=O)NCCN1CCOCC1,9.463766,2
CCCCCCCCCCCCCCCCCC(=O)N(CCCCCCCCC)C(CCN(CCN)CCN)C(=O)NC(C)(C)C,9.860995,3
CCCCCCCCCCCCCCCCCC(=O)N(CCCCCCCCC)C(CCN(CCN)CCN)C(=O)NC(C)(C)CC(C)(C)C,9.852275,3
CCCCCCCCCCCCCCCCCC(=O)N(CCCCCCCCC)C(CCN(CCN)CCN)C(=O)NC12C[C@H]3C[C@@H](C1)C[C@@H](C2)C3,9.860486,3
CCCCCCCCCCCCCCCCCC(=O)N(CCCCCCCCC)C(CCN(CCN)CCN)C(=O)NC1CCCCC1,9.875258,3
CCCCCCCCCCCCCCCCCC(=O)N(CCCCCCCCC)C(CCN(CCN)CCN)C(=O)NCC(=O)OC,9.84635,3
CCCCCCCCCCCCCCCCCC(=O)N(CCCCCCCCC)C(CCN(CCN)CCN)C(=O)NCCN1CCOCC1,9.7896385,4
CCCCCCCCCCCCCCCCCC(=O)N(CCCCCCCCC)C(CCN1CCCC1)C(=O)NC(C)(C)C,9.8895445,1
CCCCCCCCCCCCCCCCCC(=O)N(CCCCCCCCC)C(CCN1CCCC1)C(=O)NC(C)(C)CC(C)(C)C,9.861437,1
CCCCCCCCCCCCCCCCCC(=O)N(CCCCCCCCC)C(CCN1CCCC1)C(=O)NC12C[C@H]3C[C@@H](C1)C[C@@H](C2)C3,9.933616,1
CCCCCCCCCCCCCCCCCC(=O)N(CCCCCCCCC)C(CCN1CCCC1)C(=O)NC1CCCCC1,9.932436,1
CCCCCCCCCCCCCCCCCC(=O)N(CCCCCCCCC)C(CCN1CCCC1)C(=O)NCC(=O)OC,9.83753,1
CCCCCCCCCCCCCCCCCC(=O)N(CCCCCCCCC)C(CCN1CCCC1)C(=O)NCCN1CCOCC1,10.125385,2
CCCCCCCCCCCCCCCCCC(=O)N(CCCCCCCCC)C(CCN1CCCCC1)C(=O)NC(C)(C)C,9.260958,1
CCCCCCCCCCCCCCCCCC(=O)N(CCCCCCCCC)C(CCN1CCCCC1)C(=O)NC(C)(C)CC(C)(C)C,9.233382,1
CCCCCCCCCCCCCCCCCC(=O)N(CCCCCCCCC)C(CCN1CCCCC1)C(=O)NC12C[C@H]3C[C@@H](C1)C[C@@H](C2)C3,9.281787,1
CCCCCCCCCCCCCCCCCC(=O)N(CCCCCCCCC)C(CCN1CCCCC1)C(=O)NC1CCCCC1,9.287528,1
CCCCCCCCCCCCCCCCCC(=O)N(CCCCCCCCC)C(CCN1CCCCC1)C(=O)NCC(=O)OC,9.223936,1
CCCCCCCCCCCCCCCCCC(=O)N(CCCCCCCCC)C(CCN1CCCCC1)C(=O)NCCN1CCOCC1,9.421843,2
CCCCCCCCCCCCCCCCCC(=O)N(CCCCCCCCC)C(CCN1CCNCC1)C(=O)NC(C)(C)C,9.254181,2
CCCCCCCCCCCCCCCCCC(=O)N(CCCCCCCCC)C(CCN1CCNCC1)C(=O)NC(C)(C)CC(C)(C)C,9.240991,2
CCCCCCCCCCCCCCCCCC(=O)N(CCCCCCCCC)C(CCN1CCNCC1)C(=O)NC12C[C@H]3C[C@@H](C1)C[C@@H](C2)C3,9.248121,2
CCCCCCCCCCCCCCCCCC(=O)N(CCCCCCCCC)C(CCN1CCNCC1)C(=O)NC1CCCCC1,9.271437,2
CCCCCCCCCCCCCCCCCC(=O)N(CCCCCCCCC)C(CCN1CCNCC1)C(=O)NCC(=O)OC,9.236106,2
CCCCCCCCCCCCCCCCCC(=O)N(CCCCCCCCC)C(CCN1CCNCC1)C(=O)NCCN1CCOCC1,9.306399,3
CCCCCCCCCCCCCCCCCC(=O)N(CCCCCOC(=O)C(CCCCCC)CCCCCCCC)C(C(=O)NC(C)(C)C)C1CCN(C)CC1,9.227637,1
CCCCCCCCCCCCCCCCCC(=O)N(CCCCCOC(=O)C(CCCCCC)CCCCCCCC)C(C(=O)NC(C)(C)C)C1CCNCC1,10.343584,1
CCCCCCCCCCCCCCCCCC(=O)N(CCCCCOC(=O)C(CCCCCC)CCCCCCCC)C(C(=O)NC(C)(C)C)N(C)C,5.6074085,1
CCCCCCCCCCCCCCCCCC(=O)N(CCCCCOC(=O)C(CCCCCC)CCCCCCCC)C(C(=O)NC(C)(C)C)N1CCCCC1,6.9884486,1
CCCCCCCCCCCCCCCCCC(=O)N(CCCCCOC(=O)C(CCCCCC)CCCCCCCC)C(C(=O)NC(C)(C)C)N1CCOCC1,4.630749,1
CCCCCCCCCCCCCCCCCC(=O)N(CCCCCOC(=O)C(CCCCCC)CCCCCCCC)C(C(=O)NC(C)(C)C)c1cc(C)nn1C,,0
CCCCCCCCCCCCCCCCCC(=O)N(CCCCCOC(=O)C(CCCCCC)CCCCCCCC)C(C(=O)NC(C)(C)CC(C)(C)C)C1CCN(C)CC1,9.206891,1
CCCCCCCCCCCCCCCCCC(=O)N(CCCCCOC(=O)C(CCCCCC)CCCCCCCC)C(C(=O)NC(C)(C)CC(C)(C)C)C1CCNCC1,10.3133135,1
CCCCCCCCCCCCCCCCCC(=O)N(CCCCCOC(=O)C(CCCCCC)CCCCCCCC)C(C(=O)NC(C)(C)CC(C)(C)C)N(C)C,5.629642,1
CCCCCCCCCCCCCCCCCC(=O)N(CCCCCOC(=O)C(CCCCCC)CCCCCCCC)C(C(=O)NC(C)(C)CC(C)(C)C)N1CCCCC1,6.9923058,1
CCCCCCCCCCCCCCCCCC(=O)N(CCCCCOC(=O)C(CCCCCC)CCCCCCCC)C(C(=O)NC(C)(C)CC(C)(C)C)N1CCOCC1,4.6371117,1
CCCCCCCCCCCCCCCCCC(=O)N(CCCCCOC(=O)C(CCCCCC)CCCCCCCC)C(C(=O)NC(C)(C)CC(C)(C)C)c1cc(C)nn1C,,0
CCCCCCCCCCCCCCCCCC(=O)N(CCCCCOC(=O)C(CCCCCC)CCCCCCCC)C(C(=O)NC12C[C@H]3C[C@@H](C1)C[C@@H](C2)C3)C1CCN(C)CC1,9.233589,1
CCCCCCCCCCCCCCCCCC(=O)N(CCCCCOC(=O)C(CCCCCC)CCCCCCCC)C(C(=O)NC12C[C@H]3C[C@@H](C1)C[C@@H](C2)C3)C1CCNCC1,10.36768,1
CCCCCCCCCCCCCCCCCC(=O)N(CCCCCOC(=O)C(CCCCCC)CCCCCCCC)C(C(=O)NC12C[C@H]3C[C@@H](C1)C[C@@H](C2)C3)N(C)C,5.651298,1
CCCCCCCCCCCCCCCCCC(=O)N(CCCCCOC(=O)C(CCCCCC)CCCCCCCC)C(C(=O)NC12C[C@H]3C[C@@H](C1)C[C@@H](C2)C3)N1CCCCC1,6.8875804,1
CCCCCCCCCCCCCCCCCC(=O)N(CCCCCOC(=O)C(CCCCCC)CCCCCCCC)C(C(=O)NC12C[C@H]3C[C@@H](C1)C[C@@H](C2)C3)N1CCOCC1,4.635538,1
CCCCCCCCCCCCCCCCCC(=O)N(CCCCCOC(=O)C(CCCCCC)CCCCCCCC)C(C(=O)NC12C[C@H]3C[C@@H](C1)C[C@@H](C2)C3)c1cc(C)nn1C,,0
CCCCCCCCCCCCCCCCCC(=O)N(CCCCCOC(=O)C(CCCCCC)CCCCCCCC)C(C(=O)NC1CCCCC1)C1CCN(C)CC1,9.243015,1
CCCCCCCCCCCCCCCCCC(=O)N(CCCCCOC(=O)C(CCCCCC)CCCCCCCC)C(C(=O)NC1CCCCC1)C1CCNCC1,10.36625,1
CCCCCCCCCCCCCCCCCC(=O)N(CCCCCOC(=O)C(CCCCCC)CCCCCCCC)C(C(=O)NC1CCCCC1)N(C)C,5.622635,1
CCCCCCCCCCCCCCCCCC(=O)N(CCCCCOC(=O)C(CCCCCC)CCCCCCCC)C(C(=O)NC1CCCCC1)N1CCCCC1,7.0762415,1
CCCCCCCCCCCCCCCCCC(=O)N(CCCCCOC(=O)C(CCCCCC)CCCCCCCC)C(C(=O)NC1CCCCC1)N1CCOCC1,4.61554,1
CCCCCCCCCCCCCCCCCC(=O)N(CCCCCOC(=O)C(CCCCCC)CCCCCCCC)C(C(=O)NC1CCCCC1)c1cc(C)nn1C,,0
CCCCCCCCCCCCCCCCCC(=O)N(CCCCCOC(=O)C(CCCCCC)CCCCCCCC)C(C(=O)NCC(=O)OC)C1CCN(C)CC1,9.180293,1
CCCCCCCCCCCCCCCCCC(=O)N(CCCCCOC(=O)C(CCCCCC)CCCCCCCC)C(C(=O)NCC(=O)OC)C1CCNCC1,10.287569,1
CCCCCCCCCCCCCCCCCC(=O)N(CCCCCOC(=O)C(CCCCCC)CCCCCCCC)C(C(=O)NCC(=O)OC)N(C)C,5.3769264,1
CCCCCCCCCCCCCCCCCC(=O)N(CCCCCOC(=O)C(CCCCCC)CCCCCCCC)C(C(=O)NCC(=O)OC)N1CCCCC1,6.91069,1
CCCCCCCCCCCCCCCCCC(=O)N(CCCCCOC(=O)C(CCCCCC)CCCCCCCC)C(C(=O)NCC(=O)OC)N1CCOCC1,4.405825,1
CCCCCCCCCCCCCCCCCC(=O)N(CCCCCOC(=O)C(CCCCCC)CCCCCCCC)C(C(=O)NCC(=O)OC)c1cc(C)nn1C,,0
CCCCCCCCCCCCCCCCCC(=O)N(CCCCCOC(=O)C(CCCCCC)CCCCCCCC)C(C(=O)NCCN1CCOCC1)C1CCN(C)CC1,9.268363,2
CCCCCCCCCCCCCCCCCC(=O)N(CCCCCOC(=O)C(CCCCCC)CCCCCCCC)C(C(=O)NCCN1CCOCC1)C1CCNCC1,9.914759,2
CCCCCCCCCCCCCCCCCC(=O)N(CCCCCOC(=O)C(CCCCCC)CCCCCCCC)C(C(=O)NCCN1CCOCC1)N(C)C,6.8294263,2
CCCCCCCCCCCCCCCCCC(=O)N(CCCCCOC(=O)C(CCCCCC)CCCCCCCC)C(C(=O)NCCN1CCOCC1)N1CCCCC1,7.384444,2
CCCCCCCCCCCCCCCCCC(=O)N(CCCCCOC(=O)C(CCCCCC)CCCCCCCC)C(C(=O)NCCN1CCOCC1)N1CCOCC1,6.88396,2
CCCCCCCCCCCCCCCCCC(=O)N(CCCCCOC(=O)C(CCCCCC)CCCCCCCC)C(C(=O)NCCN1CCOCC1)c1cc(C)nn1C,6.695217,2
CCCCCCCCCCCCCCCCCC(=O)N(CCCCCOC(=O)C(CCCCCC)CCCCCCCC)C(CC1CCCN1CC)C(=O)NC(C)(C)C,10.127206,1
CCCCCCCCCCCCCCCCCC(=O)N(CCCCCOC(=O)C(CCCCCC)CCCCCCCC)C(CC1CCCN1CC)C(=O)NC(C)(C)CC(C)(C)C,10.093617,1
CCCCCCCCCCCCCCCCCC(=O)N(CCCCCOC(=O)C(CCCCCC)CCCCCCCC)C(CC1CCCN1CC)C(=O)NC12C[C@H]3C[C@@H](C1)C[C@@H](C2)C3,10.155146,1
CCCCCCCCCCCCCCCCCC(=O)N(CCCCCOC(=O)C(CCCCCC)CCCCCCCC)C(CC1CCCN1CC)C(=O)NC1CCCCC1,10.1727,1
CCCCCCCCCCCCCCCCCC(=O)N(CCCCCOC(=O)C(CCCCCC)CCCCCCCC)C(CC1CCCN1CC)C(=O)NCC(=O)OC,10.058668,1
CCCCCCCCCCCCCCCCCC(=O)N(CCCCCOC(=O)C(CCCCCC)CCCCCCCC)C(CC1CCCN1CC)C(=O)NCCN1CCOCC1,10.207416,2
CCCCCCCCCCCCCCCCCC(=O)N(CCCCCOC(=O)C(CCCCCC)CCCCCCCC)C(CCCN(C)C)C(=O)NC(C)(C)C,9.784356,1
CCCCCCCCCCCCCCCCCC(=O)N(CCCCCOC(=O)C(CCCCCC)CCCCCCCC)C(CCCN(C)C)C(=O)NC(C)(C)CC(C)(C)C,9.786735,1
CCCCCCCCCCCCCCCCCC(=O)N(CCCCCOC(=O)C(CCCCCC)CCCCCCCC)C(CCCN(C)C)C(=O)NC12C[C@H]3C[C@@H](C1)C[C@@H](C2)C3,9.825077,1
CCCCCCCCCCCCCCCCCC(=O)N(CCCCCOC(=O)C(CCCCCC)CCCCCCCC)C(CCCN(C)C)C(=O)NC1CCCCC1,9.781758,1
CCCCCCCCCCCCCCCCCC(=O)N(CCCCCOC(=O)C(CCCCCC)CCCCCCCC)C(CCCN(C)C)C(=O)NCC(=O)OC,9.744794,1
CCCCCCCCCCCCCCCCCC(=O)N(CCCCCOC(=O)C(CCCCCC)CCCCCCCC)C(CCCN(C)C)C(=O)NCCN1CCOCC1,9.428258,2
CCCCCCCCCCCCCCCCCC(=O)N(CCCCCOC(=O)C(CCCCCC)CCCCCCCC)C(CCCN(C)CCCN)C(=O)NC(C)(C)C,10.448646,2
CCCCCCCCCCCCCCCCCC(=O)N(CCCCCOC(=O)C(CCCCCC)CCCCCCCC)C(CCCN(C)CCCN)C(=O)NC(C)(C)CC(C)(C)C,10.447482,2
CCCCCCCCCCCCCCCCCC(=O)N(CCCCCOC(=O)C(CCCCCC)CCCCCCCC)C(CCCN(C)CCCN)C(=O)NC12C[C@H]3C[C@@H](C1)C[C@@H](C2)C3,10.442325,2
CCCCCCCCCCCCCCCCCC(=O)N(CCCCCOC(=O)C(CCCCCC)CCCCCCCC)C(CCCN(C)CCCN)C(=O)NC1CCCCC1,10.453648,2
CCCCCCCCCCCCCCCCCC(=O)N(CCCCCOC(=O)C(CCCCCC)CCCCCCCC)C(CCCN(C)CCCN)C(=O)NCC(=O)OC,10.459597,2
CCCCCCCCCCCCCCCCCC(=O)N(CCCCCOC(=O)C(CCCCCC)CCCCCCCC)C(CCCN(C)CCCN)C(=O)NCCN1CCOCC1,10.33208,3
CCCCCCCCCCCCCCCCCC(=O)N(CCCCCOC(=O)C(CCCCCC)CCCCCCCC)C(CCCN(CC)CC)C(=O)NC(C)(C)C,10.34858,1
CCCCCCCCCCCCCCCCCC(=O)N(CCCCCOC(=O)C(CCCCCC)CCCCCCCC)C(CCCN(CC)CC)C(=O)NC(C)(C)CC(C)(C)C,10.329718,1
CCCCCCCCCCCCCCCCCC(=O)N(CCCCCOC(=O)C(CCCCCC)CCCCCCCC)C(CCCN(CC)CC)C(=O)NC12C[C@H]3C[C@@H](C1)C[C@@H](C2)C3,10.373737,1
CCCCCCCCCCCCCCCCCC(=O)N(CCCCCOC(=O)C(CCCCCC)CCCCCCCC)C(CCCN(CC)CC)C(=O)NC1CCCCC1,10.346557,1
CCCCCCCCCCCCCCCCCC(=O)N(CCCCCOC(=O)C(CCCCCC)CCCCCCCC)C(CCCN(CC)CC)C(=O)NCC(=O)OC,10.28893,1
CCCCCCCCCCCCCCCCCC(=O)N(CCCCCOC(=O)C(CCCCCC)CCCCCCCC)C(CCCN(CC)CC)C(=O)NCCN1CCOCC1,9.598047,2
CCCCCCCCCCCCCCCCCC(=O)N(CCCCCOC(=O)C(CCCCCC)CCCCCCCC)C(CCCN(CCCC)CCCC)C(=O)NC(C)(C)C,9.913101,1
CCCCCCCCCCCCCCCCCC(=O)N(CCCCCOC(=O)C(CCCCCC)CCCCCCCC)C(CCCN(CCCC)CCCC)C(=O)NC(C)(C)CC(C)(C)C,9.896474,1
CCCCCCCCCCCCCCCCCC(=O)N(CCCCCOC(=O)C(CCCCCC)CCCCCCCC)C(CCCN(CCCC)CCCC)C(=O)NC12C[C@H]3C[C@@H](C1)C[C@@H](C2)C3,9.9276085,1
CCCCCCCCCCCCCCCCCC(=O)N(CCCCCOC(=O)C(CCCCCC)CCCCCCCC)C(CCCN(CCCC)CCCC)C(=O)NC1CCCCC1,9.920153,1
CCCCCCCCCCCCCCCCCC(=O)N(CCCCCOC(=O)C(CCCCCC)CCCCCCCC)C(CCCN(CCCC)CCCC)C(=O)NCC(=O)OC,9.891501,1
CCCCCCCCCCCCCCCCCC(=O)N(CCCCCOC(=O)C(CCCCCC)CCCCCCCC)C(CCCN(CCCC)CCCC)C(=O)NCCN1CCOCC1,9.858768,2
CCCCCCCCCCCCCCCCCC(=O)N(CCCCCOC(=O)C(CCCCCC)CCCCCCCC)C(CCCN1CCCC1)C(=O)NC(C)(C)C,10.491449,1
CCCCCCCCCCCCCCCCCC(=O)N(CCCCCOC(=O)C(CCCCCC)CCCCCCCC)C(CCCN1CCCC1)C(=O)NC(C)(C)CC(C)(C)C,10.4716215,1
CCCCCCCCCCCCCCCCCC(=O)N(CCCCCOC(=O)C(CCCCCC)CCCCCCCC)C(CCCN1CCCC1)C(=O)NC12C[C@H]3C[C@@H](C1)C[C@@H](C2)C3,10.511676,1
CCCCCCCCCCCCCCCCCC(=O)N(CCCCCOC(=O)C(CCCCCC)CCCCCCCC)C(CCCN1CCCC1)C(=O)NC1CCCCC1,10.508923,1
CCCCCCCCCCCCCCCCCC(=O)N(CCCCCOC(=O)C(CCCCCC)CCCCCCCC)C(CCCN1CCCC1)C(=O)NCC(=O)OC,10.452655,1
CCCCCCCCCCCCCCCCCC(=O)N(CCCCCOC(=O)C(CCCCCC)CCCCCCCC)C(CCCN1CCCC1)C(=O)NCCN1CCOCC1,10.365195,2
CCCCCCCCCCCCCCCCCC(=O)N(CCCCCOC(=O)C(CCCCCC)CCCCCCCC)C(CCCN1CCOCC1)C(=O)NC(C)(C)C,7.5532937,1
CCCCCCCCCCCCCCCCCC(=O)N(CCCCCOC(=O)C(CCCCCC)CCCCCCCC)C(CCCN1CCOCC1)C(=O)NC(C)(C)CC(C)(C)C,7.523781,1
CCCCCCCCCCCCCCCCCC(=O)N(CCCCCOC(=O)C(CCCCCC)CCCCCCCC)C(CCCN1CCOCC1)C(=O)NC12C[C@H]3C[C@@H](C1)C[C@@H](C2)C3,7.552726,1
CCCCCCCCCCCCCCCCCC(=O)N(CCCCCOC(=O)C(CCCCCC)CCCCCCCC)C(CCCN1CCOCC1)C(=O)NC1CCCCC1,7.554182,1
CCCCCCCCCCCCCCCCCC(=O)N(CCCCCOC(=O)C(CCCCCC)CCCCCCCC)C(CCCN1CCOCC1)C(=O)NCC(=O)OC,7.5256696,1
CCCCCCCCCCCCCCCCCC(=O)N(CCCCCOC(=O)C(CCCCCC)CCCCCCCC)C(CCCN1CCOCC1)C(=O)NCCN1CCOCC1,7.7200875,2
CCCCCCCCCCCCCCCCCC(=O)N(CCCCCOC(=O)C(CCCCCC)CCCCCCCC)C(CCN(C(C)C)C(C)C)C(=O)NC(C)(C)C,10.189908,1
CCCCCCCCCCCCCCCCCC(=O)N(CCCCCOC(=O)C(CCCCCC)CCCCCCCC)C(CCN(C(C)C)C(C)C)C(=O)NC(C)(C)CC(C)(C)C,10.127116,1
CCCCCCCCCCCCCCCCCC(=O)N(CCCCCOC(=O)C(CCCCCC)CCCCCCCC)C(CCN(C(C)C)C(C)C)C(=O)NC12C[C@H]3C[C@@H](C1)C[C@@H](C2)C3,10.29435,1
CCCCCCCCCCCCCCCCCC(=O)N(CCCCCOC(=O)C(CCCCCC)CCCCCCCC)C(CCN(C(C)C)C(C)C)C(=O)NC1CCCCC1,10.239127,1
CCCCCCCCCCCCCCCCCC(=O)N(CCCCCOC(=O)C(CCCCCC)CCCCCCCC)C(CCN(C(C)C)C(C)C)C(=O)NCC(=O)OC,10.128951,1
CCCCCCCCCCCCCCCCCC(=O)N(CCCCCOC(=O)C(CCCCCC)CCCCCCCC)C(CCN(C(C)C)C(C)C)C(=O)NCCN1CCOCC1,9.633228,2
CCCCCCCCCCCCCCCCCC(=O)N(CCCCCOC(=O)C(CCCCCC)CCCCCCCC)C(CCN(C)C)C(=O)NC(C)(C)C,9.147639,1
CCCCCCCCCCCCCCCCCC(=O)N(CCCCCOC(=O)C(CCCCCC)CCCCCCCC)C(CCN(C)C)C(=O)NC(C)(C)CC(C)(C)C,9.125701,1
CCCCCCCCCCCCCCCCCC(=O)N(CCCCCOC(=O)C(CCCCCC)CCCCCCCC)C(CCN(C)C)C(=O)NC12C[C@H]3C[C@@H](C1)C[C@@H](C2)C3,9.272958,1
CCCCCCCCCCCCCCCCCC(=O)N(CCCCCOC(=O)C(CCCCCC)CCCCCCCC)C(CCN(C)C)C(=O)NC1CCCCC1,9.190876,1
CCCCCCCCCCCCCCCCCC(=O)N(CCCCCOC(=O)C(CCCCCC)CCCCCCCC)C(CCN(C)C)C(=O)NCC(=O)OC,9.119528,1
CCCCCCCCCCCCCCCCCC(=O)N(CCCCCOC(=O)C(CCCCCC)CCCCCCCC)C(CCN(C)C)C(=O)NCCN1CCOCC1,9.207551,2
CCCCCCCCCCCCCCCCCC(=O)N(CCCCCOC(=O)C(CCCCCC)CCCCCCCC)C(CCN(CC)CC)C(=O)NC(C)(C)C,9.768873,1
CCCCCCCCCCCCCCCCCC(=O)N(CCCCCOC(=O)C(CCCCCC)CCCCCCCC)C(CCN(CC)CC)C(=O)NC(C)(C)CC(C)(C)C,9.725855,1
CCCCCCCCCCCCCCCCCC(=O)N(CCCCCOC(=O)C(CCCCCC)CCCCCCCC)C(CCN(CC)CC)C(=O)NC12C[C@H]3C[C@@H](C1)C[C@@H](C2)C3,9.887547,1
CCCCCCCCCCCCCCCCCC(=O)N(CCCCCOC(=O)C(CCCCCC)CCCCCCCC)C(CCN(CC)CC)C(=O)NC1CCCCC1,9.811116,1
CCCCCCCCCCCCCCCCCC(=O)N(CCCCCOC(=O)C(CCCCCC)CCCCCCCC)C(CCN(CC)CC)C(=O)NCC(=O)OC,9.732221,1
CCCCCCCCCCCCCCCCCC(=O)N(CCCCCOC(=O)C(CCCCCC)CCCCCCCC)C(CCN(CC)CC)C(=O)NCCN1CCOCC1,9.497713,2
CCCCCCCCCCCCCCCCCC(=O)N(CCCCCOC(=O)C(CCCCCC)CCCCCCCC)C(CCN(CCN)CCN)C(=O)NC(C)(C)C,9.858944,3
CCCCCCCCCCCCCCCCCC(=O)N(CCCCCOC(=O)C(CCCCCC)CCCCCCCC)C(CCN(CCN)CCN)C(=O)NC(C)(C)CC(C)(C)C,9.850287,3
CCCCCCCCCCCCCCCCCC(=O)N(CCCCCOC(=O)C(CCCCCC)CCCCCCCC)C(CCN(CCN)CCN)C(=O)NC12C[C@H]3C[C@@H](C1)C[C@@H](C2)C3,9.85845,3
CCCCCCCCCCCCCCCCCC(=O)N(CCCCCOC(=O)C(CCCCCC)CCCCCCCC)C(CCN(CCN)CCN)C(=O)NC1CCCCC1,9.87311,3
CCCCCCCCCCCCCCCCCC(=O)N(CCCCCOC(=O)C(CCCCCC)CCCCCCCC)C(CCN(CCN)CCN)C(=O)NCC(=O)OC,9.844396,3
CCCCCCCCCCCCCCCCCC(=O)N(CCCCCOC(=O)C(CCCCCC)CCCCCCCC)C(CCN(CCN)CCN)C(=O)NCCN1CCOCC1,9.788651,4
CCCCCCCCCCCCCCCCCC(=O)N(CCCCCOC(=O)C(CCCCCC)CCCCCCCC)C(CCN1CCCC1)C(=O)NC(C)(C)C,9.91922,1
CCCCCCCCCCCCCCCCCC(=O)N(CCCCCOC(=O)C(CCCCCC)CCCCCCCC)C(CCN1CCCC1)C(=O)NC(C)(C)CC(C)(C)C,9.892149,1
CCCCCCCCCCCCCCCCCC(=O)N(CCCCCOC(=O)C(CCCCCC)CCCCCCCC)C(CCN1CCCC1)C(=O)NC12C[C@H]3C[C@@H](C1)C[C@@H](C2)C3,9.970189,1
CCCCCCCCCCCCCCCCCC(=O)N(CCCCCOC(=O)C(CCCCCC)CCCCCCCC)C(CCN1CCCC1)C(=O)NC1CCCCC1,9.961753,1
CCCCCCCCCCCCCCCCCC(=O)N(CCCCCOC(=O)C(CCCCCC)CCCCCCCC)C(CCN1CCCC1)C(=O)NCC(=O)OC,9.8686905,1
CCCCCCCCCCCCCCCCCC(=O)N(CCCCCOC(=O)C(CCCCCC)CCCCCCCC)C(CCN1CCCC1)C(=O)NCCN1CCOCC1,10.161682,2
CCCCCCCCCCCCCCCCCC(=O)N(CCCCCOC(=O)C(CCCCCC)CCCCCCCC)C(CCN1CCCCC1)C(=O)NC(C)(C)C,9.293927,1
CCCCCCCCCCCCCCCCCC(=O)N(CCCCCOC(=O)C(CCCCCC)CCCCCCCC)C(CCN1CCCCC1)C(=O)NC(C)(C)CC(C)(C)C,9.263977,1
CCCCCCCCCCCCCCCCCC(=O)N(CCCCCOC(=O)C(CCCCCC)CCCCCCCC)C(CCN1CCCCC1)C(=O)NC12C[C@H]3C[C@@H](C1)C[C@@H](C2)C3,9.312696,1
CCCCCCCCCCCCCCCCCC(=O)N(CCCCCOC(=O)C(CCCCCC)CCCCCCCC)C(CCN1CCCCC1)C(=O)NC1CCCCC1,9.320164,1
CCCCCCCCCCCCCCCCCC(=O)N(CCCCCOC(=O)C(CCCCCC)CCCCCCCC)C(CCN1CCCCC1)C(=O)NCC(=O)OC,9.257151,1
CCCCCCCCCCCCCCCCCC(=O)N(CCCCCOC(=O)C(CCCCCC)CCCCCCCC)C(CCN1CCCCC1)C(=O)NCCN1CCOCC1,9.440164,2
CCCCCCCCCCCCCCCCCC(=O)N(CCCCCOC(=O)C(CCCCCC)CCCCCCCC)C(CCN1CCNCC1)C(=O)NC(C)(C)C,9.249227,2
CCCCCCCCCCCCCCCCCC(=O)N(CCCCCOC(=O)C(CCCCCC)CCCCCCCC)C(CCN1CCNCC1)C(=O)NC(C)(C)CC(C)(C)C,9.236939,2
CCCCCCCCCCCCCCCCCC(=O)N(CCCCCOC(=O)C(CCCCCC)CCCCCCCC)C(CCN1CCNCC1)C(=O)NC12C[C@H]3C[C@@H](C1)C[C@@H](C2)C3,9.244727,2
CCCCCCCCCCCCCCCCCC(=O)N(CCCCCOC(=O)C(CCCCCC)CCCCCCCC)C(CCN1CCNCC1)C(=O)NC1CCCCC1,9.266245,2
CCCCCCCCCCCCCCCCCC(=O)N(CCCCCOC(=O)C(CCCCCC)CCCCCCCC)C(CCN1CCNCC1)C(=O)NCC(=O)OC,9.231176,2
CCCCCCCCCCCCCCCCCC(=O)N(CCCCCOC(=O)C(CCCCCC)CCCCCCCC)C(CCN1CCNCC1)C(=O)NCCN1CCOCC1,9.310513,3
CCCCCCCCCCCCCCCCCC(=O)N(CCCCCOC(=O)CCCCCCCCCCC)C(C(=O)NC(C)(C)C)C1CCN(C)CC1,9.213918,1
CCCCCCCCCCCCCCCCCC(=O)N(CCCCCOC(=O)CCCCCCCCCCC)C(C(=O)NC(C)(C)C)C1CCNCC1,10.318488,1
CCCCCCCCCCCCCCCCCC(=O)N(CCCCCOC(=O)CCCCCCCCCCC)C(C(=O)NC(C)(C)C)N(C)C,5.6027756,1
CCCCCCCCCCCCCCCCCC(=O)N(CCCCCOC(=O)CCCCCCCCCCC)C(C(=O)NC(C)(C)C)N1CCCCC1,6.98417,1
CCCCCCCCCCCCCCCCCC(=O)N(CCCCCOC(=O)CCCCCCCCCCC)C(C(=O)NC(C)(C)C)N1CCOCC1,4.6248364,1
CCCCCCCCCCCCCCCCCC(=O)N(CCCCCOC(=O)CCCCCCCCCCC)C(C(=O)NC(C)(C)C)c1cc(C)nn1C,,0
CCCCCCCCCCCCCCCCCC(=O)N(CCCCCOC(=O)CCCCCCCCCCC)C(C(=O)NC(C)(C)CC(C)(C)C)C1CCN(C)CC1,9.193137,1
CCCCCCCCCCCCCCCCCC(=O)N(CCCCCOC(=O)CCCCCCCCCCC)C(C(=O)NC(C)(C)CC(C)(C)C)C1CCNCC1,10.286925,1
CCCCCCCCCCCCCCCCCC(=O)N(CCCCCOC(=O)CCCCCCCCCCC)C(C(=O)NC(C)(C)CC(C)(C)C)N(C)C,5.625563,1
CCCCCCCCCCCCCCCCCC(=O)N(CCCCCOC(=O)CCCCCCCCCCC)C(C(=O)NC(C)(C)CC(C)(C)C)N1CCCCC1,6.9880753,1
CCCCCCCCCCCCCCCCCC(=O)N(CCCCCOC(=O)CCCCCCCCCCC)C(C(=O)NC(C)(C)CC(C)(C)C)N1CCOCC1,4.6312733,1
CCCCCCCCCCCCCCCCCC(=O)N(CCCCCOC(=O)CCCCCCCCCCC)C(C(=O)NC(C)(C)CC(C)(C)C)c1cc(C)nn1C,,0
CCCCCCCCCCCCCCCCCC(=O)N(CCCCCOC(=O)CCCCCCCCCCC)C(C(=O)NC12C[C@H]3C[C@@H](C1)C[C@@H](C2)C3)C1CCN(C)CC1,9.220195,1
CCCCCCCCCCCCCCCCCC(=O)N(CCCCCOC(=O)CCCCCCCCCCC)C(C(=O)NC12C[C@H]3C[C@@H](C1)C[C@@H](C2)C3)C1CCNCC1,10.3415985,1
CCCCCCCCCCCCCCCCCC(=O)N(CCCCCOC(=O)CCCCCCCCCCC)C(C(=O)NC12C[C@H]3C[C@@H](C1)C[C@@H](C2)C3)N(C)C,5.647447,1
CCCCCCCCCCCCCCCCCC(=O)N(CCCCCOC(=O)CCCCCCCCCCC)C(C(=O)NC12C[C@H]3C[C@@H](C1)C[C@@H](C2)C3)N1CCCCC1,6.878315,1
CCCCCCCCCCCCCCCCCC(=O)N(CCCCCOC(=O)CCCCCCCCCCC)C(C(=O)NC12C[C@H]3C[C@@H](C1)C[C@@H](C2)C3)N1CCOCC1,4.629181,1
CCCCCCCCCCCCCCCCCC(=O)N(CCCCCOC(=O)CCCCCCCCCCC)C(C(=O)NC12C[C@H]3C[C@@H](C1)C[C@@H](C2)C3)c1cc(C)nn1C,,0
CCCCCCCCCCCCCCCCCC(=O)N(CCCCCOC(=O)CCCCCCCCCCC)C(C(=O)NC1CCCCC1)C1CCN(C)CC1,9.229449,1
CCCCCCCCCCCCCCCCCC(=O)N(CCCCCOC(=O)CCCCCCCCCCC)C(C(=O)NC1CCCCC1)C1CCNCC1,10.339137,1
CCCCCCCCCCCCCCCCCC(=O)N(CCCCCOC(=O)CCCCCCCCCCC)C(C(=O)NC1CCCCC1)N(C)C,5.619275,1
CCCCCCCCCCCCCCCCCC(=O)N(CCCCCOC(=O)CCCCCCCCCCC)C(C(=O)NC1CCCCC1)N1CCCCC1,7.0658364,1
CCCCCCCCCCCCCCCCCC(=O)N(CCCCCOC(=O)CCCCCCCCCCC)C(C(=O)NC1CCCCC1)N1CCOCC1,4.609515,1
CCCCCCCCCCCCCCCCCC(=O)N(CCCCCOC(=O)CCCCCCCCCCC)C(C(=O)NC1CCCCC1)c1cc(C)nn1C,,0
CCCCCCCCCCCCCCCCCC(=O)N(CCCCCOC(=O)CCCCCCCCCCC)C(C(=O)NCC(=O)OC)C1CCN(C)CC1,9.165788,1
CCCCCCCCCCCCCCCCCC(=O)N(CCCCCOC(=O)CCCCCCCCCCC)C(C(=O)NCC(=O)OC)C1CCNCC1,10.259649,1
CCCCCCCCCCCCCCCCCC(=O)N(CCCCCOC(=O)CCCCCCCCCCC)C(C(=O)NCC(=O)OC)N(C)C,5.3723097,1
CCCCCCCCCCCCCCCCCC(=O)N(CCCCCOC(=O)CCCCCCCCCCC)C(C(=O)NCC(=O)OC)N1CCCCC1,6.9033756,1
CCCCCCCCCCCCCCCCCC(=O)N(CCCCCOC(=O)CCCCCCCCCCC)C(C(=O)NCC(=O)OC)N1CCOCC1,4.3971815,1
CCCCCCCCCCCCCCCCCC(=O)N(CCCCCOC(=O)CCCCCCCCCCC)C(C(=O)NCC(=O)OC)c1cc(C)nn1C,,0
CCCCCCCCCCCCCCCCCC(=O)N(CCCCCOC(=O)CCCCCCCCCCC)C(C(=O)NCCN1CCOCC1)C1CCN(C)CC1,9.269336,2
CCCCCCCCCCCCCCCCCC(=O)N(CCCCCOC(=O)CCCCCCCCCCC)C(C(=O)NCCN1CCOCC1)C1CCNCC1,9.907439,2
CCCCCCCCCCCCCCCCCC(=O)N(CCCCCOC(=O)CCCCCCCCCCC)C(C(=O)NCCN1CCOCC1)N(C)C,6.8117614,2
CCCCCCCCCCCCCCCCCC(=O)N(CCCCCOC(=O)CCCCCCCCCCC)C(C(=O)NCCN1CCOCC1)N1CCCCC1,7.3809695,2
CCCCCCCCCCCCCCCCCC(=O)N(CCCCCOC(=O)CCCCCCCCCCC)C(C(=O)NCCN1CCOCC1)N1CCOCC1,6.8658605,2
CCCCCCCCCCCCCCCCCC(=O)N(CCCCCOC(=O)CCCCCCCCCCC)C(C(=O)NCCN1CCOCC1)c1cc(C)nn1C,6.6851616,2
CCCCCCCCCCCCCCCCCC(=O)N(CCCCCOC(=O)CCCCCCCCCCC)C(CC1CCCN1CC)C(=O)NC(C)(C)C,10.112093,1
CCCCCCCCCCCCCCCCCC(=O)N(CCCCCOC(=O)CCCCCCCCCCC)C(CC1CCCN1CC)C(=O)NC(C)(C)CC(C)(C)C,10.077452,1
CCCCCCCCCCCCCCCCCC(=O)N(CCCCCOC(=O)CCCCCCCCCCC)C(CC1CCCN1CC)C(=O)NC12C[C@H]3C[C@@H](C1)C[C@@H](C2)C3,10.138198,1
CCCCCCCCCCCCCCCCCC(=O)N(CCCCCOC(=O)CCCCCCCCCCC)C(CC1CCCN1CC)C(=O)NC1CCCCC1,10.158496,1
CCCCCCCCCCCCCCCCCC(=O)N(CCCCCOC(=O)CCCCCCCCCCC)C(CC1CCCN1CC)C(=O)NCC(=O)OC,10.043987,1
CCCCCCCCCCCCCCCCCC(=O)N(CCCCCOC(=O)CCCCCCCCCCC)C(CC1CCCN1CC)C(=O)NCCN1CCOCC1,10.201549,2
CCCCCCCCCCCCCCCCCC(=O)N(CCCCCOC(=O)CCCCCCCCCCC)C(CCCN(C)C)C(=O)NC(C)(C)C,9.737752,1
CCCCCCCCCCCCCCCCCC(=O)N(CCCCCOC(=O)CCCCCCCCCCC)C(CCCN(C)C)C(=O)NC(C)(C)CC(C)(C)C,9.745787,1
CCCCCCCCCCCCCCCCCC(=O)N(CCCCCOC(=O)CCCCCCCCCCC)C(CCCN(C)C)C(=O)NC12C[C@H]3C[C@@H](C1)C[C@@H](C2)C3,9.784345,1
CCCCCCCCCCCCCCCCCC(=O)N(CCCCCOC(=O)CCCCCCCCCCC)C(CCCN(C)C)C(=O)NC1CCCCC1,9.733715,1
CCCCCCCCCCCCCCCCCC(=O)N(CCCCCOC(=O)CCCCCCCCCCC)C(CCCN(C)C)C(=O)NCC(=O)OC,9.698743,1
CCCCCCCCCCCCCCCCCC(=O)N(CCCCCOC(=O)CCCCCCCCCCC)C(CCCN(C)C)C(=O)NCCN1CCOCC1,9.422551,2
CCCCCCCCCCCCCCCCCC(=O)N(CCCCCOC(=O)CCCCCCCCCCC)C(CCCN(C)CCCN)C(=O)NC(C)(C)C,10.448565,2
CCCCCCCCCCCCCCCCCC(=O)N(CCCCCOC(=O)CCCCCCCCCCC)C(CCCN(C)CCCN)C(=O)NC(C)(C)CC(C)(C)C,10.447401,2
CCCCCCCCCCCCCCCCCC(=O)N(CCCCCOC(=O)CCCCCCCCCCC)C(CCCN(C)CCCN)C(=O)NC12C[C@H]3C[C@@H](C1)C[C@@H](C2)C3,10.4422245,2
CCCCCCCCCCCCCCCCCC(=O)N(CCCCCOC(=O)CCCCCCCCCCC)C(CCCN(C)CCCN)C(=O)NC1CCCCC1,10.453581,2
CCCCCCCCCCCCCCCCCC(=O)N(CCCCCOC(=O)CCCCCCCCCCC)C(CCCN(C)CCCN)C(=O)NCC(=O)OC,10.459553,2
CCCCCCCCCCCCCCCCCC(=O)N(CCCCCOC(=O)CCCCCCCCCCC)C(CCCN(C)CCCN)C(=O)NCCN1CCOCC1,10.328024,3
CCCCCCCCCCCCCCCCCC(=O)N(CCCCCOC(=O)CCCCCCCCCCC)C(CCCN(CC)CC)C(=O)NC(C)(C)C,10.305888,1
CCCCCCCCCCCCCCCCCC(=O)N(CCCCCOC(=O)CCCCCCCCCCC)C(CCCN(CC)CC)C(=O)NC(C)(C)CC(C)(C)C,10.288058,1
CCCCCCCCCCCCCCCCCC(=O)N(CCCCCOC(=O)CCCCCCCCCCC)C(CCCN(CC)CC)C(=O)NC12C[C@H]3C[C@@H](C1)C[C@@H](C2)C3,10.337067,1
CCCCCCCCCCCCCCCCCC(=O)N(CCCCCOC(=O)CCCCCCCCCCC)C(CCCN(CC)CC)C(=O)NC1CCCCC1,10.302855,1
CCCCCCCCCCCCCCCCCC(=O)N(CCCCCOC(=O)CCCCCCCCCCC)C(CCCN(CC)CC)C(=O)NCC(=O)OC,10.245556,1
CCCCCCCCCCCCCCCCCC(=O)N(CCCCCOC(=O)CCCCCCCCCCC)C(CCCN(CC)CC)C(=O)NCCN1CCOCC1,9.59266,2
CCCCCCCCCCCCCCCCCC(=O)N(CCCCCOC(=O)CCCCCCCCCCC)C(CCCN(CCCC)CCCC)C(=O)NC(C)(C)C,9.9097,1
CCCCCCCCCCCCCCCCCC(=O)N(CCCCCOC(=O)CCCCCCCCCCC)C(CCCN(CCCC)CCCC)C(=O)NC(C)(C)CC(C)(C)C,9.887745,1
CCCCCCCCCCCCCCCCCC(=O)N(CCCCCOC(=O)CCCCCCCCCCC)C(CCCN(CCCC)CCCC)C(=O)NC12C[C@H]3C[C@@H](C1)C[C@@H](C2)C3,9.919794,1
CCCCCCCCCCCCCCCCCC(=O)N(CCCCCOC(=O)CCCCCCCCCCC)C(CCCN(CCCC)CCCC)C(=O)NC1CCCCC1,9.915835,1
CCCCCCCCCCCCCCCCCC(=O)N(CCCCCOC(=O)CCCCCCCCCCC)C(CCCN(CCCC)CCCC)C(=O)NCC(=O)OC,9.888039,1
CCCCCCCCCCCCCCCCCC(=O)N(CCCCCOC(=O)CCCCCCCCCCC)C(CCCN(CCCC)CCCC)C(=O)NCCN1CCOCC1,9.855829,2
CCCCCCCCCCCCCCCCCC(=O)N(CCCCCOC(=O)CCCCCCCCCCC)C(CCCN1CCCC1)C(=O)NC(C)(C)C,10.482768,1
CCCCCCCCCCCCCCCCCC(=O)N(CCCCCOC(=O)CCCCCCCCCCC)C(CCCN1CCCC1)C(=O)NC(C)(C)CC(C)(C)C,10.462041,1
CCCCCCCCCCCCCCCCCC(=O)N(CCCCCOC(=O)CCCCCCCCCCC)C(CCCN1CCCC1)C(=O)NC12C[C@H]3C[C@@H](C1)C[C@@H](C2)C3,10.505045,1
CCCCCCCCCCCCCCCCCC(=O)N(CCCCCOC(=O)CCCCCCCCCCC)C(CCCN1CCCC1)C(=O)NC1CCCCC1,10.500818,1
CCCCCCCCCCCCCCCCCC(=O)N(CCCCCOC(=O)CCCCCCCCCCC)C(CCCN1CCCC1)C(=O)NCC(=O)OC,10.442487,1
CCCCCCCCCCCCCCCCCC(=O)N(CCCCCOC(=O)CCCCCCCCCCC)C(CCCN1CCCC1)C(=O)NCCN1CCOCC1,10.360703,2
CCCCCCCCCCCCCCCCCC(=O)N(CCCCCOC(=O)CCCCCCCCCCC)C(CCCN1CCOCC1)C(=O)NC(C)(C)C,7.540387,1
CCCCCCCCCCCCCCCCCC(=O)N(CCCCCOC(=O)CCCCCCCCCCC)C(CCCN1CCOCC1)C(=O)NC(C)(C)CC(C)(C)C,7.510479,1
CCCCCCCCCCCCCCCCCC(=O)N(CCCCCOC(=O)CCCCCCCCCCC)C(CCCN1CCOCC1)C(=O)NC12C[C@H]3C[C@@H](C1)C[C@@H](C2)C3,7.539663,1
CCCCCCCCCCCCCCCCCC(=O)N(CCCCCOC(=O)CCCCCCCCCCC)C(CCCN1CCOCC1)C(=O)NC1CCCCC1,7.541355,1
CCCCCCCCCCCCCCCCCC(=O)N(CCCCCOC(=O)CCCCCCCCCCC)C(CCCN1CCOCC1)C(=O)NCC(=O)OC,7.5122437,1
CCCCCCCCCCCCCCCCCC(=O)N(CCCCCOC(=O)CCCCCCCCCCC)C(CCCN1CCOCC1)C(=O)NCCN1CCOCC1,7.7139025,2
CCCCCCCCCCCCCCCCCC(=O)N(CCCCCOC(=O)CCCCCCCCCCC)C(CCN(C(C)C)C(C)C)C(=O)NC(C)(C)C,10.14599,1
CCCCCCCCCCCCCCCCCC(=O)N(CCCCCOC(=O)CCCCCCCCCCC)C(CCN(C(C)C)C(C)C)C(=O)NC(C)(C)CC(C)(C)C,10.084148,1
CCCCCCCCCCCCCCCCCC(=O)N(CCCCCOC(=O)CCCCCCCCCCC)C(CCN(C(C)C)C(C)C)C(=O)NC12C[C@H]3C[C@@H](C1)C[C@@H](C2)C3,10.255266,1
CCCCCCCCCCCCCCCCCC(=O)N(CCCCCOC(=O)CCCCCCCCCCC)C(CCN(C(C)C)C(C)C)C(=O)NC1CCCCC1,10.19545,1
CCCCCCCCCCCCCCCCCC(=O)N(CCCCCOC(=O)CCCCCCCCCCC)C(CCN(C(C)C)C(C)C)C(=O)NCC(=O)OC,10.080239,1
CCCCCCCCCCCCCCCCCC(=O)N(CCCCCOC(=O)CCCCCCCCCCC)C(CCN(C(C)C)C(C)C)C(=O)NCCN1CCOCC1,9.624455,2
CCCCCCCCCCCCCCCCCC(=O)N(CCCCCOC(=O)CCCCCCCCCCC)C(CCN(C)C)C(=O)NC(C)(C)C,9.113852,1
CCCCCCCCCCCCCCCCCC(=O)N(CCCCCOC(=O)CCCCCCCCCCC)C(CCN(C)C)C(=O)NC(C)(C)CC(C)(C)C,9.089348,1
CCCCCCCCCCCCCCCCCC(=O)N(CCCCCOC(=O)CCCCCCCCCCC)C(CCN(C)C)C(=O)NC12C[C@H]3C[C@@H](C1)C[C@@H](C2)C3,9.238253,1
CCCCCCCCCCCCCCCCCC(=O)N(CCCCCOC(=O)CCCCCCCCCCC)C(CCN(C)C)C(=O)NC1CCCCC1,9.152953,1
CCCCCCCCCCCCCCCCCC(=O)N(CCCCCOC(=O)CCCCCCCCCCC)C(CCN(C)C)C(=O)NCC(=O)OC,9.08104,1
CCCCCCCCCCCCCCCCCC(=O)N(CCCCCOC(=O)CCCCCCCCCCC)C(CCN(C)C)C(=O)NCCN1CCOCC1,9.198365,2
CCCCCCCCCCCCCCCCCC(=O)N(CCCCCOC(=O)CCCCCCCCCCC)C(CCN(CC)CC)C(=O)NC(C)(C)C,9.722705,1
CCCCCCCCCCCCCCCCCC(=O)N(CCCCCOC(=O)CCCCCCCCCCC)C(CCN(CC)CC)C(=O)NC(C)(C)CC(C)(C)C,9.680308,1
CCCCCCCCCCCCCCCCCC(=O)N(CCCCCOC(=O)CCCCCCCCCCC)C(CCN(CC)CC)C(=O)NC12C[C@H]3C[C@@H](C1)C[C@@H](C2)C3,9.844204,1
CCCCCCCCCCCCCCCCCC(=O)N(CCCCCOC(=O)CCCCCCCCCCC)C(CCN(CC)CC)C(=O)NC1CCCCC1,9.763607,1
CCCCCCCCCCCCCCCCCC(=O)N(CCCCCOC(=O)CCCCCCCCCCC)C(CCN(CC)CC)C(=O)NCC(=O)OC,9.683966,1
CCCCCCCCCCCCCCCCCC(=O)N(CCCCCOC(=O)CCCCCCCCCCC)C(CCN(CC)CC)C(=O)NCCN1CCOCC1,9.490219,2
CCCCCCCCCCCCCCCCCC(=O)N(CCCCCOC(=O)CCCCCCCCCCC)C(CCN(CCN)CCN)C(=O)NC(C)(C)C,9.860121,3
CCCCCCCCCCCCCCCCCC(=O)N(CCCCCOC(=O)CCCCCCCCCCC)C(CCN(CCN)CCN)C(=O)NC(C)(C)CC(C)(C)C,9.851437,3
CCCCCCCCCCCCCCCCCC(=O)N(CCCCCOC(=O)CCCCCCCCCCC)C(CCN(CCN)CCN)C(=O)NC12C[C@H]3C[C@@H](C1)C[C@@H](C2)C3,9.859619,3
CCCCCCCCCCCCCCCCCC(=O)N(CCCCCOC(=O)CCCCCCCCCCC)C(CCN(CCN)CCN)C(=O)NC1CCCCC1,9.874331,3
CCCCCCCCCCCCCCCCCC(=O)N(CCCCCOC(=O)CCCCCCCCCCC)C(CCN(CCN)CCN)C(=O)NCC(=O)OC,9.845531,3
CCCCCCCCCCCCCCCCCC(=O)N(CCCCCOC(=O)CCCCCCCCCCC)C(CCN(CCN)CCN)C(=O)NCCN1CCOCC1,9.789597,4
CCCCCCCCCCCCCCCCCC(=O)N(CCCCCOC(=O)CCCCCCCCCCC)C(CCN1CCCC1)C(=O)NC(C)(C)C,9.91,1
CCCCCCCCCCCCCCCCCC(=O)N(CCCCCOC(=O)CCCCCCCCCCC)C(CCN1CCCC1)C(=O)NC(C)(C)CC(C)(C)C,9.881924,1
CCCCCCCCCCCCCCCCCC(=O)N(CCCCCOC(=O)CCCCCCCCCCC)C(CCN1CCCC1)C(=O)NC12C[C@H]3C[C@@H](C1)C[C@@H](C2)C3,9.955118,1
CCCCCCCCCCCCCCCCCC(=O)N(CCCCCOC(=O)CCCCCCCCCCC)C(CCN1CCCC1)C(=O)NC1CCCCC1,9.952498,1
CCCCCCCCCCCCCCCCCC(=O)N(CCCCCOC(=O)CCCCCCCCCCC)C(CCN1CCCC1)C(=O)NCC(=O)OC,9.858559,1
CCCCCCCCCCCCCCCCCC(=O)N(CCCCCOC(=O)CCCCCCCCCCC)C(CCN1CCCC1)C(=O)NCCN1CCOCC1,10.151257,2
CCCCCCCCCCCCCCCCCC(=O)N(CCCCCOC(=O)CCCCCCCCCCC)C(CCN1CCCCC1)C(=O)NC(C)(C)C,9.28087,1
CCCCCCCCCCCCCCCCCC(=O)N(CCCCCOC(=O)CCCCCCCCCCC)C(CCN1CCCCC1)C(=O)NC(C)(C)CC(C)(C)C,9.252211,1
CCCCCCCCCCCCCCCCCC(=O)N(CCCCCOC(=O)CCCCCCCCCCC)C(CCN1CCCCC1)C(=O)NC12C[C@H]3C[C@@H](C1)C[C@@H](C2)C3,9.30014,1
CCCCCCCCCCCCCCCCCC(=O)N(CCCCCOC(=O)CCCCCCCCCCC)C(CCN1CCCCC1)C(=O)NC1CCCCC1,9.307027,1
CCCCCCCCCCCCCCCCCC(=O)N(CCCCCOC(=O)CCCCCCCCCCC)C(CCN1CCCCC1)C(=O)NCC(=O)OC,9.243217,1
CCCCCCCCCCCCCCCCCC(=O)N(CCCCCOC(=O)CCCCCCCCCCC)C(CCN1CCCCC1)C(=O)NCCN1CCOCC1,9.434779,2
CCCCCCCCCCCCCCCCCC(=O)N(CCCCCOC(=O)CCCCCCCCCCC)C(CCN1CCNCC1)C(=O)NC(C)(C)C,9.251805,2
CCCCCCCCCCCCCCCCCC(=O)N(CCCCCOC(=O)CCCCCCCCCCC)C(CCN1CCNCC1)C(=O)NC(C)(C)CC(C)(C)C,9.239061,2
CCCCCCCCCCCCCCCCCC(=O)N(CCCCCOC(=O)CCCCCCCCCCC)C(CCN1CCNCC1)C(=O)NC12C[C@H]3C[C@@H](C1)C[C@@H](C2)C3,9.246875,2
CCCCCCCCCCCCCCCCCC(=O)N(CCCCCOC(=O)CCCCCCCCCCC)C(CCN1CCNCC1)C(=O)NC1CCCCC1,9.26897,2
CCCCCCCCCCCCCCCCCC(=O)N(CCCCCOC(=O)CCCCCCCCCCC)C(CCN1CCNCC1)C(=O)NCC(=O)OC,9.233825,2
CCCCCCCCCCCCCCCCCC(=O)N(CCCCCOC(=O)CCCCCCCCCCC)C(CCN1CCNCC1)C(=O)NCCN1CCOCC1,9.306756,3
CCCCCCCCCN(C(=O)C(CCCCCC)CCCCCCCC)C(C(=O)NC(C)(C)C)C1CCN(C)CC1,9.15944,1
CCCCCCCCCN(C(=O)C(CCCCCC)CCCCCCCC)C(C(=O)NC(C)(C)C)C1CCNCC1,10.238536,1
CCCCCCCCCN(C(=O)C(CCCCCC)CCCCCCCC)C(C(=O)NC(C)(C)C)N(C)C,5.664412,1
CCCCCCCCCN(C(=O)C(CCCCCC)CCCCCCCC)C(C(=O)NC(C)(C)C)N1CCCCC1,6.965451,1
CCCCCCCCCN(C(=O)C(CCCCCC)CCCCCCCC)C(C(=O)NC(C)(C)C)N1CCOCC1,4.6086617,1
CCCCCCCCCN(C(=O)C(CCCCCC)CCCCCCCC)C(C(=O)NC(C)(C)C)c1cc(C)nn1C,,0
CCCCCCCCCN(C(=O)C(CCCCCC)CCCCCCCC)C(C(=O)NC(C)(C)CC(C)(C)C)C1CCN(C)CC1,9.134894,1
CCCCCCCCCN(C(=O)C(CCCCCC)CCCCCCCC)C(C(=O)NC(C)(C)CC(C)(C)C)C1CCNCC1,10.202657,1
CCCCCCCCCN(C(=O)C(CCCCCC)CCCCCCCC)C(C(=O)NC(C)(C)CC(C)(C)C)N(C)C,5.68476,1
CCCCCCCCCN(C(=O)C(CCCCCC)CCCCCCCC)C(C(=O)NC(C)(C)CC(C)(C)C)N1CCCCC1,6.97001,1
CCCCCCCCCN(C(=O)C(CCCCCC)CCCCCCCC)C(C(=O)NC(C)(C)CC(C)(C)C)N1CCOCC1,4.6175933,1
CCCCCCCCCN(C(=O)C(CCCCCC)CCCCCCCC)C(C(=O)NC(C)(C)CC(C)(C)C)c1cc(C)nn1C,,0
CCCCCCCCCN(C(=O)C(CCCCCC)CCCCCCCC)C(C(=O)NC12C[C@H]3C[C@@H](C1)C[C@@H](C2)C3)C1CCN(C)CC1,9.160969,1
CCCCCCCCCN(C(=O)C(CCCCCC)CCCCCCCC)C(C(=O)NC12C[C@H]3C[C@@H](C1)C[C@@H](C2)C3)C1CCNCC1,10.254289,1
CCCCCCCCCN(C(=O)C(CCCCCC)CCCCCCCC)C(C(=O)NC12C[C@H]3C[C@@H](C1)C[C@@H](C2)C3)N(C)C,5.685245,1
CCCCCCCCCN(C(=O)C(CCCCCC)CCCCCCCC)C(C(=O)NC12C[C@H]3C[C@@H](C1)C[C@@H](C2)C3)N1CCCCC1,6.848718,1
CCCCCCCCCN(C(=O)C(CCCCCC)CCCCCCCC)C(C(=O)NC12C[C@H]3C[C@@H](C1)C[C@@H](C2)C3)N1CCOCC1,4.6025033,1
CCCCCCCCCN(C(=O)C(CCCCCC)CCCCCCCC)C(C(=O)NC12C[C@H]3C[C@@H](C1)C[C@@H](C2)C3)c1cc(C)nn1C,,0
CCCCCCCCCN(C(=O)C(CCCCCC)CCCCCCCC)C(C(=O)NC1CCCCC1)C1CCN(C)CC1,9.1748,1
CCCCCCCCCN(C(=O)C(CCCCCC)CCCCCCCC)C(C(=O)NC1CCCCC1)C1CCNCC1,10.254601,1
CCCCCCCCCN(C(=O)C(CCCCCC)CCCCCCCC)C(C(=O)NC1CCCCC1)N(C)C,5.674098,1
CCCCCCCCCN(C(=O)C(CCCCCC)CCCCCCCC)C(C(=O)NC1CCCCC1)N1CCCCC1,7.054137,1
CCCCCCCCCN(C(=O)C(CCCCCC)CCCCCCCC)C(C(=O)NC1CCCCC1)N1CCOCC1,4.594654,1
CCCCCCCCCN(C(=O)C(CCCCCC)CCCCCCCC)C(C(=O)NC1CCCCC1)c1cc(C)nn1C,,0
CCCCCCCCCN(C(=O)C(CCCCCC)CCCCCCCC)C(C(=O)NCC(=O)OC)C1CCN(C)CC1,9.114746,1
CCCCCCCCCN(C(=O)C(CCCCCC)CCCCCCCC)C(C(=O)NCC(=O)OC)C1CCNCC1,10.175554,1
CCCCCCCCCN(C(=O)C(CCCCCC)CCCCCCCC)C(C(=O)NCC(=O)OC)N(C)C,5.430005,1
CCCCCCCCCN(C(=O)C(CCCCCC)CCCCCCCC)C(C(=O)NCC(=O)OC)N1CCCCC1,6.886445,1
CCCCCCCCCN(C(=O)C(CCCCCC)CCCCCCCC)C(C(=O)NCC(=O)OC)N1CCOCC1,4.37374,1
CCCCCCCCCN(C(=O)C(CCCCCC)CCCCCCCC)C(C(=O)NCC(=O)OC)c1cc(C)nn1C,,0
CCCCCCCCCN(C(=O)C(CCCCCC)CCCCCCCC)C(C(=O)NCCN1CCOCC1)C1CCN(C)CC1,9.249958,2
CCCCCCCCCN(C(=O)C(CCCCCC)CCCCCCCC)C(C(=O)NCCN1CCOCC1)C1CCNCC1,9.871898,2
CCCCCCCCCN(C(=O)C(CCCCCC)CCCCCCCC)C(C(=O)NCCN1CCOCC1)N(C)C,6.766181,2
CCCCCCCCCN(C(=O)C(CCCCCC)CCCCCCCC)C(C(=O)NCCN1CCOCC1)N1CCCCC1,7.3889394,2
CCCCCCCCCN(C(=O)C(CCCCCC)CCCCCCCC)C(C(=O)NCCN1CCOCC1)N1CCOCC1,6.826423,2
CCCCCCCCCN(C(=O)C(CCCCCC)CCCCCCCC)C(C(=O)NCCN1CCOCC1)c1cc(C)nn1C,6.6603193,2
CCCCCCCCCN(C(=O)C(CCCCCC)CCCCCCCC)C(CC1CCCN1CC)C(=O)NC(C)(C)C,10.065678,1
CCCCCCCCCN(C(=O)C(CCCCCC)CCCCCCCC)C(CC1CCCN1CC)C(=O)NC(C)(C)CC(C)(C)C,10.030226,1
CCCCCCCCCN(C(=O)C(CCCCCC)CCCCCCCC)C(CC1CCCN1CC)C(=O)NC12C[C@H]3C[C@@H](C1)C[C@@H](C2)C3,10.089453,1
CCCCCCCCCN(C(=O)C(CCCCCC)CCCCCCCC)C(CC1CCCN1CC)C(=O)NC1CCCCC1,10.11497,1
CCCCCCCCCN(C(=O)C(CCCCCC)CCCCCCCC)C(CC1CCCN1CC)C(=O)NCC(=O)OC,9.992667,1
CCCCCCCCCN(C(=O)C(CCCCCC)CCCCCCCC)C(CC1CCCN1CC)C(=O)NCCN1CCOCC1,10.172694,2
CCCCCCCCCN(C(=O)C(CCCCCC)CCCCCCCC)C(CCCN(C)C)C(=O)NC(C)(C)C,9.704861,1
CCCCCCCCCN(C(=O)C(CCCCCC)CCCCCCCC)C(CCCN(C)C)C(=O)NC(C)(C)CC(C)(C)C,9.677817,1
CCCCCCCCCN(C(=O)C(CCCCCC)CCCCCCCC)C(CCCN(C)C)C(=O)NC12C[C@H]3C[C@@H](C1)C[C@@H](C2)C3,9.7105665,1
CCCCCCCCCN(C(=O)C(CCCCCC)CCCCCCCC)C(CCCN(C)C)C(=O)NC1CCCCC1,9.696511,1
CCCCCCCCCN(C(=O)C(CCCCCC)CCCCCCCC)C(CCCN(C)C)C(=O)NCC(=O)OC,9.663274,1
CCCCCCCCCN(C(=O)C(CCCCCC)CCCCCCCC)C(CCCN(C)C)C(=O)NCCN1CCOCC1,9.396615,2
CCCCCCCCCN(C(=O)C(CCCCCC)CCCCCCCC)C(CCCN(C)CCCN)C(=O)NC(C)(C)C,10.448696,2
CCCCCCCCCN(C(=O)C(CCCCCC)CCCCCCCC)C(CCCN(C)CCCN)C(=O)NC(C)(C)CC(C)(C)C,10.447527,2
CCCCCCCCCN(C(=O)C(CCCCCC)CCCCCCCC)C(CCCN(C)CCCN)C(=O)NC12C[C@H]3C[C@@H](C1)C[C@@H](C2)C3,10.442355,2
CCCCCCCCCN(C(=O)C(CCCCCC)CCCCCCCC)C(CCCN(C)CCCN)C(=O)NC1CCCCC1,10.453716,2
CCCCCCCCCN(C(=O)C(CCCCCC)CCCCCCCC)C(CCCN(C)CCCN)C(=O)NCC(=O)OC,10.459675,2
CCCCCCCCCN(C(=O)C(CCCCCC)CCCCCCCC)C(CCCN(C)CCCN)C(=O)NCCN1CCOCC1,10.324204,3
CCCCCCCCCN(C(=O)C(CCCCCC)CCCCCCCC)C(CCCN(CC)CC)C(=O)NC(C)(C)C,10.206735,1
CCCCCCCCCN(C(=O)C(CCCCCC)CCCCCCCC)C(CCCN(CC)CC)C(=O)NC(C)(C)CC(C)(C)C,10.189768,1
CCCCCCCCCN(C(=O)C(CCCCCC)CCCCCCCC)C(CCCN(CC)CC)C(=O)NC12C[C@H]3C[C@@H](C1)C[C@@H](C2)C3,10.229912,1
CCCCCCCCCN(C(=O)C(CCCCCC)CCCCCCCC)C(CCCN(CC)CC)C(=O)NC1CCCCC1,10.194921,1
CCCCCCCCCN(C(=O)C(CCCCCC)CCCCCCCC)C(CCCN(CC)CC)C(=O)NCC(=O)OC,10.149582,1
CCCCCCCCCN(C(=O)C(CCCCCC)CCCCCCCC)C(CCCN(CC)CC)C(=O)NCCN1CCOCC1,9.559439,2
CCCCCCCCCN(C(=O)C(CCCCCC)CCCCCCCC)C(CCCN(CCCC)CCCC)C(=O)NC(C)(C)C,9.914452,1
CCCCCCCCCN(C(=O)C(CCCCCC)CCCCCCCC)C(CCCN(CCCC)CCCC)C(=O)NC(C)(C)CC(C)(C)C,9.884221,1
CCCCCCCCCN(C(=O)C(CCCCCC)CCCCCCCC)C(CCCN(CCCC)CCCC)C(=O)NC12C[C@H]3C[C@@H](C1)C[C@@H](C2)C3,9.91861,1
CCCCCCCCCN(C(=O)C(CCCCCC)CCCCCCCC)C(CCCN(CCCC)CCCC)C(=O)NC1CCCCC1,9.920504,1
CCCCCCCCCN(C(=O)C(CCCCCC)CCCCCCCC)C(CCCN(CCCC)CCCC)C(=O)NCC(=O)OC,9.892837,1
CCCCCCCCCN(C(=O)C(CCCCCC)CCCCCCCC)C(CCCN(CCCC)CCCC)C(=O)NCCN1CCOCC1,9.848174,2
CCCCCCCCCN(C(=O)C(CCCCCC)CCCCCCCC)C(CCCN1CCCC1)C(=O)NC(C)(C)C,10.46673,1
CCCCCCCCCN(C(=O)C(CCCCCC)CCCCCCCC)C(CCCN1CCCC1)C(=O)NC(C)(C)CC(C)(C)C,10.438866,1
CCCCCCCCCN(C(=O)C(CCCCCC)CCCCCCCC)C(CCCN1CCCC1)C(=O)NC12C[C@H]3C[C@@H](C1)C[C@@H](C2)C3,10.492094,1
CCCCCCCCCN(C(=O)C(CCCCCC)CCCCCCCC)C(CCCN1CCCC1)C(=O)NC1CCCCC1,10.486361,1
CCCCCCCCCN(C(=O)C(CCCCCC)CCCCCCCC)C(CCCN1CCCC1)C(=O)NCC(=O)OC,10.427023,1
CCCCCCCCCN(C(=O)C(CCCCCC)CCCCCCCC)C(CCCN1CCCC1)C(=O)NCCN1CCOCC1,10.33032,2
CCCCCCCCCN(C(=O)C(CCCCCC)CCCCCCCC)C(CCCN1CCOCC1)C(=O)NC(C)(C)C,7.4679265,1
CCCCCCCCCN(C(=O)C(CCCCCC)CCCCCCCC)C(CCCN1CCOCC1)C(=O)NC(C)(C)CC(C)(C)C,7.439017,1
CCCCCCCCCN(C(=O)C(CCCCCC)CCCCCCCC)C(CCCN1CCOCC1)C(=O)NC12C[C@H]3C[C@@H](C1)C[C@@H](C2)C3,7.4685984,1
CCCCCCCCCN(C(=O)C(CCCCCC)CCCCCCCC)C(CCCN1CCOCC1)C(=O)NC1CCCCC1,7.4686646,1
CCCCCCCCCN(C(=O)C(CCCCCC)CCCCCCCC)C(CCCN1CCOCC1)C(=O)NCC(=O)OC,7.4399443,1
CCCCCCCCCN(C(=O)C(CCCCCC)CCCCCCCC)C(CCCN1CCOCC1)C(=O)NCCN1CCOCC1,7.6763973,2
CCCCCCCCCN(C(=O)C(CCCCCC)CCCCCCCC)C(CCN(C(C)C)C(C)C)C(=O)NC(C)(C)C,10.012182,1
CCCCCCCCCN(C(=O)C(CCCCCC)CCCCCCCC)C(CCN(C(C)C)C(C)C)C(=O)NC(C)(C)CC(C)(C)C,9.948673,1
CCCCCCCCCN(C(=O)C(CCCCCC)CCCCCCCC)C(CCN(C(C)C)C(C)C)C(=O)NC12C[C@H]3C[C@@H](C1)C[C@@H](C2)C3,10.110394,1
CCCCCCCCCN(C(=O)C(CCCCCC)CCCCCCCC)C(CCN(C(C)C)C(C)C)C(=O)NC1CCCCC1,10.062701,1
CCCCCCCCCN(C(=O)C(CCCCCC)CCCCCCCC)C(CCN(C(C)C)C(C)C)C(=O)NCC(=O)OC,9.9521265,1
CCCCCCCCCN(C(=O)C(CCCCCC)CCCCCCCC)C(CCN(C(C)C)C(C)C)C(=O)NCCN1CCOCC1,9.589897,2
CCCCCCCCCN(C(=O)C(CCCCCC)CCCCCCCC)C(CCN(C)C)C(=O)NC(C)(C)C,9.006151,1
CCCCCCCCCN(C(=O)C(CCCCCC)CCCCCCCC)C(CCN(C)C)C(=O)NC(C)(C)CC(C)(C)C,8.97769,1
CCCCCCCCCN(C(=O)C(CCCCCC)CCCCCCCC)C(CCN(C)C)C(=O)NC12C[C@H]3C[C@@H](C1)C[C@@H](C2)C3,9.116932,1
CCCCCCCCCN(C(=O)C(CCCCCC)CCCCCCCC)C(CCN(C)C)C(=O)NC1CCCCC1,9.051871,1
CCCCCCCCCN(C(=O)C(CCCCCC)CCCCCCCC)C(CCN(C)C)C(=O)NCC(=O)OC,8.980563,1
CCCCCCCCCN(C(=O)C(CCCCCC)CCCCCCCC)C(CCN(C)C)C(=O)NCCN1CCOCC1,9.157031,2
CCCCCCCCCN(C(=O)C(CCCCCC)CCCCCCCC)C(CCN(CC)CC)C(=O)NC(C)(C)C,9.601458,1
CCCCCCCCCN(C(=O)C(CCCCCC)CCCCCCCC)C(CCN(CC)CC)C(=O)NC(C)(C)CC(C)(C)C,9.554786,1
CCCCCCCCCN(C(=O)C(CCCCCC)CCCCCCCC)C(CCN(CC)CC)C(=O)NC12C[C@H]3C[C@@H](C1)C[C@@H](C2)C3,9.707623,1
CCCCCCCCCN(C(=O)C(CCCCCC)CCCCCCCC)C(CCN(CC)CC)C(=O)NC1CCCCC1,9.644953,1
CCCCCCCCCN(C(=O)C(CCCCCC)CCCCCCCC)C(CCN(CC)CC)C(=O)NCC(=O)OC,9.557466,1
CCCCCCCCCN(C(=O)C(CCCCCC)CCCCCCCC)C(CCN(CC)CC)C(=O)NCCN1CCOCC1,9.4545,2
CCCCCCCCCN(C(=O)C(CCCCCC)CCCCCCCC)C(CCN(CCN)CCN)C(=O)NC(C)(C)C,9.868588,3
CCCCCCCCCN(C(=O)C(CCCCCC)CCCCCCCC)C(CCN(CCN)CCN)C(=O)NC(C)(C)CC(C)(C)C,9.859779,3
CCCCCCCCCN(C(=O)C(CCCCCC)CCCCCCCC)C(CCN(CCN)CCN)C(=O)NC12C[C@H]3C[C@@H](C1)C[C@@H](C2)C3,9.868017,3
CCCCCCCCCN(C(=O)C(CCCCCC)CCCCCCCC)C(CCN(CCN)CCN)C(=O)NC1CCCCC1,9.883058,3
CCCCCCCCCN(C(=O)C(CCCCCC)CCCCCCCC)C(CCN(CCN)CCN)C(=O)NCC(=O)OC,9.854689,3
CCCCCCCCCN(C(=O)C(CCCCCC)CCCCCCCC)C(CCN(CCN)CCN)C(=O)NCCN1CCOCC1,9.795615,4
CCCCCCCCCN(C(=O)C(CCCCCC)CCCCCCCC)C(CCN1CCCC1)C(=O)NC(C)(C)C,9.897524,1
CCCCCCCCCN(C(=O)C(CCCCCC)CCCCCCCC)C(CCN1CCCC1)C(=O)NC(C)(C)CC(C)(C)C,9.869133,1
CCCCCCCCCN(C(=O)C(CCCCCC)CCCCCCCC)C(CCN1CCCC1)C(=O)NC12C[C@H]3C[C@@H](C1)C[C@@H](C2)C3,9.942856,1
CCCCCCCCCN(C(=O)C(CCCCCC)CCCCCCCC)C(CCN1CCCC1)C(=O)NC1CCCCC1,9.94302,1
CCCCCCCCCN(C(=O)C(CCCCCC)CCCCCCCC)C(CCN1CCCC1)C(=O)NCC(=O)OC,9.846426,1
CCCCCCCCCN(C(=O)C(CCCCCC)CCCCCCCC)C(CCN1CCCC1)C(=O)NCCN1CCOCC1,10.127795,2
CCCCCCCCCN(C(=O)C(CCCCCC)CCCCCCCC)C(CCN1CCCCC1)C(=O)NC(C)(C)C,9.257205,1
CCCCCCCCCN(C(=O)C(CCCCCC)CCCCCCCC)C(CCN1CCCCC1)C(=O)NC(C)(C)CC(C)(C)C,9.230615,1
CCCCCCCCCN(C(=O)C(CCCCCC)CCCCCCCC)C(CCN1CCCCC1)C(=O)NC12C[C@H]3C[C@@H](C1)C[C@@H](C2)C3,9.277695,1
CCCCCCCCCN(C(=O)C(CCCCCC)CCCCCCCC)C(CCN1CCCCC1)C(=O)NC1CCCCC1,9.282196,1
CCCCCCCCCN(C(=O)C(CCCCCC)CCCCCCCC)C(CCN1CCCCC1)C(=O)NCC(=O)OC,9.2199135,1
CCCCCCCCCN(C(=O)C(CCCCCC)CCCCCCCC)C(CCN1CCCCC1)C(=O)NCCN1CCOCC1,9.416845,2
CCCCCCCCCN(C(=O)C(CCCCCC)CCCCCCCC)C(CCN1CCNCC1)C(=O)NC(C)(C)C,9.265018,2
CCCCCCCCCN(C(=O)C(CCCCCC)CCCCCCCC)C(CCN1CCNCC1)C(=O)NC(C)(C)CC(C)(C)C,9.251712,2
CCCCCCCCCN(C(=O)C(CCCCCC)CCCCCCCC)C(CCN1CCNCC1)C(=O)NC12C[C@H]3C[C@@H](C1)C[C@@H](C2)C3,9.258748,2
CCCCCCCCCN(C(=O)C(CCCCCC)CCCCCCCC)C(CCN1CCNCC1)C(=O)NC1CCCCC1,9.282436,2
CCCCCCCCCN(C(=O)C(CCCCCC)CCCCCCCC)C(CCN1CCNCC1)C(=O)NCC(=O)OC,9.24757,2
CCCCCCCCCN(C(=O)C(CCCCCC)CCCCCCCC)C(CCN1CCNCC1)C(=O)NCCN1CCOCC1,9.305395,3
